Accident,Latitude,Longitude,Street,AltStreet,Intersection,DateTime,Date,Hour,Unix,WeekDay,WeekEnd,DayFrame,AccidentType,CollisionType,HaR,FatalInjury,MedicalTransport,InvolvedPlacardedTruck,PostedSpeed,TotalVehiclesInvolved,PedestrianInvolved,BicycleInvolved,DriverOneSafetyEquipment,DriverOneZip,DriverTwoSafetyEquipment,DriverTwoZip,Drug,Alcohol,LightCondition,Weather,Grid_Block,Grid_Col,Grid_Row,Highway,Land_Use_Mode,Road_Count,HourBefore,humidity,windSpeed,windBearing,uvIndex,precipIntensity,apparentTemperature,windGust,cloudCover,temperature,dewPoint,visibility,precipType,Event,Conditions,Rain,Cloudy,Foggy,Snow,Clear,RainBefore
,35.031276,-85.311528,100 W 20th St,,100 E Main St,3/6/2018 14:00,2018-03-06,14,1520362800,,,,Property Damage,Front to Rear,No,No,No,No,35,2,No,No,Shoulder and Lap Belt Used,37405,Shoulder and Lap Belt Used,30269,No,No,Daylight,Clear,73,16,23,1,7,25,1520359200,0.4,1.91,318,5,0,63.15,6.38,0.34,63.15,38.24,2.697,,partly-cloudy-day,partly cloudy,0,1,0,0,0,0
,35.031276,-85.311528,100 W 20th St,,100 E Main St,3/6/2018 14:00,2018-03-06,14,1520362800,,,,Property Damage,Front to Rear,No,No,No,No,35,2,No,No,Shoulder and Lap Belt Used,37405,Shoulder and Lap Belt Used,30269,No,No,Daylight,Clear,73,16,23,1,7,25,1520359200,0.4,1.91,318,5,0,63.15,6.38,0.34,63.15,38.24,2.697,,partly-cloudy-day,partly cloudy,0,1,0,0,0,0
,35.0328209,-85.31264,305 W 20th St,,Cowart,3/28/2018 16:00,2018-03-28,16,1522267200,,,,Property Damage,Angle,No,No,No,No,,2,No,No,No Helmet,37421,Shoulder and Lap Belt Used,37379,No,No,Daylight,Clear,73,16,23,1,7,25,1522263600,0.58,4.53,219,4,0,74.25,10.87,0.8,74.25,58.35,3.221,,partly-cloudy-day,mostly cloudy,0,1,0,0,0,0
,35.0328209,-85.31264,305 W 20th St,,Cowart,3/28/2018 16:00,2018-03-28,16,1522267200,,,,Property Damage,Angle,No,No,No,No,,2,No,No,No Helmet,37421,Shoulder and Lap Belt Used,37379,No,No,Daylight,Clear,73,16,23,1,7,25,1522263600,0.58,4.53,219,4,0,74.25,10.87,0.8,74.25,58.35,3.221,,partly-cloudy-day,mostly cloudy,0,1,0,0,0,0
,35.0328209,-85.31264,305 W 20th St,,Cowart,3/28/2018 16:00,2018-03-28,16,1522267200,,,,Property Damage,Angle,No,No,No,No,,2,No,No,No Helmet,37421,Shoulder and Lap Belt Used,37379,No,No,Daylight,Clear,73,16,23,1,7,25,1522263600,0.58,4.53,219,4,0,74.25,10.87,0.8,74.25,58.35,3.221,,partly-cloudy-day,mostly cloudy,0,1,0,0,0,0
,35.0328209,-85.31264,305 W 20th St,,Cowart,3/28/2018 16:00,2018-03-28,16,1522267200,,,,Property Damage,Angle,No,No,No,No,,2,No,No,No Helmet,37421,Shoulder and Lap Belt Used,37379,No,No,Daylight,Clear,73,16,23,1,7,25,1522263600,0.58,4.53,219,4,0,74.25,10.87,0.8,74.25,58.35,3.221,,partly-cloudy-day,mostly cloudy,0,1,0,0,0,0
,35.032049,-85.311255,W 20th St,,Williams St,4/11/2018 13:00,2018-04-11,13,1523466000,,,,Property Damage,"Sideswipe, Same Direction",No,No,No,No,35,2,No,No,Shoulder and Lap Belt Used,37363,Shoulder and Lap Belt Used,37405,No,No,Daylight,Clear,73,16,23,1,7,25,1523462400,0.41,3.1,49,6,0,60.62,6.85,0.59,60.62,36.58,2.697,,partly-cloudy-day,mostly cloudy,0,1,0,0,0,0
,35.032049,-85.311255,W 20th St,,Williams St,4/11/2018 13:00,2018-04-11,13,1523466000,,,,Property Damage,"Sideswipe, Same Direction",No,No,No,No,35,2,No,No,Shoulder and Lap Belt Used,37363,Shoulder and Lap Belt Used,37405,No,No,Daylight,Clear,73,16,23,1,7,25,1523462400,0.41,3.1,49,6,0,60.62,6.85,0.59,60.62,36.58,2.697,,partly-cloudy-day,mostly cloudy,0,1,0,0,0,0
,35.032049,-85.311255,W 20th St,,Williams St,4/11/2018 13:00,2018-04-11,13,1523466000,,,,Property Damage,"Sideswipe, Same Direction",No,No,No,No,35,2,No,No,Shoulder and Lap Belt Used,37363,Shoulder and Lap Belt Used,37405,No,No,Daylight,Clear,73,16,23,1,7,25,1523462400,0.41,3.1,49,6,0,60.62,6.85,0.59,60.62,36.58,2.697,,partly-cloudy-day,mostly cloudy,0,1,0,0,0,0
,35.032049,-85.311255,W 20th St,,Williams St,4/11/2018 13:00,2018-04-11,13,1523466000,,,,Property Damage,"Sideswipe, Same Direction",No,No,No,No,35,2,No,No,Shoulder and Lap Belt Used,37363,Shoulder and Lap Belt Used,37405,No,No,Daylight,Clear,73,16,23,1,7,25,1523462400,0.41,3.1,49,6,0,60.62,6.85,0.59,60.62,36.58,2.697,,partly-cloudy-day,mostly cloudy,0,1,0,0,0,0
,35.029438,-85.31139,17900 Interstate 24 Wb Interstate,I-24,Market St,4/23/2018 21:00,2018-04-23,21,1524531600,,,,Property Damage,Not Collision with Motor Vehicle in Transport,Yes,No,No,No,55,1,No,No,,37243,Unknown,Unknown,,,Dusk,Rain,73,16,23,1,7,25,1524528000,0.91,1.21,339,0,0.124,58.85,3.44,1,58.85,56.11,1.374,rain,rain,rain,1,0,0,0,0,1
,35.029438,-85.31139,17900 Interstate 24 Wb Interstate,I-24,Market St,4/23/2018 21:00,2018-04-23,21,1524531600,,,,Property Damage,Not Collision with Motor Vehicle in Transport,Yes,No,No,No,55,1,No,No,,37243,Unknown,Unknown,,,Dusk,Rain,73,16,23,1,7,25,1524528000,0.91,1.21,339,0,0.124,58.85,3.44,1,58.85,56.11,1.374,rain,rain,rain,1,0,0,0,0,1
,35.029438,-85.31139,17900 Interstate 24 Wb Interstate,I-24,Market St,4/23/2018 21:00,2018-04-23,21,1524531600,,,,Property Damage,Not Collision with Motor Vehicle in Transport,Yes,No,No,No,55,1,No,No,,37243,Unknown,Unknown,,,Dusk,Rain,73,16,23,1,7,25,1524528000,0.91,1.21,339,0,0.124,58.85,3.44,1,58.85,56.11,1.374,rain,rain,rain,1,0,0,0,0,1
,35.029438,-85.31139,17900 Interstate 24 Wb Interstate,I-24,Market St,4/23/2018 21:00,2018-04-23,21,1524531600,,,,Property Damage,Not Collision with Motor Vehicle in Transport,Yes,No,No,No,55,1,No,No,,37243,Unknown,Unknown,,,Dusk,Rain,73,16,23,1,7,25,1524528000,0.91,1.21,339,0,0.124,58.85,3.44,1,58.85,56.11,1.374,rain,rain,rain,1,0,0,0,0,1
,35.0321291,-85.317379,17100 Interstate 24 East,,Cummings Hwy,5/2/2018 13:00,2018-05-02,13,1525280400,,,,Property Damage Under,"Sideswipe, Same Direction",Yes,No,No,No,65,2,No,No,,28791,Shoulder and Lap Belt Used,40299,No,No,Daylight,Clear,73,16,23,1,7,25,1525276800,0.46,2.47,191,8,0,81.26,7.4,0.34,80.97,58.35,3.221,,partly-cloudy-day,partly cloudy,0,1,0,0,0,0
,35.0321291,-85.317379,17100 Interstate 24 East,,Cummings Hwy,5/2/2018 13:00,2018-05-02,13,1525280400,,,,Property Damage Under,"Sideswipe, Same Direction",Yes,No,No,No,65,2,No,No,,28791,Shoulder and Lap Belt Used,40299,No,No,Daylight,Clear,73,16,23,1,7,25,1525276800,0.46,2.47,191,8,0,81.26,7.4,0.34,80.97,58.35,3.221,,partly-cloudy-day,partly cloudy,0,1,0,0,0,0
,35.0321291,-85.317379,17100 Interstate 24 East,,Cummings Hwy,5/2/2018 13:00,2018-05-02,13,1525280400,,,,Property Damage Under,"Sideswipe, Same Direction",Yes,No,No,No,65,2,No,No,,28791,Shoulder and Lap Belt Used,40299,No,No,Daylight,Clear,73,16,23,1,7,25,1525276800,0.46,2.47,191,8,0,81.26,7.4,0.34,80.97,58.35,3.221,,partly-cloudy-day,partly cloudy,0,1,0,0,0,0
,35.0321291,-85.317379,17100 Interstate 24 East,,Cummings Hwy,5/2/2018 13:00,2018-05-02,13,1525280400,,,,Property Damage Under,"Sideswipe, Same Direction",Yes,No,No,No,65,2,No,No,,28791,Shoulder and Lap Belt Used,40299,No,No,Daylight,Clear,73,16,23,1,7,25,1525276800,0.46,2.47,191,8,0,81.26,7.4,0.34,80.97,58.35,3.221,,partly-cloudy-day,partly cloudy,0,1,0,0,0,0
,35.033352,-85.313586,2000 Broad St,SR-100,W 20th St,5/29/2018 15:00,2018-05-29,15,1527620400,,,,Property Damage,Front to Rear,No,No,No,No,35,2,No,No,Shoulder and Lap Belt Used,37403,DOT Compliant Motorcycle Helmet,30741,No,No,Daylight,Rain,73,16,23,1,7,25,1527616800,0.81,8.65,134,6,0.017,78.29,16.61,0.75,77.08,70.82,1.24,rain,rain,possible light rain,1,0,0,0,0,1
,35.033352,-85.313586,2000 Broad St,SR-100,W 20th St,5/29/2018 15:00,2018-05-29,15,1527620400,,,,Property Damage,Front to Rear,No,No,No,No,35,2,No,No,Shoulder and Lap Belt Used,37403,DOT Compliant Motorcycle Helmet,30741,No,No,Daylight,Rain,73,16,23,1,7,25,1527616800,0.81,8.65,134,6,0.017,78.29,16.61,0.75,77.08,70.82,1.24,rain,rain,possible light rain,1,0,0,0,0,1
,35.033352,-85.313586,2000 Broad St,SR-100,W 20th St,5/29/2018 15:00,2018-05-29,15,1527620400,,,,Property Damage,Front to Rear,No,No,No,No,35,2,No,No,Shoulder and Lap Belt Used,37403,DOT Compliant Motorcycle Helmet,30741,No,No,Daylight,Rain,73,16,23,1,7,25,1527616800,0.81,8.65,134,6,0.017,78.29,16.61,0.75,77.08,70.82,1.24,rain,rain,possible light rain,1,0,0,0,0,1
,35.033352,-85.313586,2000 Broad St,SR-100,W 20th St,5/29/2018 15:00,2018-05-29,15,1527620400,,,,Property Damage,Front to Rear,No,No,No,No,35,2,No,No,Shoulder and Lap Belt Used,37403,DOT Compliant Motorcycle Helmet,30741,No,No,Daylight,Rain,73,16,23,1,7,25,1527616800,0.81,8.65,134,6,0.017,78.29,16.61,0.75,77.08,70.82,1.24,rain,rain,possible light rain,1,0,0,0,0,1
,35.033352,-85.313586,Broad St,,W 20th St,6/12/2018 14:00,2018-06-12,14,1528826400,,,,Property Damage,Front to Rear,No,No,No,No,35,2,No,No,Shoulder and Lap Belt Used,30752,Shoulder and Lap Belt Used,37377,No,No,Daylight,Clear,73,16,23,1,7,25,1528822800,0.62,8.58,160,6,0,85.76,14.93,0.75,82.56,68.45,3.221,,partly-cloudy-day,mostly cloudy,0,1,0,0,0,0
,35.033352,-85.313586,Broad St,,W 20th St,6/12/2018 14:00,2018-06-12,14,1528826400,,,,Property Damage,Front to Rear,No,No,No,No,35,2,No,No,Shoulder and Lap Belt Used,30752,Shoulder and Lap Belt Used,37377,No,No,Daylight,Clear,73,16,23,1,7,25,1528822800,0.62,8.58,160,6,0,85.76,14.93,0.75,82.56,68.45,3.221,,partly-cloudy-day,mostly cloudy,0,1,0,0,0,0
,35.033352,-85.313586,Broad St,,W 20th St,6/12/2018 14:00,2018-06-12,14,1528826400,,,,Property Damage,Front to Rear,No,No,No,No,35,2,No,No,Shoulder and Lap Belt Used,30752,Shoulder and Lap Belt Used,37377,No,No,Daylight,Clear,73,16,23,1,7,25,1528822800,0.62,8.58,160,6,0,85.76,14.93,0.75,82.56,68.45,3.221,,partly-cloudy-day,mostly cloudy,0,1,0,0,0,0
,35.033352,-85.313586,Broad St,,W 20th St,6/12/2018 14:00,2018-06-12,14,1528826400,,,,Property Damage,Front to Rear,No,No,No,No,35,2,No,No,Shoulder and Lap Belt Used,30752,Shoulder and Lap Belt Used,37377,No,No,Daylight,Clear,73,16,23,1,7,25,1528822800,0.62,8.58,160,6,0,85.76,14.93,0.75,82.56,68.45,3.221,,partly-cloudy-day,mostly cloudy,0,1,0,0,0,0
,35.033352,-85.313586,Broad St,,W 20th,6/15/2018 16:00,2018-06-15,16,1529092800,,,,Possible Injury,Angle,No,No,No,No,35,2,No,No,Shoulder and Lap Belt Used,37350,Shoulder and Lap Belt Used,30741,No,No,Daylight,Clear,73,16,23,1,7,25,1529089200,0.41,3.9,23,6,0,92.85,10.43,0.44,91.1,64.37,3.221,,partly-cloudy-day,partly cloudy,0,1,0,0,0,0
,35.033352,-85.313586,Broad St,,W 20th,6/15/2018 16:00,2018-06-15,16,1529092800,,,,Possible Injury,Angle,No,No,No,No,35,2,No,No,Shoulder and Lap Belt Used,37350,Shoulder and Lap Belt Used,30741,No,No,Daylight,Clear,73,16,23,1,7,25,1529089200,0.41,3.9,23,6,0,92.85,10.43,0.44,91.1,64.37,3.221,,partly-cloudy-day,partly cloudy,0,1,0,0,0,0
,35.033352,-85.313586,Broad St,,W 20th,6/15/2018 16:00,2018-06-15,16,1529092800,,,,Possible Injury,Angle,No,No,No,No,35,2,No,No,Shoulder and Lap Belt Used,37350,Shoulder and Lap Belt Used,30741,No,No,Daylight,Clear,73,16,23,1,7,25,1529089200,0.41,3.9,23,6,0,92.85,10.43,0.44,91.1,64.37,3.221,,partly-cloudy-day,partly cloudy,0,1,0,0,0,0
,35.033352,-85.313586,Broad St,,W 20th,6/15/2018 16:00,2018-06-15,16,1529092800,,,,Possible Injury,Angle,No,No,No,No,35,2,No,No,Shoulder and Lap Belt Used,37350,Shoulder and Lap Belt Used,30741,No,No,Daylight,Clear,73,16,23,1,7,25,1529089200,0.41,3.9,23,6,0,92.85,10.43,0.44,91.1,64.37,3.221,,partly-cloudy-day,partly cloudy,0,1,0,0,0,0
,35.031376,-85.315973,17870 - 17939 Interstate 24 Westbound,,Hwy 27,6/22/2018 16:00,2018-06-22,16,1529697600,,,,Property Damage,"Sideswipe, Same Direction",No,No,No,No,55,2,No,No,Shoulder and Lap Belt Used,30039,Shoulder and Lap Belt Used,37380,No,No,Daylight,Clear,73,16,23,1,7,25,1529694000,0.62,6.24,210,6,0.01,84.27,15.02,0.54,81.67,67.28,10,rain,partly-cloudy-day,mostly cloudy,0,1,0,0,0,0
,35.031376,-85.315973,17870 - 17939 Interstate 24 Westbound,,Hwy 27,6/22/2018 16:00,2018-06-22,16,1529697600,,,,Property Damage,"Sideswipe, Same Direction",No,No,No,No,55,2,No,No,Shoulder and Lap Belt Used,30039,Shoulder and Lap Belt Used,37380,No,No,Daylight,Clear,73,16,23,1,7,25,1529694000,0.62,6.24,210,6,0.01,84.27,15.02,0.54,81.67,67.28,10,rain,partly-cloudy-day,mostly cloudy,0,1,0,0,0,0
,35.031376,-85.315973,17870 - 17939 Interstate 24 Westbound,,Hwy 27,6/22/2018 16:00,2018-06-22,16,1529697600,,,,Property Damage,"Sideswipe, Same Direction",No,No,No,No,55,2,No,No,Shoulder and Lap Belt Used,30039,Shoulder and Lap Belt Used,37380,No,No,Daylight,Clear,73,16,23,1,7,25,1529694000,0.62,6.24,210,6,0.01,84.27,15.02,0.54,81.67,67.28,10,rain,partly-cloudy-day,mostly cloudy,0,1,0,0,0,0
,35.031376,-85.315973,17870 - 17939 Interstate 24 Westbound,,Hwy 27,6/22/2018 16:00,2018-06-22,16,1529697600,,,,Property Damage,"Sideswipe, Same Direction",No,No,No,No,55,2,No,No,Shoulder and Lap Belt Used,30039,Shoulder and Lap Belt Used,37380,No,No,Daylight,Clear,73,16,23,1,7,25,1529694000,0.62,6.24,210,6,0.01,84.27,15.02,0.54,81.67,67.28,10,rain,partly-cloudy-day,mostly cloudy,0,1,0,0,0,0
,35.032049,-85.311255,W 20th St,SR-100,Long St,6/26/2018 18:00,2018-06-26,18,1530050400,,,,Property Damage,Angle,No,No,No,No,35,2,No,No,Shoulder and Lap Belt Used,42101,Shoulder and Lap Belt Used,37408,No,No,Daylight,Clear,73,16,23,1,7,25,1530046800,0.56,3.77,184,3,0,97.98,9.37,0.44,90.19,72.44,2.87,,partly-cloudy-day,humid and partly cloudy,0,1,0,0,0,0
,35.032049,-85.311255,W 20th St,SR-100,Long St,6/26/2018 18:00,2018-06-26,18,1530050400,,,,Property Damage,Angle,No,No,No,No,35,2,No,No,Shoulder and Lap Belt Used,42101,Shoulder and Lap Belt Used,37408,No,No,Daylight,Clear,73,16,23,1,7,25,1530046800,0.56,3.77,184,3,0,97.98,9.37,0.44,90.19,72.44,2.87,,partly-cloudy-day,humid and partly cloudy,0,1,0,0,0,0
,35.032049,-85.311255,W 20th St,SR-100,Long St,6/26/2018 18:00,2018-06-26,18,1530050400,,,,Property Damage,Angle,No,No,No,No,35,2,No,No,Shoulder and Lap Belt Used,42101,Shoulder and Lap Belt Used,37408,No,No,Daylight,Clear,73,16,23,1,7,25,1530046800,0.56,3.77,184,3,0,97.98,9.37,0.44,90.19,72.44,2.87,,partly-cloudy-day,humid and partly cloudy,0,1,0,0,0,0
,35.032049,-85.311255,W 20th St,SR-100,Long St,6/26/2018 18:00,2018-06-26,18,1530050400,,,,Property Damage,Angle,No,No,No,No,35,2,No,No,Shoulder and Lap Belt Used,42101,Shoulder and Lap Belt Used,37408,No,No,Daylight,Clear,73,16,23,1,7,25,1530046800,0.56,3.77,184,3,0,97.98,9.37,0.44,90.19,72.44,2.87,,partly-cloudy-day,humid and partly cloudy,0,1,0,0,0,0
,35.032049,-85.311255,100 W 20th St,,Williams,6/29/2018 16:00,2018-06-29,16,1530302400,,,,Property Damage,Angle,No,No,No,No,15,2,No,No,Shoulder and Lap Belt Used,37404,Shoulder and Lap Belt Used,30741,No,No,Daylight,Clear,73,16,23,1,7,25,1530298800,0.59,4.09,51,6,0,93.17,9.4,0.44,87.19,71.29,2.146,,partly-cloudy-day,partly cloudy,0,1,0,0,0,0
,35.032049,-85.311255,100 W 20th St,,Williams,6/29/2018 16:00,2018-06-29,16,1530302400,,,,Property Damage,Angle,No,No,No,No,15,2,No,No,Shoulder and Lap Belt Used,37404,Shoulder and Lap Belt Used,30741,No,No,Daylight,Clear,73,16,23,1,7,25,1530298800,0.59,4.09,51,6,0,93.17,9.4,0.44,87.19,71.29,2.146,,partly-cloudy-day,partly cloudy,0,1,0,0,0,0
,35.032049,-85.311255,100 W 20th St,,Williams,6/29/2018 16:00,2018-06-29,16,1530302400,,,,Property Damage,Angle,No,No,No,No,15,2,No,No,Shoulder and Lap Belt Used,37404,Shoulder and Lap Belt Used,30741,No,No,Daylight,Clear,73,16,23,1,7,25,1530298800,0.6,4.09,51,6,0,92.97,9.4,0.44,87.02,71.29,2.146,,partly-cloudy-day,partly cloudy,0,1,0,0,0,0
,35.032049,-85.311255,100 W 20th St,,Williams,6/29/2018 16:00,2018-06-29,16,1530302400,,,,Property Damage,Angle,No,No,No,No,15,2,No,No,Shoulder and Lap Belt Used,37404,Shoulder and Lap Belt Used,30741,No,No,Daylight,Clear,73,16,23,1,7,25,1530298800,0.6,4.09,51,6,0,92.97,9.4,0.44,87.02,71.29,2.146,,partly-cloudy-day,partly cloudy,0,1,0,0,0,0
,35.0321291,-85.317379,Interstate 24 East,I-24,Cummings Rd,7/6/2018 11:00,2018-07-06,11,1530889200,,,,Property Damage Under,"Sideswipe, Same Direction",No,No,No,No,55,2,No,No,Shoulder and Lap Belt Used,57301,Shoulder and Lap Belt Used,33917,No,No,Daylight,Clear,73,16,23,1,7,25,1530885600,0.65,3.15,358,5,0,92.11,9.22,0.44,85.62,72.42,6.728,,partly-cloudy-day,humid and partly cloudy,0,1,0,0,0,0
,35.0321291,-85.317379,Interstate 24 East,I-24,Cummings Rd,7/6/2018 11:00,2018-07-06,11,1530889200,,,,Property Damage Under,"Sideswipe, Same Direction",No,No,No,No,55,2,No,No,Shoulder and Lap Belt Used,57301,Shoulder and Lap Belt Used,33917,No,No,Daylight,Clear,73,16,23,1,7,25,1530885600,0.65,3.15,358,5,0,92.11,9.22,0.44,85.62,72.42,6.728,,partly-cloudy-day,humid and partly cloudy,0,1,0,0,0,0
,35.0321291,-85.317379,Interstate 24 East,I-24,Cummings Rd,7/6/2018 11:00,2018-07-06,11,1530889200,,,,Property Damage Under,"Sideswipe, Same Direction",No,No,No,No,55,2,No,No,Shoulder and Lap Belt Used,57301,Shoulder and Lap Belt Used,33917,No,No,Daylight,Clear,73,16,23,1,7,25,1530885600,0.64,3.15,358,5,0,92.41,9.22,0.44,85.85,72.42,6.728,,partly-cloudy-day,humid and partly cloudy,0,1,0,0,0,0
,35.0321291,-85.317379,Interstate 24 East,I-24,Cummings Rd,7/6/2018 11:00,2018-07-06,11,1530889200,,,,Property Damage Under,"Sideswipe, Same Direction",No,No,No,No,55,2,No,No,Shoulder and Lap Belt Used,57301,Shoulder and Lap Belt Used,33917,No,No,Daylight,Clear,73,16,23,1,7,25,1530885600,0.64,3.15,358,5,0,92.41,9.22,0.44,85.85,72.42,6.728,,partly-cloudy-day,humid and partly cloudy,0,1,0,0,0,0
,35.0321291,-85.317379,17120 I 24 EB Interstate,I-24,Cummings Hwy,7/29/2018 14:00,2018-07-29,14,1532887200,,,,Possible Injury,Front to Rear,No,No,No,No,65,3,No,No,Shoulder and Lap Belt Used,37398,Shoulder and Lap Belt Used,33015,No,No,Daylight,Clear,73,16,23,1,7,25,1532883600,0.48,3.44,153,6,0,87.05,7.91,0.75,85.88,63.63,2.749,,partly-cloudy-day,mostly cloudy,0,1,0,0,0,0
,35.0321291,-85.317379,17120 I 24 EB Interstate,I-24,Cummings Hwy,7/29/2018 14:00,2018-07-29,14,1532887200,,,,Possible Injury,Front to Rear,No,No,No,No,65,3,No,No,Shoulder and Lap Belt Used,37398,Shoulder and Lap Belt Used,33015,No,No,Daylight,Clear,73,16,23,1,7,25,1532883600,0.48,3.44,153,6,0,87.05,7.91,0.75,85.88,63.63,2.749,,partly-cloudy-day,mostly cloudy,0,1,0,0,0,0
,35.0321291,-85.317379,17120 I 24 EB Interstate,I-24,Cummings Hwy,7/29/2018 14:00,2018-07-29,14,1532887200,,,,Possible Injury,Front to Rear,No,No,No,No,65,3,No,No,Shoulder and Lap Belt Used,37398,Shoulder and Lap Belt Used,33015,No,No,Daylight,Clear,73,16,23,1,7,25,1532883600,0.47,3.44,153,6,0,87.18,7.91,0.75,86.02,63.63,2.749,,partly-cloudy-day,mostly cloudy,0,1,0,0,0,0
,35.0321291,-85.317379,17120 I 24 EB Interstate,I-24,Cummings Hwy,7/29/2018 14:00,2018-07-29,14,1532887200,,,,Possible Injury,Front to Rear,No,No,No,No,65,3,No,No,Shoulder and Lap Belt Used,37398,Shoulder and Lap Belt Used,33015,No,No,Daylight,Clear,73,16,23,1,7,25,1532883600,0.47,3.44,153,6,0,87.18,7.91,0.75,86.02,63.63,2.749,,partly-cloudy-day,mostly cloudy,0,1,0,0,0,0
,35.0321291,-85.317379,17500 I-24 Eb Rd,I-24,Browns Ferry Rd,8/10/2018 17:00,2018-08-10,17,1533934800,,,,Property Damage,Front to Rear,No,No,No,No,65,3,No,No,Shoulder and Lap Belt Used,30012,Shoulder and Lap Belt Used,37127,No,No,Daylight,Rain,73,16,23,1,7,25,1533931200,0.53,4.28,247,3,0,90.1,9.54,0.75,86.73,67.78,2.187,,partly-cloudy-day,mostly cloudy,0,1,0,0,0,0
,35.0321291,-85.317379,17500 I-24 Eb Rd,I-24,Browns Ferry Rd,8/10/2018 17:00,2018-08-10,17,1533934800,,,,Property Damage,Front to Rear,No,No,No,No,65,3,No,No,Shoulder and Lap Belt Used,30012,Shoulder and Lap Belt Used,37127,No,No,Daylight,Rain,73,16,23,1,7,25,1533931200,0.53,4.28,247,3,0,90.1,9.54,0.75,86.73,67.78,2.187,,partly-cloudy-day,mostly cloudy,0,1,0,0,0,0
,35.0321291,-85.317379,17500 I-24 Eb Rd,I-24,Browns Ferry Rd,8/10/2018 17:00,2018-08-10,17,1533934800,,,,Property Damage,Front to Rear,No,No,No,No,65,3,No,No,Shoulder and Lap Belt Used,30012,Shoulder and Lap Belt Used,37127,No,No,Daylight,Rain,73,16,23,1,7,25,1533931200,0.53,4.28,247,3,0,90.1,9.54,0.75,86.73,67.78,2.187,,partly-cloudy-day,mostly cloudy,0,1,0,0,0,0
,35.0321291,-85.317379,17500 I-24 Eb Rd,I-24,Browns Ferry Rd,8/10/2018 17:00,2018-08-10,17,1533934800,,,,Property Damage,Front to Rear,No,No,No,No,65,3,No,No,Shoulder and Lap Belt Used,30012,Shoulder and Lap Belt Used,37127,No,No,Daylight,Rain,73,16,23,1,7,25,1533931200,0.53,4.28,247,3,0,90.1,9.54,0.75,86.73,67.78,2.187,,partly-cloudy-day,mostly cloudy,0,1,0,0,0,0
,35.0321291,-85.317379,I 24 Interstate,I-24,Cummings Highway,8/24/2018 21:00,2018-08-24,21,1535158800,,,,Property Damage,Not Collision with Motor Vehicle in Transport,No,No,No,No,65,1,No,No,Shoulder and Lap Belt Used,30314,,,No,No,Dark - Not Lighted,Clear,73,16,23,1,7,25,1535155200,0.65,3.05,108,0,0,75.87,4.74,0.75,75.54,63.15,2.079,,partly-cloudy-night,mostly cloudy,0,1,0,0,0,0
,35.0321291,-85.317379,I 24 Interstate,I-24,Cummings Highway,8/24/2018 21:00,2018-08-24,21,1535158800,,,,Property Damage,Not Collision with Motor Vehicle in Transport,No,No,No,No,65,1,No,No,Shoulder and Lap Belt Used,30314,,,No,No,Dark - Not Lighted,Clear,73,16,23,1,7,25,1535155200,0.65,3.05,108,0,0,75.87,4.74,0.75,75.54,63.15,2.079,,partly-cloudy-night,mostly cloudy,0,1,0,0,0,0
,35.0321291,-85.317379,I 24 Interstate,I-24,Cummings Highway,8/24/2018 21:00,2018-08-24,21,1535158800,,,,Property Damage,Not Collision with Motor Vehicle in Transport,No,No,No,No,65,1,No,No,Shoulder and Lap Belt Used,30314,,,No,No,Dark - Not Lighted,Clear,73,16,23,1,7,25,1535155200,0.66,3.05,108,0,0,75.84,4.74,0.75,75.51,63.15,2.079,,partly-cloudy-night,mostly cloudy,0,1,0,0,0,0
,35.0321291,-85.317379,I 24 Interstate,I-24,Cummings Highway,8/24/2018 21:00,2018-08-24,21,1535158800,,,,Property Damage,Not Collision with Motor Vehicle in Transport,No,No,No,No,65,1,No,No,Shoulder and Lap Belt Used,30314,,,No,No,Dark - Not Lighted,Clear,73,16,23,1,7,25,1535155200,0.66,3.05,108,0,0,75.84,4.74,0.75,75.51,63.15,2.079,,partly-cloudy-night,mostly cloudy,0,1,0,0,0,0
,35.036372,-85.315552,Reggie White Blvd,,Chestnut St,8/30/2018 22:00,2018-08-30,22,1535680800,,,,Property Damage,Angle,No,No,No,No,25,2,No,No,Shoulder and Lap Belt Used,37891,Shoulder and Lap Belt Used,37327,No,No,Dark - Lighted,Rain,73,16,23,1,7,25,1535677200,0.71,3.47,65,0,0.009,79.86,5.04,1,78.92,68.85,3.496,rain,cloudy,overcast,0,1,0,0,0,0