Accident,Latitude,Longitude,Street,AltStreet,Intersection,DateTime,Date,Hour,Unix,WeekDay,WeekEnd,DayFrame,AccidentType,CollisionType,HaR,FatalInjury,MedicalTransport,InvolvedPlacardedTruck,PostedSpeed,TotalVehiclesInvolved,PedestrianInvolved,BicycleInvolved,DriverOneSafetyEquipment,DriverOneZip,DriverTwoSafetyEquipment,DriverTwoZip,Drug,Alcohol,LightCondition,Weather,Grid_Block,Grid_Col,Grid_Row,Highway,Land_Use_Mode,Road_Count,HourBefore,humidity,windSpeed,windBearing,uvIndex,precipIntensity,apparentTemperature,windGust,cloudCover,temperature,dewPoint,visibility,precipType,Event,Conditions,Rain,Cloudy,Foggy,Snow,Clear,RainBefore
,35.036372,-85.315552,Reggie White Blvd,,Chestnut St,8/30/2018 22:00,2018-08-30,22,1535680800,,,,Property Damage,Angle,No,No,No,No,25,2,No,No,Shoulder and Lap Belt Used,37891,Shoulder and Lap Belt Used,37327,No,No,Dark - Lighted,Rain,73,16,23,1,7,25,1535677200,0.71,3.47,65,0,0.009,79.86,5.04,1,78.92,68.85,3.496,rain,cloudy,overcast,0,1,0,0,0,0
,35.036372,-85.315552,Reggie White Blvd,,Chestnut St,8/30/2018 22:00,2018-08-30,22,1535680800,,,,Property Damage,Angle,No,No,No,No,25,2,No,No,Shoulder and Lap Belt Used,37891,Shoulder and Lap Belt Used,37327,No,No,Dark - Lighted,Rain,73,16,23,1,7,25,1535677200,0.71,3.47,65,0,0.009,79.87,5.04,1,78.92,68.85,3.496,rain,cloudy,overcast,0,1,0,0,0,0
,35.036372,-85.315552,Reggie White Blvd,,Chestnut St,8/30/2018 22:00,2018-08-30,22,1535680800,,,,Property Damage,Angle,No,No,No,No,25,2,No,No,Shoulder and Lap Belt Used,37891,Shoulder and Lap Belt Used,37327,No,No,Dark - Lighted,Rain,73,16,23,1,7,25,1535677200,0.71,3.47,65,0,0.009,79.87,5.04,1,78.92,68.85,3.496,rain,cloudy,overcast,0,1,0,0,0,0
,35.0321291,-85.317379,17230 Interstate 24 Wb Rd,I-24,Birmingham Hwy,11/9/2018 17:00,2018-11-09,17,1541800800,,,,Property Damage,Front to Rear,Yes,No,No,No,65,2,No,No,Shoulder and Lap Belt Used,37421,Unknown,Unknown,No,No,Dark - Unknown Lighting,Clear,73,16,23,1,7,25,1541797200,0.83,6.03,333,0,0.002,45.19,14.1,1,47.93,42.88,7.34,rain,cloudy,overcast,0,1,0,0,0,0
,35.0321291,-85.317379,17230 Interstate 24 Wb Rd,I-24,Birmingham Hwy,11/9/2018 17:00,2018-11-09,17,1541800800,,,,Property Damage,Front to Rear,Yes,No,No,No,65,2,No,No,Shoulder and Lap Belt Used,37421,Unknown,Unknown,No,No,Dark - Unknown Lighting,Clear,73,16,23,1,7,25,1541797200,0.83,6.03,333,0,0.002,45.19,14.1,1,47.93,42.88,7.34,rain,cloudy,overcast,0,1,0,0,0,0
,35.0321291,-85.317379,17230 Interstate 24 Wb Rd,I-24,Birmingham Hwy,11/9/2018 17:00,2018-11-09,17,1541800800,,,,Property Damage,Front to Rear,Yes,No,No,No,65,2,No,No,Shoulder and Lap Belt Used,37421,Unknown,Unknown,No,No,Dark - Unknown Lighting,Clear,73,16,23,1,7,25,1541797200,0.83,6.03,333,0,0.002,45.21,14.1,1,47.95,42.88,7.34,rain,cloudy,overcast,0,1,0,0,0,0
,35.0321291,-85.317379,17230 Interstate 24 Wb Rd,I-24,Birmingham Hwy,11/9/2018 17:00,2018-11-09,17,1541800800,,,,Property Damage,Front to Rear,Yes,No,No,No,65,2,No,No,Shoulder and Lap Belt Used,37421,Unknown,Unknown,No,No,Dark - Unknown Lighting,Clear,73,16,23,1,7,25,1541797200,0.83,6.03,333,0,0.002,45.21,14.1,1,47.95,42.88,7.34,rain,cloudy,overcast,0,1,0,0,0,0
,35.029438,-85.31139,17900 Interstate 24 Westbound,,Hwy 27,11/9/2018 18:00,2018-11-09,18,1541804400,,,,Possible Injury,"Sideswipe, Same Direction",No,No,Yes,No,55,2,No,No,Shoulder and Lap Belt Used,37419,Shoulder and Lap Belt Used,42220,No,No,Dark - Lighted,Clear,73,16,23,1,7,25,1541800800,0.83,7.87,332,0,0,42.46,14.58,1,46.42,41.45,7.299,,cloudy,overcast,0,1,0,0,0,0
,35.029438,-85.31139,17900 Interstate 24 Westbound,,Hwy 27,11/9/2018 18:00,2018-11-09,18,1541804400,,,,Possible Injury,"Sideswipe, Same Direction",No,No,Yes,No,55,2,No,No,Shoulder and Lap Belt Used,37419,Shoulder and Lap Belt Used,42220,No,No,Dark - Lighted,Clear,73,16,23,1,7,25,1541800800,0.83,7.87,332,0,0,42.46,14.58,1,46.42,41.45,7.299,,cloudy,overcast,0,1,0,0,0,0
,35.029438,-85.31139,17900 Interstate 24 Westbound,,Hwy 27,11/9/2018 18:00,2018-11-09,18,1541804400,,,,Possible Injury,"Sideswipe, Same Direction",No,No,Yes,No,55,2,No,No,Shoulder and Lap Belt Used,37419,Shoulder and Lap Belt Used,42220,No,No,Dark - Lighted,Clear,73,16,23,1,7,25,1541800800,0.83,7.87,332,0,0,42.53,14.58,1,46.48,41.45,7.299,,cloudy,overcast,0,1,0,0,0,0
,35.029438,-85.31139,17900 Interstate 24 Westbound,,Hwy 27,11/9/2018 18:00,2018-11-09,18,1541804400,,,,Possible Injury,"Sideswipe, Same Direction",No,No,Yes,No,55,2,No,No,Shoulder and Lap Belt Used,37419,Shoulder and Lap Belt Used,42220,No,No,Dark - Lighted,Clear,73,16,23,1,7,25,1541800800,0.83,7.87,332,0,0,42.53,14.58,1,46.48,41.45,7.299,,cloudy,overcast,0,1,0,0,0,0
,35.033776,-85.309966,1805 Long St,,W 18th St,11/17/2018 0:00,2018-11-17,0,1542430800,,,,Property Damage,Unknown,Yes,No,No,No,25,2,No,No,Unknown,Unknown,,37408,,,Unknown,Clear,73,16,23,1,7,25,1542427200,0.83,1.21,271,0,0,39.32,4.27,0.44,39.32,34.46,1.925,,fog,foggy,0,0,1,0,0,0
,35.033776,-85.309966,1805 Long St,,W 18th St,11/17/2018 0:00,2018-11-17,0,1542430800,,,,Property Damage,Unknown,Yes,No,No,No,25,2,No,No,Unknown,Unknown,,37408,,,Unknown,Clear,73,16,23,1,7,25,1542427200,0.83,1.21,271,0,0,39.32,4.27,0.44,39.32,34.46,1.925,,fog,foggy,0,0,1,0,0,0
,35.033776,-85.309966,1805 Long St,,W 18th St,11/17/2018 0:00,2018-11-17,0,1542430800,,,,Property Damage,Unknown,Yes,No,No,No,25,2,No,No,Unknown,Unknown,,37408,,,Unknown,Clear,73,16,23,1,7,25,1542427200,0.83,1.21,271,0,0,39.31,4.27,0.44,39.31,34.46,1.925,,fog,foggy,0,0,1,0,0,0
,35.033776,-85.309966,1805 Long St,,W 18th St,11/17/2018 0:00,2018-11-17,0,1542430800,,,,Property Damage,Unknown,Yes,No,No,No,25,2,No,No,Unknown,Unknown,,37408,,,Unknown,Clear,73,16,23,1,7,25,1542427200,0.83,1.21,271,0,0,39.31,4.27,0.44,39.31,34.46,1.925,,fog,foggy,0,0,1,0,0,0
,35.031769,-85.317928,24 EastBound,I-24,27 Eastbound,2/14/2019 11:00,2019-02-14,11,1550160000,,,,Property Damage,"Sideswipe, Same Direction",No,No,No,No,60,2,No,No,Unknown,37343,Unknown,37405,,,Daylight,Clear,73,16,23,1,7,25,1550156400,0.4,6.04,175,3,0,50.55,21.45,0.71,50.55,26.83,10,,partly-cloudy-day,mostly cloudy,0,1,0,0,0,0
,35.031769,-85.317928,24 EastBound,I-24,27 Eastbound,2/14/2019 11:00,2019-02-14,11,1550160000,,,,Property Damage,"Sideswipe, Same Direction",No,No,No,No,60,2,No,No,Unknown,37343,Unknown,37405,,,Daylight,Clear,73,16,23,1,7,25,1550156400,0.4,6.04,175,3,0,50.55,21.45,0.71,50.55,26.83,10,,partly-cloudy-day,mostly cloudy,0,1,0,0,0,0
,35.031769,-85.317928,24 EastBound,I-24,27 Eastbound,2/14/2019 11:00,2019-02-14,11,1550160000,,,,Property Damage,"Sideswipe, Same Direction",No,No,No,No,60,2,No,No,Unknown,37343,Unknown,37405,,,Daylight,Clear,73,16,23,1,7,25,1550156400,0.4,6.04,175,3,0,50.55,21.45,0.71,50.55,26.83,10,,partly-cloudy-day,mostly cloudy,0,1,0,0,0,0
,35.031769,-85.317928,24 EastBound,I-24,27 Eastbound,2/14/2019 11:00,2019-02-14,11,1550160000,,,,Property Damage,"Sideswipe, Same Direction",No,No,No,No,60,2,No,No,Unknown,37343,Unknown,37405,,,Daylight,Clear,73,16,23,1,7,25,1550156400,0.4,6.04,175,3,0,50.55,21.45,0.71,50.55,26.83,10,,partly-cloudy-day,mostly cloudy,0,1,0,0,0,0
,35.0321291,-85.317379,I-24 rd,I-171,24 EB,3/3/2019 11:00,2019-03-03,11,1551628800,,,,Possible Injury,Front to Rear,No,No,Yes,No,70,2,No,No,Unknown,30120,Unknown,37398,No,No,Daylight,Rain,73,16,23,1,7,25,1551625200,0.84,2.67,196,3,0.009,46.91,6.78,1,46.91,42.46,0.701,rain,rain,possible drizzle,1,0,0,0,0,1
,35.0321291,-85.317379,I-24 rd,I-171,24 EB,3/3/2019 11:00,2019-03-03,11,1551628800,,,,Possible Injury,Front to Rear,No,No,Yes,No,70,2,No,No,Unknown,30120,Unknown,37398,No,No,Daylight,Rain,73,16,23,1,7,25,1551625200,0.84,2.67,196,3,0.009,46.91,6.78,1,46.91,42.46,0.701,rain,rain,possible drizzle,1,0,0,0,0,1
,35.0321291,-85.317379,I-24 rd,I-171,24 EB,3/3/2019 11:00,2019-03-03,11,1551628800,,,,Possible Injury,Front to Rear,No,No,Yes,No,70,2,No,No,Unknown,30120,Unknown,37398,No,No,Daylight,Rain,73,16,23,1,7,25,1551625200,0.84,2.67,196,3,0.009,46.91,6.78,1,46.91,42.46,0.701,rain,rain,possible drizzle,1,0,0,0,0,1
,35.0321291,-85.317379,I-24 rd,I-171,24 EB,3/3/2019 11:00,2019-03-03,11,1551628800,,,,Possible Injury,Front to Rear,No,No,Yes,No,70,2,No,No,Unknown,30120,Unknown,37398,No,No,Daylight,Rain,73,16,23,1,7,25,1551625200,0.84,2.67,196,3,0.009,46.91,6.78,1,46.91,42.46,0.701,rain,rain,possible drizzle,1,0,0,0,0,1
,35.0321291,-85.317379,17180 Interstate 24 Hwy,I-24,17180 Interstate 24 Eb,4/15/2019 8:00,2019-04-15,8,1555329600,,,,Property Damage,"Sideswipe, Same Direction",Yes,No,No,No,70,2,No,No,Unknown,,Shoulder and Lap Belt Used,37412,No,No,Daylight,Clear,73,16,23,1,7,25,1555326000,0.68,4.38,314,0,0,39.16,6.23,0.15,41.87,32.14,5.036,,partly-cloudy-day,partly cloudy,0,1,0,0,0,0
,35.0321291,-85.317379,17180 Interstate 24 Hwy,I-24,17180 Interstate 24 Eb,4/15/2019 8:00,2019-04-15,8,1555329600,,,,Property Damage,"Sideswipe, Same Direction",Yes,No,No,No,70,2,No,No,Unknown,,Shoulder and Lap Belt Used,37412,No,No,Daylight,Clear,73,16,23,1,7,25,1555326000,0.68,4.38,314,0,0,39.16,6.23,0.15,41.87,32.14,5.036,,partly-cloudy-day,partly cloudy,0,1,0,0,0,0
,35.0321291,-85.317379,17180 Interstate 24 Hwy,I-24,17180 Interstate 24 Eb,4/15/2019 8:00,2019-04-15,8,1555329600,,,,Property Damage,"Sideswipe, Same Direction",Yes,No,No,No,70,2,No,No,Unknown,,Shoulder and Lap Belt Used,37412,No,No,Daylight,Clear,73,16,23,1,7,25,1555326000,0.68,4.38,314,0,0,39.16,6.23,0.15,41.87,32.14,5.036,,partly-cloudy-day,partly cloudy,0,1,0,0,0,0
,35.0321291,-85.317379,17180 Interstate 24 Hwy,I-24,17180 Interstate 24 Eb,4/15/2019 8:00,2019-04-15,8,1555329600,,,,Property Damage,"Sideswipe, Same Direction",Yes,No,No,No,70,2,No,No,Unknown,,Shoulder and Lap Belt Used,37412,No,No,Daylight,Clear,73,16,23,1,7,25,1555326000,0.68,4.38,314,0,0,39.16,6.23,0.15,41.87,32.14,5.036,,partly-cloudy-day,partly cloudy,0,1,0,0,0,0
,35.0321291,-85.317379,17100 Interstate 24 Wb Rd,,GA State Line,4/19/2019 16:00,2019-04-19,16,1555704000,,,,Property Damage,Front to Rear,No,No,No,No,55,2,No,No,Shoulder and Lap Belt Used,38478,Shoulder and Lap Belt Used,38237,No,No,Daylight,Rain,73,16,23,1,7,25,1555700400,0.77,8.55,302,4,0,59.69,18.32,0.8,59.69,52.41,2.648,,partly-cloudy-day,mostly cloudy,0,1,0,0,0,0
,35.0321291,-85.317379,17100 Interstate 24 Wb Rd,,GA State Line,4/19/2019 16:00,2019-04-19,16,1555704000,,,,Property Damage,Front to Rear,No,No,No,No,55,2,No,No,Shoulder and Lap Belt Used,38478,Shoulder and Lap Belt Used,38237,No,No,Daylight,Rain,73,16,23,1,7,25,1555700400,0.77,8.55,302,4,0,59.69,18.32,0.8,59.69,52.41,2.648,,partly-cloudy-day,mostly cloudy,0,1,0,0,0,0
,35.0321291,-85.317379,17100 Interstate 24 Wb Rd,,GA State Line,4/19/2019 16:00,2019-04-19,16,1555704000,,,,Property Damage,Front to Rear,No,No,No,No,55,2,No,No,Shoulder and Lap Belt Used,38478,Shoulder and Lap Belt Used,38237,No,No,Daylight,Rain,73,16,23,1,7,25,1555700400,0.77,8.55,302,4,0,59.69,18.32,0.8,59.69,52.41,2.648,,partly-cloudy-day,mostly cloudy,0,1,0,0,0,0
,35.0321291,-85.317379,17100 Interstate 24 Wb Rd,,GA State Line,4/19/2019 16:00,2019-04-19,16,1555704000,,,,Property Damage,Front to Rear,No,No,No,No,55,2,No,No,Shoulder and Lap Belt Used,38478,Shoulder and Lap Belt Used,38237,No,No,Daylight,Rain,73,16,23,1,7,25,1555700400,0.77,8.55,302,4,0,59.69,18.32,0.8,59.69,52.41,2.648,,partly-cloudy-day,mostly cloudy,0,1,0,0,0,0
,35.029872,-85.316423,2414 Sidney St,,W 24th St.,4/28/2019 12:00,2019-04-28,12,1556467200,,,,Property Damage,Angle,Yes,No,No,No,25,2,No,No,Unknown,Unknown,,37403,,,Daylight,Clear,73,16,23,1,7,25,1556463600,0.5,4.03,257,6,0,75.83,8.86,0.34,75.83,55.87,7.209,,partly-cloudy-day,partly cloudy,0,1,0,0,0,0
,35.029872,-85.316423,2414 Sidney St,,W 24th St.,4/28/2019 12:00,2019-04-28,12,1556467200,,,,Property Damage,Angle,Yes,No,No,No,25,2,No,No,Unknown,Unknown,,37403,,,Daylight,Clear,73,16,23,1,7,25,1556463600,0.5,4.03,257,6,0,75.83,8.86,0.34,75.83,55.87,7.209,,partly-cloudy-day,partly cloudy,0,1,0,0,0,0
,35.029872,-85.316423,2414 Sidney St,,W 24th St.,4/28/2019 12:00,2019-04-28,12,1556467200,,,,Property Damage,Angle,Yes,No,No,No,25,2,No,No,Unknown,Unknown,,37403,,,Daylight,Clear,73,16,23,1,7,25,1556463600,0.5,4.03,257,6,0,75.83,8.86,0.34,75.83,55.87,7.209,,partly-cloudy-day,partly cloudy,0,1,0,0,0,0
,35.029872,-85.316423,2414 Sidney St,,W 24th St.,4/28/2019 12:00,2019-04-28,12,1556467200,,,,Property Damage,Angle,Yes,No,No,No,25,2,No,No,Unknown,Unknown,,37403,,,Daylight,Clear,73,16,23,1,7,25,1556463600,0.5,4.03,257,6,0,75.83,8.86,0.34,75.83,55.87,7.209,,partly-cloudy-day,partly cloudy,0,1,0,0,0,0
,35.029438,-85.31139,Interstate 24 West Bound,I-17900,Rossville blvd,5/10/2019 16:00,2019-05-10,16,1557518400,,,,Property Damage,"Sideswipe, Same Direction",No,No,No,No,50,2,No,No,Unknown,37416,Unknown,76036,No,No,Daylight,Clear,73,16,23,1,7,25,1557514800,0.57,4.26,196,5,0,82.38,7.19,0.68,80.76,64.22,2.306,,partly-cloudy-day,mostly cloudy,0,1,0,0,0,0
,35.029438,-85.31139,Interstate 24 West Bound,I-17900,Rossville blvd,5/10/2019 16:00,2019-05-10,16,1557518400,,,,Property Damage,"Sideswipe, Same Direction",No,No,No,No,50,2,No,No,Unknown,37416,Unknown,76036,No,No,Daylight,Clear,73,16,23,1,7,25,1557514800,0.57,4.26,196,5,0,82.38,7.19,0.68,80.76,64.22,2.306,,partly-cloudy-day,mostly cloudy,0,1,0,0,0,0
,35.029438,-85.31139,Interstate 24 West Bound,I-17900,Rossville blvd,5/10/2019 16:00,2019-05-10,16,1557518400,,,,Property Damage,"Sideswipe, Same Direction",No,No,No,No,50,2,No,No,Unknown,37416,Unknown,76036,No,No,Daylight,Clear,73,16,23,1,7,25,1557514800,0.57,4.26,196,5,0,82.38,7.19,0.68,80.76,64.22,2.306,,partly-cloudy-day,mostly cloudy,0,1,0,0,0,0
,35.029438,-85.31139,Interstate 24 West Bound,I-17900,Rossville blvd,5/10/2019 16:00,2019-05-10,16,1557518400,,,,Property Damage,"Sideswipe, Same Direction",No,No,No,No,50,2,No,No,Unknown,37416,Unknown,76036,No,No,Daylight,Clear,73,16,23,1,7,25,1557514800,0.57,4.26,196,5,0,82.38,7.19,0.68,80.76,64.22,2.306,,partly-cloudy-day,mostly cloudy,0,1,0,0,0,0
,35.03538,-85.31456,1818 Chestnut St,,W 20th St,5/16/2019 10:00,2019-05-16,10,1558015200,,,,Property Damage,Angle,Yes,No,No,No,35,2,No,No,Unknown,Unknown,,35978,,,Daylight,Clear,73,16,23,1,7,25,1558011600,0.69,1.7,142,3,0,68,5.61,0.44,68,57.57,4.92,,partly-cloudy-day,partly cloudy,0,1,0,0,0,0
,35.03538,-85.31456,1818 Chestnut St,,W 20th St,5/16/2019 10:00,2019-05-16,10,1558015200,,,,Property Damage,Angle,Yes,No,No,No,35,2,No,No,Unknown,Unknown,,35978,,,Daylight,Clear,73,16,23,1,7,25,1558011600,0.69,1.7,142,3,0,68,5.61,0.44,68,57.57,4.92,,partly-cloudy-day,partly cloudy,0,1,0,0,0,0
,35.03538,-85.31456,1818 Chestnut St,,W 20th St,5/16/2019 10:00,2019-05-16,10,1558015200,,,,Property Damage,Angle,Yes,No,No,No,35,2,No,No,Unknown,Unknown,,35978,,,Daylight,Clear,73,16,23,1,7,25,1558011600,0.69,1.7,142,3,0,68,5.61,0.44,68,57.57,4.92,,partly-cloudy-day,partly cloudy,0,1,0,0,0,0
,35.03538,-85.31456,1818 Chestnut St,,W 20th St,5/16/2019 10:00,2019-05-16,10,1558015200,,,,Property Damage,Angle,Yes,No,No,No,35,2,No,No,Unknown,Unknown,,35978,,,Daylight,Clear,73,16,23,1,7,25,1558011600,0.69,1.7,142,3,0,68,5.61,0.44,68,57.57,4.92,,partly-cloudy-day,partly cloudy,0,1,0,0,0,0
,35.032594,-85.314013,W 21st St,,Broad St,6/20/2019 19:00,2019-06-20,19,1561071600,,,,Property Damage,Angle,No,No,No,No,35,2,No,No,,30707,Shoulder and Lap Belt Used,34684,No,No,Daylight,Clear,73,16,23,1,7,25,1561068000,0.56,7.02,253,1,0,86.33,15.36,0.44,83.89,66.51,2.208,,partly-cloudy-day,partly cloudy,0,1,0,0,0,0
,35.032594,-85.314013,W 21st St,,Broad St,6/20/2019 19:00,2019-06-20,19,1561071600,,,,Property Damage,Angle,No,No,No,No,35,2,No,No,,30707,Shoulder and Lap Belt Used,34684,No,No,Daylight,Clear,73,16,23,1,7,25,1561068000,0.56,7.02,253,1,0,86.33,15.36,0.44,83.89,66.51,2.208,,partly-cloudy-day,partly cloudy,0,1,0,0,0,0
,35.032594,-85.314013,W 21st St,,Broad St,6/20/2019 19:00,2019-06-20,19,1561071600,,,,Property Damage,Angle,No,No,No,No,35,2,No,No,,30707,Shoulder and Lap Belt Used,34684,No,No,Daylight,Clear,73,16,23,1,7,25,1561068000,0.56,7.02,253,1,0,86.33,15.36,0.44,83.89,66.51,2.208,,partly-cloudy-day,partly cloudy,0,1,0,0,0,0
,35.032594,-85.314013,W 21st St,,Broad St,6/20/2019 19:00,2019-06-20,19,1561071600,,,,Property Damage,Angle,No,No,No,No,35,2,No,No,,30707,Shoulder and Lap Belt Used,34684,No,No,Daylight,Clear,73,16,23,1,7,25,1561068000,0.56,7.02,253,1,0,86.33,15.36,0.44,83.89,66.51,2.208,,partly-cloudy-day,partly cloudy,0,1,0,0,0,0
,35.037417,-85.307395,Market St,US-1400,W. 14th St,1/1/2018 20:00,2018-01-01,20,1514854800,,,,Property Damage,Angle,Yes,No,No,No,30,2,No,No,Unknown,Unknown,Shoulder and Lap Belt Used,30755,No,No,Dark - Lighted,Clear,99,16,22,0,7,20,1514851200,0.55,3.33,358,0,0,13.84,6.6,0.19,18.81,5.29,5.491,,partly-cloudy-night,partly cloudy,0,1,0,0,0,0
,35.0414516,-85.311348,Broad St,SR-1201,Chestnut St,1/14/2018 0:00,2018-01-14,0,1515906000,,,,Property Damage Under,Unknown,Yes,No,No,No,15,2,No,No,Unknown,Unknown,,30707,,,Unknown,Clear,99,16,22,0,7,20,1515902400,0.73,3.38,3,0,0,13.69,8.1,0,18.75,11.48,9.997,,clear-night,clear,0,0,0,0,1,0
,35.037599,-85.311252,W Main St,,Broad St,1/16/2018 22:00,2018-01-16,22,1516158000,,,,Property Damage,Not Collision with Motor Vehicle in Transport,Yes,No,No,No,35,1,No,No,Unknown,Unknown,,,,,Dark - Lighted,Snow,99,16,22,0,7,20,1516154400,0.69,3.96,346,0,0,11.7,7.49,1,17.77,9.33,9.189,,cloudy,overcast,0,1,0,0,0,0
,35.0377208,-85.313508,7680 E. Brainerd Rd,,Reserve Way,2/1/2018 17:00,2018-02-01,17,1517522400,,,,Property Damage Under,Angle,No,No,No,No,40,2,No,No,Shoulder and Lap Belt Used,37421,Shoulder and Lap Belt Used,38001,No,No,Daylight,Rain,99,16,22,0,7,20,1517518800,0.6,3.29,200,0,0,60.66,6.65,0.75,60.66,46.74,6.305,,partly-cloudy-day,mostly cloudy,0,1,0,0,0,0
,35.036708,-85.307352,1 Station St,,600 Market St,2/10/2018 19:00,2018-02-10,19,1518307200,,,,Property Damage,Unknown,Yes,No,No,No,25,2,No,No,Unknown,Unknown,,37055,,,Dark - Lighted,Rain,99,16,22,0,7,20,1518303600,0.92,0.96,181,0,0.231,57.93,3.55,1,57.93,55.76,1.627,rain,rain,rain,1,0,0,0,0,1
,35.041284,-85.309264,1100 Broad St,,W 11th st,2/15/2018 8:00,2018-02-15,8,1518699600,,,,Property Damage,Front to Rear,No,No,No,No,25,2,No,No,Unknown,37329,Unknown,37409,No,No,Daylight,Cloudy,99,16,22,0,7,20,1518696000,0.91,1.84,197,0,0.001,62.07,4.4,1,61.89,59.33,1.293,rain,fog,foggy,0,0,1,0,0,0
,35.03806,-85.307797,Market St,,W 14th St,2/15/2018 17:00,2018-02-15,17,1518732000,,,,Property Damage,Unknown,Yes,No,No,No,30,2,No,No,Unknown,Unknown,,37402,,,Unknown,Unknown,99,16,22,0,7,20,1518728400,0.76,4.94,201,0,0,69.76,9.86,1,69.55,61.58,5.491,,cloudy,overcast,0,1,0,0,0,0
,35.037599,-85.311252,399 W Main St,,Broad St,2/23/2018 12:00,2018-02-23,12,1519405200,,,,Property Damage,Unknown,Yes,No,No,No,25,2,No,No,,37377,Unknown,Unknown,,,Daylight,Clear,99,16,22,0,7,20,1519401600,0.63,4.02,200,4,0,76.17,9.12,0.44,75.94,62.24,5.491,,partly-cloudy-day,partly cloudy,0,1,0,0,0,0
,35.039583,-85.313656,140 W 14th St,,Fort St,3/2/2018 0:00,2018-03-02,0,1519966800,,,,Property Damage,Unknown,Yes,No,No,No,,2,No,No,,37388,Unknown,Unknown,,,Unknown,Unknown,99,16,22,0,7,20,1519963200,0.73,4.07,347,0,0,48.54,9.08,0.75,49.76,41.3,5.491,,partly-cloudy-night,mostly cloudy,0,1,0,0,0,0
,35.03876,-85.314339,Carter St,,W Main St,3/7/2018 13:00,2018-03-07,13,1520445600,,,,Property Damage,"Sideswipe, Same Direction",Yes,No,No,No,25,2,No,No,Unknown,30739,Unknown,37404,No,No,Daylight,Clear,99,16,22,0,7,20,1520442000,0.5,5.14,333,4,0,38.39,11.06,1,41.73,24.21,5.491,,cloudy,overcast,0,1,0,0,0,0
,35.038513,-85.309996,1405 Cowart St,,Broad St,3/16/2018 20:00,2018-03-16,20,1521244800,,,,Property Damage Under,Unknown,Yes,No,No,No,,2,No,No,None Used MV Occupant,37415,Unknown,Unknown,No,No,Dark - Lighted,Clear,99,16,22,0,7,20,1521241200,0.44,1.91,225,0,0,65.92,4.42,0,65.92,43.2,5.491,,clear-night,clear,0,0,0,0,1,0
,35.039902,-85.307962,Market St,SR-1271,W 13th St,4/27/2018 16:00,2018-04-27,16,1524859200,,,,Property Damage,Angle,No,No,No,No,35,2,No,No,Shoulder and Lap Belt Used,37302,Shoulder and Lap Belt Used,37343,No,No,Daylight,Clear,99,16,22,0,7,20,1524855600,0.37,3.04,311,7,0,72.16,8.82,0,72.16,44.16,6.305,,clear-day,clear,0,0,0,0,1,0
,35.036972,-85.310561,300 W Main St,,Cowart St,5/19/2018 3:00,2018-05-19,3,1526713200,,,,Property Damage,Angle,No,No,No,No,25,2,No,No,Shoulder and Lap Belt Used,30707,Shoulder and Lap Belt Used,37406,Yes,Yes,Dark - Lighted,Clear,99,16,22,0,7,20,1526709600,0.9,0.4,144,0,0.003,69,1.35,1,68.25,65.17,4.993,rain,cloudy,overcast,0,1,0,0,0,0
,35.037326,-85.308804,1428 Williams St,,W Main St,5/26/2018 0:00,2018-05-26,0,1527307200,,,,Property Damage Under,Unknown,Yes,No,No,No,,2,No,No,,37406,Unknown,Unknown,,,Unknown,Clear,99,16,22,0,7,20,1527303600,0.77,4.21,173,0,0,75.51,9.03,0.75,74.72,67.06,2.066,,partly-cloudy-night,mostly cloudy,0,1,0,0,0,0
,35.040705,-85.307896,1250 Market St,,King St,5/31/2018 8:00,2018-05-31,8,1527768000,,,,Property Damage Under,Unknown,Yes,No,No,No,30,2,No,No,,37406,Unknown,Unknown,,,Daylight,Unknown,99,16,22,0,7,20,1527764400,0.87,2.47,186,1,0,71.76,6.36,0.75,70.88,66.85,1.85,,fog,foggy,0,0,1,0,0,0
,35.036853,-85.309246,1499 Williams St,,W Main St,6/11/2018 14:00,2018-06-11,14,1528740000,,,,Property Damage,Angle,No,No,No,No,30,2,No,No,Shoulder and Lap Belt Used,37415,Shoulder and Lap Belt Used,30736,No,No,Daylight,Clear,99,16,22,0,7,20,1528736400,0.62,3.43,250,6,0,89.17,8.25,0.75,84.54,70.3,2.506,,partly-cloudy-day,mostly cloudy,0,1,0,0,0,0
,35.038401,-85.313395,1500 Chestnut St,,W Main St,6/12/2018 0:00,2018-06-12,0,1528776000,,,,Property Damage,"Sideswipe, Same Direction",Yes,No,No,No,25,2,No,No,,37343,Unknown,Unknown,,,Daylight,Clear,99,16,22,0,7,20,1528772400,0.89,1.97,219,0,0,70.41,4.62,0.19,69.56,66.29,2.506,,partly-cloudy-night,partly cloudy,0,1,0,0,0,0
,35.038239,-85.309338,1400 Cowart St,,Williams St,7/15/2018 2:00,2018-07-15,2,1531634400,,,,Property Damage,Angle,No,No,No,No,15,4,No,No,,37421,Shoulder and Lap Belt Used,37421,No,No,Dark - Not Lighted,Clear,99,16,22,0,7,20,1531630800,0.88,3.31,167,0,0,77.07,5.44,0,75.66,71.93,2.191,,clear-night,clear,0,0,0,0,1,0
,35.040629,-85.309825,1201 Broad St,,W 13th St,7/20/2018 15:00,2018-07-20,15,1532113200,,,,Property Damage,Unknown,Yes,No,No,No,15,2,No,No,Shoulder and Lap Belt Used,74429,Unknown,Unknown,No,No,Daylight,Clear,99,16,22,0,7,20,1532109600,0.58,7.25,174,6,0,91.92,11.19,0.75,86.79,70.31,4.921,,partly-cloudy-day,mostly cloudy,0,1,0,0,0,0