Accident,Latitude,Longitude,Street,AltStreet,Intersection,DateTime,Date,Hour,Unix,WeekDay,WeekEnd,DayFrame,AccidentType,CollisionType,HaR,FatalInjury,MedicalTransport,InvolvedPlacardedTruck,PostedSpeed,TotalVehiclesInvolved,PedestrianInvolved,BicycleInvolved,DriverOneSafetyEquipment,DriverOneZip,DriverTwoSafetyEquipment,DriverTwoZip,Drug,Alcohol,LightCondition,Weather,Grid_Block,Grid_Col,Grid_Row,Highway,Land_Use_Mode,Road_Count,HourBefore,humidity,windSpeed,windBearing,uvIndex,precipIntensity,apparentTemperature,windGust,cloudCover,temperature,dewPoint,visibility,precipType,Event,Conditions,Rain,Cloudy,Foggy,Snow,Clear,RainBefore
,35.035386,-85.308272,1601 Long St,,1500 Main Street,8/8/2018 8:00,2018-08-08,8,1533729600,,,,Property Damage,Front to Rear,No,No,No,No,,2,No,No,Shoulder and Lap Belt Used,37402,Shoulder and Lap Belt Used,37403,No,No,Daylight,Clear,99,16,22,0,7,20,1533726000,0.88,2.22,212,0,0,75.21,3.29,0.75,73.96,70.3,3.371,,partly-cloudy-day,mostly cloudy,0,1,0,0,0,0
,35.039485,-85.309906,Broad St,,Cowart St,8/9/2018 12:00,2018-08-09,12,1533830400,,,,Property Damage,Angle,No,No,No,No,25,2,No,No,Shoulder and Lap Belt Used,30705,Shoulder and Lap Belt Used,37409,No,No,Daylight,Clear,99,16,22,0,7,20,1533826800,0.75,2.19,203,5,0,85.63,6.16,0.75,81.04,72.48,2.13,,partly-cloudy-day,humid and mostly cloudy,0,1,0,0,0,0
,35.037223,-85.310238,1400 Cowart St,,W Main St,8/27/2018 0:00,2018-08-27,0,1535342400,,,,Property Damage,Unknown,Yes,No,No,No,30,2,No,No,,37402,Unknown,Unknown,,,Unknown,Unknown,99,16,22,0,7,20,1535338800,0.82,1.07,84,0,0,75.5,4.96,0.4,74.51,68.54,3.175,,partly-cloudy-night,partly cloudy,0,1,0,0,0,0
,35.036464,-85.310383,1500 Cowart St,SR-300,300 West 1600 Street,9/17/2018 12:00,2018-09-17,12,1537200000,,,,Property Damage,Angle,No,No,No,No,25,2,No,No,Shoulder and Lap Belt Used,38501,Shoulder and Lap Belt Used,37404,No,No,Daylight,Clear,99,16,22,0,7,20,1537196400,0.67,4.73,263,5,0,81.59,11.96,0.77,79.26,67.55,6.443,,partly-cloudy-day,mostly cloudy,0,1,0,0,0,0
,35.03846,-85.308374,Williams St,,W 14th St,9/26/2018 20:00,2018-09-26,20,1538006400,,,,Property Damage,Other,No,No,No,No,15,2,No,No,,37404,Shoulder and Lap Belt Used,37363,No,No,Dark - Lighted,Clear,99,16,22,0,7,20,1538002800,0.92,1.72,28,0,0.004,73.24,6.03,1,72,69.62,7.112,rain,cloudy,overcast,0,1,0,0,0,0
,35.036485,-85.308242,W Main St,,Williams St,10/26/2018 12:00,2018-10-26,12,1540569600,,,,Property Damage,Angle,No,No,No,No,30,2,No,No,Shoulder and Lap Belt Used,37415,Shoulder and Lap Belt Used,37419,No,No,Daylight,Rain,99,16,22,0,7,20,1540566000,0.93,3.6,181,3,0.005,50.79,8.86,0.98,50.79,48.77,0.203,rain,rain,possible drizzle,1,0,0,0,0,1
,35.040629,-85.309825,1201 Broad St,,Non intersection,10/27/2018 14:00,2018-10-27,14,1540663200,,,,Property Damage,Angle,No,No,No,No,15,2,No,No,Shoulder and Lap Belt Used,37407,,37406,No,No,Daylight,Clear,99,16,22,0,7,20,1540659600,0.75,7.75,308,3,0.001,54.67,14.86,0.77,54.67,47.03,2.817,rain,partly-cloudy-day,mostly cloudy,0,1,0,0,0,0
,35.036619,-85.308075,1467 Market St,,E 14th St,11/14/2018 0:00,2018-11-14,0,1542171600,,,,Property Damage Under,Unknown,Yes,No,No,No,35,2,No,No,,37377,Unknown,Unknown,,,Unknown,Unknown,99,16,22,0,7,20,1542168000,0.82,7.07,22,0,0,35.74,14.73,1,40.53,35.36,6.709,,cloudy,overcast,0,1,0,0,0,0
,35.0372081,-85.308161,175 I 24 East,I-24,175 I 24 EB,12/14/2018 16:00,2018-12-14,16,1544821200,,,,Property Damage Under,Front to Rear,No,No,No,No,65,4,No,No,Shoulder and Lap Belt Used,13052,Shoulder and Lap Belt Used,35769,No,No,Daylight,Rain,99,16,22,0,7,20,1544817600,0.92,4.21,358,0,0.084,50.56,7.37,1,50.56,48.23,1.386,rain,rain,light rain,1,0,0,0,0,1
,35.035787,-85.31155,W 17th St,,Cowart St,1/18/2019 15:00,2019-01-18,15,1547841600,,,,Property Damage,"Sideswipe, Same Direction",No,No,No,No,35,2,No,No,,37408,Shoulder and Lap Belt Used,37410,No,No,Daylight,Clear,99,16,22,0,7,20,1547838000,0.78,2.69,109,2,0,53.91,7.55,1,53.91,47.11,6.983,,cloudy,overcast,0,1,0,0,0,0
,35.040629,-85.309825,Broad St,SR-1201,W 13th St,1/26/2019 0:00,2019-01-26,0,1548478800,,,,Property Damage,Angle,Yes,No,No,No,,2,No,No,,37421,Unknown,Unknown,,,Dark - Lighted,Clear,99,16,22,0,7,20,1548475200,0.6,2.56,224,0,0,29.3,4.11,0.4,29.3,16.94,7.08,,partly-cloudy-night,partly cloudy,0,1,0,0,0,0
,35.038239,-85.309338,1400 Cowart St,,Cowart St,2/1/2019 0:00,2019-02-01,0,1548997200,,,,Property Damage,Angle,Yes,No,No,No,35,2,No,No,,38372,Unknown,Unknown,,,Daylight,Clear,99,16,22,0,7,20,1548993600,0.57,2.23,196,0,0,36.6,5.63,1,36.6,22.82,7.184,,cloudy,overcast,0,1,0,0,0,0
,35.037307,-85.310883,314 W Main St,,Broad St,3/6/2019 0:00,2019-03-06,0,1551848400,,,,Property Damage,Unknown,Yes,No,No,No,,2,No,No,,79119,Unknown,Unknown,,,Dark - Not Lighted,Clear,99,16,22,0,7,20,1551844800,0.38,7.71,333,0,0,23.02,12.7,0,30.35,7.85,3.153,,clear-night,clear,0,0,0,0,1,0
,35.036678,-85.311729,1606 Broad St,,Market St,3/18/2019 0:00,2019-03-18,0,1552881600,,,,Property Damage,Unknown,Yes,No,No,No,,2,No,No,None Used MV Occupant,37363,Unknown,Unknown,,,Unknown,Clear,99,16,22,0,7,20,1552878000,0.45,3.1,326,0,0,47.2,6.23,0,47.9,27.56,7.347,,clear-night,clear,0,0,0,0,1,0
,35.041751,-85.313207,Carter St,,W 13th St,4/16/2019 7:00,2019-04-16,7,1555412400,,,,Property Damage,"Sideswipe, Same Direction",No,No,No,No,35,2,No,No,Shoulder and Lap Belt Used,37412,Shoulder and Lap Belt Used,37411,No,No,Dawn,Clear,99,16,22,0,7,20,1555408800,0.83,2,16,0,0,43.94,4.15,0,43.94,39.11,7.077,,clear-night,clear,0,0,0,0,1,0
,35.037599,-85.311252,1500 Broad St,,W Main St,6/5/2019 15:00,2019-06-05,15,1559761200,,,,Property Damage,Not Collision with Motor Vehicle in Transport,Yes,No,No,No,35,1,No,No,,37402,Unknown,Unknown,,,Daylight,Rain,99,16,22,0,7,20,1559757600,0.84,7.02,254,5,0.056,73.85,12.36,0.98,72.92,67.79,3.153,rain,rain,light rain,1,0,0,0,0,1
,35.0375531,-85.314899,805 Canal St,,Mariner Way,6/10/2019 8:00,2019-06-10,8,1560168000,,,,Property Damage Under,"Sideswipe, Same Direction",No,No,No,No,,2,No,No,Shoulder and Lap Belt Used,37922,,37402,No,No,Daylight,Clear,99,16,22,0,7,20,1560164400,0.94,0.9,64,1,0,74.16,5.2,0.77,72.77,70.94,4.003,,partly-cloudy-day,mostly cloudy,0,1,0,0,0,0
,35.068538,-85.289022,1100 Hixson Pike,,Hanover St,1/2/2018 0:00,2018-01-02,0,1514869200,,,,Property Damage,Unknown,Yes,No,No,No,,2,No,No,Unknown,Unknown,,37411,,,Unknown,Clear,266,17,17,0,7,1,1514865600,0.6,3.84,10,0,0,9.02,6.94,0,15.3,3.96,6.339,,clear-night,clear,0,0,0,0,1,0
,35.069506,-85.289299,1200 Hixson Pike,,Dartmouth Street,1/23/2018 8:00,2018-01-23,8,1516712400,,,,Property Damage,Angle,No,No,No,No,30,2,No,No,Shoulder and Lap Belt Used,37343,Shoulder and Lap Belt Used,37343,No,No,Daylight,Clear,266,17,17,0,7,1,1516708800,0.63,1.27,268,0,0,42.16,3.83,0,42.16,30.54,9.259,,clear-day,clear,0,0,0,0,1,0
,35.068682,-85.288948,1100 Hixson Pike,,Tremont St,2/8/2018 16:00,2018-02-08,16,1518123600,,,,Suspected Minor Injury,Front to Rear,No,No,No,No,35,2,No,No,Shoulder and Lap Belt Used,37341,Shoulder and Lap Belt Used,37321,No,No,Daylight,Clear,266,17,17,0,7,1,1518120000,0.43,2.47,43,1,0,51.09,5.35,0,51.09,29.63,6.339,,clear-day,clear,0,0,0,0,1,0
,35.069582,-85.289508,1203 Hixson Pike,,Dartmouth St,10/17/2018 0:00,2018-10-17,0,1539748800,,,,Property Damage,Angle,Yes,No,No,No,,2,No,No,,39520,Unknown,Unknown,,,Unknown,Unknown,266,17,17,0,7,1,1539745200,0.93,3.16,308,0,0.016,62.11,4.53,1,61.86,59.75,2.801,rain,rain,light rain,1,0,0,0,0,1
,35.068682,-85.288948,1100 Hixson Pike,,Dorchester,10/21/2018 1:00,2018-10-21,1,1540098000,,,,Property Damage,Unknown,Yes,No,No,No,,2,No,No,Unknown,Unknown,,37405,,,Daylight,Clear,266,17,17,0,7,1,1540094400,0.56,8.67,343,0,0,54.03,17.31,0.02,54.03,38.71,7.397,,clear-night,clear,0,0,0,0,1,0
,35.06798,-85.288309,1313 Hanover St,,Hixson Pike,11/30/2018 0:00,2018-11-30,0,1543554000,,,,Property Damage,Unknown,Yes,No,No,No,35,2,No,No,,37405,Unknown,Unknown,,,Unknown,Clear,266,17,17,0,7,1,1543550400,0.87,1.62,132,0,0,45.14,2.94,1,45.14,41.4,4.874,,cloudy,overcast,0,1,0,0,0,0
,35.068118,-85.289711,1005 Hixson Pike,,Worthington St,5/25/2019 16:00,2019-05-25,16,1558814400,,,,Property Damage,Angle,Yes,No,No,No,35,2,No,No,Unknown,Unknown,Unknown,30710,No,No,Daylight,Clear,266,17,17,0,7,1,1558810800,0.4,6.54,227,6,0,92.65,14.25,0.44,91.32,63.57,5.018,,partly-cloudy-day,partly cloudy,0,1,0,0,0,0
,35.049648,-85.310584,600 Broad St,,600 Broad St,1/2/2018 0:00,2018-01-02,0,1514869200,,,,Property Damage,Unknown,Yes,No,No,No,30,2,No,No,,37411,Unknown,Unknown,,,Unknown,Clear,157,15,20,0,2,20,1514865600,0.6,3.88,10,0,0,8.84,6.99,0,15.19,3.95,6.359,,clear-night,clear,0,0,0,0,1,0
,35.052147,-85.313868,150-219 Highway 27 Sb,,Manufacturers Rd,1/24/2018 8:00,2018-01-24,8,1516798800,,,,Property Damage,Front to Rear,No,No,No,No,45,2,No,No,Shoulder and Lap Belt Used,37343,Shoulder and Lap Belt Used,37415,No,No,Daylight,Clear,157,15,20,0,2,20,1516795200,0.73,0.74,325,0,0,33.98,2.59,0.19,33.98,26.1,9.258,,partly-cloudy-day,partly cloudy,0,1,0,0,0,0
,35.053559,-85.307572,300 Walnut St,,East 4th St,1/25/2018 0:00,2018-01-25,0,1516856400,,,,Property Damage,Unknown,Yes,No,No,No,,2,No,No,,37343,Unknown,Unknown,,,Unknown,Unknown,157,15,20,0,2,20,1516852800,0.64,0.08,270,0,0,35.79,1.26,0,35.79,24.76,7.405,,clear-night,clear,0,0,0,0,1,0
,35.052314,-85.309633,400 Market St,,West 4th St,2/2/2018 15:00,2018-02-02,15,1517601600,,,,Property Damage Under,Front to Rear,No,No,No,No,30,2,No,No,Shoulder and Lap Belt Used,37363,Shoulder and Lap Belt Used,37411,No,No,Daylight,Clear,157,15,20,0,2,20,1517598000,0.37,5.5,20,2,0,29.86,11.09,0,34.72,11.14,7.029,,clear-day,clear,0,0,0,0,1,0
,35.053512,-85.309667,W 3rd St,,Market St,2/4/2018 18:00,2018-02-04,18,1517785200,,,,Property Damage Under,Unknown,Yes,No,No,No,30,2,No,No,Unknown,Unknown,,37419,,,Unknown,Clear,157,15,20,0,2,20,1517781600,0.82,2.39,299,0,0,47,7.76,1,47,41.88,6.359,,cloudy,overcast,0,1,0,0,0,0
,35.050955,-85.30959,Market St,SR-500,E 5th St,2/12/2018 12:00,2018-02-12,12,1518454800,,,,Property Damage,"Sideswipe, Same Direction",No,No,No,No,25,2,No,No,Shoulder and Lap Belt Used,37411,,37377,No,No,Daylight,Cloudy,157,15,20,0,2,20,1518451200,0.84,3.4,9,3,0,40.53,7.3,1,42.29,37.94,6.359,,cloudy,overcast,0,1,0,0,0,0
,35.05197,-85.31276,528 Cherry St,,E 5th St,2/14/2018 16:00,2018-02-14,16,1518642000,,,,Property Damage,Not Collision with Motor Vehicle in Transport,No,No,No,No,35,1,No,No,Shoulder and Lap Belt Used,30720,,,No,No,Daylight,Cloudy,157,15,20,0,2,20,1518638400,0.9,1.39,200,1,0,57.37,3.36,1,57.37,54.43,4.132,,cloudy,overcast,0,1,0,0,0,0
,35.051245,-85.312336,1 Hwy 27 Sb @ 4th St - On Ramp,,E 4th St,2/15/2018 17:00,2018-02-15,17,1518732000,,,,Property Damage,Front to Rear,Yes,No,No,No,45,2,No,No,Unknown,Unknown,Shoulder and Lap Belt Used,37412,No,No,Daylight,Clear,157,15,20,0,2,20,1518728400,0.76,4.93,201,0,0,69.7,9.8,1,69.48,61.58,5.535,,cloudy,overcast,0,1,0,0,0,0
,35.052335,-85.308575,400 Cherry Street,,East 4th Street,3/6/2018 17:00,2018-03-06,17,1520373600,,,,Property Damage,Front to Rear,No,No,No,No,30,2,No,No,Shoulder and Lap Belt Used,37404,Shoulder and Lap Belt Used,37397,No,No,Daylight,Clear,157,15,20,0,2,20,1520370000,0.19,3.95,258,1,0,64.89,9.98,0,64.89,21.96,6.359,,clear-day,clear,0,0,0,0,1,0
,35.049536,-85.309151,600 Market St,,Walnut St,3/12/2018 0:00,2018-03-12,0,1520827200,,,,Property Damage Under,Angle,No,No,No,No,15,2,No,No,Unknown,37375,,37363,No,No,Daylight,Clear,157,15,20,0,2,20,1520823600,0.92,0.98,222,0,0.11,51.64,4.94,1,51.64,49.29,3.057,rain,rain,rain,1,0,0,0,0,1
,35.052314,-85.309633,Market St,SR-400,E 4th St,3/17/2018 12:00,2018-03-17,12,1521302400,,,,Property Damage Under,Front to Rear,No,No,No,No,30,2,No,No,Shoulder and Lap Belt Used,37363,Shoulder and Lap Belt Used,37397,No,No,Daylight,Clear,157,15,20,0,2,20,1521298800,0.8,2.92,197,4,0,64.57,7.15,0.75,64.57,58.31,6.359,,partly-cloudy-day,mostly cloudy,0,1,0,0,0,0
,35.051743,-85.309356,412 Market St,,5th Street,3/31/2018 19:00,2018-03-31,19,1522537200,,,,Property Damage Under,Other,Yes,No,No,No,,2,No,No,,37411,Unknown,Unknown,,,Daylight,Clear,157,15,20,0,2,20,1522533600,0.31,3.29,187,0,0,67.53,8.08,0,67.53,36.03,6.359,,clear-day,clear,0,0,0,0,1,0
,35.055978,-85.312731,Riverfront Pkwy,,Power Alley,4/4/2018 19:00,2018-04-04,19,1522882800,,,,Property Damage,Front to Rear,No,No,No,No,30,2,No,No,Shoulder and Lap Belt Used,37421,Shoulder and Lap Belt Used,37419,No,No,Daylight,Clear,157,15,20,0,2,20,1522879200,0.37,4.3,334,0,0,53.82,10.18,0,53.82,28.07,6.651,,clear-day,clear,0,0,0,0,1,0
,35.051369,-85.30931,426 Market St,,5th St,4/6/2018 12:00,2018-04-06,12,1523030400,,,,Property Damage,Rear to Side,No,No,No,No,30,2,No,No,,37402,Shoulder and Lap Belt Used,37402,No,No,Daylight,Rain,157,15,20,0,2,20,1523026800,0.83,0.45,34,4,0.005,51.26,1.82,1,51.26,46.29,6.032,rain,rain,drizzle,1,0,0,0,0,1
,35.0555249,-85.313587,Houston St,SR-1156,Market St,4/11/2018 10:00,2018-04-11,10,1523455200,,,,Property Damage Under,Rear to Side,No,No,No,No,30,2,No,No,Shoulder and Lap Belt Used,37411,Shoulder and Lap Belt Used,30752,No,No,Daylight,Clear,157,15,20,0,2,20,1523451600,0.6,2.3,16,3,0,49.82,5.66,0,49.82,36.58,5.535,,clear-day,clear,0,0,0,0,1,0
,35.055843,-85.311021,1 Broad St,,193 Chestnut St,4/16/2018 0:00,2018-04-16,0,1523851200,,,,Property Damage,Angle,Yes,No,No,No,15,2,No,No,Unknown,Unknown,,37377,,,Unknown,Clear,157,15,20,0,2,20,1523847600,0.76,3.59,285,0,0.001,39.56,10.64,1,41.61,34.61,7.029,rain,cloudy,overcast,0,1,0,0,0,0
,35.055677,-85.309741,99 Market St,,1st St,4/19/2018 13:00,2018-04-19,13,1524157200,,,,Possible Injury,Not Collision with Motor Vehicle in Transport,Yes,No,No,No,25,1,No,Yes,None Used MV Occupant,37406,Unknown,Unknown,No,No,Daylight,Clear,157,15,20,0,2,20,1524153600,0.5,5,359,5,0,51.8,13.32,1,51.8,33.53,6.359,,cloudy,overcast,0,1,0,0,0,0
,35.050511,-85.313393,301 W 6th St,,Chestnut St,4/23/2018 9:00,2018-04-23,9,1524488400,,,,Property Damage,"Sideswipe, Same Direction",No,No,No,No,15,2,No,No,,37405,Shoulder and Lap Belt Used,37405,No,No,Daylight,Rain,157,15,20,0,2,20,1524484800,0.92,1.24,139,1,0.026,57.74,4.99,1,57.74,55.35,5.998,rain,rain,light rain,1,0,0,0,0,1
,35.050436,-85.314412,1 Hwy 27 Sb @ 4th St - On Ramp,,4th St,5/3/2018 20:00,2018-05-03,20,1525392000,,,,Property Damage,Front to Rear,No,No,No,No,45,3,No,No,Shoulder and Lap Belt Used,30736,Shoulder and Lap Belt Used,30757,No,No,Dusk,Clear,157,15,20,0,2,20,1525388400,0.48,1.02,180,0,0,78.92,1.98,0,78.92,57.44,6.651,,clear-day,clear,0,0,0,0,1,0
,35.052314,-85.309633,100 E 4th St,SR-100,Market St,5/7/2018 7:00,2018-05-07,7,1525690800,,,,Property Damage,Angle,No,No,No,No,35,2,No,No,Unknown,37405,Unknown,37343,No,No,Daylight,Clear,157,15,20,0,2,20,1525687200,0.79,0.47,333,0,0,58.31,1.13,0.19,58.31,51.85,2.858,,partly-cloudy-day,partly cloudy,0,1,0,0,0,0
,35.052335,-85.308575,E 4th St,,Cherry St,5/7/2018 8:00,2018-05-07,8,1525694400,,,,Property Damage Under,Front to Rear,No,No,No,No,35,2,No,No,Shoulder and Lap Belt Used,37415,Shoulder and Lap Belt Used,39759,No,No,Daylight,Clear,157,15,20,0,2,20,1525690800,0.78,0.31,270,0,0,59.75,1.41,0,59.75,52.75,6.359,,clear-day,clear,0,0,0,0,1,0
,35.0531022,-85.312523,6200 Lee Highway,,Vance Rd,5/10/2018 23:00,2018-05-10,23,1526007600,,,,Possible Injury,Front to Rear,No,No,Yes,No,40,2,No,No,Shoulder and Lap Belt Used,37421,DOT Compliant Motorcycle Helmet,37412,No,Yes,Dark - Lighted,Clear,157,15,20,0,2,20,1526004000,0.87,0.4,196,0,0,66.36,1.1,0,65.99,61.86,4.986,,clear-night,clear,0,0,0,0,1,0
,35.054365,-85.312362,201 Chestnut St,,W Aquarium Way,5/11/2018 13:00,2018-05-11,13,1526058000,,,,Property Damage Under,"Sideswipe, Same Direction",No,No,No,No,35,2,No,No,,37401,Shoulder and Lap Belt Used,37302,No,No,Daylight,Clear,157,15,20,0,2,20,1526054400,0.53,1.13,213,10,0,86.18,4.36,0,84.32,65.21,6.359,,clear-day,clear,0,0,0,0,1,0
,35.05299,-85.309279,306 Market St,,Market St,5/18/2018 0:00,2018-05-18,0,1526616000,,,,Property Damage,Angle,Yes,No,No,No,15,2,No,No,Unknown,Unknown,,30720,,,Daylight,Clear,157,15,20,0,2,20,1526612400,0.92,0.21,18,0,0,68.96,0.86,0.75,68.14,65.6,5.261,,partly-cloudy-night,mostly cloudy,0,1,0,0,0,0
,35.0534839,-85.311821,300 Chestnut St,,3rd St,5/19/2018 13:00,2018-05-19,13,1526749200,,,,Property Damage,"Sideswipe, Same Direction",No,No,No,No,35,2,No,No,Shoulder and Lap Belt Used,60030,Shoulder and Lap Belt Used,30741,No,No,Daylight,Clear,157,15,20,0,2,20,1526745600,0.63,6.96,192,6,0,84.43,11.71,0.72,81.57,67.98,6.356,,partly-cloudy-day,mostly cloudy,0,1,0,0,0,0
,35.053512,-85.309667,E 3rd St,,Market St,5/20/2018 0:00,2018-05-20,0,1526788800,,,,Property Damage,Unknown,Yes,No,No,No,25,2,No,No,None Used MV Occupant,37405,Unknown,Unknown,No,No,Unknown,Clear,157,15,20,0,2,20,1526785200,0.81,1.62,280,0,0,74.06,4.53,0.4,73.22,67.1,6.029,,partly-cloudy-night,partly cloudy,0,1,0,0,0,0
,35.051931,-85.310288,406 Broad St,,E 4th St,5/29/2018 11:00,2018-05-29,11,1527606000,,,,Property Damage,Rear to Side,No,No,No,No,25,2,No,No,Shoulder and Lap Belt Used,35401,None Used MV Occupant,76548,No,No,Daylight,Rain,157,15,20,0,2,20,1527602400,0.9,6.12,73,4,0.008,74.81,12.78,0.98,73.52,70.47,6.356,rain,rain,drizzle,1,0,0,0,0,1
,35.052674,-85.312187,321 Chestnut St,,W 4th St,6/6/2018 10:00,2018-06-06,10,1528293600,,,,Property Damage,Unknown,No,No,No,No,15,2,No,No,,37379,Unknown,37303,,,Daylight,Clear,157,15,20,0,2,20,1528290000,0.58,3.84,16,4,0,74.79,8.1,0,74.79,59.15,6.029,,clear-day,clear,0,0,0,0,1,0
,35.053512,-85.309667,300 Market St,,3rd St,6/12/2018 0:00,2018-06-12,0,1528776000,,,,Property Damage,Unknown,Yes,No,No,No,35,2,No,No,,37421,Unknown,Unknown,,,Unknown,Clear,157,15,20,0,2,20,1528772400,0.9,2.01,231,0,0,70.29,4.61,0.17,69.43,66.29,2.735,,partly-cloudy-night,partly cloudy,0,1,0,0,0,0
,35.0522813,-85.308584,400 Cherry St,,4th St,6/14/2018 0:00,2018-06-14,0,1528948800,,,,Property Damage,Unknown,Yes,No,No,No,,2,No,No,,30721,Unknown,Unknown,,,Dark - Not Lighted,Clear,157,15,20,0,2,20,1528945200,0.93,1.49,202,0,0,72.86,4.31,0.4,71.63,69.51,4.891,,partly-cloudy-night,partly cloudy,0,1,0,0,0,0
,35.053841,-85.310384,224 Broad St,,Broad St,6/17/2018 0:00,2018-06-17,0,1529208000,,,,Property Damage,Angle,Yes,No,No,No,,2,No,No,Unknown,66062,,30707,,,Daylight,Clear,157,15,20,0,2,20,1529204400,0.68,3.57,217,0,0,77.76,5.69,0.24,77.14,65.88,6.029,,partly-cloudy-night,partly cloudy,0,1,0,0,0,0
,35.052314,-85.309633,Market St,,E 4th St,6/20/2018 14:00,2018-06-20,14,1529517600,,,,Property Damage,Front to Rear,No,No,No,No,30,2,No,No,Shoulder and Lap Belt Used,37403,Shoulder and Lap Belt Used,37415,No,No,Daylight,Clear,157,15,20,0,2,20,1529514000,0.46,5.53,302,7,0,91.7,13.06,0.7,89.27,65.84,3.41,,partly-cloudy-day,mostly cloudy,0,1,0,0,0,0
,35.049536,-85.309151,600 Cherry St,,6th St,6/22/2018 0:00,2018-06-22,0,1529640000,,,,Property Damage,Unknown,Yes,No,No,No,,2,No,No,Unknown,Unknown,,37421,,,Daylight,Clear,157,15,20,0,2,20,1529636400,0.83,3.27,226,0,0,76.94,6.18,0.68,75.74,70.38,3.673,,partly-cloudy-night,mostly cloudy,0,1,0,0,0,0
,35.053199,-85.314524,160 Highway 27 Sb,,4th St.,6/25/2018 0:00,2018-06-25,0,1529899200,,,,Property Damage,Front to Rear,No,No,No,No,45,2,No,No,Shoulder and Lap Belt Used,37412,Shoulder and Lap Belt Used,37421,No,No,Unknown,Rain,157,15,20,0,2,20,1529895600,0.82,1.22,158,0,0,73.62,2.64,0.72,72.79,66.93,6.768,,partly-cloudy-night,mostly cloudy,0,1,0,0,0,0
,35.052674,-85.312187,W 4th St,,Chestnut St,7/12/2018 12:00,2018-07-12,12,1531411200,,,,Property Damage,"Sideswipe, Same Direction",No,No,No,No,30,2,No,No,Shoulder and Lap Belt Used,37379,Shoulder and Lap Belt Used,37373,No,No,Daylight,Clear,157,15,20,0,2,20,1531407600,0.63,2.98,45,5,0,94.95,6.63,0.7,87.33,73.1,5.216,,partly-cloudy-day,humid and mostly cloudy,0,1,0,0,0,0
,35.052049,-85.309311,Cherry St,,400 cherry st,7/14/2018 0:00,2018-07-14,0,1531540800,,,,Property Damage,Unknown,Yes,No,No,No,,2,No,No,,37343,Unknown,Unknown,,,Unknown,Clear,157,15,20,0,2,20,1531537200,0.73,3.04,178,0,0,84.26,3.04,0.75,80.54,71.02,7.545,,partly-cloudy-night,mostly cloudy,0,1,0,0,0,0
,35.052205,-85.310661,Broad St,,W. 5th Street,7/21/2018 0:00,2018-07-21,0,1532145600,,,,Property Damage Under,Angle,Yes,No,No,No,30,2,No,No,,37887,Unknown,Unknown,,,Unknown,Unknown,157,15,20,0,2,20,1532142000,0.73,5.28,188,0,0,82.63,9.24,0.44,79.58,70.28,1.885,,fog,foggy,0,0,1,0,0,0
,35.053846,-85.311022,225 Broad St,,Broad St,7/22/2018 0:00,2018-07-22,0,1532232000,,,,Property Damage,Unknown,Yes,No,No,No,15,2,No,No,,37388,Unknown,Unknown,,,Unknown,Clear,157,15,20,0,2,20,1532228400,0.72,4.89,301,0,0,75.89,9.42,1,75.27,65.71,2.59,,cloudy,overcast,0,1,0,0,0,0
,35.053189,-85.312293,311 Chestnut St,,Broad St,7/24/2018 0:00,2018-07-24,0,1532404800,,,,Property Damage,Front to Rear,Yes,No,No,No,15,4,No,No,,97062,,37409,,,Unknown,Clear,157,15,20,0,2,20,1532401200,0.81,2.77,351,0,0,75.8,6.28,0.44,74.82,68.51,6.98,,partly-cloudy-night,partly cloudy,0,1,0,0,0,0
,35.052843,-85.310679,Walnut St,,E 4th St,8/1/2018 9:00,2018-08-01,9,1533128400,,,,Property Damage,Front to Rear,No,No,No,No,30,2,No,No,None Used MV Occupant,37387,None Used MV Occupant,37341,No,No,Daylight,Rain,157,15,20,0,2,20,1533124800,0.95,1.2,271,1,0.009,70.77,5.11,1,69.65,68.12,1.681,rain,rain,drizzle,1,0,0,0,0,1
,35.05332,-85.309891,301 Market St,,E 3rd St,9/3/2018 0:00,2018-09-03,0,1535947200,,,,Property Damage,Unknown,Yes,No,No,No,,2,No,No,,30752,Unknown,Unknown,,,Unknown,Clear,157,15,20,0,2,20,1535943600,0.8,1.31,33,0,0,77.16,4.11,0.4,76.1,69.45,6.531,,partly-cloudy-night,partly cloudy,0,1,0,0,0,0
,35.051797,-85.313378,1-9 Exit W 4th St,SR-27,E 4th Street,9/13/2018 9:00,2018-09-13,9,1536843600,,,,Property Damage,Front to Rear,No,No,No,No,45,2,No,No,Shoulder and Lap Belt Used,37419,Shoulder and Lap Belt Used,37397,No,No,Daylight,Clear,157,15,20,0,2,20,1536840000,0.94,2.75,57,1,0,74.98,6.78,1,73.53,71.6,0.293,,fog,foggy,0,0,1,0,0,0
,35.055214,-85.309333,120 Market St,,Market St,9/15/2018 0:00,2018-09-15,0,1536984000,,,,Property Damage,Angle,Yes,No,No,No,,2,No,No,Unknown,Unknown,,37416,,,Unknown,Unknown,157,15,20,0,2,20,1536980400,0.69,5.47,7,0,0,83.28,10.13,0.4,80.28,69.21,7.277,,partly-cloudy-night,partly cloudy,0,1,0,0,0,0