Accident,Latitude,Longitude,Street,AltStreet,Intersection,DateTime,Date,Hour,Unix,WeekDay,WeekEnd,DayFrame,AccidentType,CollisionType,HaR,FatalInjury,MedicalTransport,InvolvedPlacardedTruck,PostedSpeed,TotalVehiclesInvolved,PedestrianInvolved,BicycleInvolved,DriverOneSafetyEquipment,DriverOneZip,DriverTwoSafetyEquipment,DriverTwoZip,Drug,Alcohol,LightCondition,Weather,Grid_Block,Grid_Col,Grid_Row,Highway,Land_Use_Mode,Road_Count,HourBefore,humidity,windSpeed,windBearing,uvIndex,precipIntensity,apparentTemperature,windGust,cloudCover,temperature,dewPoint,visibility,precipType,Event,Conditions,Rain,Cloudy,Foggy,Snow,Clear,RainBefore
,35.050614,-85.315119,500 Gateway Ave,,Cameron Hill Cir,9/27/2018 9:00,2018-09-27,9,1538053200,,,,Property Damage,Front to Rear,No,No,No,No,30,2,No,No,Shoulder and Lap Belt Used,37405,Shoulder and Lap Belt Used,37377,No,No,Daylight,Rain,157,15,20,0,2,20,1538049600,0.95,3.92,172,1,0.038,71.77,5.4,1,70.56,68.98,0.354,rain,rain,light rain,1,0,0,0,0,1
,35.050511,-85.313393,301 W 6th St,,Pine St,9/29/2018 12:00,2018-09-29,12,1538236800,,,,Property Damage,Rear to Rear,No,No,No,No,15,2,No,No,,37377,Shoulder and Lap Belt Used,37377,No,No,Daylight,Clear,157,15,20,0,2,20,1538233200,0.71,5.26,31,4,0,75.1,9.67,0.7,74.59,64.74,5.432,,partly-cloudy-day,mostly cloudy,0,1,0,0,0,0
,35.053512,-85.309667,Market St,,E 3rd St,10/5/2018 13:00,2018-10-05,13,1538758800,,,,Property Damage,Angle,No,No,No,No,25,2,No,No,Shoulder and Lap Belt Used,37363,Shoulder and Lap Belt Used,37406,No,No,Daylight,Clear,157,15,20,0,2,20,1538755200,0.54,2.49,306,6,0,88.38,7.19,0.47,85.51,67.14,6.884,,partly-cloudy-day,partly cloudy,0,1,0,0,0,0
,35.050928,-85.310627,500 Broad St,,W 5th St,10/10/2018 10:00,2018-10-10,10,1539180000,,,,Property Damage,Front to Rear,No,No,No,No,30,2,No,No,Shoulder and Lap Belt Used,37406,Shoulder and Lap Belt Used,30742,No,No,Daylight,Clear,157,15,20,0,2,20,1539176400,0.86,2.8,100,2,0,74.15,10.7,0.75,73.11,68.6,7.189,,partly-cloudy-day,mostly cloudy,0,1,0,0,0,0
,35.05489,-85.31061,W Aquarium Way,,Broad St,11/14/2018 16:00,2018-11-14,16,1542229200,,,,Property Damage,Angle,No,No,No,No,15,2,No,No,Shoulder and Lap Belt Used,37412,Shoulder and Lap Belt Used,37412,No,No,Daylight,Rain,157,15,20,0,2,20,1542225600,0.91,6.56,42,1,0.01,36.83,13.46,1,41.2,38.78,1.223,rain,rain,possible drizzle,1,0,0,0,0,1
,35.050511,-85.313393,301 W 6th St,,Chestnut St,11/26/2018 13:00,2018-11-26,13,1543255200,,,,Property Damage Under,Angle,No,No,No,No,15,2,No,No,,30736,Shoulder and Lap Belt Used,37405,No,No,Daylight,Clear,157,15,20,0,2,20,1543251600,0.6,8.37,303,2,0,35.65,17.79,1,41.02,28.12,2.869,,cloudy,overcast,0,1,0,0,0,0
,35.053533,-85.308618,300 Cherry St,,E 3rd St,11/30/2018 6:00,2018-11-30,6,1543575600,,,,Property Damage Under,Angle,No,No,No,No,30,2,No,No,Unknown,30736,Unknown,37716,No,No,Dark - Lighted,Rain,157,15,20,0,2,20,1543572000,0.92,5.62,195,0,0.003,51.39,7.75,1,51.39,49.26,3.305,rain,rain,possible drizzle,1,0,0,0,0,1
,35.053967,-85.307408,Walnut St,SR-212,Lookout St,12/4/2018 8:00,2018-12-04,8,1543928400,,,,Property Damage,Angle,No,No,No,No,,2,No,No,Shoulder and Lap Belt Used,37403,Shoulder and Lap Belt Used,37403,No,No,Daylight,Clear,157,15,20,0,2,20,1543924800,0.62,5.74,340,0,0,34.47,11.85,1,38.77,26.97,3.027,,cloudy,overcast,0,1,0,0,0,0
,35.0505839,-85.309381,Blackford St,,Central Ave,12/6/2018 16:00,2018-12-06,16,1544130000,,,,Property Damage,Angle,No,No,No,No,15,2,No,No,Shoulder and Lap Belt Used,37421,,37415,No,No,Daylight,Clear,157,15,20,0,2,20,1544126400,0.41,1.99,249,0,0,44.44,6.55,0.7,44.44,22.24,1.934,,fog,foggy,0,0,1,0,0,0
,35.053559,-85.307572,300 Walnut St,,E 3rd St,12/14/2018 18:00,2018-12-14,18,1544828400,,,,Property Damage,Angle,No,No,No,No,35,2,No,No,Shoulder and Lap Belt Used,60540,Shoulder and Lap Belt Used,37379,No,No,Dark - Lighted,Rain,157,15,20,0,2,20,1544824800,0.91,4.2,51,0,0.016,52.29,7.81,0.98,52.29,49.76,1.228,rain,rain,light rain,1,0,0,0,0,1
,35.05093,-85.309589,502 Market St,,Bush St,12/20/2018 17:00,2018-12-20,17,1545343200,,,,Property Damage,Angle,No,No,No,No,35,2,No,No,Shoulder and Lap Belt Used,37363,Shoulder and Lap Belt Used,37412,No,No,Dusk,Rain,157,15,20,0,2,20,1545339600,0.94,1.93,43,0,0.054,47,6.96,1,47,45.26,1.491,rain,rain,light rain,1,0,0,0,0,1
,35.052248,-85.312862,W 4th St,,Chestnut St,1/8/2019 0:00,2019-01-08,0,1546923600,,,,Property Damage Under,Front to Rear,No,No,No,No,35,2,No,No,Shoulder and Lap Belt Used,37404,Shoulder and Lap Belt Used,37069,No,No,Dark - Unknown Lighting,Clear,157,15,20,0,2,20,1546920000,0.53,4.76,218,0,0,59.31,11.63,0.77,59.31,42.26,7.561,,partly-cloudy-night,mostly cloudy,0,1,0,0,0,0
,35.055214,-85.309333,Market St,,W Aquarium Way,1/9/2019 0:00,2019-01-09,0,1547010000,,,,Property Damage,Rear to Side,Yes,No,No,No,30,2,No,No,Unknown,Unknown,,37415,,,Dark - Lighted,Clear,157,15,20,0,2,20,1547006400,0.44,12.6,329,0,0,44.83,23.2,0.17,49.66,28.72,5.268,,partly-cloudy-night,partly cloudy,0,1,0,0,0,0
,35.050511,-85.313393,100 Highway 27 Nb,,W 6th St,1/24/2019 15:00,2019-01-24,15,1548360000,,,,Property Damage,Front to Rear,No,No,No,No,45,2,No,No,Shoulder and Lap Belt Used,37353,Shoulder and Lap Belt Used,35601,No,No,Daylight,Clear,157,15,20,0,2,20,1548356400,0.52,5.57,301,2,0,35.74,11.9,0.24,39.74,23.43,5.565,,partly-cloudy-day,partly cloudy,0,1,0,0,0,0
,35.051245,-85.312336,Chestnut St,,W 5th St,2/10/2019 0:00,2019-02-10,0,1549774800,,,,Property Damage Under,Unknown,Yes,No,No,No,15,2,No,No,,35051,Unknown,Unknown,,,Unknown,Unknown,157,15,20,0,2,20,1549771200,0.52,3.75,45,0,0,37.14,5.55,0.75,39.63,23.37,7.453,,partly-cloudy-night,mostly cloudy,0,1,0,0,0,0
,35.050511,-85.313393,W 6th St,,Chestnut St,2/11/2019 0:00,2019-02-11,0,1549861200,,,,Property Damage,Other,No,No,No,No,15,2,No,No,,37402,Shoulder and Lap Belt Used,37343,No,No,Daylight,Clear,157,15,20,0,2,20,1549857600,0.89,1.33,94,0,0,40.69,4.42,1,40.69,37.8,3.592,,cloudy,overcast,0,1,0,0,0,0
,35.05227,-85.311782,200 W 4th St,,Chestnut St,3/1/2019 11:00,2019-03-01,11,1551456000,,,,Property Damage,Front to Rear,No,No,No,No,25,2,No,No,Shoulder and Lap Belt Used,37415,Shoulder and Lap Belt Used,30725,No,No,Daylight,Rain,157,15,20,0,2,20,1551452400,0.95,2.2,235,3,0.027,57.17,2.47,0.99,57.17,55.66,10,rain,rain,possible light rain,1,0,0,0,0,1
,35.052674,-85.312187,321 Chestnut St,,3rd Street,3/23/2019 14:00,2019-03-23,14,1553364000,,,,Property Damage,Rear to Rear,No,No,No,No,,2,No,No,Shoulder and Lap Belt Used,37303,,38583,No,No,Daylight,Clear,157,15,20,0,2,20,1553360400,0.19,6.32,43,8,0,59.58,11.28,0,59.58,17.27,7.098,,clear-day,clear,0,0,0,0,1,0
,35.055843,-85.311021,1 Broad St,,W Aquarium Way,3/24/2019 0:00,2019-03-24,0,1553400000,,,,Property Damage,Unknown,Yes,No,No,No,,2,No,No,Unknown,Unknown,,30093,,,Daylight,Clear,157,15,20,0,2,20,1553396400,0.49,2.94,74,0,0,47.14,5.14,0,47.14,28.98,8.341,,clear-night,clear,0,0,0,0,1,0
,35.053209,-85.31435,4th ST,,Highway 27,3/25/2019 0:00,2019-03-25,0,1553486400,,,,Property Damage,Front to Rear,No,No,No,No,35,2,No,No,Shoulder and Lap Belt Used,37419,Shoulder and Lap Belt Used,30752,No,No,Daylight,Rain,157,15,20,0,2,20,1553482800,0.44,3.6,205,0,0,60.9,5.55,0.75,60.9,38.69,7.364,,partly-cloudy-night,mostly cloudy,0,1,0,0,0,0
,35.051743,-85.309356,412 Market St,,4th st,4/5/2019 11:00,2019-04-05,11,1554476400,,,,Property Damage,Angle,No,No,No,No,25,2,No,No,,37377,,37405,No,No,Daylight,Cloudy,157,15,20,0,2,20,1554472800,0.92,2.41,60,3,0,56.17,5.33,1,56.17,53.87,3.973,,cloudy,overcast,0,1,0,0,0,0
,35.055214,-85.309333,120 Market St,,W. 3rd St,4/7/2019 1:00,2019-04-07,1,1554613200,,,,Property Damage,"Sideswipe, Opposite Direction",Yes,No,No,No,,2,No,No,Unknown,Unknown,None Used MV Occupant,38053,No,No,Dark - Unknown Lighting,Clear,157,15,20,0,2,20,1554609600,0.74,6.41,189,0,0,68.1,12.1,0.68,68.1,59.42,2.951,,partly-cloudy-night,mostly cloudy,0,1,0,0,0,0
,35.05227,-85.311782,100 Hwy 27 NB,SR-27,Martin Luther King Blvd,4/18/2019 9:00,2019-04-18,9,1555592400,,,,Property Damage,Front to Rear,No,No,No,No,45,2,No,No,Shoulder and Lap Belt Used,37064,Shoulder and Lap Belt Used,37421,No,No,Daylight,Clear,157,15,20,0,2,20,1555588800,0.72,5.79,169,1,0,65.2,7.34,0.19,65.2,56.11,3.487,,partly-cloudy-day,partly cloudy,0,1,0,0,0,0
,35.052049,-85.309311,Market St,,Cherry St,4/22/2019 0:00,2019-04-22,0,1555905600,,,,Property Damage,Unknown,Yes,No,No,No,15,2,No,No,Unknown,Unknown,,37379,,,Daylight,Clear,157,15,20,0,2,20,1555902000,0.7,1.48,330,0,0,52.64,3.49,0,52.64,43.06,7.689,,clear-night,clear,0,0,0,0,1,0
,35.053051,-85.310408,314 Broad St,,W 3rd St,4/22/2019 9:00,2019-04-22,9,1555938000,,,,Property Damage Under,Angle,Yes,No,No,No,,2,No,No,,37343,Unknown,Unknown,,,Daylight,Clear,157,15,20,0,2,20,1555934400,0.73,1.42,63,1,0,52.73,4.3,0,52.73,44.21,4.114,,clear-day,clear,0,0,0,0,1,0
,35.053869,-85.31072,210 Broad St,,Broad St,4/27/2019 0:00,2019-04-27,0,1556337600,,,,Property Damage Under,Unknown,Yes,No,No,No,,2,No,No,,37415,Unknown,Unknown,,,Unknown,Clear,157,15,20,0,2,20,1556334000,0.35,4.99,332,0,0,60.41,8.2,0,60.41,32.7,6.517,,clear-night,clear,0,0,0,0,1,0
,35.052037,-85.313854,140 Highway 27 Southbound,,4th St,5/10/2019 12:00,2019-05-10,12,1557504000,,,,Property Damage Under,Front to Rear,No,No,No,No,45,2,No,No,Shoulder and Lap Belt Used,30755,Shoulder and Lap Belt Used,35966,No,No,Daylight,Clear,157,15,20,0,2,20,1557500400,0.71,3.68,200,5,0,74.1,7.65,0.75,73.67,63.87,6.829,,partly-cloudy-day,mostly cloudy,0,1,0,0,0,0
,35.054786,-85.309717,E Aquarium Way,,Market St,5/15/2019 16:00,2019-05-15,16,1557950400,,,,Property Damage,"Sideswipe, Opposite Direction",No,No,No,No,15,2,No,No,,38501,Shoulder and Lap Belt Used,30519,No,No,Daylight,Clear,157,15,20,0,2,20,1557946800,0.78,4.82,211,4,0.006,62.51,8.54,0.75,62.51,55.53,4.888,rain,rain,possible drizzle,1,0,0,0,0,1
,35.051113,-85.310099,437 Market St,,W 5th St,5/19/2019 12:00,2019-05-19,12,1558281600,,,,Property Damage Under,Front to Rear,No,No,No,No,30,2,No,No,Shoulder and Lap Belt Used,37405,Shoulder and Lap Belt Used,37411,No,No,Daylight,Clear,157,15,20,0,2,20,1558278000,0.47,10.24,195,6,0,81.55,16.67,0.68,81.19,59.01,5.282,,partly-cloudy-day,mostly cloudy,0,1,0,0,0,0
,35.0509286,-85.31033,W 5th St,,Market St,5/24/2019 16:00,2019-05-24,16,1558728000,,,,Property Damage,"Sideswipe, Same Direction",No,No,No,No,30,2,No,No,Shoulder and Lap Belt Used,30741,Shoulder and Lap Belt Used,37403,No,No,Daylight,Clear,157,15,20,0,2,20,1558724400,0.43,3.82,251,5,0,94,7.81,0.72,91.45,65.65,5.24,,partly-cloudy-day,mostly cloudy,0,1,0,0,0,0
,35.053533,-85.308618,Cherry St,,Cherry St,5/25/2019 19:00,2019-05-25,19,1558825200,,,,Property Damage Under,Angle,Yes,No,No,No,30,2,No,No,Unknown,37363,Shoulder and Lap Belt Used,37412,No,No,Daylight,Clear,157,15,20,0,2,20,1558821600,0.42,6.37,245,1,0,92.28,9.92,0.41,90.69,64.14,4.849,,partly-cloudy-day,partly cloudy,0,1,0,0,0,0
,35.053491,-85.310712,200 w 3rd St,,Broad St,6/1/2019 0:00,2019-06-01,0,1559361600,,,,Property Damage,Unknown,Yes,No,No,No,,2,No,No,Unknown,Unknown,,30736,,,Unknown,Unknown,157,15,20,0,2,20,1559358000,0.65,0.7,304,0,0,69.78,4.39,0.02,69.78,57.67,3.693,,clear-night,clear,0,0,0,0,1,0
,35.053656,-85.310162,Broad St,,W 3rd St,6/1/2019 0:00,2019-06-01,0,1559361600,,,,Property Damage,Unknown,Yes,No,No,No,15,2,No,No,,30721,Unknown,Unknown,,,Daylight,Clear,157,15,20,0,2,20,1559358000,0.65,0.7,304,0,0,69.78,4.39,0.02,69.78,57.67,3.693,,clear-night,clear,0,0,0,0,1,0
,35.054057,-85.310399,222 Broad St,,3rd St,6/21/2019 20:00,2019-06-21,20,1561161600,,,,Property Damage,Unknown,Yes,No,No,No,,2,No,No,,,,37027,,,Dark - Lighted,Clear,157,15,20,0,2,20,1561158000,0.56,2.94,198,0,0,93.15,6.83,0.68,87.86,70.26,7.332,,partly-cloudy-day,mostly cloudy,0,1,0,0,0,0
,35.137652,-85.245876,5428 Highway 153,US-153,North Point Blvd,1/2/2018 9:00,2018-01-02,9,1514901600,,,,Property Damage Under,Unknown,Yes,No,No,No,15,2,No,No,None Used MV Occupant,37308,Unknown,Unknown,No,No,Daylight,Clear,769,17,5,1,2,5,1514898000,0.62,2.17,26,0,0,12.04,6.25,0,12.04,1.38,4.176,,clear-day,clear,0,0,0,0,1,0
,35.138164,-85.24936,5425 Highway 153,,Gadd Rd,1/7/2018 0:00,2018-01-07,0,1515301200,,,,Property Damage,Angle,Yes,No,No,No,,2,No,No,Unknown,Unknown,,37343,,,Unknown,Clear,769,17,5,1,2,5,1515297600,0.48,0.04,,0,0,19.69,0.32,0,19.69,3.22,7.13,,clear-night,clear,0,0,0,0,1,0
,35.137783,-85.248175,5407 Highway 153,,North Point Blvd,1/20/2018 12:00,2018-01-20,12,1516467600,,,,Property Damage,Front to Rear,No,No,No,No,25,2,No,No,Shoulder and Lap Belt Used,37415,Shoulder and Lap Belt Used,37379,No,No,Daylight,Clear,769,17,5,1,2,5,1516464000,0.4,0.5,194,2,0,51.38,2.53,0.69,51.38,27.81,9.997,,partly-cloudy-day,mostly cloudy,0,1,0,0,0,0
,35.138246,-85.247724,1900 Northpoint Blvd,,Highway 153,2/22/2018 13:00,2018-02-22,13,1519322400,,,,Possible Injury,Angle,No,No,No,No,25,2,No,No,Shoulder and Lap Belt Used,37341,Shoulder and Lap Belt Used,37312,No,No,Daylight,Clear,769,17,5,1,2,5,1519318800,0.63,2.22,182,5,0,77.28,6.85,0.44,76.93,63.34,6.769,,partly-cloudy-day,partly cloudy,0,1,0,0,0,0
,35.138778,-85.247194,5440 Highway 153,,Northpoint Blvd,2/24/2018 12:00,2018-02-24,12,1519491600,,,,Property Damage,Not Collision with Motor Vehicle in Transport,No,No,No,No,45,1,No,No,Shoulder and Lap Belt Used,37415,,,No,No,Daylight,Clear,769,17,5,1,2,5,1519488000,0.65,3.93,214,4,0,72.79,8.77,0.75,72.75,60.42,6.769,,partly-cloudy-day,mostly cloudy,0,1,0,0,0,0
,35.137652,-85.245876,5428 Highway 153,,Hwy 153,4/2/2018 0:00,2018-04-02,0,1522641600,,,,Property Damage,Unknown,Yes,No,No,No,15,2,No,No,,37343,Unknown,Unknown,,,Unknown,Clear,769,17,5,1,2,5,1522638000,0.47,1.32,192,0,0,66.13,3.33,0.75,66.13,45.35,8.511,,partly-cloudy-night,mostly cloudy,0,1,0,0,0,0
,35.137652,-85.245876,5428 Highway 153,,Hwy 153,4/8/2018 14:00,2018-04-08,14,1523210400,,,,Property Damage Under,Unknown,Yes,No,No,No,15,2,No,No,,37343,Unknown,Unknown,,,Daylight,Clear,769,17,5,1,2,5,1523206800,0.45,2.09,61,9,0,50.81,6.54,0,50.81,29.99,7.13,,clear-day,clear,0,0,0,0,1,0
,35.136575,-85.246361,5400 Highway 153,US-5400,Northpoint Blvd,4/11/2018 13:00,2018-04-11,13,1523466000,,,,Property Damage,Not Collision with Motor Vehicle in Transport,No,No,No,No,45,1,No,No,Shoulder and Lap Belt Used,37379,,,No,No,Daylight,Clear,769,17,5,1,2,5,1523462400,0.41,2.76,53,9,0,60.52,6.4,0,60.52,36.52,6.769,,clear-day,clear,0,0,0,0,1,0
,35.138778,-85.247194,5440 Highway 153,,Northpoint Blvd,4/13/2018 15:00,2018-04-13,15,1523646000,,,,Suspected Minor Injury,Front to Rear,No,No,Yes,No,45,2,No,No,Shoulder and Lap Belt Used,37406,Shoulder and Lap Belt Used,37373,No,No,Daylight,Clear,769,17,5,1,2,5,1523642400,0.36,4.66,193,8,0,78.71,14.92,0,78.71,49.78,6.769,,clear-day,clear,0,0,0,0,1,0
,35.136575,-85.246361,5400 Highway 153,,Northpoint Blvd,4/13/2018 17:00,2018-04-13,17,1523653200,,,,Suspected Minor Injury,Angle,No,No,Yes,No,45,3,No,No,Shoulder and Lap Belt Used,37341,Shoulder and Lap Belt Used,37381,No,No,Daylight,Cloudy,769,17,5,1,2,5,1523649600,0.33,5.97,183,4,0,80.99,12.6,0,80.99,48.79,6.769,,clear-day,clear,0,0,0,0,1,0
,35.137652,-85.245876,5428 Highway 153,US-153,North Point Blvd,4/15/2018 13:00,2018-04-15,13,1523811600,,,,Property Damage,Front to Rear,No,No,No,No,40,2,No,No,Shoulder and Lap Belt Used,37421,Shoulder and Lap Belt Used,30741,No,No,Daylight,Rain,769,17,5,1,2,5,1523808000,0.92,1.04,263,4,0.082,51.62,3.68,1,51.62,49.35,4,rain,rain,light rain,1,0,0,0,0,1
,35.138738,-85.245473,1920 Northpoint Blvd,,4047 Hixson Pike,6/20/2018 7:00,2018-06-20,7,1529492400,,,,Property Damage,Angle,No,No,No,No,15,2,No,No,Shoulder and Lap Belt Used,37128,Unknown,37312,No,No,Daylight,Clear,769,17,5,1,2,5,1529488800,0.84,1.17,288,0,0,74.33,4.48,0.62,73.34,68.3,7.32,,partly-cloudy-day,mostly cloudy,0,1,0,0,0,0
,35.137652,-85.245876,5428 Highway 153,US-153,1900 Northpoint Blvd,6/22/2018 13:00,2018-06-22,13,1529686800,,,,Suspected Minor Injury,Angle,No,No,Yes,No,40,3,No,No,,37343,None Used MV Occupant,37377,No,No,Daylight,Clear,769,17,5,1,2,5,1529683200,0.57,6.61,195,8,0,86.55,12.74,0.39,83.82,67.13,8.351,,partly-cloudy-day,partly cloudy,0,1,0,0,0,0
,35.1375443,-85.247306,271 Northgate Mall Dr,,Hixson Pike,6/23/2018 15:00,2018-06-23,15,1529780400,,,,Property Damage,Not Collision with Motor Vehicle in Transport,No,No,No,No,25,1,No,No,Shoulder and Lap Belt Used,37343,,,No,No,Daylight,Rain,769,17,5,1,2,5,1529776800,0.82,3.23,205,6,0.329,74.19,10.63,0.75,73.31,67.41,5.015,rain,rain,rain,1,0,0,0,0,1
,35.136575,-85.246361,5400 Hwy 153,,Northpoint Blvd,8/22/2018 0:00,2018-08-22,0,1534910400,,,,Property Damage,Unknown,Yes,No,No,No,15,2,No,No,Unknown,Unknown,,37341,,,Unknown,Unknown,769,17,5,1,2,5,1534906800,0.74,2.84,284,0,0,75.81,7.64,0.79,75.11,66.36,7.307,,partly-cloudy-night,mostly cloudy,0,1,0,0,0,0
,35.138778,-85.247194,5440 Highway 153,US-5440,North Pointe Blvd,8/27/2018 8:00,2018-08-27,8,1535371200,,,,Property Damage,Angle,No,No,No,No,45,2,No,No,Shoulder and Lap Belt Used,37338,Shoulder and Lap Belt Used,37343,No,No,Daylight,Clear,769,17,5,1,2,5,1535367600,0.83,1.77,181,0,0,72.32,4.88,0.33,71.55,66.22,2.897,,partly-cloudy-day,partly cloudy,0,1,0,0,0,0
,35.138778,-85.247194,5440 Highway 153,,North Point Blvd,9/7/2018 13:00,2018-09-07,13,1536339600,,,,Property Damage,Angle,No,No,No,No,,2,No,No,Shoulder and Lap Belt Used,37343,Shoulder and Lap Belt Used,37343,No,No,Daylight,Clear,769,17,5,1,2,5,1536336000,0.61,3.09,143,7,0,91.4,6.79,0.36,86.06,70.81,7.974,,partly-cloudy-day,partly cloudy,0,1,0,0,0,0
,35.1372591,-85.247727,Cherokee Blvd,SR-103,Cherokee Blvd,10/2/2018 0:00,2018-10-02,0,1538452800,,,,Property Damage,Angle,Yes,No,No,No,20,2,No,No,,37405,Unknown,Unknown,,,Unknown,Clear,769,17,5,1,2,5,1538449200,0.8,1.3,177,0,0,73.26,4.48,0.44,72.55,65.96,6.299,,partly-cloudy-night,partly cloudy,0,1,0,0,0,0
,35.137652,-85.245876,5428 Highway 153,,Hixson Pike SB off ramp,10/24/2018 16:00,2018-10-24,16,1540411200,,,,Property Damage,Unknown,No,No,No,No,45,2,No,No,Shoulder and Lap Belt Used,37415,Shoulder and Lap Belt Used,37379,,,Daylight,Clear,769,17,5,1,2,5,1540407600,0.33,6.45,34,2,0,67.95,11.84,0.62,67.95,37.47,7.548,,partly-cloudy-day,mostly cloudy,0,1,0,0,0,0
,35.136575,-85.246361,5400 Hwy 153,,Hixson Pike,10/30/2018 12:00,2018-10-30,12,1540915200,,,,Property Damage,Front to Rear,Yes,No,No,No,45,2,No,No,,37343,Shoulder and Lap Belt Used,37377,No,No,Daylight,Clear,769,17,5,1,2,5,1540911600,0.61,4.52,209,3,0,55.59,7.5,0.65,55.59,42.17,2.867,,partly-cloudy-day,mostly cloudy,0,1,0,0,0,0
,35.137909,-85.247617,5425 Highway 153,US-153,Norh Point Blvd,11/2/2018 14:00,2018-11-02,14,1541181600,,,,Suspected Minor Injury,Front to Rear,No,No,No,No,45,4,No,No,Shoulder and Lap Belt Used,37379,Shoulder and Lap Belt Used,37849,No,No,Daylight,Clear,769,17,5,1,2,5,1541178000,0.69,8.82,304,3,0,51.46,13.71,0.79,51.46,41.6,7.911,,partly-cloudy-day,mostly cloudy,0,1,0,0,0,0
,35.1371984,-85.247551,Highway 153,,Highway 153,11/3/2018 21:00,2018-11-03,21,1541293200,,,,Property Damage,Angle,Yes,No,No,No,,2,No,No,Unknown,37343,Shoulder and Lap Belt Used,37406,No,No,Dark - Lighted,Clear,769,17,5,1,2,5,1541289600,0.74,3.75,90,0,0,50.75,7.52,0.15,50.75,42.88,8.855,,partly-cloudy-night,partly cloudy,0,1,0,0,0,0
,35.136018,-85.246374,153 highway,,Northpoint Blvd,12/1/2018 10:00,2018-12-01,10,1543676400,,,,Possible Injury,Front to Rear,No,No,No,No,45,2,No,No,Shoulder and Lap Belt Used,37343,Shoulder and Lap Belt Used,37379,No,No,Daylight,Rain,769,17,5,1,2,5,1543672800,0.92,9.98,156,1,0.052,53.87,16.64,0.96,53.87,51.57,1.954,rain,rain,light rain,1,0,0,0,0,1
,35.136593,-85.247327,5740 Highway 153,,Carmack Rd,12/14/2018 20:00,2018-12-14,20,1544835600,,,,Property Damage Under,Angle,No,No,No,No,45,2,No,No,Shoulder and Lap Belt Used,37415,Shoulder and Lap Belt Used,37379,No,No,Dusk,Rain,769,17,5,1,2,5,1544832000,0.89,5.49,51,0,0.007,52.21,7.49,1,52.21,49.19,0,rain,rain,possible drizzle,1,0,0,0,0,1
,35.135158,-85.246623,5300 Hwy 153,,Gadd road,12/16/2018 13:00,2018-12-16,13,1544983200,,,,Property Damage,Front to Rear,No,No,No,No,45,2,No,No,Shoulder and Lap Belt Used,37343,Shoulder and Lap Belt Used,37338,No,No,Daylight,Clear,769,17,5,1,2,5,1544979600,0.72,7.77,307,2,0,50.71,13.08,0.79,50.71,41.92,7.886,,partly-cloudy-day,mostly cloudy,0,1,0,0,0,0
,35.138246,-85.247724,Northpoint Blvd,SR-1900,Hwy 153,12/18/2018 0:00,2018-12-18,0,1545109200,,,,Property Damage,Angle,No,No,No,No,30,2,No,No,Shoulder and Lap Belt Used,37343,Shoulder and Lap Belt Used,37343,No,No,Unknown,Clear,769,17,5,1,2,5,1545105600,0.74,2.85,346,0,0,40.24,8.96,0,40.24,32.68,8.532,,clear-night,clear,0,0,0,0,1,0
,35.137652,-85.245876,5428 Highway 153,US-5428,Northpoint Blvd,12/18/2018 14:00,2018-12-18,14,1545159600,,,,Property Damage,Angle,No,No,No,No,,2,No,No,Shoulder and Lap Belt Used,37415,,37379,No,No,Daylight,Clear,769,17,5,1,2,5,1545156000,0.4,5.98,50,2,0,53.67,11.5,0.62,53.67,29.7,6.086,,partly-cloudy-day,mostly cloudy,0,1,0,0,0,0
,35.1367164,-85.248474,5100 Highway 153,,Hamill Rd,1/4/2019 18:00,2019-01-04,18,1546642800,,,,Possible Injury,Front to Rear,No,No,No,No,50,2,No,No,Shoulder and Lap Belt Used,37341,Shoulder and Lap Belt Used,37343,No,No,Dark - Lighted,Clear,769,17,5,1,2,5,1546639200,0.67,11.06,241,0,0.003,44.16,23.81,0.79,48.77,38.31,6.993,rain,partly-cloudy-night,mostly cloudy,0,1,0,0,0,0
,35.138246,-85.247724,1900 Northpoint Blvd,US-1900,Highway 153,1/12/2019 11:00,2019-01-12,11,1547308800,,,,Property Damage,Front to Rear,No,No,No,No,40,2,No,No,Shoulder and Lap Belt Used,37415,Shoulder and Lap Belt Used,37343,No,No,Daylight,Cloudy,769,17,5,1,2,5,1547305200,0.39,5.83,157,2,0,42.92,18.43,1,45.93,22.55,10,,cloudy,overcast,0,1,0,0,0,0
,35.137783,-85.248175,5407 Highway 153,,Northpoint Blvd,1/19/2019 17:00,2019-01-19,17,1547935200,,,,Property Damage,Not Collision with Motor Vehicle in Transport,Yes,No,No,No,15,1,No,No,,37343,,,,,Daylight,Rain,769,17,5,1,2,5,1547931600,0.84,8.1,207,0,0.241,60.13,14.34,1,60.13,55.4,3.722,rain,rain,rain,1,0,0,0,0,1
,35.138778,-85.247194,5440 Highway 153,I-1,Hwy 153,2/14/2019 0:00,2019-02-14,0,1550120400,,,,Property Damage,Unknown,Yes,No,No,No,,2,No,No,,37411,Unknown,Unknown,,,Unknown,Clear,769,17,5,1,2,5,1550116800,0.65,1.12,204,0,0,38.23,3.89,0,38.23,27.42,10,,clear-night,clear,0,0,0,0,1,0