Accident,Latitude,Longitude,Street,AltStreet,Intersection,DateTime,Date,Hour,Unix,WeekDay,WeekEnd,DayFrame,AccidentType,CollisionType,HaR,FatalInjury,MedicalTransport,InvolvedPlacardedTruck,PostedSpeed,TotalVehiclesInvolved,PedestrianInvolved,BicycleInvolved,DriverOneSafetyEquipment,DriverOneZip,DriverTwoSafetyEquipment,DriverTwoZip,Drug,Alcohol,LightCondition,Weather,Grid_Block,Grid_Col,Grid_Row,Highway,Land_Use_Mode,Road_Count,HourBefore,humidity,windSpeed,windBearing,uvIndex,precipIntensity,apparentTemperature,windGust,cloudCover,temperature,dewPoint,visibility,precipType,Event,Conditions,Rain,Cloudy,Foggy,Snow,Clear,RainBefore
,35.138164,-85.24936,5425 Highway 153,US-153,North Point Blvd,4/19/2019 11:00,2019-04-19,11,1555686000,,,,Property Damage,Front to Rear,No,No,No,No,45,2,No,No,Shoulder and Lap Belt Used,37363,Shoulder and Lap Belt Used,37379,No,No,Daylight,Clear,769,17,5,1,2,5,1555682400,0.91,3.52,174,3,0.014,65.23,6.71,1,64.8,61.97,2.599,rain,rain,possible drizzle,1,0,0,0,0,1
,35.137652,-85.245876,5428 Highway 153,,Northpoint Blvd,4/26/2019 18:00,2019-04-26,18,1556316000,,,,Property Damage,Rear to Side,Yes,No,No,No,15,2,No,No,Unknown,Unknown,,37379,,,Daylight,Clear,769,17,5,1,2,5,1556312400,0.26,12.41,316,2,0,72.54,22.13,0,72.54,35.97,7.737,,clear-day,clear,0,0,0,0,1,0
,35.13948,-85.248121,5450 Highway 153,,Northpoint Blvd,5/4/2019 14:00,2019-05-04,14,1556992800,,,,Property Damage,Unknown,Yes,No,No,No,,2,No,No,Unknown,Unknown,,37343,,,Daylight,Cloudy,769,17,5,1,2,5,1556989200,0.85,3.71,151,6,0.062,70.44,6.38,0.75,69.75,65.16,8.559,rain,rain,light rain,1,0,0,0,0,1
,35.139619,-85.249126,5435 Highway 153 Rd,SR-5435,Highway 153,6/11/2019 14:00,2019-06-11,14,1560276000,,,,Property Damage,Unknown,Yes,No,No,No,,2,No,No,Unknown,Unknown,,37412,,,Daylight,Unknown,769,17,5,1,2,5,1560272400,0.43,9.94,46,10,0,76.66,15.24,0,76.66,52.56,8.452,,clear-day,clear,0,0,0,0,1,0
,35.011179,-85.217266,5611 Brainerd Rd,,Brainerd Rd,1/2/2018 14:00,2018-01-02,14,1514919600,,,,Property Damage,Rear to Side,No,No,No,No,15,2,No,No,Shoulder and Lap Belt Used,37327,,37411,No,No,Daylight,Clear,140,29,21,1,2,8,1514916000,0.38,1.93,48,2,0,27.52,6.12,0,27.52,5.36,6.133,,clear-day,clear,0,0,0,0,1,0
,35.011179,-85.217266,Brainerd Rd,SR-5611,Spring Creek Rd,2/6/2018 18:00,2018-02-06,18,1517958000,,,,Property Damage,Angle,No,No,No,No,45,2,No,No,Shoulder and Lap Belt Used,37411,Shoulder and Lap Belt Used,37405,No,No,Dusk,Clear,140,29,21,1,2,8,1517954400,0.83,1.14,101,0,0,47.22,1.79,1,47.22,42.34,4.835,,cloudy,overcast,0,1,0,0,0,0
,35.00857,-85.211326,5705 Marlin Rd,,Debra Road,2/15/2018 10:00,2018-02-15,10,1518706800,,,,Property Damage,Angle,No,No,No,No,15,2,No,No,Shoulder and Lap Belt Used,37410,Shoulder and Lap Belt Used,37411,No,No,Daylight,Cloudy,140,29,21,1,2,8,1518703200,0.9,2.69,197,2,0,64.5,6.1,1,64.15,61.2,5.229,,cloudy,overcast,0,1,0,0,0,0
,35.009932,-85.21546,5600 Brainerd Rd,US-11,Eastgate Loop,3/1/2018 12:00,2018-03-01,12,1519923600,,,,Property Damage,Rear to Rear,Yes,No,No,No,30,2,No,No,Shoulder and Lap Belt Used,30736,Unknown,Unknown,No,No,Daylight,Rain,140,29,21,1,2,8,1519920000,0.93,1.7,327,3,0.022,57.87,4.42,1,57.87,55.99,6.086,rain,rain,light rain,1,0,0,0,0,1
,35.010081,-85.211393,6098 Debra Rd,,5700 Brainerd Rd,3/7/2018 0:00,2018-03-07,0,1520398800,,,,Property Damage,Unknown,Yes,No,No,No,35,2,No,No,,30747,Unknown,Unknown,,,Unknown,Clear,140,29,21,1,2,8,1520395200,0.28,3.16,252,0,0,52.39,7.35,0,52.39,19.86,5.616,,clear-night,clear,0,0,0,0,1,0
,35.009932,-85.21546,Brainerd Rd,SR-5600,Eastgate Loop,3/14/2018 14:00,2018-03-14,14,1521050400,,,,Property Damage,Angle,No,No,No,No,45,2,No,No,,37406,Shoulder and Lap Belt Used,37412,No,No,Daylight,Clear,140,29,21,1,2,8,1521046800,0.29,5.33,339,7,0,42.19,12.41,0,45.06,14.61,6.133,,clear-day,clear,0,0,0,0,1,0
,35.011754,-85.213962,976 Eastgate Loop,,Brainerd Rd,3/26/2018 14:00,2018-03-26,14,1522087200,,,,Possible Injury,Front to Rear,No,No,Yes,No,30,2,No,No,Shoulder and Lap Belt Used,37406,Shoulder and Lap Belt Used,30736,No,No,Daylight,Clear,140,29,21,1,2,8,1522083600,0.45,7.3,160,4,0,51.63,,1,51.63,30.82,9.997,,cloudy,overcast,0,1,0,0,0,0
,35.00857,-85.211326,5705 Marlin Rd,,Debra Rd,4/2/2018 9:00,2018-04-02,9,1522674000,,,,Property Damage Under,Unknown,Yes,No,No,No,,2,No,No,,37404,Unknown,Unknown,,,Daylight,Clear,140,29,21,1,2,8,1522670400,0.57,2.14,198,1,0,60.83,2.92,0.19,60.83,45.55,5.86,,partly-cloudy-day,partly cloudy,0,1,0,0,0,0
,35.009932,-85.21546,5600 Brainerd Rd,SR-5600,Eastgate Loop,5/4/2018 0:00,2018-05-04,0,1525406400,,,,Property Damage,Unknown,Yes,No,No,No,15,2,No,No,,37347,Unknown,Unknown,,,Unknown,Clear,140,29,21,1,2,8,1525402800,0.62,1.05,187,0,0,70.47,1.54,0.44,70.47,57.02,5.616,,partly-cloudy-night,partly cloudy,0,1,0,0,0,0
,35.011115,-85.209893,5751 Uptain Rd,,Greenview Way,5/5/2018 8:00,2018-05-05,8,1525521600,,,,Property Damage Under,Unknown,Yes,No,No,No,,2,No,No,,37363,Unknown,Unknown,,,Daylight,Clear,140,29,21,1,2,8,1525518000,0.85,0.23,342,0,0,64.67,0.43,0,64.54,59.82,5.54,,clear-day,clear,0,0,0,0,1,0
,35.006589,-85.211671,720 Eastgate Loop,,CORNELLISON DR,5/24/2018 14:00,2018-05-24,14,1527184800,,,,Property Damage,Angle,No,No,No,No,30,2,No,No,Unknown,37412,Unknown,37343,No,No,Daylight,Clear,140,29,21,1,2,8,1527181200,0.51,3.73,210,8,0,90.19,8.5,0.44,87.19,67.1,6.134,,partly-cloudy-day,partly cloudy,0,1,0,0,0,0
,35.0105788,-85.212286,"183 Interstate 24 East, Street",I-24,S. Germantown Rd,5/28/2018 11:00,2018-05-28,11,1527519600,,,,Property Damage,Not Collision with Motor Vehicle in Transport,No,No,No,No,55,1,No,No,Shoulder and Lap Belt Used,30080,,,No,No,Daylight,Rain,140,29,21,1,2,8,1527516000,0.92,1.31,18,4,0.046,71.76,3.32,0.97,70.65,68.33,1.754,rain,rain,light rain,1,0,0,0,0,1
,35.006481,-85.213206,5600 Brainerd Rd,US-11,Eastgate Loop,5/31/2018 10:00,2018-05-31,10,1527775200,,,,Property Damage,"Sideswipe, Same Direction",Yes,No,No,No,45,2,No,No,Unknown,Unknown,Unknown,37412,No,No,Daylight,Clear,140,29,21,1,2,8,1527771600,0.86,4.65,174,3,0,75.92,8.98,1,74.7,70.25,6.134,,cloudy,overcast,0,1,0,0,0,0
,35.011179,-85.217266,5600 Brainerd Rd,US-11,Belaire Dr,5/31/2018 13:00,2018-05-31,13,1527786000,,,,Property Damage Under,Front to Rear,No,No,No,No,40,2,No,No,Unknown,37323,Unknown,37409,No,No,Daylight,Clear,140,29,21,1,2,8,1527782400,0.72,6.27,191,6,0,87,9.14,0.75,82.05,72.16,5.862,,partly-cloudy-day,humid and mostly cloudy,0,1,0,0,0,0
,35.012768,-85.213136,Brainerd Rd,SR-5751,Maplewood Ave,6/1/2018 16:00,2018-06-01,16,1527883200,,,,Property Damage,"Sideswipe, Same Direction",No,No,No,No,40,2,No,No,Shoulder and Lap Belt Used,37363,Shoulder and Lap Belt Used,37405,No,No,Daylight,Clear,140,29,21,1,2,8,1527879600,0.69,4.42,217,5,0,82.31,9.56,0.75,79.66,68.58,5.805,,partly-cloudy-day,mostly cloudy,0,1,0,0,0,0
,35.0126325,-85.212303,Gunbarrel Rd,SR-1810,Igou Gap Rd,6/5/2018 0:00,2018-06-05,0,1528171200,,,,Property Damage Under,Unknown,Yes,No,No,No,15,2,No,No,,37421,Unknown,Unknown,,,Daylight,Clear,140,29,21,1,2,8,1528167600,0.64,1.17,335,0,0,67.76,5.96,0,67.76,55.35,5.862,,clear-night,clear,0,0,0,0,1,0
,35.0127244,-85.212238,E Brainerd Rd,SR-8100,Graysville Rd,6/5/2018 13:00,2018-06-05,13,1528218000,,,,Property Damage,Angle,No,No,No,No,40,2,No,No,Shoulder and Lap Belt Used,37363,Shoulder and Lap Belt Used,30736,No,No,Daylight,Clear,140,29,21,1,2,8,1528214400,0.44,3.1,345,11,0,79.1,8.65,0,79.1,55.25,6.134,,clear-day,clear,0,0,0,0,1,0
,35.010978,-85.217565,5609 Brainerd Rd,,Eastgate Loop,7/1/2018 10:00,2018-07-01,10,1530453600,,,,Possible Injury,Front to Rear,No,No,No,No,35,2,No,No,Shoulder and Lap Belt Used,37343,Shoulder and Lap Belt Used,30721,No,No,Daylight,Clear,140,29,21,1,2,8,1530450000,0.76,4.89,150,3,0,83.02,8.96,0.75,79.66,71.27,5.724,,partly-cloudy-day,mostly cloudy,0,1,0,0,0,0
,35.012768,-85.213136,5157 Brainerd Rd,,5150 Brainerd Rd,7/14/2018 1:00,2018-07-14,1,1531544400,,,,Property Damage,"Sideswipe, Opposite Direction",Yes,No,No,No,,2,No,No,Shoulder and Lap Belt Used,37406,,35983,No,No,Dark - Lighted,Clear,140,29,21,1,2,8,1531540800,0.82,2.59,179,0,0,79.88,3.75,0.44,78.46,72.65,6.072,,partly-cloudy-night,humid and partly cloudy,0,1,0,0,0,0
,35.011059,-85.214812,5638 Brainerd Rd,,Eastgate Loop,8/16/2018 16:00,2018-08-16,16,1534449600,,,,Property Damage,Front to Rear,No,No,No,No,45,2,No,No,Shoulder and Lap Belt Used,30738,Shoulder and Lap Belt Used,35979,No,No,Daylight,Clear,140,29,21,1,2,8,1534446000,0.49,6.5,189,6,0,97.4,12.45,0.44,91.69,69.84,4.279,,partly-cloudy-day,partly cloudy,0,1,0,0,0,0
,35.011425,-85.213038,710 East Gate Loop,,Marlin Road,8/29/2018 19:00,2018-08-29,19,1535583600,,,,Property Damage,Head On,No,No,No,No,25,2,No,No,Unknown,30742,Unknown,30752,No,No,Daylight,Clear,140,29,21,1,2,8,1535580000,0.68,3.08,234,0,0,88.87,5.85,0.19,83.58,71.73,7.511,,partly-cloudy-day,partly cloudy,0,1,0,0,0,0
,35.010722,-85.211917,5800 Brainerd Rd,US-5800,Old Mission,10/15/2018 13:00,2018-10-15,13,1539622800,,,,Property Damage,Angle,Yes,No,No,No,35,2,No,No,Unknown,Unknown,Shoulder and Lap Belt Used,37343,No,No,Daylight,Clear,140,29,21,1,2,8,1539619200,0.69,4.29,175,5,0,75.04,9.4,0.75,74.65,63.65,6.685,,partly-cloudy-day,mostly cloudy,0,1,0,0,0,0
,35.011607,-85.21422,5699 Old Mission Rd,,Brainerd Rd,10/24/2018 11:00,2018-10-24,11,1540393200,,,,Property Damage,Angle,No,No,No,No,25,2,No,No,Shoulder and Lap Belt Used,37406,Shoulder and Lap Belt Used,37411,No,No,Daylight,Clear,140,29,21,1,2,8,1540389600,0.65,7.37,28,3,0,55.01,12.23,0,55.01,43.4,5.672,,clear-day,clear,0,0,0,0,1,0
,35.006481,-85.213206,5600 Brainerd Rd,,I-24,11/5/2018 0:00,2018-11-05,0,1541394000,,,,Property Damage,Unknown,Yes,No,No,No,15,2,No,No,Unknown,Unknown,,37412,,,Daylight,Cloudy,140,29,21,1,2,8,1541390400,0.97,3.3,145,0,0.1,54.88,7.8,1,54.88,53.93,4.065,rain,rain,rain,1,0,0,0,0,1
,35.011217,-85.213298,5714 Brainerd Rd,,Brainerd Rd,11/10/2018 18:00,2018-11-10,18,1541890800,,,,Property Damage,Unknown,Yes,No,No,No,20,2,No,No,None Used MV Occupant,37406,Unknown,Unknown,No,No,Dark - Lighted,Clear,140,29,21,1,2,8,1541887200,0.47,4.96,23,0,0,40.08,10.66,0,43.05,24.43,2.934,,clear-night,clear,0,0,0,0,1,0
,35.012768,-85.213136,5751 Brainerd Rd,,Greenway View Dr,11/20/2018 0:00,2018-11-20,0,1542690000,,,,Property Damage Under,Unknown,Yes,No,No,No,,2,No,No,,30728,Unknown,Unknown,,,Unknown,Clear,140,29,21,1,2,8,1542686400,0.87,4.45,324,0,0,53.27,8.33,1,53.27,49.57,7.445,,cloudy,overcast,0,1,0,0,0,0
,35.011607,-85.21422,5700 Brainerd Rd,,Old Mission Rd,11/28/2018 17:00,2018-11-28,17,1543442400,,,,Property Damage Under,Front to Rear,No,No,No,No,35,2,No,No,Unknown,37379,Unknown,30741,No,No,Daylight,Clear,140,29,21,1,2,8,1543438800,0.36,1.49,61,0,0,41.38,7.08,0,41.38,16.7,6.003,,clear-day,clear,0,0,0,0,1,0
,35.009932,-85.21546,5600 Brainerd Rd,,East Gate Loop,1/7/2019 15:00,2019-01-07,15,1546891200,,,,Property Damage,Angle,No,No,No,No,15,2,No,No,,,Unknown,37412,No,No,Daylight,Clear,140,29,21,1,2,8,1546887600,0.37,12.99,193,2,0,67.38,22.29,0,67.38,40.31,6.316,,clear-day,clear,0,0,0,0,1,0
,35.011465,-85.210885,5300 Brainerd Rd,SR-1164,Spring Creek Rd,3/5/2019 13:00,2019-03-05,13,1551808800,,,,Property Damage,"Sideswipe, Same Direction",No,No,No,No,45,2,No,No,Shoulder and Lap Belt Used,37411,Shoulder and Lap Belt Used,37406,No,No,Daylight,Clear,140,29,21,1,2,8,1551805200,0.31,6.05,317,5,0,29.59,13.58,0,34.86,7.54,4.484,,clear-day,clear,0,0,0,0,1,0
,35.01064,-85.216372,5606 Brainerd Rd,,Eastgate Loop,3/20/2019 20:00,2019-03-20,20,1553126400,,,,Property Damage,Unknown,Yes,No,No,No,15,2,No,No,,37407,Unknown,Unknown,,,Unknown,Clear,140,29,21,1,2,8,1553122800,0.26,1.33,206,0,0,59.95,4.71,0,59.95,24.63,6.143,,clear-night,clear,0,0,0,0,1,0
,35.010796,-85.214011,971 Eastgate Loop,,971 Eastgate Loop,3/22/2019 0:00,2019-03-22,0,1553227200,,,,Property Damage,Unknown,Yes,No,No,No,15,2,No,No,None Used MV Occupant,37323,Unknown,Unknown,No,No,Unknown,Clear,140,29,21,1,2,8,1553223600,0.54,8.61,332,0,0,40.38,17.22,0.24,44.98,29.11,6.095,,partly-cloudy-night,partly cloudy,0,1,0,0,0,0
,35.012306,-85.212241,5830 Brainerd Rd,,Greenway View Dr,3/22/2019 18:00,2019-03-22,18,1553292000,,,,Property Damage,Angle,No,No,No,No,40,2,No,No,Shoulder and Lap Belt Used,37421,Shoulder and Lap Belt Used,37406,No,No,Daylight,Clear,140,29,21,1,2,8,1553288400,0.22,10.32,302,1,0,66.51,19.69,0,66.51,26.45,7.97,,clear-day,clear,0,0,0,0,1,0
,35.011115,-85.209893,5751 Uptain Rd,SR-5751,Greenway View Dr,3/26/2019 0:00,2019-03-26,0,1553572800,,,,Property Damage,Unknown,Yes,No,No,No,15,2,No,No,,37404,Unknown,Unknown,,,Unknown,Clear,140,29,21,1,2,8,1553569200,0.84,4.85,328,0,0,54.36,9.24,0.75,54.36,49.6,6.293,,partly-cloudy-night,mostly cloudy,0,1,0,0,0,0
,35.010978,-85.217565,5500 Brainerd Rd,,Eastgate Loop,4/1/2019 12:00,2019-04-01,12,1554134400,,,,Property Damage,Angle,No,No,No,No,45,2,No,No,Shoulder and Lap Belt Used,37406,Shoulder and Lap Belt Used,37306,No,No,Daylight,Clear,140,29,21,1,2,8,1554130800,0.38,8.31,21,6,0,41.11,12.47,0,45.47,21.48,8.25,,clear-day,clear,0,0,0,0,1,0
,35.01177,-85.21473,5665 Brainerd Rd,,Eastgate Loop,4/5/2019 0:00,2019-04-05,0,1554436800,,,,Property Damage Under,Front to Rear,No,No,No,No,40,2,No,No,Shoulder and Lap Belt Used,37421,Shoulder and Lap Belt Used,37917,No,No,Dark - Lighted,Clear,140,29,21,1,2,8,1554433200,0.8,4.24,189,0,0.02,57.19,11.49,1,57.19,51,5.43,rain,rain,possible light rain,1,0,0,0,0,1
,35.012306,-85.212241,5830 Brainerd Rd,SR-5830,Eastgate Loop,6/25/2019 0:00,2019-06-25,0,1561435200,,,,Property Damage,Unknown,Yes,No,No,No,15,2,No,No,Unknown,Unknown,,30728,,,Unknown,Clear,140,29,21,1,2,8,1561431600,0.88,0.79,306,0,0,74.32,3.66,0,73.15,69.54,5.056,,clear-night,clear,0,0,0,0,1,0
,35.019169,-85.202312,5700 Lee Hwy,US-11,Aiken Rd,1/2/2018 15:00,2018-01-02,15,1514923200,,,,Property Damage Under,"Sideswipe, Same Direction",Yes,No,No,No,40,2,No,No,Unknown,Unknown,Unknown,37412,No,No,Daylight,Clear,205,30,19,0,7,15,1514919600,0.35,2.11,9,1,0,29.35,4.95,0,29.35,4.91,5.906,,clear-day,clear,0,0,0,0,1,0
,35.0178431,-85.204972,300 Market Street,,3rd Street,1/26/2018 21:00,2018-01-26,21,1517018400,,,,Suspected Minor Injury,Front to Rear,No,No,Yes,No,25,2,No,No,Shoulder and Lap Belt Used,37405,Unknown,37405,No,Yes,Dark - Lighted,Clear,205,30,19,0,7,15,1517014800,0.31,2.09,174,0,0,49.81,8.33,0,49.81,20.54,8.16,,clear-night,clear,0,0,0,0,1,0
,35.016679,-85.198561,E Brainerd Rd,,Central Dr,1/29/2018 15:00,2018-01-29,15,1517256000,,,,Property Damage,Angle,No,No,No,No,35,2,No,No,,37421,Shoulder and Lap Belt Used,37311,No,No,Daylight,Clear,205,30,19,0,7,15,1517252400,0.3,5.43,357,2,0,56.42,12.94,0,56.42,25.72,8.849,,clear-day,clear,0,0,0,0,1,0
,35.018106,-85.204179,5706 Lee Hwy,,E Brainerd Rd,2/20/2018 0:00,2018-02-20,0,1519102800,,,,Property Damage,Unknown,Yes,No,No,No,15,2,No,No,Unknown,Unknown,,37405,,,Unknown,Unknown,205,30,19,0,7,15,1519099200,0.9,2.01,183,0,0,58.81,5.27,0.44,58.81,55.83,5.323,,partly-cloudy-night,partly cloudy,0,1,0,0,0,0
,35.019169,-85.202312,5730 Lee Hwy,,Aiken Dr,2/22/2018 15:00,2018-02-22,15,1519329600,,,,Property Damage,"Sideswipe, Opposite Direction",No,No,No,No,40,2,No,No,Shoulder and Lap Belt Used,37416,Shoulder and Lap Belt Used,37404,No,No,Daylight,Clear,205,30,19,0,7,15,1519326000,0.56,3.87,191,3,0,78.57,11.78,0.75,78.42,61.21,3.591,,partly-cloudy-day,mostly cloudy,0,1,0,0,0,0
,35.019759,-85.201751,Lee Hwy,,Airport Rd,3/15/2018 18:00,2018-03-15,18,1521151200,,,,Property Damage,Front to Rear,No,No,No,No,40,2,No,No,Shoulder and Lap Belt Used,30707,Shoulder and Lap Belt Used,37363,No,No,Daylight,Clear,205,30,19,0,7,15,1521147600,0.25,6.37,244,1,0,66.6,12.55,0,66.6,30.02,6.13,,clear-day,clear,0,0,0,0,1,0
,35.018106,-85.204179,Lee Hwy,SR-5703,E Brainerd Rd,4/25/2018 18:00,2018-04-25,18,1524693600,,,,Property Damage,Angle,No,No,No,No,40,2,No,No,Shoulder and Lap Belt Used,30736,Shoulder and Lap Belt Used,37323,No,No,Daylight,Clear,205,30,19,0,7,15,1524690000,0.62,3.06,346,2,0,64.61,7.88,0.97,64.61,51.48,5.906,,cloudy,overcast,0,1,0,0,0,0
,35.018106,-85.204179,5706 Lee Hwy,,5706 Lee Hwy,8/7/2018 19:00,2018-08-07,19,1533682800,,,,Property Damage Under,Front to Rear,Yes,No,No,No,15,2,No,No,Shoulder and Lap Belt Used,37411,Unknown,Unknown,No,No,Daylight,Clear,205,30,19,0,7,15,1533679200,0.51,3.17,217,1,0,96.84,7.03,0.44,90.83,70.39,5.886,,partly-cloudy-day,partly cloudy,0,1,0,0,0,0
,35.020338,-85.200523,5808 Lee Hwy,,Honest St,8/17/2018 0:00,2018-08-17,0,1534478400,,,,Property Damage,Not Collision with Motor Vehicle in Transport,Yes,No,No,No,,2,No,No,Unknown,37370,,37421,,Yes,Unknown,Clear,205,30,19,0,7,15,1534474800,0.76,3.07,193,0,0,82.95,6.57,0,79.59,71.4,4.741,,clear-night,clear,0,0,0,0,1,0
,35.019149,-85.202914,5716 Lee Hwy,,Aiken Dr,8/29/2018 23:00,2018-08-29,23,1535598000,,,,Property Damage Under,Angle,No,No,No,No,15,2,No,No,Shoulder and Lap Belt Used,37403,,37412,No,No,Dark - Not Lighted,Clear,205,30,19,0,7,15,1535594400,0.86,4,178,0,0,77,8.27,0,75.69,71.2,3.778,,clear-night,clear,0,0,0,0,1,0
,35.0186699,-85.20452,160 Interstate 75 Southbound,I-75,Interstate 24 Westbound,10/12/2018 16:00,2018-10-12,16,1539374400,,,,Property Damage,Front to Rear,No,No,No,No,55,3,No,No,Shoulder and Lap Belt Used,37416,Shoulder and Lap Belt Used,37343,No,No,Daylight,Clear,205,30,19,0,7,15,1539370800,0.35,5.25,356,4,0,69.23,8.54,0,69.23,40.23,7.973,,clear-day,clear,0,0,0,0,1,0
,35.016774,-85.200333,Melrose Dr,,E Brainerd Rd,10/29/2018 23:00,2018-10-29,23,1540868400,,,,Property Damage,Rear to Side,No,No,No,No,25,2,No,No,,47711,None Used MV Occupant,37421,No,No,Dark - Not Lighted,Clear,205,30,19,0,7,15,1540864800,0.85,0.73,291,0,0,47,3.42,0,47,42.69,5.517,,clear-night,clear,0,0,0,0,1,0
,35.0177528,-85.204813,1800 Morris Hill Rd,,Petty Rd,11/24/2018 2:00,2018-11-24,2,1543042800,,,,Suspected Minor Injury,Not Collision with Motor Vehicle in Transport,No,No,Yes,No,30,1,No,No,Shoulder and Lap Belt Used,37421,,,No,Yes,Dark - Not Lighted,Rain,205,30,19,0,7,15,1543039200,0.94,6.12,198,0,0.088,36.29,15.1,1,40.51,38.89,3.083,rain,rain,light rain,1,0,0,0,0,1
,35.022389,-85.198998,5823 Lee Hwy,,Unknown,12/2/2018 9:00,2018-12-02,9,1543759200,,,,Property Damage,Not Collision with Motor Vehicle in Transport,No,No,No,No,15,1,No,No,Shoulder and Lap Belt Used,37341,,,,,Daylight,Clear,205,30,19,0,7,15,1543755600,0.79,4.85,223,1,0,56.48,8.06,0.44,56.48,50.04,6.199,,partly-cloudy-day,partly cloudy,0,1,0,0,0,0
,35.01766,-85.204326,6025 E Brainerd Rd,,Lee Hwy,2/28/2019 17:00,2019-02-28,17,1551391200,,,,Possible Injury,Not Collision with Motor Vehicle in Transport,No,No,No,No,25,1,Yes,No,Unknown,37421,Shoulder and Lap Belt Used,37411,No,No,Daylight,Rain,205,30,19,0,7,15,1551387600,0.92,5.2,184,1,0.02,60.35,14.19,0.63,60.3,57.97,9.086,rain,partly-cloudy-day,mostly cloudy,0,1,0,0,0,0
,35.018909,-85.203961,5700 Lee Hwy,,Aiken Dr,3/9/2019 0:00,2019-03-09,0,1552107600,,,,Property Damage,Not Collision with Motor Vehicle in Transport,No,No,No,No,40,1,No,No,Shoulder and Lap Belt Used,37343,,,,Yes,Dark - Lighted,Rain,205,30,19,0,7,15,1552104000,0.98,3.47,56,0,0.088,46.58,6.01,1,47.65,47.2,3.055,rain,rain,light rain,1,0,0,0,0,1
,35.022073,-85.199872,5813 Lee Hwy,,Airport Rd.,3/18/2019 15:00,2019-03-18,15,1552935600,,,,Property Damage,Front to Rear,No,No,No,No,40,2,No,No,Shoulder and Lap Belt Used,37421,Shoulder and Lap Belt Used,37412,No,No,Daylight,Clear,205,30,19,0,7,15,1552932000,0.21,7.83,6,6,0,54.75,17.15,0.12,54.75,15.43,3.67,,clear-day,clear,0,0,0,0,1,0
,35.027232,-85.234502,Rogers Rd,,Talley Rd,1/2/2018 18:00,2018-01-02,18,1514934000,,,,Property Damage,Front to Rear,No,No,No,No,35,2,No,No,Shoulder and Lap Belt Used,37411,Shoulder and Lap Belt Used,37416,No,No,Dark - Lighted,Clear,168,26,20,0,7,21,1514930400,0.39,0.16,90,0,0,26.97,0.79,0,26.97,5.18,9.997,,clear-night,clear,0,0,0,0,1,0
,35.020777,-85.230175,4503 Montview Dr,,Sequoia Dr,10/14/2018 0:00,2018-10-14,0,1539489600,,,,Property Damage,Unknown,Yes,No,No,No,25,2,No,No,,37416,Unknown,Unknown,,,Unknown,Unknown,168,26,20,0,7,21,1539486000,0.84,2.38,14,0,0,54.4,4.59,0,54.4,49.59,5.999,,clear-night,clear,0,0,0,0,1,0
,35.027315,-85.234773,Rogers Rd,US-11,Shawnee Tr,12/29/2018 3:00,2018-12-29,3,1546070400,,,,Property Damage,Head On,Yes,No,No,No,30,2,No,No,Shoulder and Lap Belt Used,37411,Unknown,Unknown,No,No,Dark - Lighted,Clear,168,26,20,0,7,21,1546066800,0.97,1.7,285,0,0,45.01,4.81,1,45.01,44.26,0.93,,fog,foggy,0,0,1,0,0,0
,35.033342,-85.151733,2020 Gunbarrel Rd,,GOODWIN RD,1/3/2018 0:00,2018-01-03,0,1514955600,,,,Property Damage Under,Unknown,Yes,No,No,No,,2,No,No,Unknown,Unknown,,30736,,,Unknown,Clear,374,35,15,0,7,4,1514952000,0.61,0.24,356,0,0,21.23,0.64,0.44,21.23,9.77,6.03,,partly-cloudy-night,partly cloudy,0,1,0,0,0,0
,35.030307,-85.155058,2020 Gunbarrel Rd,,Goodwin Rd.,1/12/2018 12:00,2018-01-12,12,1515776400,,,,Property Damage,Angle,No,No,No,No,40,2,No,No,Unknown,37421,Unknown,37416,No,No,Daylight,Rain,374,35,15,0,7,4,1515772800,0.88,3.21,179,2,0.002,59.04,8.35,0.79,59.04,55.39,6.935,rain,rain,possible drizzle,1,0,0,0,0,1
,35.030081,-85.153146,2020 Gunbarrel Rd,,2020 Gunbarrel Rd,1/19/2018 0:00,2018-01-19,0,1516338000,,,,Property Damage,Angle,Yes,No,No,No,15,2,No,No,,Unknown,Unknown,Unknown,,,Unknown,Clear,374,35,15,0,7,4,1516334400,0.66,0.13,105,0,0,24.2,0.37,0,24.2,14.65,8.674,,clear-night,clear,0,0,0,0,1,0
,35.030081,-85.153146,2020 Gunbarrel Rd,,GOODWIN RD,1/30/2018 0:00,2018-01-30,0,1517288400,,,,Property Damage Under,Unknown,Yes,No,No,No,,2,No,No,,37421,Unknown,Unknown,,,Unknown,Unknown,374,35,15,0,7,4,1517284800,0.67,5.26,356,0,0,29.99,13.47,1,34.67,24.96,8.773,,cloudy,overcast,0,1,0,0,0,0
,35.027917,-85.154193,1920 Gunbarrel Rd,,Gunbarrel Rd,2/12/2018 14:00,2018-02-12,14,1518462000,,,,Property Damage,Unknown,Yes,No,No,No,15,2,No,No,None Used MV Occupant,37421,Unknown,37421,No,No,Daylight,Cloudy,374,35,15,0,7,4,1518458400,0.83,3.2,15,3,0,43.22,7.15,1,44.48,39.54,6.072,,cloudy,overcast,0,1,0,0,0,0
,35.030942,-85.155149,Gunbarrel Rd,,Goodwin,2/24/2018 18:00,2018-02-24,18,1519513200,,,,Property Damage Under,Front to Rear,Yes,No,No,No,40,2,No,No,Unknown,Unknown,Shoulder and Lap Belt Used,37421,No,No,Dusk,Clear,374,35,15,0,7,4,1519509600,0.59,2.62,205,0,0,73.44,7.36,0.75,73.44,58.12,6.072,,partly-cloudy-day,mostly cloudy,0,1,0,0,0,0