Accident,Latitude,Longitude,Street,AltStreet,Intersection,DateTime,Date,Hour,Unix,WeekDay,WeekEnd,DayFrame,AccidentType,CollisionType,HaR,FatalInjury,MedicalTransport,InvolvedPlacardedTruck,PostedSpeed,TotalVehiclesInvolved,PedestrianInvolved,BicycleInvolved,DriverOneSafetyEquipment,DriverOneZip,DriverTwoSafetyEquipment,DriverTwoZip,Drug,Alcohol,LightCondition,Weather,Grid_Block,Grid_Col,Grid_Row,Highway,Land_Use_Mode,Road_Count,HourBefore,humidity,windSpeed,windBearing,uvIndex,precipIntensity,apparentTemperature,windGust,cloudCover,temperature,dewPoint,visibility,precipType,Event,Conditions,Rain,Cloudy,Foggy,Snow,Clear,RainBefore
,35.030307,-85.155058,2000 Gunbarrel Rd,,Gunbarrel Rd,3/10/2018 9:00,2018-03-10,9,1520690400,,,,Property Damage,Front to Rear,No,No,No,No,40,2,No,No,Shoulder and Lap Belt Used,37410,Shoulder and Lap Belt Used,35180,No,No,Daylight,Rain,374,35,15,0,7,4,1520686800,0.67,2.87,181,1,0,47.73,4.5,1,47.73,37.39,4.893,,cloudy,overcast,0,1,0,0,0,0
,35.032166,-85.154327,2100 Gunbarrel Rd,,Driveway,3/16/2018 18:00,2018-03-16,18,1521237600,,,,Property Damage,Angle,No,No,No,No,45,2,No,No,Shoulder and Lap Belt Used,37341,Shoulder and Lap Belt Used,37312,No,No,Daylight,Clear,374,35,15,0,7,4,1521234000,0.34,3.46,190,1,0,71.15,6.84,0,71.15,41.06,6.072,,clear-day,clear,0,0,0,0,1,0
,35.033029,-85.153322,2114 Gunbarrel Rd,,2114 Gunbarrel Rd,3/31/2018 10:00,2018-03-31,10,1522504800,,,,Property Damage,Rear to Side,No,No,No,No,15,2,No,No,Unknown,37363,Unknown,37412,No,No,Daylight,Clear,374,35,15,0,7,4,1522501200,0.76,1.32,113,2,0,48.39,4.23,0,48.39,41.34,3.651,,clear-day,clear,0,0,0,0,1,0
,35.030081,-85.153146,2020 Gunbarrel Rd,,Gunbarrel Rd.,5/2/2018 10:00,2018-05-02,10,1525269600,,,,Property Damage Under,"Sideswipe, Same Direction",Yes,No,No,No,15,2,No,No,Unknown,Unknown,None Used MV Occupant,37377,No,No,Daylight,Clear,374,35,15,0,7,4,1525266000,0.63,1.12,175,4,0,69.64,2.88,0,69.64,56.36,5.768,,clear-day,clear,0,0,0,0,1,0
,35.030942,-85.155149,Gunbarrel Rd,,Hamilton Place Blvd,6/10/2018 0:00,2018-06-10,0,1528603200,,,,Property Damage,Unknown,Yes,No,No,No,15,2,No,No,Unknown,Unknown,,37363,,,Unknown,Clear,374,35,15,0,7,4,1528599600,0.76,3.11,159,0,0,77.32,4.53,0.19,76.41,68.26,5.811,,partly-cloudy-night,partly cloudy,0,1,0,0,0,0
,35.028949,-85.153485,7414 Goodwin Rd,,Gunbarrel Rd,7/12/2018 0:00,2018-07-12,0,1531368000,,,,Property Damage Under,Unknown,Yes,No,No,No,25,2,No,No,Unknown,Unknown,,37341,,,Unknown,Clear,374,35,15,0,7,4,1531364400,0.79,3.08,0,0,0,79.26,5.32,0,78.03,71.13,5.638,,clear-night,clear,0,0,0,0,1,0
,35.030081,-85.153146,2020 Gunbarrel Rd,,Goodwin rd,7/19/2018 0:00,2018-07-19,0,1531972800,,,,Property Damage,Unknown,Yes,No,No,No,15,2,No,No,Unknown,Unknown,,37421,,,Unknown,Unknown,374,35,15,0,7,4,1531969200,0.76,1.24,340,0,0,75.39,5.84,0.64,74.66,66.55,3.089,,partly-cloudy-night,mostly cloudy,0,1,0,0,0,0
,35.031254,-85.15081,Gunbarrel Rd,SR-2020,Hamilton place blvd,8/1/2018 15:00,2018-08-01,15,1533150000,,,,Property Damage,Unknown,Yes,No,No,No,,2,No,No,,37343,Unknown,Unknown,,,Daylight,Unknown,374,35,15,0,7,4,1533146400,0.92,2.8,105,6,0.026,72.69,6.36,0.75,71.51,69.08,4.465,rain,rain,light rain,1,0,0,0,0,1
,35.030081,-85.153146,2020 Gunbarrel Rd,,Goodwin,8/24/2018 0:00,2018-08-24,0,1535083200,,,,Property Damage Under,Unknown,Yes,No,No,No,15,2,No,No,,37421,Unknown,Unknown,,,Unknown,Unknown,374,35,15,0,7,4,1535079600,0.8,1.23,349,0,0,65.83,4.74,0.19,65.77,59.58,6.063,,partly-cloudy-night,partly cloudy,0,1,0,0,0,0
,35.028949,-85.153485,Goodwin Rd,SR-7414,Gunbarrel Rd,8/27/2018 19:00,2018-08-27,19,1535410800,,,,Property Damage,Rear to Rear,No,No,No,No,,2,No,No,Shoulder and Lap Belt Used,37302,Shoulder and Lap Belt Used,37419,,,Daylight,Clear,374,35,15,0,7,4,1535407200,0.52,3.2,135,0,0,93.13,7.63,0,88.84,68.7,6.022,,clear-day,clear,0,0,0,0,1,0
,35.030081,-85.153146,Gunbarrel Rd,SR-2020,Igou Gap Rd,9/10/2018 0:00,2018-09-10,0,1536552000,,,,Property Damage,Unknown,Yes,No,No,No,,2,No,No,,37363,Unknown,Unknown,,,Unknown,Clear,374,35,15,0,7,4,1536548400,0.92,1.21,229,0,0.003,74.78,5.66,1,73.4,71.05,4.099,rain,rain,possible drizzle,1,0,0,0,0,1
,35.030307,-85.155058,2000 Gunbarrel Rd,,Milne St,9/13/2018 16:00,2018-09-13,16,1536868800,,,,Property Damage,Unknown,Yes,No,No,No,,2,No,No,Unknown,Unknown,,37421,,,Daylight,Unknown,374,35,15,0,7,4,1536865200,0.53,4.9,32,4,0,95.9,8.58,0.44,90.06,70.38,6.063,,partly-cloudy-day,partly cloudy,0,1,0,0,0,0
,35.030081,-85.153146,2020 Gunbarrel Rd,,Gunbarrel Rd,9/13/2018 19:00,2018-09-13,19,1536879600,,,,Property Damage,Angle,No,No,No,No,15,2,No,No,Unknown,90001,Unknown,37421,No,No,Daylight,Clear,374,35,15,0,7,4,1536876000,0.58,5,1,0,0,93.69,11.29,0,87.75,71.08,6.022,,clear-day,clear,0,0,0,0,1,0
,35.029104,-85.155273,1926 Gunbarrel Rd,,Goodman,9/29/2018 12:00,2018-09-29,12,1538236800,,,,Property Damage,Angle,No,No,No,No,15,2,No,No,Shoulder and Lap Belt Used,37421,,30746,No,No,Daylight,Clear,374,35,15,0,7,4,1538233200,0.71,4.91,15,5,0,75.85,8.72,0.19,75.27,65.33,6.063,,partly-cloudy-day,partly cloudy,0,1,0,0,0,0
,35.030081,-85.153146,2020 Gunbarrel Rd,,Goodwin Rd,10/4/2018 9:00,2018-10-04,9,1538658000,,,,Property Damage,Rear to Side,No,No,No,No,15,2,No,No,Shoulder and Lap Belt Used,37416,Shoulder and Lap Belt Used,37421,No,No,Daylight,Clear,374,35,15,0,7,4,1538654400,0.88,2.01,71,1,0,70.33,6.06,0,69.53,65.93,5.42,,clear-day,clear,0,0,0,0,1,0
,35.030081,-85.153146,2020 Gunbarrel Rd,,Goodwin Road,11/21/2018 10:00,2018-11-21,10,1542812400,,,,Property Damage,"Sideswipe, Same Direction",No,No,No,No,40,2,No,No,Shoulder and Lap Belt Used,37415,Shoulder and Lap Belt Used,37421,No,No,Daylight,Clear,374,35,15,0,7,4,1542808800,0.71,5.47,19,2,0,35.84,10.46,0,39.76,31.02,7.417,,clear-day,clear,0,0,0,0,1,0
,35.030221,-85.155546,2000 Gunbarrel Rd,,Hamilton Place Blvd,11/22/2018 21:00,2018-11-22,21,1542938400,,,,Property Damage Under,Front to Rear,No,No,No,No,40,2,No,No,Shoulder and Lap Belt Used,30740,Shoulder and Lap Belt Used,78250,No,No,Dark - Lighted,Clear,374,35,15,0,7,4,1542934800,0.85,1.41,148,0,0,41.76,4.13,0,41.76,37.57,6.022,,clear-night,clear,0,0,0,0,1,0
,35.030081,-85.153146,2020 Gunbarrel Rd,,Glendon Rd,11/23/2018 11:00,2018-11-23,11,1542988800,,,,Property Damage,Unknown,Yes,No,No,No,,2,No,No,Unknown,Unknown,,37412,,,Daylight,Unknown,374,35,15,0,7,4,1542985200,0.6,6.42,164,3,0,44.65,19.3,0,47.65,34.58,4.373,,clear-day,clear,0,0,0,0,1,0
,35.030307,-85.155058,2000 Gunbarrel Rd,,Goodwin Rd,11/30/2018 14:00,2018-11-30,14,1543604400,,,,Possible Injury,Front to Rear,No,No,No,No,40,3,No,No,Shoulder and Lap Belt Used,30721,Shoulder and Lap Belt Used,37416,No,No,Daylight,Rain,374,35,15,0,7,4,1543600800,0.89,6.01,201,2,0.012,59.87,13.69,1,59.87,56.48,3.804,rain,rain,possible drizzle,1,0,0,0,0,1
,35.030081,-85.153146,2020 Gunbarrel Rd,,Gunbarrel Rd,1/24/2019 15:00,2019-01-24,15,1548360000,,,,Property Damage Under,Rear to Side,No,No,No,No,15,2,No,No,Shoulder and Lap Belt Used,37363,Shoulder and Lap Belt Used,30103,No,No,Daylight,Clear,374,35,15,0,7,4,1548356400,0.53,5.03,313,2,0,35.21,11.48,0.44,38.95,23.35,6.233,,partly-cloudy-day,partly cloudy,0,1,0,0,0,0
,35.028629,-85.156417,1926 Gunbarrel Rd,,Goodwin rd,3/6/2019 0:00,2019-03-06,0,1551848400,,,,Property Damage,Unknown,Yes,No,No,No,15,2,No,No,,37421,,37421,,,Unknown,Clear,374,35,15,0,7,4,1551844800,0.4,7.05,336,0,0,23.18,12.72,0,30.11,8.64,4.293,,clear-night,clear,0,0,0,0,1,0
,35.030081,-85.153146,Gunbarrel Road,,Shallowford Rd,3/29/2019 0:00,2019-03-29,0,1553832000,,,,Property Damage,Other,Yes,No,No,No,15,2,No,No,Unknown,Unknown,None Used MV Occupant,30741,,,Unknown,Clear,374,35,15,0,7,4,1553828400,0.62,2.53,188,0,0,50.5,5.09,0.75,50.5,37.81,3.296,,partly-cloudy-night,mostly cloudy,0,1,0,0,0,0
,35.030081,-85.153146,2020 Gunbarrel Rd,,Goodwin Dr,4/3/2019 23:00,2019-04-03,23,1554346800,,,,Property Damage,Other,Yes,No,No,No,40,2,No,No,Shoulder and Lap Belt Used,37421,Unknown,Unknown,No,No,Dark - Lighted,Clear,374,35,15,0,7,4,1554343200,0.55,2.16,101,0,0,53.75,4.36,0.19,53.75,37.92,5.232,,partly-cloudy-night,partly cloudy,0,1,0,0,0,0
,35.03249,-85.154295,2111 Gunbarrel Rd,,Goodwin Rd.,5/28/2019 20:00,2019-05-28,20,1559088000,,,,Property Damage Under,Unknown,Yes,No,No,No,40,2,No,No,Unknown,Unknown,Shoulder and Lap Belt Used,37412,No,No,Daylight,Clear,374,35,15,0,7,4,1559084400,0.48,5.62,215,0,0,90.65,11.62,0.19,88.15,66.12,5.298,,partly-cloudy-day,partly cloudy,0,1,0,0,0,0
,35.0334259,-85.152248,2100 Test Dr,,International dr,5/30/2019 12:00,2019-05-30,12,1559232000,,,,Property Damage,Angle,No,No,No,No,35,3,No,No,,37421,,37412,No,No,Daylight,Clear,374,35,15,0,7,4,1559228400,0.44,9.39,213,9,0,85.85,16.2,0,85.67,61.08,5.488,,clear-day,clear,0,0,0,0,1,0
,35.030081,-85.153146,2020 Gunbarrel Rd,SR-2000,Private Drive,5/31/2019 13:00,2019-05-31,13,1559322000,,,,Property Damage,"Sideswipe, Same Direction",Yes,No,No,No,15,2,No,No,Unknown,Unknown,Shoulder and Lap Belt Used,37406,No,No,Daylight,Clear,374,35,15,0,7,4,1559318400,0.45,6.95,293,6,0,81.94,13.99,0.75,81.91,58.29,7.236,,partly-cloudy-day,mostly cloudy,0,1,0,0,0,0
,35.03161,-85.153969,Gunbarrel Rd,,Gunbarrel Rd,6/20/2019 0:00,2019-06-20,0,1561003200,,,,Property Damage,Front to Rear,Yes,No,No,No,40,2,No,No,Shoulder and Lap Belt Used,30707,Unknown,Unknown,No,No,Unknown,Clear,374,35,15,0,7,4,1560999600,0.78,5.73,205,0,0,79.76,14.32,0.44,78.52,71.25,6.281,,partly-cloudy-night,partly cloudy,0,1,0,0,0,0
,35.034528,-85.158706,Hamilton Place Blvd,,2100 Hamilton Place Blvd,1/3/2018 0:00,2018-01-03,0,1514955600,,,,Property Damage,Unknown,Yes,No,No,No,,2,No,No,Unknown,Unknown,None Used MV Occupant,37379,No,No,Unknown,Unknown,373,34,15,0,7,6,1514952000,0.61,0.24,356,0,0,21.28,0.64,0.44,21.28,9.76,6.019,,partly-cloudy-night,partly cloudy,0,1,0,0,0,0
,35.031677,-85.155287,Gunbarrel Rd,SR-2017,Goodwin st,1/5/2018 14:00,2018-01-05,14,1515178800,,,,Property Damage,Angle,No,No,No,No,40,2,No,No,Unknown,30736,Unknown,30741,No,No,Daylight,Clear,373,34,15,0,7,6,1515175200,0.35,3.16,349,2,0,27.73,8.36,0.19,30.79,6.51,4.37,,partly-cloudy-day,partly cloudy,0,1,0,0,0,0
,35.034528,-85.158706,2100 Hamilton Place Blvd,,I-75 on ramp,1/21/2018 14:00,2018-01-21,14,1516561200,,,,Property Damage,Angle,No,No,No,No,30,2,No,No,Unknown,91340,Unknown,37327,No,No,Daylight,Clear,373,34,15,0,7,6,1516557600,0.45,2.7,194,3,0,65.39,5.07,0,65.39,43.36,8.633,,clear-day,clear,0,0,0,0,1,0
,35.034528,-85.158706,2100 Hamilton Place Blvd,,Gunbarrel rd,1/28/2018 21:00,2018-01-28,21,1517191200,,,,Property Damage,Unknown,Yes,No,No,No,20,2,No,No,,37397,Unknown,Unknown,,,Unknown,Clear,373,34,15,0,7,6,1517187600,0.91,2.66,7,0,0,52.06,6.43,1,52.06,49.47,6.204,,cloudy,overcast,0,1,0,0,0,0
,35.0315564,-85.157638,Shallowford Rd,,Center St,2/17/2018 17:00,2018-02-17,17,1518904800,,,,Possible Injury,Angle,No,No,Yes,No,40,2,No,No,Shoulder and Lap Belt Used,37416,Shoulder and Lap Belt Used,37863,No,No,Daylight,Rain,373,34,15,0,7,6,1518901200,0.82,2.71,228,0,0.001,61.92,8.62,1,61.92,56.27,3.234,rain,cloudy,overcast,0,1,0,0,0,0
,35.036193,-85.158638,2100 Hamilton Place Blvd,,Bams,2/18/2018 11:00,2018-02-18,11,1518969600,,,,Property Damage,Angle,No,No,No,No,15,2,No,No,Unknown,37841,Unknown,35979,No,No,Daylight,Clear,373,34,15,0,7,6,1518966000,0.68,3.14,57,4,0,49.25,7.75,0,49.73,39.7,6.092,,clear-day,clear,0,0,0,0,1,0
,35.0344928,-85.158984,Hamilton Place Blvd,,Hamilton Place Blvd,3/3/2018 16:00,2018-03-03,16,1520110800,,,,Property Damage,Unknown,Yes,No,No,No,,2,No,No,Unknown,Unknown,,37312,,,Daylight,Clear,373,34,15,0,7,6,1520107200,0.26,5.41,25,2,0,57.55,10.89,0,57.55,23.01,6.092,,clear-day,clear,0,0,0,0,1,0
,35.034528,-85.158706,2100 Hamilton Place Blvd,,Franks Rd,3/5/2018 12:00,2018-03-05,12,1520269200,,,,Property Damage,"Sideswipe, Same Direction",Yes,No,No,No,15,2,No,No,Unknown,Unknown,,37412,,,Daylight,Clear,373,34,15,0,7,6,1520265600,0.42,0.32,287,4,0,51.76,2.71,0.89,51.76,29.52,6.092,,cloudy,overcast,0,1,0,0,0,0
,35.033508,-85.157824,Hamilton Place Blvd,,Hamilton Place Blvd,3/10/2018 11:00,2018-03-10,11,1520697600,,,,Property Damage,Unknown,Yes,No,No,No,,2,No,No,Unknown,Unknown,,37421,,,Daylight,Cloudy,373,34,15,0,7,6,1520694000,0.78,0.82,207,3,0.01,48.81,2.44,1,48.81,42.27,4.055,rain,rain,drizzle,1,0,0,0,0,1
,35.034528,-85.158706,Hamilton Place Blvd,,Hamilton Place Blvd,3/22/2018 0:00,2018-03-22,0,1521691200,,,,Property Damage Under,Unknown,Yes,No,No,No,,2,No,No,,37311,Unknown,Unknown,,,Unknown,Clear,373,34,15,0,7,6,1521687600,0.68,3.85,8,0,0,34.5,8.2,0,37.43,27.82,6.216,,clear-night,clear,0,0,0,0,1,0
,35.034528,-85.158706,2100 Hamilton Place Blvd,,Hamilton Place Blvd,3/22/2018 0:00,2018-03-22,0,1521691200,,,,Property Damage,Unknown,Yes,No,No,No,,2,No,No,Unknown,Unknown,,37363,,,Unknown,Unknown,373,34,15,0,7,6,1521687600,0.68,3.85,8,0,0,34.5,8.2,0,37.43,27.82,6.216,,clear-night,clear,0,0,0,0,1,0
,35.030348,-85.159684,2100 Hamilton Place Blvd,,I 75 South,3/24/2018 18:00,2018-03-24,18,1521928800,,,,Property Damage,Angle,Yes,No,No,No,25,2,No,No,Shoulder and Lap Belt Used,37421,Unknown,Unknown,No,No,Dusk,Clear,373,34,15,0,7,6,1521925200,0.71,0.76,205,1,0,63.5,2.31,1,63.5,53.91,6.019,,cloudy,overcast,0,1,0,0,0,0
,35.034528,-85.158706,Hamilton Place Blvd,,Hamilton Place Blvd,3/31/2018 15:00,2018-03-31,15,1522522800,,,,Property Damage Under,Unknown,Yes,No,No,No,,2,No,No,Unknown,Unknown,,37130,,,Daylight,Clear,373,34,15,0,7,6,1522519200,0.33,4.43,176,7,0,66.37,10.97,0,66.37,36.59,6.092,,clear-day,clear,0,0,0,0,1,0
,35.033138,-85.155434,2107 Gunbarrel Rd,,Hamilton Place Blvd,4/3/2018 0:00,2018-04-03,0,1522728000,,,,Property Damage,Unknown,Yes,No,No,No,,2,No,No,,37421,Unknown,Unknown,,,Unknown,Clear,373,34,15,0,7,6,1522724400,0.62,1.02,190,0,0,65.37,3.26,0.19,65.37,51.97,2.776,,partly-cloudy-night,partly cloudy,0,1,0,0,0,0
,35.034528,-85.158706,2100 Hamilton Place Blvd,,Hamilton Place Blvd,4/23/2018 14:00,2018-04-23,14,1524506400,,,,Property Damage,Unknown,Yes,No,No,No,,2,No,No,Unknown,Unknown,,37363,,,Daylight,Cloudy,373,34,15,0,7,6,1524502800,0.86,1.74,141,5,0.011,61.4,5.44,1,61.4,57.24,5.922,rain,rain,drizzle,1,0,0,0,0,1
,35.03516,-85.159815,2100 Hamilton Place Blvd,,2100 Hamilton Place Blvd,4/27/2018 18:00,2018-04-27,18,1524866400,,,,Property Damage,"Sideswipe, Same Direction",No,No,No,No,15,2,No,No,Shoulder and Lap Belt Used,30736,,37363,No,No,Daylight,Clear,373,34,15,0,7,6,1524862800,0.36,2.77,300,2,0,71.7,8.77,0.33,71.7,43.64,6.092,,partly-cloudy-day,partly cloudy,0,1,0,0,0,0
,35.03432,-85.154581,2115 Gunbarrel Rd,,Parking lot,5/5/2018 12:00,2018-05-05,12,1525536000,,,,Property Damage Under,Angle,No,No,No,No,35,2,No,No,Shoulder and Lap Belt Used,37421,Restraint Used Type Unknown,30741,,,Daylight,Unknown,373,34,15,0,7,6,1525532400,0.71,0.64,180,5,0,73.81,1.78,0.75,73.45,63.32,5.804,,partly-cloudy-day,mostly cloudy,0,1,0,0,0,0
,35.034528,-85.158706,2100 Hamilton Place Blvd,,2200 Hamilton Place Blvd,5/10/2018 0:00,2018-05-10,0,1525924800,,,,Property Damage,Unknown,Yes,No,No,No,,2,No,No,,42101,Unknown,Unknown,,,Unknown,Unknown,373,34,15,0,7,6,1525921200,0.67,0.73,202,0,0,69.65,1.47,0,69.65,58.17,5.764,,clear-night,clear,0,0,0,0,1,0
,35.034528,-85.158706,2100 Hamilton Place Blvd,,Gunbarrel Rd,5/10/2018 11:00,2018-05-10,11,1525964400,,,,Property Damage Under,Unknown,Yes,No,No,No,15,2,No,No,Unknown,Unknown,None Used MV Occupant,37416,No,No,Daylight,Clear,373,34,15,0,7,6,1525960800,0.56,1.57,210,7,0,79.05,5.78,0,78.84,61.75,3.501,,clear-day,clear,0,0,0,0,1,0
,35.0343692,-85.158649,2100 Hamilton Place,,Gunbarrel,5/30/2018 13:00,2018-05-30,13,1527699600,,,,Property Damage,Unknown,Yes,No,No,No,20,2,No,No,Unknown,Unknown,,30736,,,Daylight,Clear,373,34,15,0,7,6,1527696000,0.82,6.07,186,5,0.001,77.85,12.59,1,76.62,70.79,5.614,rain,cloudy,overcast,0,1,0,0,0,0
,35.035252,-85.159779,2100 Hamilton Place Blvd,,2100 Hamilton Place Blvd,5/30/2018 17:00,2018-05-30,17,1527714000,,,,Property Damage,Front to Rear,Yes,No,No,No,15,2,No,No,Unknown,Unknown,Shoulder and Lap Belt Used,37421,No,No,Daylight,Clear,373,34,15,0,7,6,1527710400,0.78,6.56,195,4,0,79.42,11.92,0.75,78.24,70.72,6.09,,partly-cloudy-day,mostly cloudy,0,1,0,0,0,0
,35.0344463,-85.157175,2100 Hamilton Place Blvd,,Hamilton PLace Blvd,6/15/2018 15:00,2018-06-15,15,1529089200,,,,Property Damage,Angle,No,No,No,No,15,2,No,No,Unknown,37771,Unknown,37363,No,No,Daylight,Clear,373,34,15,0,7,6,1529085600,0.45,5.6,24,9,0,93.9,11.72,0.19,90.72,66.75,6.09,,partly-cloudy-day,partly cloudy,0,1,0,0,0,0
,35.034406,-85.154959,Hamilton Place Blvd,,Hamilton Place Blvd,7/3/2018 0:00,2018-07-03,0,1530590400,,,,Property Damage,Angle,No,No,No,No,20,2,No,No,Shoulder and Lap Belt Used,37303,Shoulder and Lap Belt Used,37347,No,No,Unknown,Unknown,373,34,15,0,7,6,1530586800,0.9,2.49,91,0,0.005,78.52,6.91,0,76.88,73.83,5.761,rain,clear-night,humid,0,0,0,0,1,0
,35.031425,-85.159042,2040 Hamilton Place Blvd,,Franks Road,7/18/2018 12:00,2018-07-18,12,1531929600,,,,Property Damage Under,"Sideswipe, Same Direction",No,No,No,No,30,2,No,No,Shoulder and Lap Belt Used,37403,Shoulder and Lap Belt Used,37412,No,No,Daylight,Clear,373,34,15,0,7,6,1531926000,0.63,5.28,17,7,0,89.1,9.88,0.37,84.37,70.52,5.526,,partly-cloudy-day,partly cloudy,0,1,0,0,0,0
,35.0343659,-85.157096,Hamilton Place Blvd,,Gunbarrel Rd,7/18/2018 19:00,2018-07-18,19,1531954800,,,,Property Damage,Angle,No,No,No,No,15,2,No,No,Unknown,37421,Unknown,37421,No,No,Daylight,Clear,373,34,15,0,7,6,1531951200,0.48,5.01,28,1,0,89.05,9.95,0.64,87.1,65.25,3.493,,partly-cloudy-day,mostly cloudy,0,1,0,0,0,0
,35.029988,-85.156076,Gunbarrel Rd,SR-1921,Goodwin Rd,7/24/2018 15:00,2018-07-24,15,1532458800,,,,Property Damage Under,Front to Rear,No,No,No,No,,2,No,No,Shoulder and Lap Belt Used,37363,Shoulder and Lap Belt Used,30736,No,No,Daylight,Clear,373,34,15,0,7,6,1532455200,0.63,4.95,21,6,0,86.4,8.83,0.7,82.94,68.84,3.493,,partly-cloudy-day,mostly cloudy,0,1,0,0,0,0
,35.029988,-85.156076,Gunbarrel Rd,SR-1921,Goodwin Rd,7/24/2018 15:00,2018-07-24,15,1532458800,,,,Property Damage Under,Front to Rear,No,No,No,No,,2,No,No,Shoulder and Lap Belt Used,37363,Shoulder and Lap Belt Used,30736,No,No,Daylight,Clear,373,34,15,0,7,6,1532455200,0.63,4.95,21,6,0,86.4,8.83,0.7,82.94,68.84,3.493,,partly-cloudy-day,mostly cloudy,0,1,0,0,0,0
,35.029988,-85.156076,Gunbarrel Rd,SR-1921,Goodwin Rd,7/24/2018 15:00,2018-07-24,15,1532458800,,,,Property Damage Under,Front to Rear,No,No,No,No,,2,No,No,Shoulder and Lap Belt Used,37363,Shoulder and Lap Belt Used,30736,No,No,Daylight,Clear,373,34,15,0,7,6,1532455200,0.63,5.46,44,6,0,86.05,9.13,0.7,82.69,68.73,6.202,,partly-cloudy-day,mostly cloudy,0,1,0,0,0,0
,35.029988,-85.156076,Gunbarrel Rd,SR-1921,Goodwin Rd,7/24/2018 15:00,2018-07-24,15,1532458800,,,,Property Damage Under,Front to Rear,No,No,No,No,,2,No,No,Shoulder and Lap Belt Used,37363,Shoulder and Lap Belt Used,30736,No,No,Daylight,Clear,373,34,15,0,7,6,1532455200,0.63,5.46,44,6,0,86.05,9.13,0.7,82.69,68.73,6.202,,partly-cloudy-day,mostly cloudy,0,1,0,0,0,0
,35.034191,-85.154214,2115 Gunbarrel Rd,,Hamilton Place Blvd,8/7/2018 14:00,2018-08-07,14,1533664800,,,,Property Damage,Front to Rear,No,No,No,No,40,2,No,No,Shoulder and Lap Belt Used,37404,Shoulder and Lap Belt Used,37421,No,No,Daylight,Clear,373,34,15,0,7,6,1533661200,0.51,3.33,241,6,0,94.61,7.25,0.75,89.71,69.32,6.084,,partly-cloudy-day,mostly cloudy,0,1,0,0,0,0
,35.035252,-85.159779,2100 Hamilton Place Blvd,,Hamilton Place Blvd,8/20/2018 12:00,2018-08-20,12,1534780800,,,,Property Damage,Unknown,Yes,No,No,No,,2,No,No,Unknown,Unknown,,30736,,,Daylight,Unknown,373,34,15,0,7,6,1534777200,0.79,5.28,178,4,0,79.75,10.41,1,78.47,71.55,5.585,,cloudy,overcast,0,1,0,0,0,0
,35.034528,-85.158706,Hamilton Place Blvd,SR-2100,Gunbarrel Rd,9/9/2018 11:00,2018-09-09,11,1536505200,,,,Possible Injury,Angle,No,No,No,No,20,2,No,No,Shoulder and Lap Belt Used,30742,Shoulder and Lap Belt Used,30707,No,No,Daylight,Clear,373,34,15,0,7,6,1536501600,0.7,5.93,195,4,0,86.9,10.24,0.75,82.24,71.48,6.084,,partly-cloudy-day,mostly cloudy,0,1,0,0,0,0
,35.030715,-85.155899,2001 Gunbarrel Rd,,Goodwin,9/25/2018 16:00,2018-09-25,16,1537905600,,,,Property Damage Under,"Sideswipe, Same Direction",No,No,No,No,40,2,No,No,Shoulder and Lap Belt Used,37763,Shoulder and Lap Belt Used,37421,No,No,Daylight,Cloudy,373,34,15,0,7,6,1537902000,0.7,7.8,149,3,0,87.16,12.99,0.75,82.33,71.74,3.308,,partly-cloudy-day,mostly cloudy,0,1,0,0,0,0
,35.0350435,-85.160124,Hamilton Place Blvd,,Hamilton Place Blvd,10/8/2018 0:00,2018-10-08,0,1538971200,,,,Property Damage,Unknown,Yes,No,No,No,,2,No,No,,37323,Unknown,Unknown,,,Daylight,Clear,373,34,15,0,7,6,1538967600,0.85,1.39,125,0,0,73.2,4.79,0,72.3,67.37,3.384,,clear-night,clear,0,0,0,0,1,0
,35.036193,-85.158638,Hamilton Place Blvd,SR-2100,Gunbarrel Rd,10/20/2018 0:00,2018-10-20,0,1540008000,,,,Property Damage Under,Front to Rear,No,No,No,No,,2,No,No,,37601,,30728,,,Daylight,Clear,373,34,15,0,7,6,1540004400,0.85,4.45,189,0,0,62.82,8.43,0.44,62.82,58.27,9.997,,partly-cloudy-night,partly cloudy,0,1,0,0,0,0
,35.029988,-85.156076,1951 Gunbarrel Rd,,Gunbarrel Rd,10/20/2018 0:00,2018-10-20,0,1540008000,,,,Property Damage,Angle,No,No,No,No,,2,No,No,Shoulder and Lap Belt Used,37343,Shoulder and Lap Belt Used,37302,No,No,Unknown,Unknown,373,34,15,0,7,6,1540004400,0.85,4.45,189,0,0,62.82,8.43,0.44,62.82,58.27,9.997,,partly-cloudy-night,partly cloudy,0,1,0,0,0,0
,35.0364314,-85.159255,2100 Hamilton Place Blvd,,Hamilton Place Blvd,10/27/2018 17:00,2018-10-27,17,1540674000,,,,Property Damage,Unknown,Yes,No,No,No,,2,No,No,,35089,Unknown,Unknown,,,Daylight,Clear,373,34,15,0,7,6,1540670400,0.73,5.33,295,1,0,54.98,11.65,1,54.98,46.5,5.825,,cloudy,overcast,0,1,0,0,0,0
,35.035252,-85.159779,600 I-75 North Interstate,I-75,Shallowford Rd,10/29/2018 0:00,2018-10-29,0,1540785600,,,,Property Damage Under,Not Collision with Motor Vehicle in Transport,No,No,No,No,55,1,No,No,Unknown,37353,,,,,Daylight,Clear,373,34,15,0,7,6,1540782000,0.57,4.94,335,0,0,60.88,9.87,0.44,60.88,45.32,6.084,,partly-cloudy-night,partly cloudy,0,1,0,0,0,0