Accident,Latitude,Longitude,Street,AltStreet,Intersection,DateTime,Date,Hour,Unix,WeekDay,WeekEnd,DayFrame,AccidentType,CollisionType,HaR,FatalInjury,MedicalTransport,InvolvedPlacardedTruck,PostedSpeed,TotalVehiclesInvolved,PedestrianInvolved,BicycleInvolved,DriverOneSafetyEquipment,DriverOneZip,DriverTwoSafetyEquipment,DriverTwoZip,Drug,Alcohol,LightCondition,Weather,Grid_Block,Grid_Col,Grid_Row,Highway,Land_Use_Mode,Road_Count,HourBefore,humidity,windSpeed,windBearing,uvIndex,precipIntensity,apparentTemperature,windGust,cloudCover,temperature,dewPoint,visibility,precipType,Event,Conditions,Rain,Cloudy,Foggy,Snow,Clear,RainBefore
,35.035252,-85.159779,600 I-75 North Interstate,I-75,Shallowford Rd,10/29/2018 0:00,2018-10-29,0,1540785600,,,,Property Damage Under,Not Collision with Motor Vehicle in Transport,No,No,No,No,55,1,No,No,Unknown,37353,,,,,Daylight,Clear,373,34,15,0,7,6,1540782000,0.57,4.94,335,0,0,60.88,9.87,0.44,60.88,45.32,6.084,,partly-cloudy-night,partly cloudy,0,1,0,0,0,0
,35.035252,-85.159779,600 I-75 North Interstate,I-75,Shallowford Rd,10/29/2018 0:00,2018-10-29,0,1540785600,,,,Property Damage Under,Not Collision with Motor Vehicle in Transport,No,No,No,No,55,1,No,No,Unknown,37353,,,,,Daylight,Clear,373,34,15,0,7,6,1540782000,0.57,4.54,338,0,0,60.14,9.87,0.44,60.14,44.71,6.294,,partly-cloudy-night,partly cloudy,0,1,0,0,0,0
,35.035252,-85.159779,600 I-75 North Interstate,I-75,Shallowford Rd,10/29/2018 0:00,2018-10-29,0,1540785600,,,,Property Damage Under,Not Collision with Motor Vehicle in Transport,No,No,No,No,55,1,No,No,Unknown,37353,,,,,Daylight,Clear,373,34,15,0,7,6,1540782000,0.57,4.54,338,0,0,60.14,9.87,0.44,60.14,44.71,6.294,,partly-cloudy-night,partly cloudy,0,1,0,0,0,0
,35.031787,-85.160173,2040 Hamilton Place Blvd,,Hamilton pl blvd,10/29/2018 16:00,2018-10-29,16,1540843200,,,,Property Damage,"Sideswipe, Same Direction",No,No,No,No,25,2,No,No,Shoulder and Lap Belt Used,37421,Shoulder and Lap Belt Used,37411,No,No,Daylight,Clear,373,34,15,0,7,6,1540839600,0.3,4.5,337,2,0.002,69.62,10.38,0,69.62,36.93,10,rain,clear-day,clear,0,0,0,0,1,0
,35.031787,-85.160173,450 Interstate 75 NB rd,,Shallowford Rd,10/29/2018 16:00,2018-10-29,16,1540843200,,,,Property Damage,"Sideswipe, Same Direction",No,No,No,No,55,2,No,No,Shoulder and Lap Belt Used,40831,Shoulder and Lap Belt Used,37363,No,No,Daylight,Clear,373,34,15,0,7,6,1540839600,0.3,4.5,337,2,0.002,69.62,10.38,0,69.62,36.93,10,rain,clear-day,clear,0,0,0,0,1,0
,35.0346042,-85.159552,Hamilton Place Blvd,,2100 Hamilton Place Blvd,11/3/2018 17:00,2018-11-03,17,1541278800,,,,Property Damage Under,Unknown,Yes,No,No,No,,2,No,No,,30701,Unknown,Unknown,,,Daylight,Clear,373,34,15,0,7,6,1541275200,0.46,1.88,168,1,0,61.12,8.15,0,61.12,40.31,6.084,,clear-day,clear,0,0,0,0,1,0
,35.029509,-85.159226,Jarnigan Rd,,Hamilton Place Blvd,11/9/2018 19:00,2018-11-09,19,1541808000,,,,Property Damage Under,Other,Yes,No,No,No,25,2,No,No,Shoulder and Lap Belt Used,37421,Unknown,Unknown,No,No,Dark - Lighted,Rain,373,34,15,0,7,6,1541804400,0.83,7.76,338,0,0,41.4,15.31,1,45.51,40.58,6.084,,cloudy,overcast,0,1,0,0,0,0
,35.028897,-85.156806,1921 Gunbarrel Rd,,Jarnigan Rd,11/21/2018 16:00,2018-11-21,16,1542834000,,,,Property Damage,Front to Rear,No,No,No,No,40,2,No,No,Shoulder and Lap Belt Used,37421,Shoulder and Lap Belt Used,30728,No,No,Daylight,Clear,373,34,15,0,7,6,1542830400,0.34,6.4,13,1,0,54.62,13.2,0,54.62,27.09,5.651,,clear-day,clear,0,0,0,0,1,0
,35.034528,-85.158706,2100 Hamilton Place Blvd,,2100 Hamilton Place Blvd,11/25/2018 16:00,2018-11-25,16,1543179600,,,,Property Damage Under,"Sideswipe, Opposite Direction",No,No,No,No,20,2,No,No,Shoulder and Lap Belt Used,37416,Shoulder and Lap Belt Used,37412,,,Daylight,Clear,373,34,15,0,7,6,1543176000,0.79,2.3,134,0,0,52.04,9.66,0,52.04,45.72,3.817,,clear-day,clear,0,0,0,0,1,0
,35.031677,-85.155287,2017 Gunbarrel Rd,,Commons Blvd,11/28/2018 18:00,2018-11-28,18,1543446000,,,,Property Damage,Front to Rear,No,No,No,No,40,2,No,No,Shoulder and Lap Belt Used,37363,Shoulder and Lap Belt Used,37363,No,No,Dark - Lighted,Clear,373,34,15,0,7,6,1543442400,0.46,2.25,21,0,0,37.98,8.47,0,37.98,19.11,6.084,,clear-night,clear,0,0,0,0,1,0
,35.034528,-85.158706,2100 Hamilton Place Blvd,,Hamilton Place Blvd,12/8/2018 14:00,2018-12-08,14,1544295600,,,,Property Damage,Angle,No,No,No,No,,2,No,No,Shoulder and Lap Belt Used,37416,Shoulder and Lap Belt Used,37412,No,No,Daylight,Rain,373,34,15,0,7,6,1544292000,0.95,4.93,49,2,0.045,37.35,8.54,0.75,40.71,39.41,2.228,rain,rain,light rain,1,0,0,0,0,1
,35.034528,-85.158706,2100 Hamilton Place Blvd,,Gunbarrel rd,12/12/2018 0:00,2018-12-12,0,1544590800,,,,Property Damage,Unknown,Yes,No,No,No,15,2,No,No,Unknown,Unknown,,30736,,,Unknown,Clear,373,34,15,0,7,6,1544587200,0.76,1,236,0,0,30.91,3.93,0,30.91,24.11,6.011,,clear-night,clear,0,0,0,0,1,0
,35.034528,-85.158706,2100 Hamilton Place Blvd,,Landress DR,12/18/2018 22:00,2018-12-18,22,1545188400,,,,Property Damage,Not Collision with Motor Vehicle in Transport,No,No,No,No,20,1,No,No,Shoulder and Lap Belt Used,37421,,,No,No,Dark - Lighted,Clear,373,34,15,0,7,6,1545184800,0.77,1.03,45,0,0,39.94,3.87,0,39.94,33.27,6.011,,clear-night,clear,0,0,0,0,1,0
,35.034528,-85.158706,2100 Hamilton Place Blvd,,Private Property,12/21/2018 0:00,2018-12-21,0,1545368400,,,,Property Damage Under,Unknown,Yes,No,No,No,,2,No,No,Unknown,Unknown,,37407,,,Unknown,Clear,373,34,15,0,7,6,1545364800,0.95,1.43,318,0,0.01,46.19,4.29,1,46.19,44.97,1.81,rain,rain,possible drizzle,1,0,0,0,0,1
,35.034528,-85.158706,2100 Hamilton Place Blvd,,Hamilton Place Blvd,12/22/2018 16:00,2018-12-22,16,1545512400,,,,Property Damage,Rear to Rear,Yes,No,No,No,,2,No,No,,,,37412,,,Daylight,Clear,373,34,15,0,7,6,1545508800,0.45,2.17,285,0,0,50.63,7.3,0,50.63,30.13,6.084,,clear-day,clear,0,0,0,0,1,0
,35.034528,-85.158706,2100 Hamilton Place Blvd,,Gunbarrel Rd,12/30/2018 13:00,2018-12-30,13,1546192800,,,,Property Damage,Other,Yes,No,No,No,,2,No,No,Unknown,Unknown,,37404,,,Daylight,Cloudy,373,34,15,0,7,6,1546189200,0.83,1.93,310,2,0,51.44,5.07,1,51.44,46.48,5.755,,cloudy,overcast,0,1,0,0,0,0
,35.032789,-85.161013,2084 Hamilton Place Blvd,,Interstate 75,1/9/2019 16:00,2019-01-09,16,1547067600,,,,Property Damage,Rear to Side,No,No,No,No,15,2,No,No,Shoulder and Lap Belt Used,20603,Shoulder and Lap Belt Used,37343,No,No,Daylight,Clear,373,34,15,0,7,6,1547064000,0.29,9.95,311,1,0,45.21,18.03,0,49.32,18.21,5.776,,clear-day,clear,0,0,0,0,1,0
,35.034528,-85.158706,Hamilton Place Blvd,,Hamilton Place Blvd,1/26/2019 18:00,2019-01-26,18,1548543600,,,,Property Damage,Front to Rear,Yes,No,No,No,,2,No,No,,37405,Unknown,Unknown,,,Daylight,Clear,373,34,15,0,7,6,1548540000,0.45,3.26,243,0,0,44.38,7.91,0,45.54,25.39,6.027,,clear-night,clear,0,0,0,0,1,0
,35.034528,-85.158706,2100 Hamilton Place Blvd,,Gunbarrel Rd.,2/7/2019 0:00,2019-02-07,0,1549515600,,,,Property Damage,Angle,Yes,No,No,No,,2,No,No,Unknown,Unknown,,37312,,,Unknown,Unknown,373,34,15,0,7,6,1549512000,0.86,6.68,191,0,0.001,67.9,26.23,0.39,67.42,63.01,10,rain,partly-cloudy-night,partly cloudy,0,1,0,0,0,0
,35.034528,-85.158706,Hamilton Place Blvd,SR-2100,Commons blvd,3/5/2019 15:00,2019-03-05,15,1551816000,,,,Property Damage,Unknown,Yes,No,No,No,,2,No,No,Unknown,Unknown,,37416,,,Daylight,Unknown,373,34,15,0,7,6,1551812400,0.28,9.27,308,3,0,32.46,18.29,0,38.77,8.53,6.13,,clear-day,clear,0,0,0,0,1,0
,35.034528,-85.158706,Hamilton Place Blvd,,Hamilton Place Blvd,3/12/2019 13:00,2019-03-12,13,1552410000,,,,Property Damage,Angle,Yes,No,No,No,20,2,No,No,,37323,,37421,,,Daylight,Clear,373,34,15,0,7,6,1552406400,0.36,6.56,35,5,0,55.2,11.13,0.72,55.2,28.83,10,,partly-cloudy-day,mostly cloudy,0,1,0,0,0,0
,35.034528,-85.158706,Hamilton Place Blvd,,Hamilton Place Blvd,3/23/2019 0:00,2019-03-23,0,1553313600,,,,Property Damage Under,Unknown,Yes,No,No,No,15,2,No,No,,37343,Unknown,Unknown,,,Unknown,Clear,373,34,15,0,7,6,1553310000,0.39,5.61,335,0,0,52.01,10.98,0,52.01,28.06,6.212,,clear-night,clear,0,0,0,0,1,0
,35.034528,-85.158706,2100 Hamilton Place Blvd,,Hamilton Place Blvd,3/31/2019 16:00,2019-03-31,16,1554062400,,,,Property Damage Under,"Sideswipe, Same Direction",No,No,No,No,30,2,No,No,Unknown,37404,Unknown,37323,,,Daylight,Clear,373,34,15,0,7,6,1554058800,0.31,11.78,4,5,0,51.89,18.91,0,51.89,21.99,8.902,,clear-day,clear,0,0,0,0,1,0
,35.034528,-85.158706,2100 Hamilton Place Blvd,,Gunbarrel Rd,5/10/2019 9:00,2019-05-10,9,1557493200,,,,Property Damage,"Sideswipe, Same Direction",No,No,No,No,,2,No,No,Shoulder and Lap Belt Used,28054,,37407,No,No,Daylight,Clear,373,34,15,0,7,6,1557489600,0.91,1.78,322,1,0,67.17,5.66,1,66.56,63.7,3.582,,cloudy,overcast,0,1,0,0,0,0
,35.0331716,-85.156767,2100 Hamilton Place Blvd,,Hamilton Place Blvd,5/10/2019 17:00,2019-05-10,17,1557522000,,,,Property Damage Under,Unknown,Yes,No,No,No,,2,No,No,,37341,Unknown,Unknown,,,Daylight,Clear,373,34,15,0,7,6,1557518400,0.53,3.31,232,4,0,83.31,8.51,0.69,82.12,63.12,3.689,,partly-cloudy-day,mostly cloudy,0,1,0,0,0,0
,35.029988,-85.156076,Gunbarrel Rd,,Goodwin Rd,5/11/2019 18:00,2019-05-11,18,1557612000,,,,Property Damage,Other,No,No,No,No,,2,No,No,Shoulder and Lap Belt Used,37363,Shoulder and Lap Belt Used,30739,,,Daylight,Unknown,373,34,15,0,7,6,1557608400,0.77,4.77,187,2,0,78.59,11.01,0.75,77.53,69.67,5.404,,partly-cloudy-day,mostly cloudy,0,1,0,0,0,0
,35.030715,-85.155899,2001 Gunbarrel Rd,,2001 Gunbarrel,5/20/2019 0:00,2019-05-20,0,1558324800,,,,Property Damage Under,Unknown,Yes,No,No,No,15,2,No,No,,37377,Unknown,Unknown,,,Unknown,Clear,373,34,15,0,7,6,1558321200,0.61,4.01,207,0,0,75.61,9.41,0.75,75.5,61.02,5.663,,partly-cloudy-night,mostly cloudy,0,1,0,0,0,0
,35.034528,-85.158706,Hamilton Place Blvd,,Hamilton Place Blvd,5/24/2019 16:00,2019-05-24,16,1558728000,,,,Property Damage Under,Unknown,Yes,No,No,No,,2,No,No,,37412,Unknown,Unknown,,,Daylight,Clear,373,34,15,0,7,6,1558724400,0.43,3.46,297,6,0,94.2,7.98,0.44,91.44,65.97,6.103,,partly-cloudy-day,partly cloudy,0,1,0,0,0,0
,35.034528,-85.158706,Hamilton Place Blvd,SR-2100,Commons Blvd,5/28/2019 0:00,2019-05-28,0,1559016000,,,,Property Damage,Unknown,Yes,No,No,No,,2,No,No,,37363,Unknown,Unknown,,,Unknown,Unknown,373,34,15,0,7,6,1559012400,0.74,2.27,191,0,0,78.42,2.27,0,77.51,68.4,3.025,,clear-night,clear,0,0,0,0,1,0
,35.034528,-85.158706,2100 Hamilton Place Blvd,,2100 Hamilton Place,6/3/2019 0:00,2019-06-03,0,1559534400,,,,Property Damage,Unknown,Yes,No,No,No,15,2,No,No,,37363,Unknown,Unknown,,,Daylight,Clear,373,34,15,0,7,6,1559530800,0.79,1.29,132,0,0,71.78,4.12,0.44,71.23,64.52,5.675,,partly-cloudy-night,partly cloudy,0,1,0,0,0,0
,35.0343395,-85.158434,Hamilton Place Blvd,,Franks Rd,6/6/2019 16:00,2019-06-06,16,1559851200,,,,Property Damage,Angle,No,No,No,No,20,2,No,No,Shoulder and Lap Belt Used,37411,Shoulder and Lap Belt Used,35958,No,No,Daylight,Rain,373,34,15,0,7,6,1559847600,0.86,3.82,210,4,0.005,75.11,6.91,1,73.98,69.44,4.624,rain,rain,possible drizzle,1,0,0,0,0,1
,35.011,-85.222628,10 McBrien Rd,,Brainerd Rd,1/3/2018 15:00,2018-01-03,15,1515009600,,,,Property Damage,Front to Rear,Yes,No,No,No,35,2,No,No,Unknown,37411,,37421,No,No,Daylight,Clear,139,28,21,0,2,12,1515006000,0.26,2.63,292,1,0,36.96,6.37,0,36.96,5.49,5.844,,clear-day,clear,0,0,0,0,1,0
,35.010797,-85.222738,Brainerd Rd,,Mcbrien Rd,1/25/2018 10:00,2018-01-25,10,1516892400,,,,Property Damage,Other,No,No,No,No,35,2,No,No,Shoulder and Lap Belt Used,37409,Shoulder and Lap Belt Used,37412,No,No,Daylight,Clear,139,28,21,0,2,12,1516888800,0.66,1.3,5,1,0,38.71,3.01,0,38.71,28.34,6.034,,clear-day,clear,0,0,0,0,1,0
,35.009741,-85.22105,5402 Brainerd Rd,,Spring Creek Rd,3/13/2018 8:00,2018-03-13,8,1520942400,,,,Property Damage Under,Front to Rear,No,No,No,No,40,2,No,No,Shoulder and Lap Belt Used,37343,Shoulder and Lap Belt Used,37421,No,No,Daylight,Clear,139,28,21,0,2,12,1520938800,0.77,1.94,336,0,0,32.95,3.74,0.16,32.95,26.5,5.844,,partly-cloudy-day,partly cloudy,0,1,0,0,0,0
,35.0100432,-85.219044,Hwy 24 EB,,Hwy75 NB,4/2/2018 21:00,2018-04-02,21,1522717200,,,,Property Damage,"Sideswipe, Same Direction",No,No,No,No,55,2,No,No,,47126,Unknown,35903,No,No,Dark - Lighted,Clear,139,28,21,0,2,12,1522713600,0.53,0.34,254,0,0,70,1.38,0,70,52.12,5.925,,clear-night,clear,0,0,0,0,1,0
,35.010327,-85.220476,5501 Brainerd Rd,,Spring Creek Rd.,5/19/2018 19:00,2018-05-19,19,1526770800,,,,Property Damage,Front to Rear,Yes,No,No,No,35,3,No,No,Shoulder and Lap Belt Used,30741,Shoulder and Lap Belt Used,37421,No,No,Dusk,Clear,139,28,21,0,2,12,1526767200,0.51,4.5,256,1,0,87.27,8.54,0.44,85.42,65.14,5.846,,partly-cloudy-day,partly cloudy,0,1,0,0,0,0
,35.011871,-85.222751,100 Tacoa Ave,,Tacoa Cir,5/29/2018 2:00,2018-05-29,2,1527573600,,,,Property Damage,Not Collision with Motor Vehicle in Transport,No,No,No,No,30,1,No,No,,37402,Shoulder and Lap Belt Used,37421,No,No,Dark - Lighted,Clear,139,28,21,0,2,12,1527570000,0.9,4.12,78,0,0.011,72.07,8.54,0.44,71.04,67.93,6.156,rain,rain,drizzle,1,0,0,0,0,1
,35.010366,-85.222513,5300 Brainerd Rd,,McBrien Rd,7/21/2018 16:00,2018-07-21,16,1532203200,,,,Property Damage Under,Front to Rear,No,No,No,No,35,2,No,No,Shoulder and Lap Belt Used,37411,Shoulder and Lap Belt Used,37407,No,No,Daylight,Clear,139,28,21,0,2,12,1532199600,0.57,6.09,227,6,0,93.22,14.52,0.44,87.6,70.73,7.95,,partly-cloudy-day,partly cloudy,0,1,0,0,0,0
,35.0109134,-85.2231,2250 Center St,,Shallowford Rd,10/8/2018 0:00,2018-10-08,0,1538971200,,,,Property Damage,Unknown,Yes,No,No,No,,2,No,No,,75261,Unknown,Unknown,,,Unknown,Clear,139,28,21,0,2,12,1538967600,0.89,1.11,85,0,0,73.36,2.45,0,72.23,68.97,2.691,,clear-night,clear,0,0,0,0,1,0
,35.009528,-85.218556,5518 Brainerd Rd,,Spring Creek Rd,12/12/2018 14:00,2018-12-12,14,1544641200,,,,Property Damage,Front to Rear,No,No,No,No,40,4,No,No,Shoulder and Lap Belt Used,30328,Shoulder and Lap Belt Used,30736,No,No,Daylight,Clear,139,28,21,0,2,12,1544637600,0.51,5.73,183,2,0,45.16,11.51,0,47.77,30.62,3.384,,clear-day,clear,0,0,0,0,1,0
,35.00966,-85.220573,5518 Brainerd Rd,,Spring Creek Rd,12/27/2018 18:00,2018-12-27,18,1545951600,,,,Property Damage Under,"Sideswipe, Same Direction",No,No,No,No,35,2,No,No,Shoulder and Lap Belt Used,37416,Shoulder and Lap Belt Used,37411,No,No,Dark - Not Lighted,Rain,139,28,21,0,2,12,1545948000,0.83,9.6,171,0,0.018,53.46,19.58,1,53.46,48.35,5.355,rain,rain,possible light rain,1,0,0,0,0,1
,35.011592,-85.224834,Brainerd Rd,,S. Howell Ave,3/13/2019 14:00,2019-03-13,14,1552500000,,,,Property Damage,Angle,No,No,No,No,35,2,No,No,Shoulder and Lap Belt Used,37406,Shoulder and Lap Belt Used,37343,No,No,Daylight,Clear,139,28,21,0,2,12,1552496400,0.39,10.51,165,7,0,65.84,24.74,0,65.84,39.98,8.34,,clear-day,clear,0,0,0,0,1,0
,35.010735,-85.218195,5529 Brainerd Rd,,Spring Creek Road,3/18/2019 13:00,2019-03-18,13,1552928400,,,,Property Damage,Front to Rear,No,No,No,No,40,2,No,No,Shoulder and Lap Belt Used,30741,None Used MV Occupant,37421,No,No,Daylight,Clear,139,28,21,0,2,12,1552924800,0.33,7.54,353,6,0,51.34,16.66,0,51.34,22.82,3.899,,clear-day,clear,0,0,0,0,1,0
,35.011188,-85.224669,5200 Brainerd Rd,,Tacoa Ave,6/21/2019 13:00,2019-06-21,13,1561136400,,,,Possible Injury,Front to Rear,Yes,No,Yes,No,45,2,No,No,Unknown,Unknown,Shoulder and Lap Belt Used,37406,No,No,Daylight,Clear,139,28,21,0,2,12,1561132800,0.54,1.76,169,7,0,87.46,6.77,0.44,85.05,66.32,5.817,,partly-cloudy-day,partly cloudy,0,1,0,0,0,0
,35.14182,-85.248735,5500 - 5517 Highway 153,US-5500,Gadd Road,1/3/2018 15:00,2018-01-03,15,1515009600,,,,Property Damage Under,Front to Rear,No,No,No,No,45,2,No,No,Shoulder and Lap Belt Used,38574,Shoulder and Lap Belt Used,37379,No,No,Daylight,Clear,800,17,4,0,7,13,1515006000,0.27,2.1,296,1,0,36.9,5.81,0.19,36.9,5.64,7.01,,partly-cloudy-day,partly cloudy,0,1,0,0,0,0
,35.14196,-85.247614,Gadd Rd,,Highway 153,3/22/2018 17:00,2018-03-22,17,1521752400,,,,Property Damage,Rear to Side,No,No,No,No,40,2,No,No,Shoulder and Lap Belt Used,37343,Shoulder and Lap Belt Used,37343,No,No,Daylight,Clear,800,17,4,0,7,13,1521748800,0.32,4.67,346,3,0,55.2,11.73,0,55.2,26.19,9.997,,clear-day,clear,0,0,0,0,1,0
,35.140562,-85.246211,5450 Highway 153,US-5450,Northpoint Blvd,4/2/2018 0:00,2018-04-02,0,1522641600,,,,Property Damage,Unknown,Yes,No,No,No,,2,No,No,,37416,Unknown,Unknown,,,Unknown,Unknown,800,17,4,0,7,13,1522638000,0.47,1.5,193,0,0,66.25,3.32,0.75,66.25,45.33,8.468,,partly-cloudy-night,mostly cloudy,0,1,0,0,0,0
,35.143485,-85.247847,5510 Highway 153,US-5510,Gadd Road,4/22/2018 14:00,2018-04-22,14,1524420000,,,,Property Damage,Unknown,Yes,No,No,No,,2,No,No,,37343,Unknown,Unknown,,,Daylight,Rain,800,17,4,0,7,13,1524416400,0.91,1.33,104,6,0.062,57.95,4.33,0.75,57.95,55.19,2.342,rain,rain,light rain,1,0,0,0,0,1
,35.142401,-85.248276,5500 Highway 153,US-5500,Gadd Road,5/6/2018 12:00,2018-05-06,12,1525622400,,,,Property Damage Under,Angle,Yes,No,No,No,,2,No,No,Shoulder and Lap Belt Used,37343,Shoulder and Lap Belt Used,37327,No,No,Daylight,Clear,800,17,4,0,7,13,1525618800,0.52,2.23,325,5,0,71.46,9,0.75,71.46,53.05,7.01,,partly-cloudy-day,mostly cloudy,0,1,0,0,0,0
,35.141423,-85.248383,103 Cherokee Blvd,,Velma St,5/19/2018 0:00,2018-05-19,0,1526702400,,,,Property Damage,Unknown,Yes,No,No,No,,2,No,No,Unknown,Unknown,,37421,,,Dark - Not Lighted,Unknown,800,17,4,0,7,13,1526698800,0.91,0.04,,0,0.014,69.41,0.41,1,68.59,65.73,3.568,rain,cloudy,overcast,0,1,0,0,0,0
,35.141391,-85.248037,5478 Highway 153,,Gadd Rd,5/25/2018 17:00,2018-05-25,17,1527282000,,,,Property Damage,Angle,Yes,No,No,No,45,2,No,No,Shoulder and Lap Belt Used,37343,Unknown,Unknown,No,No,Daylight,Clear,800,17,4,0,7,13,1527278400,0.54,4.01,177,4,0,89.12,9.16,0.75,85.94,67.62,6.988,,partly-cloudy-day,mostly cloudy,0,1,0,0,0,0
,35.143721,-85.247823,153 highway,,153,8/23/2018 0:00,2018-08-23,0,1534996800,,,,Property Damage,Unknown,Yes,No,No,No,15,2,No,No,,37377,Unknown,Unknown,,,Unknown,Unknown,800,17,4,0,7,13,1534993200,0.8,4.31,343,0,0,72.4,10.25,0.75,71.78,65.12,7.019,,partly-cloudy-night,mostly cloudy,0,1,0,0,0,0
,35.14182,-85.248735,1000 Gadd Road,US-1000,Highway 153,8/28/2018 9:00,2018-08-28,9,1535461200,,,,Property Damage,Angle,Yes,No,No,No,40,2,No,No,,37412,Shoulder and Lap Belt Used,37343,No,No,Daylight,Clear,800,17,4,0,7,13,1535457600,0.85,2.28,188,1,0,77.08,4.52,0.29,75.82,70.86,2.896,,partly-cloudy-day,partly cloudy,0,1,0,0,0,0
,35.143485,-85.247847,5510 Highway 153,SR-153,Gadd,9/13/2018 12:00,2018-09-13,12,1536854400,,,,Property Damage,Head On,Yes,No,No,No,,2,No,No,,37415,Unknown,Unknown,,,Daylight,Clear,800,17,4,0,7,13,1536850800,0.68,3.64,25,5,0,89.59,6.8,0.61,83.89,72.16,7.019,,partly-cloudy-day,humid and mostly cloudy,0,1,0,0,0,0
,35.14182,-85.248735,Highway 153,,Gadd Rd,9/14/2018 18:00,2018-09-14,18,1536962400,,,,Property Damage,"Sideswipe, Same Direction",No,No,No,No,45,3,No,No,Unknown,37302,Unknown,37064,Yes,Yes,Daylight,Clear,800,17,4,0,7,13,1536958800,0.49,9.57,19,1,0,95.89,12.98,0.44,90.89,69.18,7.019,,partly-cloudy-day,partly cloudy,0,1,0,0,0,0
,35.143721,-85.247823,5510 Highway 153,,Thomas,9/17/2018 14:00,2018-09-17,14,1537207200,,,,Property Damage,Unknown,Yes,No,No,No,,2,No,No,Unknown,Unknown,,37343,,,Daylight,Clear,800,17,4,0,7,13,1537203600,0.68,5.34,276,5,0,82.67,11.42,0.8,79.94,68.62,7.019,,partly-cloudy-day,mostly cloudy,0,1,0,0,0,0
,35.144933,-85.246367,1100 Northern Hills Rd,SR-1,Thomas Ln,10/13/2018 1:00,2018-10-13,1,1539406800,,,,Suspected Minor Injury,Not Collision with Motor Vehicle in Transport,No,No,Yes,No,30,1,No,No,None Used MV Occupant,37343,,,,Yes,Dark - Not Lighted,Clear,800,17,4,0,7,13,1539403200,0.77,2.43,276,0,0,57.58,4.04,1,57.58,50.35,9.997,,cloudy,overcast,0,1,0,0,0,0
,35.1394,-85.2468,Northpoint Blvd,,Hixson Pike,10/17/2018 16:00,2018-10-17,16,1539806400,,,,Property Damage Under,Angle,No,No,No,No,35,2,No,No,Shoulder and Lap Belt Used,37416,Shoulder and Lap Belt Used,37343,No,No,Daylight,Clear,800,17,4,0,7,13,1539802800,0.37,6.1,2,3,0,68.84,12.24,0.15,68.84,41.78,7.019,,partly-cloudy-day,partly cloudy,0,1,0,0,0,0
,35.14016,-85.249002,5437 Highway 153,,Gadd Road,11/1/2018 19:00,2018-11-01,19,1541113200,,,,Property Damage,"Sideswipe, Same Direction",No,No,No,No,40,2,No,No,Shoulder and Lap Belt Used,37343,Shoulder and Lap Belt Used,37379,No,No,Dark - Lighted,Rain,800,17,4,0,7,13,1541109600,0.84,8.46,188,0,0,66.03,14.91,0.95,65.8,60.86,6.858,,cloudy,overcast,0,1,0,0,0,0
,35.14302,-85.24841,5506 Highway 153,US-5506,Gadd Road,12/1/2018 12:00,2018-12-01,12,1543683600,,,,Property Damage Under,Front to Rear,No,No,No,No,45,2,No,No,Shoulder and Lap Belt Used,37373,Shoulder and Lap Belt Used,37341,No,No,Daylight,Rain,800,17,4,0,7,13,1543680000,0.89,9.42,167,2,0.025,56.66,19.92,0.95,56.66,53.59,1.727,rain,rain,light rain,1,0,0,0,0,1
,35.141391,-85.248037,5764 Hwy 153,,Grubb Rd,12/13/2018 0:00,2018-12-13,0,1544677200,,,,Property Damage Under,Other,Yes,No,No,No,45,2,No,No,Shoulder and Lap Belt Used,37343,Unknown,Unknown,No,No,Unknown,Unknown,800,17,4,0,7,13,1544673600,0.58,4.7,193,0,0,41.77,6.85,1,44.33,30.55,6.858,,cloudy,overcast,0,1,0,0,0,0
,35.140621,-85.245572,5450 Highway 153,US-5450,Northpoint Blvd,12/16/2018 14:00,2018-12-16,14,1544986800,,,,Property Damage,Unknown,Yes,No,No,No,,2,No,No,Unknown,Unknown,,37415,,,Daylight,Cloudy,800,17,4,0,7,13,1544983200,0.75,5.68,300,2,0,50.44,9.88,0.8,50.44,42.97,8.474,,partly-cloudy-day,mostly cloudy,0,1,0,0,0,0
,35.141603,-85.250003,1015 Gadd Rd,,Highway 153,1/20/2019 0:00,2019-01-20,0,1547960400,,,,Property Damage,Angle,No,No,No,No,30,2,No,No,Shoulder and Lap Belt Used,37343,Shoulder and Lap Belt Used,37343,No,No,Unknown,Unknown,800,17,4,0,7,13,1547956800,0.78,13.13,285,0,0.001,37.58,25.75,0.8,44.06,37.8,8.864,rain,partly-cloudy-night,mostly cloudy,0,1,0,0,0,0
,35.142003,-85.249412,5501 Highway 153,US-5500,Gadd Road,4/3/2019 11:00,2019-04-03,11,1554303600,,,,Property Damage,Angle,No,No,No,No,50,2,No,No,Shoulder and Lap Belt Used,37379,Shoulder and Lap Belt Used,37406,No,No,Daylight,Clear,800,17,4,0,7,13,1554300000,0.38,2.3,112,3,0,58.86,8.42,0.61,58.86,33.39,6.834,,partly-cloudy-day,mostly cloudy,0,1,0,0,0,0
,35.14182,-85.248735,Gadd Rd,SR-1,Highway 153,4/18/2019 14:00,2019-04-18,14,1555610400,,,,Property Damage,Rear to Side,No,No,No,No,,2,No,No,Shoulder and Lap Belt Used,37415,Shoulder and Lap Belt Used,37405,No,No,Daylight,Clear,800,17,4,0,7,13,1555606800,0.5,11.16,197,6,0,75.55,20.88,0.69,75.55,55.55,5.349,,partly-cloudy-day,mostly cloudy,0,1,0,0,0,0