Accident,Latitude,Longitude,Street,AltStreet,Intersection,DateTime,Date,Hour,Unix,WeekDay,WeekEnd,DayFrame,AccidentType,CollisionType,HaR,FatalInjury,MedicalTransport,InvolvedPlacardedTruck,PostedSpeed,TotalVehiclesInvolved,PedestrianInvolved,BicycleInvolved,DriverOneSafetyEquipment,DriverOneZip,DriverTwoSafetyEquipment,DriverTwoZip,Drug,Alcohol,LightCondition,Weather,Grid_Block,Grid_Col,Grid_Row,Highway,Land_Use_Mode,Road_Count,HourBefore,humidity,windSpeed,windBearing,uvIndex,precipIntensity,apparentTemperature,windGust,cloudCover,temperature,dewPoint,visibility,precipType,Event,Conditions,Rain,Cloudy,Foggy,Snow,Clear,RainBefore
,35.14182,-85.248735,Highway 153,,Gadd Rd,5/3/2019 17:00,2019-05-03,17,1556917200,,,,Property Damage Under,Front to Rear,No,No,No,No,35,2,No,No,Shoulder and Lap Belt Used,37343,Shoulder and Lap Belt Used,37405,No,No,Daylight,Clear,800,17,4,0,7,13,1556913600,0.45,8.53,244,4,0,83.92,15.02,0.45,83.82,60.14,7.264,,partly-cloudy-day,partly cloudy,0,1,0,0,0,0
,35.142003,-85.249412,5501 Highway 153,,Gadd Rd,5/25/2019 15:00,2019-05-25,15,1558810800,,,,Property Damage,Angle,No,No,No,No,45,2,No,No,Shoulder and Lap Belt Used,37363,Shoulder and Lap Belt Used,30736,No,No,Daylight,Clear,800,17,4,0,7,13,1558807200,0.41,8.89,232,7,0,93.5,13.56,0.44,91.53,64.67,3.408,,partly-cloudy-day,partly cloudy,0,1,0,0,0,0
,35.142953,-85.247908,5510 Highway 153,,Highway 153,6/20/2019 17:00,2019-06-20,17,1561064400,,,,Property Damage,Angle,No,No,No,No,,2,No,No,Shoulder and Lap Belt Used,37379,Shoulder and Lap Belt Used,37343,No,No,Daylight,Clear,800,17,4,0,7,13,1561060800,0.59,10.06,253,4,0,87.19,18.15,0.5,84,68,7.143,,partly-cloudy-day,partly cloudy,0,1,0,0,0,0
,35.142637,-85.244664,1227 Gadd Rd,,Highway 153,6/24/2019 17:00,2019-06-24,17,1561410000,,,,Property Damage,Not Collision with Motor Vehicle in Transport,Yes,No,No,No,40,1,No,No,Unknown,Unknown,,,,,Daylight,Clear,800,17,4,0,7,13,1561406400,0.66,11.57,222,4,0.27,89.84,19.88,0.75,84.38,71.6,1.387,rain,rain,rain,1,0,0,0,0,1
,35.034812,-85.303844,300 E Main St,,Washington St,1/3/2018 18:00,2018-01-03,18,1515020400,,,,Suspected Minor Injury,"Sideswipe, Same Direction",No,No,Yes,No,35,4,No,No,,37403,,37405,No,No,Dark - Lighted,Clear,100,17,22,0,2,19,1515016800,0.32,1.22,280,0,0,33.73,3.08,0.44,33.73,6.63,5.503,,partly-cloudy-night,partly cloudy,0,1,0,0,0,0
,35.035477,-85.304732,211 E Main St,,Rossville Ave.,2/16/2018 11:00,2018-02-16,11,1518796800,,,,Property Damage,Rear to Side,No,No,No,No,15,2,No,No,Unknown,37406,Unknown,37412,No,No,Daylight,Cloudy,100,17,22,0,2,19,1518793200,0.79,5.36,220,2,0,67.21,12.06,1,67.1,60.24,6.274,,cloudy,overcast,0,1,0,0,0,0
,35.036387,-85.3075,1463 Market St,,W Main Street,2/16/2018 17:00,2018-02-16,17,1518818400,,,,Property Damage,Angle,No,No,No,No,35,2,No,No,Shoulder and Lap Belt Used,37377,Shoulder and Lap Belt Used,37323,No,No,Dawn,Cloudy,100,17,22,0,2,19,1518814800,0.82,3.49,357,0,0,53.98,8.42,1,53.98,48.45,3.592,,cloudy,overcast,0,1,0,0,0,0
,35.036622,-85.307053,1464 Market St,,Station St,4/13/2018 14:00,2018-04-13,14,1523642400,,,,Property Damage,"Sideswipe, Same Direction",No,No,No,No,30,2,No,No,Shoulder and Lap Belt Used,37403,Shoulder and Lap Belt Used,30738,No,No,Daylight,Clear,100,17,22,0,2,19,1523638800,0.39,5.31,174,9,0,76.27,13.93,0,76.27,49.79,5.503,,clear-day,clear,0,0,0,0,1,0
,35.038291,-85.303863,1300 Market St,SR-1200,1200 King Street,4/24/2018 10:00,2018-04-24,10,1524578400,,,,Property Damage,Angle,No,No,No,No,35,2,No,No,Shoulder and Lap Belt Used,37363,Shoulder and Lap Belt Used,67052,No,No,Daylight,Rain,100,17,22,0,2,19,1524574800,0.92,0.45,302,2,0,58.35,1.73,1,58.35,56.02,6.274,,cloudy,overcast,0,1,0,0,0,0
,35.035093,-85.304578,282 E Main St,,Passenger St,4/27/2018 0:00,2018-04-27,0,1524801600,,,,Property Damage Under,Unknown,Yes,No,No,No,35,2,No,No,Unknown,Unknown,,37411,,,Unknown,Clear,100,17,22,0,2,19,1524798000,0.91,0.53,12,0,0,51.52,1.28,0.75,51.52,48.85,2.697,,partly-cloudy-night,mostly cloudy,0,1,0,0,0,0
,35.036143,-85.307328,1500 Market St,,Main St,5/10/2018 9:00,2018-05-10,9,1525957200,,,,Property Damage,"Sideswipe, Same Direction",No,No,No,No,30,2,No,No,,37411,Shoulder and Lap Belt Used,37405,No,No,Daylight,Clear,100,17,22,0,2,19,1525953600,0.69,0.39,202,2,0,70.58,1.49,0.15,70.58,59.77,2.678,,partly-cloudy-day,partly cloudy,0,1,0,0,0,0
,35.036143,-85.307328,E Main St,,Market St,5/16/2018 14:00,2018-05-16,14,1526493600,,,,Property Damage,"Sideswipe, Same Direction",Yes,No,No,No,25,2,No,No,Shoulder and Lap Belt Used,37404,Unknown,Unknown,No,No,Daylight,Clear,100,17,22,0,2,19,1526490000,0.65,0.85,158,6,0,83.86,3.57,0.75,81.05,68.1,5.503,,partly-cloudy-day,mostly cloudy,0,1,0,0,0,0
,35.0381215,-85.302145,24 EB st,I-24,24 EB st,5/20/2018 22:00,2018-05-20,22,1526868000,,,,Property Damage Under,Not Collision with Motor Vehicle in Transport,No,No,No,No,55,1,No,No,Shoulder and Lap Belt Used,37411,,,No,No,Dark - Lighted,Clear,100,17,22,0,2,19,1526864400,0.84,2.73,162,0,0,71.11,5.07,0.68,70.42,65.37,5.56,,partly-cloudy-night,mostly cloudy,0,1,0,0,0,0
,35.035882,-85.306639,25 E Main St,SR-25,Market St,6/1/2018 22:00,2018-06-01,22,1527904800,,,,Property Damage,"Sideswipe, Opposite Direction",Yes,No,No,No,30,2,No,No,Unknown,Unknown,Shoulder and Lap Belt Used,37343,No,No,Dark - Lighted,Clear,100,17,22,0,2,19,1527901200,0.87,4.23,180,0,0,74.78,6.73,0.75,73.64,69.46,5.503,,partly-cloudy-night,mostly cloudy,0,1,0,0,0,0
,35.036143,-85.307328,E Main St,,Market St,6/15/2018 12:00,2018-06-15,12,1529078400,,,,Property Damage,Angle,Yes,No,No,No,30,2,No,No,,Unknown,Unknown,Unknown,,,Daylight,Clear,100,17,22,0,2,19,1529074800,0.55,5.57,20,7,0,91.07,10.86,0.42,86.87,69.01,6.976,,partly-cloudy-day,partly cloudy,0,1,0,0,0,0
,35.035567,-85.305451,1400 Rossville Ave,,Non intersection,6/19/2018 9:00,2018-06-19,9,1529413200,,,,Property Damage,Front to Rear,No,No,No,No,15,2,No,No,Shoulder and Lap Belt Used,33556,,76110,No,No,Daylight,Clear,100,17,22,0,2,19,1529409600,0.69,3.32,357,2,0,85.13,6.5,0.07,81.43,70.12,7.143,,clear-day,clear,0,0,0,0,1,0
,35.035925,-85.307186,26 E Main St,,Market St,6/21/2018 0:00,2018-06-21,0,1529553600,,,,Property Damage,Unknown,Yes,No,No,No,30,2,No,No,Unknown,Unknown,Shoulder and Lap Belt Used,37204,No,No,Dark - Unknown Lighting,Clear,100,17,22,0,2,19,1529550000,0.69,2.13,250,0,0,79.85,4.69,0.95,78.98,68.14,3.417,,cloudy,overcast,0,1,0,0,0,0
,35.037227,-85.306833,1400 Market St,,W Main St,6/23/2018 3:00,2018-06-23,3,1529737200,,,,Property Damage Under,Front to Rear,Yes,No,No,No,35,2,No,No,Shoulder and Lap Belt Used,37411,Unknown,Unknown,No,No,Dark - Lighted,Unknown,100,17,22,0,2,19,1529733600,0.92,2.38,241,0,0,70.67,4.22,0.77,69.69,67.2,7.41,,partly-cloudy-night,mostly cloudy,0,1,0,0,0,0
,35.0381991,-85.301184,3800 Tennessee Ave,US-11,16 w 38th st,6/28/2018 15:00,2018-06-28,15,1530212400,,,,Property Damage Under,Angle,Yes,No,No,No,15,2,No,No,,30741,Unknown,Unknown,,,Daylight,Clear,100,17,22,0,2,19,1530208800,0.88,5.41,233,5,0.019,71.65,7.4,0.98,70.73,67.09,2.499,rain,cloudy,overcast,0,1,0,0,0,0
,35.034096,-85.301181,1499 Adams St,,E Main St.,7/1/2018 16:00,2018-07-01,16,1530475200,,,,Property Damage Under,Angle,No,No,No,No,15,2,No,No,Shoulder and Lap Belt Used,37377,Shoulder and Lap Belt Used,37415,No,No,Daylight,Clear,100,17,22,0,2,19,1530471600,0.54,3.19,98,5,0,95.27,8.37,0.75,89.51,70.42,1.321,,fog,foggy,0,0,1,0,0,0
,35.03775,-85.300617,1298 Peeples St,,E 12th St,8/1/2018 0:00,2018-08-01,0,1533096000,,,,Property Damage,Unknown,Yes,No,No,No,15,2,No,No,,37406,Unknown,Unknown,,,Unknown,Clear,100,17,22,0,2,19,1533092400,0.91,2.74,154,0,0.019,72,8.12,1,70.93,68.16,2.985,rain,rain,light rain,1,0,0,0,0,1
,35.036789,-85.305393,Station St,,Rossville Ave,8/1/2018 22:00,2018-08-01,22,1533175200,,,,Property Damage,Angle,Yes,No,No,No,,2,No,No,Unknown,37738,,37363,,,Dark - Lighted,Clear,100,17,22,0,2,19,1533171600,0.93,1.03,119,0,0.002,71.74,4.86,0.98,70.62,68.39,4.634,rain,cloudy,overcast,0,1,0,0,0,0
,35.033142,-85.303935,Rossville Ave,,Washington St,8/10/2018 13:00,2018-08-10,13,1533920400,,,,Property Damage Under,Front to Rear,No,No,No,No,35,2,No,No,,37408,Shoulder and Lap Belt Used,37343,No,No,Daylight,Clear,100,17,22,0,2,19,1533916800,0.69,2.75,227,6,0,85.07,6.86,0.77,81.35,70.23,6.172,,partly-cloudy-day,mostly cloudy,0,1,0,0,0,0
,35.036581,-85.306821,Station St,US-10,Choo Choo Ave,8/19/2018 0:00,2018-08-19,0,1534651200,,,,Property Damage,Unknown,Yes,No,No,No,15,2,No,No,,,,37188,,,Unknown,Clear,100,17,22,0,2,19,1534647600,0.87,1.51,209,0,0,77.54,3.18,0.77,76.15,71.88,6.601,,partly-cloudy-night,mostly cloudy,0,1,0,0,0,0
,35.033872,-85.302681,E Main St,,Adams St,8/24/2018 10:00,2018-08-24,10,1535119200,,,,Possible Injury,Angle,No,No,No,No,30,2,No,No,Shoulder and Lap Belt Used,37406,Shoulder and Lap Belt Used,30741,No,No,Daylight,Clear,100,17,22,0,2,19,1535115600,0.6,3.76,174,3,0,71.26,10.01,0.17,71.26,56.69,2.728,,partly-cloudy-day,partly cloudy,0,1,0,0,0,0
,35.03775,-85.300617,1298 Peeples St,,West 12th St,8/27/2018 0:00,2018-08-27,0,1535342400,,,,Property Damage Under,Unknown,Yes,No,No,No,,2,No,No,Unknown,Unknown,,37406,,,Unknown,Clear,100,17,22,0,2,19,1535338800,0.82,1.06,83,0,0,75.51,4.9,0.4,74.51,68.61,3.09,,partly-cloudy-night,partly cloudy,0,1,0,0,0,0
,35.038291,-85.303863,Market St,,King St,9/6/2018 11:00,2018-09-06,11,1536246000,,,,Property Damage,Angle,No,No,No,No,25,2,No,No,Shoulder and Lap Belt Used,37404,Shoulder and Lap Belt Used,30741,No,No,Daylight,Clear,100,17,22,0,2,19,1536242400,0.72,3.78,114,4,0,87.43,7.23,0.75,82.33,72.21,6.211,,partly-cloudy-day,humid and mostly cloudy,0,1,0,0,0,0
,35.037227,-85.306833,1400 Market St,,Choo Choo Ave,9/17/2018 8:00,2018-09-17,8,1537185600,,,,Property Damage Under,"Sideswipe, Opposite Direction",No,No,No,No,15,2,No,No,Shoulder and Lap Belt Used,37421,,37377,No,No,Daylight,Clear,100,17,22,0,2,19,1537182000,0.89,3.33,242,0,0,72.84,6.8,0.77,71.77,68.41,5.274,,partly-cloudy-day,mostly cloudy,0,1,0,0,0,0
,35.036789,-85.305393,1400 Rossville Ave,,E Main St,10/11/2018 8:00,2018-10-11,8,1539259200,,,,Property Damage Under,Front to Rear,No,No,No,No,30,2,No,No,Shoulder and Lap Belt Used,37404,Shoulder and Lap Belt Used,37404,No,No,Daylight,Clear,100,17,22,0,2,19,1539255600,0.87,6.42,323,0,0,72.2,14.15,0.77,71.26,67.36,5.652,,partly-cloudy-day,mostly cloudy,0,1,0,0,0,0
,35.034772,-85.303736,E Main St,,Wilhoit St,10/13/2018 0:00,2018-10-13,0,1539403200,,,,Property Damage,Unknown,Yes,No,No,No,,2,No,No,,37411,Unknown,Unknown,,,Dark - Not Lighted,Clear,100,17,22,0,2,19,1539399600,0.65,0.82,310,0,0,59.9,3.1,1,59.9,48.04,10,,cloudy,overcast,0,1,0,0,0,0
,35.035614,-85.306377,26 E Main St,,Market St,10/17/2018 0:00,2018-10-17,0,1539748800,,,,Property Damage Under,Unknown,Yes,No,No,No,15,2,No,No,,37408,Unknown,Unknown,,,Unknown,Clear,100,17,22,0,2,19,1539745200,0.94,3.05,308,0,0.015,62.04,4.42,1,61.75,59.93,2.84,rain,rain,drizzle,1,0,0,0,0,1
,35.0384847,-85.302748,5425 Highway 153,,Northpoint Blvd,11/14/2018 18:00,2018-11-14,18,1542236400,,,,Property Damage Under,Not Collision with Motor Vehicle in Transport,No,No,No,No,45,1,No,No,Shoulder and Lap Belt Used,37379,,,No,No,Dark - Lighted,Rain,100,17,22,0,2,19,1542232800,0.94,6.18,40,0,0.09,36.28,9.2,1,40.53,38.87,1.864,rain,rain,light rain,1,0,0,0,0,1
,35.03599,-85.30714,172/4 I 24 Rd,I-24,171 I 24 WB,12/9/2018 17:00,2018-12-09,17,1544392800,,,,Property Damage,Front to Rear,No,No,No,No,55,3,No,No,Shoulder and Lap Belt Used,37064,Shoulder and Lap Belt Used,18051,No,No,Dark - Lighted,Rain,100,17,22,0,2,19,1544389200,0.91,6.1,1,0,0.001,36.29,10.8,1,40.5,38.14,1.478,rain,fog,foggy,0,0,1,0,0,0
,35.035284,-85.304629,215 E Main St,,Rossville Ave,12/12/2018 8:00,2018-12-12,8,1544619600,,,,Property Damage Under,Angle,No,No,No,No,25,2,No,No,Shoulder and Lap Belt Used,37405,Shoulder and Lap Belt Used,30736,No,No,Daylight,Cloudy,100,17,22,0,2,19,1544616000,0.81,1.31,245,0,0,32.15,5.84,0,32.15,26.91,3.404,,clear-day,clear,0,0,0,0,1,0
,35.036192,-85.307016,Market St,,E Main St,12/14/2018 13:00,2018-12-14,13,1544810400,,,,Property Damage,Angle,No,No,No,No,25,2,No,No,Shoulder and Lap Belt Used,87112,Shoulder and Lap Belt Used,35966,No,No,Daylight,Rain,100,17,22,0,2,19,1544806800,0.92,5.36,11,2,0.063,46.8,5.36,1,48.98,46.86,1.36,rain,rain,light rain,1,0,0,0,0,1
,35.03491,-85.300683,1407 Adams St,,Adams St,12/19/2018 0:00,2018-12-19,0,1545195600,,,,Property Damage,Unknown,Yes,No,No,No,15,2,No,No,Unknown,Unknown,,37408,,,Unknown,Unknown,100,17,22,0,2,19,1545192000,0.77,1.21,92,0,0,38.4,5.44,0.17,38.4,31.81,6.661,,partly-cloudy-night,partly cloudy,0,1,0,0,0,0
,35.0356,-85.305911,E Main St,,Rossville Ave,12/20/2018 14:00,2018-12-20,14,1545332400,,,,Property Damage,Angle,No,No,No,No,15,2,No,No,Shoulder and Lap Belt Used,37408,,37408,No,No,Daylight,Rain,100,17,22,0,2,19,1545328800,0.95,5.18,1,2,0.04,43.67,9,1,46.23,44.94,1.976,rain,rain,light rain,1,0,0,0,0,1
,35.0383705,-85.302916,Hwy 27 NB,SR-300,W MLK,1/7/2019 15:00,2019-01-07,15,1546891200,,,,Property Damage,Angle,No,No,No,No,25,2,No,No,Shoulder and Lap Belt Used,37341,Shoulder and Lap Belt Used,37419,No,No,Daylight,Clear,100,17,22,0,2,19,1546887600,0.36,13.42,194,2,0,67.32,22.89,0.68,67.32,39.29,6.326,,partly-cloudy-day,mostly cloudy,0,1,0,0,0,0
,35.035614,-85.306377,26 E Main St,,Market St,1/31/2019 0:00,2019-01-31,0,1548910800,,,,Property Damage Under,Angle,Yes,No,No,No,,2,No,No,,18334,Unknown,Unknown,,,Unknown,Unknown,100,17,22,0,2,19,1548907200,0.54,1.2,243,0,0,25.16,6.33,0.07,25.16,11.04,6.591,,clear-night,clear,0,0,0,0,1,0
,35.035614,-85.306377,26 E Main St,US-11,1500 market st,2/15/2019 18:00,2019-02-15,18,1550271600,,,,Property Damage Under,"Sideswipe, Same Direction",Yes,No,No,No,20,2,No,No,Unknown,Unknown,None Used MV Occupant,37404,No,No,Dark - Lighted,Rain,100,17,22,0,2,19,1550268000,0.91,0.46,46,0,0.024,57.74,2.22,1,57.74,55.24,1.05,rain,rain,light rain,1,0,0,0,0,1
,35.036063,-85.306723,E Main St,,Market St,3/20/2019 17:00,2019-03-20,17,1553115600,,,,Property Damage Under,Front to Rear,Yes,No,No,No,35,2,No,No,Shoulder and Lap Belt Used,30750,Unknown,Unknown,,,Daylight,Clear,100,17,22,0,2,19,1553112000,0.21,2.59,210,3,0,63.98,10.79,0,63.98,22.77,2.962,,clear-day,clear,0,0,0,0,1,0
,35.035614,-85.306377,1400 Market St,,26 East Main St,4/10/2019 16:00,2019-04-10,16,1554926400,,,,Property Damage Under,"Sideswipe, Same Direction",Yes,No,No,No,25,2,No,No,Shoulder and Lap Belt Used,37377,Unknown,Unknown,No,No,Daylight,Clear,100,17,22,0,2,19,1554922800,0.2,3.66,87,5,0,82.75,9.29,0.4,82.75,37.76,6.75,,partly-cloudy-day,partly cloudy,0,1,0,0,0,0
,35.03644,-85.3073,Market St,,Broad St,4/14/2019 16:00,2019-04-14,16,1555272000,,,,Property Damage Under,Front to Rear,No,No,No,No,25,2,No,No,Shoulder and Lap Belt Used,37405,Shoulder and Lap Belt Used,37405,No,No,Daylight,Clear,100,17,22,0,2,19,1555268400,0.39,13.82,222,4,0,79.4,35.7,0.75,79.4,51.95,7.177,,partly-cloudy-day,mostly cloudy,0,1,0,0,0,0
,35.035857,-85.305724,55 E Main St,,Mitchell Ave,5/5/2019 19:00,2019-05-05,19,1557097200,,,,Property Damage,Front to Rear,No,No,No,No,40,3,No,No,,37363,Shoulder and Lap Belt Used,37421,No,Yes,Daylight,Clear,100,17,22,0,2,19,1557093600,0.63,5.99,337,1,0,70.11,13.01,0.44,70.11,57.07,2.981,,partly-cloudy-day,partly cloudy,0,1,0,0,0,0
,35.03775,-85.300617,1298 Peeples St,,Non intersection,5/28/2019 9:00,2019-05-28,9,1559048400,,,,Property Damage Under,Front to Rear,Yes,No,No,No,15,2,No,No,,37406,Unknown,Unknown,,,Daylight,Clear,100,17,22,0,2,19,1559044800,0.71,3.86,209,2,0,78.89,6.89,0.17,78.03,68.06,6.04,,partly-cloudy-day,partly cloudy,0,1,0,0,0,0
,35.036789,-85.305393,1400 Rossville Ave,,E Main St,6/8/2019 0:00,2019-06-08,0,1559966400,,,,Property Damage,Unknown,Yes,No,No,No,15,2,No,No,Unknown,Unknown,,,,,Unknown,Unknown,100,17,22,0,2,19,1559962800,0.87,1.69,125,0,0,72.72,4.61,0.75,71.76,67.66,3.252,,partly-cloudy-night,mostly cloudy,0,1,0,0,0,0
,35.035606,-85.305926,E Main St,,Mitchell Ave,6/13/2019 16:00,2019-06-13,16,1560456000,,,,Property Damage Under,"Sideswipe, Same Direction",No,No,No,No,35,2,No,No,Shoulder and Lap Belt Used,37415,Shoulder and Lap Belt Used,37343,No,No,Daylight,Clear,100,17,22,0,2,19,1560452400,0.37,8.81,302,5,0,77.93,16.59,0.44,77.93,49.43,6.94,,partly-cloudy-day,partly cloudy,0,1,0,0,0,0
,35.037227,-85.306833,1400 Market St,,E main st.,6/14/2019 12:00,2019-06-14,12,1560528000,,,,Property Damage,Angle,Yes,No,No,No,25,2,No,No,,37377,Unknown,Unknown,,,Daylight,Clear,100,17,22,0,2,19,1560524400,0.37,4.95,61,8,0,72.68,9.98,0,72.68,45.1,2.689,,clear-day,clear,0,0,0,0,1,0
,35.037227,-85.306833,1400 Market St,,Choo Choo Ave,6/25/2019 0:00,2019-06-25,0,1561435200,,,,Property Damage,Unknown,Yes,No,No,No,,2,No,No,Unknown,Unknown,,37338,,,Unknown,Clear,100,17,22,0,2,19,1561431600,0.84,1.03,313,0,0,75.15,3.56,0,74.08,69,2.704,,clear-night,clear,0,0,0,0,1,0
,35.082749,-85.05854,Lee Hwy,,Ooltewah Georgetown Rd,1/3/2018 19:00,2018-01-03,19,1515024000,,,,Property Damage Under,Front to Rear,No,No,No,No,45,2,No,No,Shoulder and Lap Belt Used,29414,Shoulder and Lap Belt Used,37353,No,No,Dark - Lighted,Clear,853,42,3,0,2,7,1515020400,0.38,1.01,302,0,0,30.55,3.42,0.75,30.55,7.95,7.021,,partly-cloudy-night,mostly cloudy,0,1,0,0,0,0
,35.082749,-85.05854,Lee Hwy,,Ooltewah Georgetown Rd,1/3/2018 19:00,2018-01-03,19,1515024000,,,,Property Damage Under,Front to Rear,No,No,No,No,45,2,No,No,Shoulder and Lap Belt Used,29414,Shoulder and Lap Belt Used,37353,No,No,Dark - Lighted,Clear,853,42,3,0,2,7,1515020400,0.38,1.01,302,0,0,30.55,3.42,0.75,30.55,7.95,7.021,,partly-cloudy-night,mostly cloudy,0,1,0,0,0,0
,35.082749,-85.05854,Lee Hwy,,Ooltewah Georgetown Rd,1/3/2018 19:00,2018-01-03,19,1515024000,,,,Property Damage Under,Front to Rear,No,No,No,No,45,2,No,No,Shoulder and Lap Belt Used,29414,Shoulder and Lap Belt Used,37353,No,No,Dark - Lighted,Clear,853,42,3,0,2,7,1515020400,0.38,1.01,302,0,0,30.55,3.42,0.75,30.55,7.95,7.021,,partly-cloudy-night,mostly cloudy,0,1,0,0,0,0
,35.082749,-85.05854,Lee Hwy,,Ooltewah Georgetown Rd,1/3/2018 19:00,2018-01-03,19,1515024000,,,,Property Damage Under,Front to Rear,No,No,No,No,45,2,No,No,Shoulder and Lap Belt Used,29414,Shoulder and Lap Belt Used,37353,No,No,Dark - Lighted,Clear,853,42,3,0,2,7,1515020400,0.38,1.01,302,0,0,30.55,3.42,0.75,30.55,7.95,7.021,,partly-cloudy-night,mostly cloudy,0,1,0,0,0,0
,35.084173,-85.059143,9231 Lee Hwy,,Ooltewah Georgetown Rd,4/17/2018 15:00,2018-04-17,15,1523991600,,,,Property Damage,Angle,No,No,No,No,45,2,No,No,Unknown,37311,Unknown,37363,No,No,Daylight,Clear,853,42,3,0,2,7,1523988000,0.39,4.56,217,8,0,69.5,11.49,0,69.5,43.61,7.021,,clear-day,clear,0,0,0,0,1,0
,35.084173,-85.059143,9231 Lee Hwy,,Ooltewah Georgetown Rd,4/17/2018 15:00,2018-04-17,15,1523991600,,,,Property Damage,Angle,No,No,No,No,45,2,No,No,Unknown,37311,Unknown,37363,No,No,Daylight,Clear,853,42,3,0,2,7,1523988000,0.39,4.56,217,8,0,69.5,11.49,0,69.5,43.61,7.021,,clear-day,clear,0,0,0,0,1,0
,35.084173,-85.059143,9231 Lee Hwy,,Ooltewah Georgetown Rd,4/17/2018 15:00,2018-04-17,15,1523991600,,,,Property Damage,Angle,No,No,No,No,45,2,No,No,Unknown,37311,Unknown,37363,No,No,Daylight,Clear,853,42,3,0,2,7,1523988000,0.39,4.56,217,8,0,69.5,11.49,0,69.5,43.61,7.021,,clear-day,clear,0,0,0,0,1,0
,35.084173,-85.059143,9231 Lee Hwy,,Ooltewah Georgetown Rd,4/17/2018 15:00,2018-04-17,15,1523991600,,,,Property Damage,Angle,No,No,No,No,45,2,No,No,Unknown,37311,Unknown,37363,No,No,Daylight,Clear,853,42,3,0,2,7,1523988000,0.39,4.56,217,8,0,69.5,11.49,0,69.5,43.61,7.021,,clear-day,clear,0,0,0,0,1,0
,35.083394,-85.058605,6009 Ooltewah Georgetown Rd,,US 64,4/28/2018 18:00,2018-04-28,18,1524952800,,,,Property Damage Under,Front to Rear,Yes,No,No,No,35,2,No,No,Shoulder and Lap Belt Used,37421,Unknown,Unknown,No,No,Daylight,Clear,853,42,3,0,2,7,1524949200,0.31,3.79,292,2,0,76.45,10.47,0.44,76.45,43.39,7.021,,partly-cloudy-day,partly cloudy,0,1,0,0,0,0
,35.083394,-85.058605,6009 Ooltewah Georgetown Rd,,US 64,4/28/2018 18:00,2018-04-28,18,1524952800,,,,Property Damage Under,Front to Rear,Yes,No,No,No,35,2,No,No,Shoulder and Lap Belt Used,37421,Unknown,Unknown,No,No,Daylight,Clear,853,42,3,0,2,7,1524949200,0.31,3.79,292,2,0,76.45,10.47,0.44,76.45,43.39,7.021,,partly-cloudy-day,partly cloudy,0,1,0,0,0,0
,35.083394,-85.058605,6009 Ooltewah Georgetown Rd,,US 64,4/28/2018 18:00,2018-04-28,18,1524952800,,,,Property Damage Under,Front to Rear,Yes,No,No,No,35,2,No,No,Shoulder and Lap Belt Used,37421,Unknown,Unknown,No,No,Daylight,Clear,853,42,3,0,2,7,1524949200,0.31,3.79,292,2,0,76.45,10.47,0.44,76.45,43.39,7.021,,partly-cloudy-day,partly cloudy,0,1,0,0,0,0
,35.083394,-85.058605,6009 Ooltewah Georgetown Rd,,US 64,4/28/2018 18:00,2018-04-28,18,1524952800,,,,Property Damage Under,Front to Rear,Yes,No,No,No,35,2,No,No,Shoulder and Lap Belt Used,37421,Unknown,Unknown,No,No,Daylight,Clear,853,42,3,0,2,7,1524949200,0.31,3.79,292,2,0,76.45,10.47,0.44,76.45,43.39,7.021,,partly-cloudy-day,partly cloudy,0,1,0,0,0,0
,35.085023,-85.064843,9048 Leee Hwy,,Weir Way,5/30/2018 14:00,2018-05-30,14,1527703200,,,,Property Damage,Angle,No,No,No,No,45,2,No,No,Shoulder and Lap Belt Used,37363,Shoulder and Lap Belt Used,37341,No,No,Daylight,Clear,853,42,3,0,2,7,1527699600,0.79,6.31,203,6,0.001,79.78,14.49,0.75,78.53,71.34,5.859,rain,partly-cloudy-day,mostly cloudy,0,1,0,0,0,0
,35.085023,-85.064843,9048 Leee Hwy,,Weir Way,5/30/2018 14:00,2018-05-30,14,1527703200,,,,Property Damage,Angle,No,No,No,No,45,2,No,No,Shoulder and Lap Belt Used,37363,Shoulder and Lap Belt Used,37341,No,No,Daylight,Clear,853,42,3,0,2,7,1527699600,0.79,6.31,203,6,0.001,79.78,14.49,0.75,78.53,71.34,5.859,rain,partly-cloudy-day,mostly cloudy,0,1,0,0,0,0
,35.085023,-85.064843,9048 Leee Hwy,,Weir Way,5/30/2018 14:00,2018-05-30,14,1527703200,,,,Property Damage,Angle,No,No,No,No,45,2,No,No,Shoulder and Lap Belt Used,37363,Shoulder and Lap Belt Used,37341,No,No,Daylight,Clear,853,42,3,0,2,7,1527699600,0.79,6.31,203,6,0.001,79.78,14.49,0.75,78.53,71.34,5.859,rain,partly-cloudy-day,mostly cloudy,0,1,0,0,0,0