Accident,Latitude,Longitude,Street,AltStreet,Intersection,DateTime,Date,Hour,Unix,WeekDay,WeekEnd,DayFrame,AccidentType,CollisionType,HaR,FatalInjury,MedicalTransport,InvolvedPlacardedTruck,PostedSpeed,TotalVehiclesInvolved,PedestrianInvolved,BicycleInvolved,DriverOneSafetyEquipment,DriverOneZip,DriverTwoSafetyEquipment,DriverTwoZip,Drug,Alcohol,LightCondition,Weather,Grid_Block,Grid_Col,Grid_Row,Highway,Land_Use_Mode,Road_Count,HourBefore,humidity,windSpeed,windBearing,uvIndex,precipIntensity,apparentTemperature,windGust,cloudCover,temperature,dewPoint,visibility,precipType,Event,Conditions,Rain,Cloudy,Foggy,Snow,Clear,RainBefore
,35.085023,-85.064843,9048 Leee Hwy,,Weir Way,5/30/2018 14:00,2018-05-30,14,1527703200,,,,Property Damage,Angle,No,No,No,No,45,2,No,No,Shoulder and Lap Belt Used,37363,Shoulder and Lap Belt Used,37341,No,No,Daylight,Clear,853,42,3,0,2,7,1527699600,0.79,6.31,203,6,0.001,79.78,14.49,0.75,78.53,71.34,5.859,rain,partly-cloudy-day,mostly cloudy,0,1,0,0,0,0
,35.085351,-85.064529,6000-6199 Weir Way,SR-6000,Lee Hwy,7/5/2018 8:00,2018-07-05,8,1530792000,,,,Property Damage Under,Angle,Yes,No,No,No,,2,No,No,Unknown,Unknown,,37363,,,Daylight,Clear,853,42,3,0,2,7,1530788400,0.93,0.56,13,1,0,75.8,3.44,0,74.32,72.02,2.215,,clear-day,humid,0,0,0,0,1,0
,35.085351,-85.064529,6000-6199 Weir Way,SR-6000,Lee Hwy,7/5/2018 8:00,2018-07-05,8,1530792000,,,,Property Damage Under,Angle,Yes,No,No,No,,2,No,No,Unknown,Unknown,,37363,,,Daylight,Clear,853,42,3,0,2,7,1530788400,0.93,0.56,13,1,0,75.8,3.44,0,74.32,72.02,2.215,,clear-day,humid,0,0,0,0,1,0
,35.085351,-85.064529,6000-6199 Weir Way,SR-6000,Lee Hwy,7/5/2018 8:00,2018-07-05,8,1530792000,,,,Property Damage Under,Angle,Yes,No,No,No,,2,No,No,Unknown,Unknown,,37363,,,Daylight,Clear,853,42,3,0,2,7,1530788400,0.93,0.56,13,1,0,75.78,3.44,0,74.3,72.02,2.215,,clear-day,humid,0,0,0,0,1,0
,35.085351,-85.064529,6000-6199 Weir Way,SR-6000,Lee Hwy,7/5/2018 8:00,2018-07-05,8,1530792000,,,,Property Damage Under,Angle,Yes,No,No,No,,2,No,No,Unknown,Unknown,,37363,,,Daylight,Clear,853,42,3,0,2,7,1530788400,0.93,0.56,13,1,0,75.78,3.44,0,74.3,72.02,2.215,,clear-day,humid,0,0,0,0,1,0
,35.0835695,-85.05959,9200 Lee HWY,,LITTLE DEBBIE PRKWAY,7/18/2018 17:00,2018-07-18,17,1531947600,,,,Property Damage,Angle,Yes,No,No,No,45,2,No,No,Unknown,Unknown,Shoulder and Lap Belt Used,37353,No,No,Daylight,Clear,853,42,3,0,2,7,1531944000,0.5,7.24,27,4,0,92.31,11.19,0.37,88.69,67.81,9.049,,partly-cloudy-day,partly cloudy,0,1,0,0,0,0
,35.0835695,-85.05959,9200 Lee HWY,,LITTLE DEBBIE PRKWAY,7/18/2018 17:00,2018-07-18,17,1531947600,,,,Property Damage,Angle,Yes,No,No,No,45,2,No,No,Unknown,Unknown,Shoulder and Lap Belt Used,37353,No,No,Daylight,Clear,853,42,3,0,2,7,1531944000,0.5,7.24,27,4,0,92.31,11.19,0.37,88.69,67.81,9.049,,partly-cloudy-day,partly cloudy,0,1,0,0,0,0
,35.0835695,-85.05959,9200 Lee HWY,,LITTLE DEBBIE PRKWAY,7/18/2018 17:00,2018-07-18,17,1531947600,,,,Property Damage,Angle,Yes,No,No,No,45,2,No,No,Unknown,Unknown,Shoulder and Lap Belt Used,37353,No,No,Daylight,Clear,853,42,3,0,2,7,1531944000,0.5,7.24,27,4,0,92.25,11.19,0.37,88.63,67.81,9.049,,partly-cloudy-day,partly cloudy,0,1,0,0,0,0
,35.0835695,-85.05959,9200 Lee HWY,,LITTLE DEBBIE PRKWAY,7/18/2018 17:00,2018-07-18,17,1531947600,,,,Property Damage,Angle,Yes,No,No,No,45,2,No,No,Unknown,Unknown,Shoulder and Lap Belt Used,37353,No,No,Daylight,Clear,853,42,3,0,2,7,1531944000,0.5,7.24,27,4,0,92.25,11.19,0.37,88.63,67.81,9.049,,partly-cloudy-day,partly cloudy,0,1,0,0,0,0
,35.085502,-85.0648,9043 Lee Hwy,,Artesian Cir,7/31/2018 13:00,2018-07-31,13,1533056400,,,,Property Damage,Front to Rear,No,No,No,No,35,2,No,No,Shoulder and Lap Belt Used,37416,Shoulder and Lap Belt Used,37397,No,No,Daylight,Clear,853,42,3,0,2,7,1533052800,0.74,5.77,193,6,0,86,11.5,0.75,81.39,72.12,8.689,,partly-cloudy-day,humid and mostly cloudy,0,1,0,0,0,0
,35.085502,-85.0648,9043 Lee Hwy,,Artesian Cir,7/31/2018 13:00,2018-07-31,13,1533056400,,,,Property Damage,Front to Rear,No,No,No,No,35,2,No,No,Shoulder and Lap Belt Used,37416,Shoulder and Lap Belt Used,37397,No,No,Daylight,Clear,853,42,3,0,2,7,1533052800,0.74,5.77,193,6,0,86,11.5,0.75,81.39,72.12,8.689,,partly-cloudy-day,humid and mostly cloudy,0,1,0,0,0,0
,35.085502,-85.0648,9043 Lee Hwy,,Artesian Cir,7/31/2018 13:00,2018-07-31,13,1533056400,,,,Property Damage,Front to Rear,No,No,No,No,35,2,No,No,Shoulder and Lap Belt Used,37416,Shoulder and Lap Belt Used,37397,No,No,Daylight,Clear,853,42,3,0,2,7,1533052800,0.74,5.77,193,6,0,85.96,11.5,0.75,81.37,72.12,8.689,,partly-cloudy-day,humid and mostly cloudy,0,1,0,0,0,0
,35.085502,-85.0648,9043 Lee Hwy,,Artesian Cir,7/31/2018 13:00,2018-07-31,13,1533056400,,,,Property Damage,Front to Rear,No,No,No,No,35,2,No,No,Shoulder and Lap Belt Used,37416,Shoulder and Lap Belt Used,37397,No,No,Daylight,Clear,853,42,3,0,2,7,1533052800,0.74,5.77,193,6,0,85.96,11.5,0.75,81.37,72.12,8.689,,partly-cloudy-day,humid and mostly cloudy,0,1,0,0,0,0
,35.084844,-85.064345,3550 Cummings Hwy Walmart Parking Lot,,Myrtle Ave,8/16/2018 13:00,2018-08-16,13,1534438800,,,,Property Damage,Rear to Rear,No,No,No,No,,2,No,No,Shoulder and Lap Belt Used,35966,Shoulder and Lap Belt Used,30752,No,No,Daylight,Clear,853,42,3,0,2,7,1534435200,0.61,7.9,189,9,0,94.74,14.37,0.19,87.7,72.36,6.463,,partly-cloudy-day,humid and partly cloudy,0,1,0,0,0,0
,35.084844,-85.064345,3550 Cummings Hwy Walmart Parking Lot,,Myrtle Ave,8/16/2018 13:00,2018-08-16,13,1534438800,,,,Property Damage,Rear to Rear,No,No,No,No,,2,No,No,Shoulder and Lap Belt Used,35966,Shoulder and Lap Belt Used,30752,No,No,Daylight,Clear,853,42,3,0,2,7,1534435200,0.61,7.9,189,9,0,94.74,14.37,0.19,87.7,72.36,6.463,,partly-cloudy-day,humid and partly cloudy,0,1,0,0,0,0
,35.084844,-85.064345,3550 Cummings Hwy Walmart Parking Lot,,Myrtle Ave,8/16/2018 13:00,2018-08-16,13,1534438800,,,,Property Damage,Rear to Rear,No,No,No,No,,2,No,No,Shoulder and Lap Belt Used,35966,Shoulder and Lap Belt Used,30752,No,No,Daylight,Clear,853,42,3,0,2,7,1534435200,0.6,7.9,189,9,0,94.91,14.37,0.19,87.83,72.36,6.463,,partly-cloudy-day,humid and partly cloudy,0,1,0,0,0,0
,35.084844,-85.064345,3550 Cummings Hwy Walmart Parking Lot,,Myrtle Ave,8/16/2018 13:00,2018-08-16,13,1534438800,,,,Property Damage,Rear to Rear,No,No,No,No,,2,No,No,Shoulder and Lap Belt Used,35966,Shoulder and Lap Belt Used,30752,No,No,Daylight,Clear,853,42,3,0,2,7,1534435200,0.6,7.9,189,9,0,94.91,14.37,0.19,87.83,72.36,6.463,,partly-cloudy-day,humid and partly cloudy,0,1,0,0,0,0
,35.084597,-85.062032,6000 Relocation Way,,Lee Hwy,9/20/2018 12:00,2018-09-20,12,1537459200,,,,Property Damage,Angle,No,No,No,No,25,2,No,No,Shoulder and Lap Belt Used,29073,Shoulder and Lap Belt Used,37312,No,No,Daylight,Clear,853,42,3,0,2,7,1537455600,0.6,2.02,186,7,0,88.16,6.66,0,84.41,68.91,6.382,,clear-day,clear,0,0,0,0,1,0
,35.084597,-85.062032,6000 Relocation Way,,Lee Hwy,9/20/2018 12:00,2018-09-20,12,1537459200,,,,Property Damage,Angle,No,No,No,No,25,2,No,No,Shoulder and Lap Belt Used,29073,Shoulder and Lap Belt Used,37312,No,No,Daylight,Clear,853,42,3,0,2,7,1537455600,0.6,2.02,186,7,0,88.16,6.66,0,84.41,68.91,6.382,,clear-day,clear,0,0,0,0,1,0
,35.084597,-85.062032,6000 Relocation Way,,Lee Hwy,9/20/2018 12:00,2018-09-20,12,1537459200,,,,Property Damage,Angle,No,No,No,No,25,2,No,No,Shoulder and Lap Belt Used,29073,Shoulder and Lap Belt Used,37312,No,No,Daylight,Clear,853,42,3,0,2,7,1537455600,0.6,2.02,186,7,0,88.24,6.66,0,84.48,68.91,6.382,,clear-day,clear,0,0,0,0,1,0
,35.084597,-85.062032,6000 Relocation Way,,Lee Hwy,9/20/2018 12:00,2018-09-20,12,1537459200,,,,Property Damage,Angle,No,No,No,No,25,2,No,No,Shoulder and Lap Belt Used,29073,Shoulder and Lap Belt Used,37312,No,No,Daylight,Clear,853,42,3,0,2,7,1537455600,0.6,2.02,186,7,0,88.24,6.66,0,84.48,68.91,6.382,,clear-day,clear,0,0,0,0,1,0
,35.08279,-85.05876,9200 Lee Highway,,Ooltewah Georgetown Rd,9/21/2018 12:00,2018-09-21,12,1537545600,,,,Property Damage,Front to Rear,No,No,No,No,45,3,No,No,Shoulder and Lap Belt Used,37363,Shoulder and Lap Belt Used,37363,No,No,Daylight,Clear,853,42,3,0,2,7,1537542000,0.62,4.67,150,6,0,83.62,11.29,0.19,81.21,66.87,6.694,,partly-cloudy-day,partly cloudy,0,1,0,0,0,0
,35.08279,-85.05876,9200 Lee Highway,,Ooltewah Georgetown Rd,9/21/2018 12:00,2018-09-21,12,1537545600,,,,Property Damage,Front to Rear,No,No,No,No,45,3,No,No,Shoulder and Lap Belt Used,37363,Shoulder and Lap Belt Used,37363,No,No,Daylight,Clear,853,42,3,0,2,7,1537542000,0.62,4.67,150,6,0,83.62,11.29,0.19,81.21,66.87,6.694,,partly-cloudy-day,partly cloudy,0,1,0,0,0,0
,35.08279,-85.05876,9200 Lee Highway,,Ooltewah Georgetown Rd,9/21/2018 12:00,2018-09-21,12,1537545600,,,,Property Damage,Front to Rear,No,No,No,No,45,3,No,No,Shoulder and Lap Belt Used,37363,Shoulder and Lap Belt Used,37363,No,No,Daylight,Clear,853,42,3,0,2,7,1537542000,0.62,4.67,150,6,0,83.67,11.29,0.19,81.25,66.87,6.694,,partly-cloudy-day,partly cloudy,0,1,0,0,0,0
,35.08279,-85.05876,9200 Lee Highway,,Ooltewah Georgetown Rd,9/21/2018 12:00,2018-09-21,12,1537545600,,,,Property Damage,Front to Rear,No,No,No,No,45,3,No,No,Shoulder and Lap Belt Used,37363,Shoulder and Lap Belt Used,37363,No,No,Daylight,Clear,853,42,3,0,2,7,1537542000,0.62,4.67,150,6,0,83.67,11.29,0.19,81.25,66.87,6.694,,partly-cloudy-day,partly cloudy,0,1,0,0,0,0
,35.084989,-85.064748,9034 Lee Hwy,,Weir,10/6/2018 12:00,2018-10-06,12,1538841600,,,,Property Damage,Front to Rear,No,No,No,No,45,2,No,No,Unknown,30741,Unknown,53511,No,No,Daylight,Clear,853,42,3,0,2,7,1538838000,0.7,1.52,116,6,0,86.14,4.03,0,81.86,71.04,6.82,,clear-day,clear,0,0,0,0,1,0
,35.084989,-85.064748,9034 Lee Hwy,,Weir,10/6/2018 12:00,2018-10-06,12,1538841600,,,,Property Damage,Front to Rear,No,No,No,No,45,2,No,No,Unknown,30741,Unknown,53511,No,No,Daylight,Clear,853,42,3,0,2,7,1538838000,0.7,1.52,116,6,0,86.14,4.03,0,81.86,71.04,6.82,,clear-day,clear,0,0,0,0,1,0
,35.084989,-85.064748,9034 Lee Hwy,,Weir,10/6/2018 12:00,2018-10-06,12,1538841600,,,,Property Damage,Front to Rear,No,No,No,No,45,2,No,No,Unknown,30741,Unknown,53511,No,No,Daylight,Clear,853,42,3,0,2,7,1538838000,0.7,1.52,116,6,0,86.19,4.03,0,81.9,71.04,6.82,,clear-day,clear,0,0,0,0,1,0
,35.084989,-85.064748,9034 Lee Hwy,,Weir,10/6/2018 12:00,2018-10-06,12,1538841600,,,,Property Damage,Front to Rear,No,No,No,No,45,2,No,No,Unknown,30741,Unknown,53511,No,No,Daylight,Clear,853,42,3,0,2,7,1538838000,0.7,1.52,116,6,0,86.19,4.03,0,81.9,71.04,6.82,,clear-day,clear,0,0,0,0,1,0
,35.08327,-85.059993,9231 Lee Hwy,,Ooltewah Georgetown Rd,10/22/2018 18:00,2018-10-22,18,1540245600,,,,Property Damage Under,"Sideswipe, Same Direction",Yes,No,No,No,50,2,No,No,Unknown,Unknown,Shoulder and Lap Belt Used,37302,No,No,Daylight,Clear,853,42,3,0,2,7,1540242000,0.43,2.99,197,0,0,63.11,7.35,0,63.11,40.14,8.197,,clear-day,clear,0,0,0,0,1,0
,35.08327,-85.059993,9231 Lee Hwy,,Ooltewah Georgetown Rd,10/22/2018 18:00,2018-10-22,18,1540245600,,,,Property Damage Under,"Sideswipe, Same Direction",Yes,No,No,No,50,2,No,No,Unknown,Unknown,Shoulder and Lap Belt Used,37302,No,No,Daylight,Clear,853,42,3,0,2,7,1540242000,0.43,2.99,197,0,0,63.11,7.35,0,63.11,40.14,8.197,,clear-day,clear,0,0,0,0,1,0
,35.08327,-85.059993,9231 Lee Hwy,,Ooltewah Georgetown Rd,10/22/2018 18:00,2018-10-22,18,1540245600,,,,Property Damage Under,"Sideswipe, Same Direction",Yes,No,No,No,50,2,No,No,Unknown,Unknown,Shoulder and Lap Belt Used,37302,No,No,Daylight,Clear,853,42,3,0,2,7,1540242000,0.43,2.99,197,0,0,63.15,7.35,0,63.15,40.14,8.197,,clear-day,clear,0,0,0,0,1,0
,35.08327,-85.059993,9231 Lee Hwy,,Ooltewah Georgetown Rd,10/22/2018 18:00,2018-10-22,18,1540245600,,,,Property Damage Under,"Sideswipe, Same Direction",Yes,No,No,No,50,2,No,No,Unknown,Unknown,Shoulder and Lap Belt Used,37302,No,No,Daylight,Clear,853,42,3,0,2,7,1540242000,0.43,2.99,197,0,0,63.15,7.35,0,63.15,40.14,8.197,,clear-day,clear,0,0,0,0,1,0
,35.084885,-85.062889,9201 Lee Hwy,,Little Debbie Parkway,10/26/2018 14:00,2018-10-26,14,1540576800,,,,Property Damage,Angle,No,No,No,No,35,2,No,No,Shoulder and Lap Belt Used,37363,Shoulder and Lap Belt Used,37363,No,No,Daylight,Rain,853,42,3,0,2,7,1540573200,0.95,5.67,215,3,0.001,52.56,10.18,1,52.56,51.22,0.307,rain,rain,possible drizzle,1,0,0,0,0,1
,35.084885,-85.062889,9201 Lee Hwy,,Little Debbie Parkway,10/26/2018 14:00,2018-10-26,14,1540576800,,,,Property Damage,Angle,No,No,No,No,35,2,No,No,Shoulder and Lap Belt Used,37363,Shoulder and Lap Belt Used,37363,No,No,Daylight,Rain,853,42,3,0,2,7,1540573200,0.95,5.67,215,3,0.001,52.56,10.18,1,52.56,51.22,0.307,rain,rain,possible drizzle,1,0,0,0,0,1
,35.084885,-85.062889,9201 Lee Hwy,,Little Debbie Parkway,10/26/2018 14:00,2018-10-26,14,1540576800,,,,Property Damage,Angle,No,No,No,No,35,2,No,No,Shoulder and Lap Belt Used,37363,Shoulder and Lap Belt Used,37363,No,No,Daylight,Rain,853,42,3,0,2,7,1540573200,0.95,5.67,215,3,0.001,52.58,10.18,1,52.58,51.22,0.307,rain,rain,possible drizzle,1,0,0,0,0,1
,35.084885,-85.062889,9201 Lee Hwy,,Little Debbie Parkway,10/26/2018 14:00,2018-10-26,14,1540576800,,,,Property Damage,Angle,No,No,No,No,35,2,No,No,Shoulder and Lap Belt Used,37363,Shoulder and Lap Belt Used,37363,No,No,Daylight,Rain,853,42,3,0,2,7,1540573200,0.95,5.67,215,3,0.001,52.58,10.18,1,52.58,51.22,0.307,rain,rain,possible drizzle,1,0,0,0,0,1
,35.085125,-85.063983,9101 Lee Hwy,,Artesian,11/20/2018 19:00,2018-11-20,19,1542758400,,,,Property Damage,Front to Rear,No,No,No,No,40,2,No,No,Shoulder and Lap Belt Used,37857,Shoulder and Lap Belt Used,37341,No,No,Dark - Lighted,Clear,853,42,3,0,2,7,1542754800,0.63,7.93,0,0,0,39.68,14.83,1,44.15,32.55,7.206,,cloudy,overcast,0,1,0,0,0,0
,35.085125,-85.063983,9101 Lee Hwy,,Artesian,11/20/2018 19:00,2018-11-20,19,1542758400,,,,Property Damage,Front to Rear,No,No,No,No,40,2,No,No,Shoulder and Lap Belt Used,37857,Shoulder and Lap Belt Used,37341,No,No,Dark - Lighted,Clear,853,42,3,0,2,7,1542754800,0.63,7.93,0,0,0,39.68,14.83,1,44.15,32.55,7.206,,cloudy,overcast,0,1,0,0,0,0
,35.085125,-85.063983,9101 Lee Hwy,,Artesian,11/20/2018 19:00,2018-11-20,19,1542758400,,,,Property Damage,Front to Rear,No,No,No,No,40,2,No,No,Shoulder and Lap Belt Used,37857,Shoulder and Lap Belt Used,37341,No,No,Dark - Lighted,Clear,853,42,3,0,2,7,1542754800,0.63,7.93,0,0,0,39.87,14.83,1,44.31,32.55,7.206,,cloudy,overcast,0,1,0,0,0,0
,35.085125,-85.063983,9101 Lee Hwy,,Artesian,11/20/2018 19:00,2018-11-20,19,1542758400,,,,Property Damage,Front to Rear,No,No,No,No,40,2,No,No,Shoulder and Lap Belt Used,37857,Shoulder and Lap Belt Used,37341,No,No,Dark - Lighted,Clear,853,42,3,0,2,7,1542754800,0.63,7.93,0,0,0,39.87,14.83,1,44.31,32.55,7.206,,cloudy,overcast,0,1,0,0,0,0
,35.085125,-85.063983,9101 Lee Hwy,,Artesian Circle,11/20/2018 19:00,2018-11-20,19,1542758400,,,,Property Damage Under,Front to Rear,No,No,No,No,40,2,No,No,Shoulder and Lap Belt Used,37343,Shoulder and Lap Belt Used,37341,No,No,Dark - Lighted,Clear,853,42,3,0,2,7,1542754800,0.63,7.93,0,0,0,39.68,14.83,1,44.15,32.55,7.206,,cloudy,overcast,0,1,0,0,0,0
,35.085125,-85.063983,9101 Lee Hwy,,Artesian Circle,11/20/2018 19:00,2018-11-20,19,1542758400,,,,Property Damage Under,Front to Rear,No,No,No,No,40,2,No,No,Shoulder and Lap Belt Used,37343,Shoulder and Lap Belt Used,37341,No,No,Dark - Lighted,Clear,853,42,3,0,2,7,1542754800,0.63,7.93,0,0,0,39.68,14.83,1,44.15,32.55,7.206,,cloudy,overcast,0,1,0,0,0,0
,35.085125,-85.063983,9101 Lee Hwy,,Artesian Circle,11/20/2018 19:00,2018-11-20,19,1542758400,,,,Property Damage Under,Front to Rear,No,No,No,No,40,2,No,No,Shoulder and Lap Belt Used,37343,Shoulder and Lap Belt Used,37341,No,No,Dark - Lighted,Clear,853,42,3,0,2,7,1542754800,0.63,7.93,0,0,0,39.87,14.83,1,44.31,32.55,7.206,,cloudy,overcast,0,1,0,0,0,0
,35.085125,-85.063983,9101 Lee Hwy,,Artesian Circle,11/20/2018 19:00,2018-11-20,19,1542758400,,,,Property Damage Under,Front to Rear,No,No,No,No,40,2,No,No,Shoulder and Lap Belt Used,37343,Shoulder and Lap Belt Used,37341,No,No,Dark - Lighted,Clear,853,42,3,0,2,7,1542754800,0.63,7.93,0,0,0,39.87,14.83,1,44.31,32.55,7.206,,cloudy,overcast,0,1,0,0,0,0
,35.084597,-85.062032,Lee Hwy,,Relocation Way,4/25/2019 17:00,2019-04-25,17,1556226000,,,,Property Damage Under,Angle,No,No,No,No,45,2,No,No,Shoulder and Lap Belt Used,37363,Shoulder and Lap Belt Used,37363,No,No,Daylight,Clear,853,42,3,0,2,7,1556222400,0.55,9.01,190,3,0,75.03,17.38,0.44,75.03,57.9,6.833,,partly-cloudy-day,partly cloudy,0,1,0,0,0,0
,35.042118,-85.158427,Shallowford Rd,,Shallowford Rd,1/4/2018 0:00,2018-01-04,0,1515042000,,,,Property Damage,Unknown,Yes,No,No,No,,2,No,No,Unknown,Unknown,Shoulder and Lap Belt Used,37406,No,No,Unknown,Clear,417,33,14,1,2,6,1515038400,0.45,2.84,338,0,0,27.5,7.64,0.16,27.5,8.95,6.023,,partly-cloudy-night,partly cloudy,0,1,0,0,0,0
,35.044282,-85.162551,6960 Lee Hwy,,Shallowford Rd,1/4/2018 17:00,2018-01-04,17,1515103200,,,,Property Damage Under,Unknown,No,No,No,No,40,1,No,No,Shoulder and Lap Belt Used,37421,,,No,No,Daylight,Clear,417,33,14,1,2,6,1515099600,0.44,5.24,337,0,0,19.43,10.25,0,25.7,6.64,6.126,,clear-day,clear,0,0,0,0,1,0
,35.043809,-85.164172,6940 Lee Hwy,,Shallowford Rd,1/25/2018 0:00,2018-01-25,0,1516856400,,,,Property Damage,Unknown,Yes,No,No,No,25,2,No,No,Unknown,Unknown,,30736,,,Unknown,Clear,417,33,14,1,2,6,1516852800,0.66,0.23,339,0,0,35,1.13,0,35,24.76,8.625,,clear-night,clear,0,0,0,0,1,0
,35.0430438,-85.160186,2232 Center St,,Amin Drive,2/28/2018 0:00,2018-02-28,0,1519794000,,,,Property Damage,Unknown,Yes,No,No,No,15,2,No,No,Unknown,Unknown,,,,,Unknown,Rain,417,33,14,1,2,6,1519790400,0.54,2.53,169,0,0,56.6,5.97,0.12,56.6,40.17,6.563,,clear-night,clear,0,0,0,0,1,0
,35.043405,-85.162666,2193 Park Dr,,Shallowford Rd,3/4/2018 0:00,2018-03-04,0,1520139600,,,,Property Damage Under,Unknown,Yes,No,No,No,15,2,No,No,Unknown,Unknown,,37421,,,Unknown,Clear,417,33,14,1,2,6,1520136000,0.44,2,5,0,0,44.67,4.25,0,44.67,23.85,5.754,,clear-night,clear,0,0,0,0,1,0
,35.044762,-85.164109,6900 Shallowford Rd,,Lee Hwy,4/16/2018 17:00,2018-04-16,17,1523912400,,,,Property Damage,Angle,Yes,No,No,No,30,2,No,No,Shoulder and Lap Belt Used,37416,Unknown,Unknown,No,No,Daylight,Clear,417,33,14,1,2,6,1523908800,0.52,4.02,305,3,0,45.92,11.44,0.75,47.46,30.77,6.126,,partly-cloudy-day,mostly cloudy,0,1,0,0,0,0
,35.043405,-85.162666,Lee Hwy,,Shallowford Rd,5/6/2018 0:00,2018-05-06,0,1525579200,,,,Property Damage,Angle,Yes,No,No,No,,2,No,No,Unknown,Unknown,Unknown,37411,,,Dark - Lighted,Clear,417,33,14,1,2,6,1525575600,0.9,0.74,245,0,0.005,62.3,2.35,0.44,62.18,59.09,5.591,rain,rain,possible drizzle,1,0,0,0,0,1
,35.043162,-85.158457,7018 Shallowford Rd,,Shallowford Village Dr,5/29/2018 0:00,2018-05-29,0,1527566400,,,,Property Damage,Front to Rear,Yes,No,No,No,40,2,No,No,,37421,Unknown,37379,No,No,Unknown,Rain,417,33,14,1,2,6,1527562800,0.91,3.21,115,0,0.002,74.18,10.51,0.75,72.9,70.19,6.123,rain,partly-cloudy-night,mostly cloudy,0,1,0,0,0,0
,35.043087,-85.15911,Shallowford Rd,SR-7014,Lee Hwy,7/1/2018 0:00,2018-07-01,0,1530417600,,,,Property Damage,Unknown,Yes,No,No,No,,2,No,No,Unknown,Unknown,,44626,,,Unknown,Clear,417,33,14,1,2,6,1530414000,0.84,2.06,15,0,0,77.98,3.24,0.19,76.68,71.4,6.046,,partly-cloudy-night,partly cloudy,0,1,0,0,0,0
,35.044762,-85.164109,6951 Lee Hwy,,Shallowford Rd,8/3/2018 15:00,2018-08-03,15,1533322800,,,,Possible Injury,Angle,No,No,Yes,No,45,2,No,No,Restraint Used Type Unknown,30741,Unknown,37363,No,No,Daylight,Clear,417,33,14,1,2,6,1533319200,0.62,2.41,77,6,0,88.7,7.46,0.75,84.28,70.06,6.276,,partly-cloudy-day,mostly cloudy,0,1,0,0,0,0
,35.042711,-85.16002,3201 Wilcox Blvd,,Greenwood Rd,8/8/2018 21:00,2018-08-08,21,1533776400,,,,Property Damage Under,Other,No,No,No,No,,2,No,No,Shoulder and Lap Belt Used,37406,,37401,No,No,Dark - Lighted,Clear,417,33,14,1,2,6,1533772800,0.95,2.36,189,0,0,74.31,5.25,0,72.87,71.25,2.947,,clear-night,clear,0,0,0,0,1,0
,35.043742,-85.161551,2220 Park Dr,SR-2220,Shallowford Rd,8/22/2018 0:00,2018-08-22,0,1534910400,,,,Property Damage,Not Collision with Motor Vehicle in Transport,Yes,No,No,No,,1,No,No,Unknown,Unknown,,,,,Unknown,Clear,417,33,14,1,2,6,1534906800,0.76,2.75,272,0,0,75.6,6.38,1,74.82,66.92,5.746,,cloudy,overcast,0,1,0,0,0,0
,35.039465,-85.159358,541 Interstate 75 Hwy SB,I-75,,10/15/2018 0:00,2018-10-15,0,1539576000,,,,Property Damage,"Sideswipe, Same Direction",No,No,No,No,70,2,No,No,Shoulder and Lap Belt Used,37312,Shoulder and Lap Belt Used,60089,No,No,Unknown,Unknown,417,33,14,1,2,6,1539572400,0.72,6.33,186,0,0,68.76,24.38,0.18,68.76,59.37,10,,partly-cloudy-night,partly cloudy,0,1,0,0,0,0
,35.043594,-85.164513,6933 Lee Hwy,SR-6900,Shallowford Road,11/16/2018 0:00,2018-11-16,0,1542344400,,,,Property Damage,"Sideswipe, Opposite Direction",Yes,No,No,No,15,2,No,No,Unknown,Unknown,,37341,,,Unknown,Clear,417,33,14,1,2,6,1542340800,0.77,4.52,309,0,0,28.58,7.62,1,32.9,26.63,6.048,,cloudy,overcast,0,1,0,0,0,0
,35.043162,-85.158457,Shallowford Village Dr,,Shallowford Rd,12/24/2018 12:00,2018-12-24,12,1545670800,,,,Property Damage,Front to Rear,No,No,No,No,30,2,No,No,Shoulder and Lap Belt Used,37421,Shoulder and Lap Belt Used,37421,No,No,Daylight,Clear,417,33,14,1,2,6,1545667200,0.52,8.75,44,3,0,37.73,14.62,0,42.87,26.22,4.013,,clear-day,clear,0,0,0,0,1,0
,35.043765,-85.163798,6940 Lee Hwy,,Lee Hwy,2/15/2019 0:00,2019-02-15,0,1550206800,,,,Property Damage,Unknown,Yes,No,No,No,,2,No,No,,37363,Unknown,Unknown,,,Unknown,Unknown,417,33,14,1,2,6,1550203200,0.36,7.55,189,0,0,54.96,18.96,0.97,54.96,28.81,6.844,,cloudy,overcast,0,1,0,0,0,0
,35.042935,-85.15789,7022 Shallowford Rd,SR-7022,Amin Drive,4/5/2019 14:00,2019-04-05,14,1554487200,,,,Property Damage,Front to Rear,Yes,No,No,No,40,2,No,No,Unknown,Unknown,Shoulder and Lap Belt Used,37363,No,No,Daylight,Cloudy,417,33,14,1,2,6,1554483600,0.8,1.85,238,4,0,63.91,8.09,1,63.91,57.55,7.049,,cloudy,overcast,0,1,0,0,0,0
,35.044762,-85.164109,Lee Hwy,,Shallowford Rd.,4/26/2019 18:00,2019-04-26,18,1556316000,,,,Property Damage,Unknown,Yes,No,No,No,,2,No,No,Unknown,Unknown,,37421,,,Daylight,Unknown,417,33,14,1,2,6,1556312400,0.26,12.56,315,2,0,72.87,21.82,0,72.87,35.54,7.934,,clear-day,clear,0,0,0,0,1,0
,35.038579,-85.160308,530-589 Interstate 75 Sb Rd,I-75,Shallowford Rd,6/12/2019 5:00,2019-06-12,5,1560330000,,,,Property Damage,Unknown,Yes,No,No,No,55,2,No,No,Unknown,Unknown,Shoulder and Lap Belt Used,37411,,,Daylight,Cloudy,417,33,14,1,2,6,1560326400,0.77,0.9,325,0,0,64.94,1.66,1,64.94,57.53,5.893,,cloudy,overcast,0,1,0,0,0,0