Accident,Latitude,Longitude,Street,AltStreet,Intersection,DateTime,Date,Hour,Unix,WeekDay,WeekEnd,DayFrame,AccidentType,CollisionType,HaR,FatalInjury,MedicalTransport,InvolvedPlacardedTruck,PostedSpeed,TotalVehiclesInvolved,PedestrianInvolved,BicycleInvolved,DriverOneSafetyEquipment,DriverOneZip,DriverTwoSafetyEquipment,DriverTwoZip,Drug,Alcohol,LightCondition,Weather,Grid_Block,Grid_Col,Grid_Row,Highway,Land_Use_Mode,Road_Count,HourBefore,humidity,windSpeed,windBearing,uvIndex,precipIntensity,apparentTemperature,windGust,cloudCover,temperature,dewPoint,visibility,precipType,Event,Conditions,Rain,Cloudy,Foggy,Snow,Clear,RainBefore
,35.043647,-85.160001,7002 Shallowford Rd,,Lee Hwy,6/20/2019 13:00,2019-06-20,13,1561050000,,,,Property Damage,Rear to Side,No,No,No,No,15,2,No,No,Shoulder and Lap Belt Used,30721,Shoulder and Lap Belt Used,37411,No,No,Daylight,Clear,417,33,14,1,2,6,1561046400,0.72,4.76,200,6,0,77.32,8.39,0.75,76.56,67.06,6.287,,partly-cloudy-day,mostly cloudy,0,1,0,0,0,0
,35.044762,-85.164109,6951 Lee Hwy,SR-6951,Lee Park Dr.,6/22/2019 19:00,2019-06-22,19,1561244400,,,,Property Damage,"Sideswipe, Same Direction",No,No,No,No,35,2,No,No,Shoulder and Lap Belt Used,35740,Shoulder and Lap Belt Used,30741,No,No,Daylight,Clear,417,33,14,1,2,6,1561240800,0.58,4.12,278,1,0,95.71,11.47,0.58,88.62,72.13,3.97,,partly-cloudy-day,humid and mostly cloudy,0,1,0,0,0,0
,35.008709,-85.205213,490 Greenway View Dr,,Uptain Road,1/4/2018 19:00,2018-01-04,19,1515110400,,,,Suspected Serious Injury,Not Collision with Motor Vehicle in Transport,No,No,Yes,No,25,1,No,No,None Used MV Occupant,37406,,,No,No,Dark - Lighted,Clear,141,30,21,1,2,2,1515106800,0.5,3.3,338,0,0,18.3,8.27,0.16,22.68,6.61,6.111,,partly-cloudy-night,partly cloudy,0,1,0,0,0,0
,35.006375,-85.205741,170 Interstate,I-75,Interstate 24,2/2/2018 0:00,2018-02-02,0,1517547600,,,,Property Damage,Angle,No,No,No,No,65,2,No,No,Unknown,60618,Unknown,49301,No,No,Dark - Lighted,Clear,141,30,21,1,2,2,1517544000,0.88,4.05,352,0,0.015,36.15,10.45,1,39.03,35.87,5.876,rain,rain,drizzle,1,0,0,0,0,1
,35.006562,-85.206483,,I-75,E Brainerd Rd,2/14/2018 18:00,2018-02-14,18,1518649200,,,,Property Damage,Unknown,Yes,No,No,No,55,2,No,No,Shoulder and Lap Belt Used,37421,Unknown,Unknown,No,No,Daylight,Rain,141,30,21,1,2,2,1518645600,0.89,0.93,200,0,0.002,58.74,2.47,1,58.74,55.44,2.87,rain,rain,possible drizzle,1,0,0,0,0,1
,35.008709,-85.205213,490 Greenway View Dr,,Greenway View,2/15/2018 0:00,2018-02-15,0,1518670800,,,,Property Damage Under,Unknown,Yes,No,No,No,15,2,No,No,Unknown,Unknown,,38125,,,Unknown,Clear,141,30,21,1,2,2,1518667200,0.94,3.21,190,0,0.031,58.76,5.72,1,58.76,56.98,2.404,rain,rain,light rain,1,0,0,0,0,1
,35.008709,-85.205213,Greenway View Dr,,Greenway View Dr,3/13/2018 0:00,2018-03-13,0,1520913600,,,,Property Damage Under,Other,Yes,No,No,No,,2,No,No,,37412,Unknown,Unknown,,,Unknown,Unknown,141,30,21,1,2,2,1520910000,0.64,5.81,333,0,0,36.04,12.57,1,40.14,28.84,4.071,,cloudy,overcast,0,1,0,0,0,0
,35.006903,-85.204255,180 I 75 Interstate,I-75,I 24,4/9/2018 8:00,2018-04-09,8,1523275200,,,,Property Damage,"Sideswipe, Same Direction",Yes,No,No,No,55,2,No,No,Shoulder and Lap Belt Used,37307,Unknown,Unknown,No,No,Daylight,Clear,141,30,21,1,2,2,1523271600,0.91,0.05,,0,0.001,45.79,0.87,1,45.79,43.23,2.703,rain,cloudy,overcast,0,1,0,0,0,0
,35.006927,-85.205022,I-75 Interstate,I-75,E Brainerd Rd,4/28/2018 16:00,2018-04-28,16,1524945600,,,,Property Damage,Front to Rear,Yes,No,No,No,55,3,No,No,Shoulder and Lap Belt Used,37323,Unknown,Unknown,No,No,Daylight,Clear,141,30,21,1,2,2,1524942000,0.28,3.81,299,6,0,77.69,11.14,0.38,77.69,42.4,6.111,,partly-cloudy-day,partly cloudy,0,1,0,0,0,0
,35.008709,-85.205213,490 Greenway View Dr,,Greenway View Dr,5/11/2018 15:00,2018-05-11,15,1526065200,,,,Property Damage,Rear to Side,No,No,No,No,25,2,No,No,Shoulder and Lap Belt Used,37412,Shoulder and Lap Belt Used,37406,No,No,Daylight,Clear,141,30,21,1,2,2,1526061600,0.44,2,246,7,0,88.84,6.16,0.44,87.88,63.2,6.111,,partly-cloudy-day,partly cloudy,0,1,0,0,0,0
,35.010057,-85.209205,5740 Uptain Rd,,Debra Rd.,5/25/2018 16:00,2018-05-25,16,1527278400,,,,Property Damage,Angle,No,No,No,No,15,2,No,No,,37406,,30337,No,No,Daylight,Clear,141,30,21,1,2,2,1527274800,0.53,2.78,180,6,0,88.39,9.24,0.44,85.77,66.65,6.113,,partly-cloudy-day,partly cloudy,0,1,0,0,0,0
,35.006901,-85.204257,160 Interstate 75 Norhbound,I-75,East Brainerd Rd,6/1/2018 10:00,2018-06-01,10,1527861600,,,,Possible Injury,Angle,No,No,Yes,No,55,3,No,No,Shoulder and Lap Belt Used,37421,Shoulder and Lap Belt Used,37363,No,No,Daylight,Rain,141,30,21,1,2,2,1527858000,0.93,3.13,190,3,0.028,72.17,7.4,0.75,71.01,68.81,5.725,rain,rain,light rain,1,0,0,0,0,1
,35.005156,-85.208866,150 Interstate 75 North Bound,I-75,I 24,6/17/2018 22:00,2018-06-17,22,1529287200,,,,Property Damage,"Sideswipe, Same Direction",Yes,No,No,No,55,2,No,No,Shoulder and Lap Belt Used,37363,Unknown,Unknown,No,No,Dark - Lighted,Clear,141,30,21,1,2,2,1529283600,0.8,2.29,219,0,0,75.04,5.07,0,74.17,67.55,5.565,,clear-night,clear,0,0,0,0,1,0
,35.008709,-85.205213,Greenway View Dr,,Greenway View Dr,8/31/2018 0:00,2018-08-31,0,1535688000,,,,Property Damage Under,Unknown,Yes,No,No,No,,2,No,No,Unknown,Unknown,,37411,,,Daylight,Clear,141,30,21,1,2,2,1535684400,0.89,3.33,40,0,0.044,73.4,9.25,0.75,72.28,68.9,4.54,rain,rain,light rain,1,0,0,0,0,1
,35.006562,-85.206483,220 Interstate 75 Southbound,,Interstate 24,9/7/2018 16:00,2018-09-07,16,1536350400,,,,Property Damage,Front to Rear,No,No,No,No,55,2,No,No,Shoulder and Lap Belt Used,30750,Shoulder and Lap Belt Used,37421,No,No,Daylight,Clear,141,30,21,1,2,2,1536346800,0.46,3.9,94,5,0,95.27,8.37,0.44,91.4,67.6,7.993,,partly-cloudy-day,partly cloudy,0,1,0,0,0,0
,35.005828,-85.207205,Exit 185b Off Ramp East Bound,I-75,Interstate 75 Nb,9/28/2018 6:00,2018-09-28,6,1538128800,,,,Property Damage,Not Collision with Motor Vehicle in Transport,No,No,No,No,55,1,No,No,Shoulder and Lap Belt Used,30740,,,No,No,Dark - Lighted,Clear,141,30,21,1,2,2,1538125200,0.94,3.23,51,0,0,66.41,6.97,1,65.71,64.01,6.77,,cloudy,overcast,0,1,0,0,0,0
,35.006927,-85.205022,170 Hwy 75 Sb,,170 Hwy 75 Sb,10/13/2018 18:00,2018-10-13,18,1539468000,,,,Suspected Serious Injury,Front to Rear,No,No,Yes,No,55,2,No,No,Shoulder and Lap Belt Used,30736,,37363,No,No,Daylight,Clear,141,30,21,1,2,2,1539464400,0.52,4.11,33,0,0,64.95,8.52,0,64.95,47.01,7.785,,clear-day,clear,0,0,0,0,1,0
,35.005828,-85.207205,160 75 Nb  Interstate,I-75,160 North I 75  Interstate,10/27/2018 15:00,2018-10-27,15,1540666800,,,,Property Damage,Front to Rear,Yes,No,No,No,55,2,No,No,Unknown,80004,Unknown,37407,No,No,Daylight,Fog,141,30,21,1,2,2,1540663200,0.78,5.83,288,3,0,54.08,13.75,1,54.08,47.42,3.344,,cloudy,overcast,0,1,0,0,0,0
,35.007255,-85.206964,491 Greenway View Dr,,480 Greenway View Dr,10/29/2018 19:00,2018-10-29,19,1540854000,,,,Property Damage,Angle,No,No,No,No,15,2,No,No,Shoulder and Lap Belt Used,30736,Shoulder and Lap Belt Used,37415,No,No,Dark - Lighted,Clear,141,30,21,1,2,2,1540850400,0.44,2.46,357,0,0,61.61,6.52,0,61.61,39.25,5.108,,clear-night,clear,0,0,0,0,1,0
,35.0075591,-85.204339,5th Ave,,E 28th St,11/2/2018 16:00,2018-11-02,16,1541188800,,,,Property Damage,Other,No,No,No,No,15,2,No,No,,37407,Shoulder and Lap Belt Used,37408,No,No,Daylight,Clear,141,30,21,1,2,2,1541185200,0.67,8.31,301,2,0,46.37,15.18,1,49.78,39.16,7.23,,cloudy,overcast,0,1,0,0,0,0
,35.005828,-85.207205,150 Interstate 75 Northbound,I-75,Interstate 24 WB,11/9/2018 13:00,2018-11-09,13,1541786400,,,,Property Damage,Angle,No,No,No,No,55,2,No,No,Shoulder and Lap Belt Used,37421,Shoulder and Lap Belt Used,30101,No,No,Daylight,Rain,141,30,21,1,2,2,1541782800,0.9,5.57,290,3,0.002,55.86,11.18,1,55.86,52.98,4.187,rain,rain,possible drizzle,1,0,0,0,0,1
,35.0093877,-85.20502,300 Interstate 75 Southbound,I-75,East Brainerd Rd,11/10/2018 13:00,2018-11-10,13,1541872800,,,,Property Damage,"Sideswipe, Same Direction",Yes,No,No,No,55,2,No,No,Unknown,Unknown,Shoulder and Lap Belt Used,30707,No,No,Daylight,Clear,141,30,21,1,2,2,1541869200,0.47,10.88,6,4,0,37.48,18.93,0,43.37,24.33,3.718,,clear-day,clear,0,0,0,0,1,0
,35.006562,-85.206483,300 Hwy 75 Sb,,300 Hwy 75 SB,11/20/2018 15:00,2018-11-20,15,1542744000,,,,Property Damage,Front to Rear,No,No,No,No,55,2,No,No,Shoulder and Lap Belt Used,37415,Shoulder and Lap Belt Used,30741,No,No,Daylight,Clear,141,30,21,1,2,2,1542740400,0.56,7.07,349,1,0,45.65,12.73,1,48.75,33.75,4.34,,cloudy,overcast,0,1,0,0,0,0
,35.007414,-85.203262,180 Interstate 75 Southbound,,N Moore Rd,12/27/2018 16:00,2018-12-27,16,1545944400,,,,Property Damage,Front to Rear,No,No,No,No,55,2,No,No,Shoulder and Lap Belt Used,30736,Shoulder and Lap Belt Used,30736,No,No,Daylight,Clear,141,30,21,1,2,2,1545940800,0.76,7.37,186,1,0.002,55.29,22.3,1,55.29,47.78,8.658,rain,cloudy,overcast,0,1,0,0,0,0
,35.007414,-85.203262,180 I75 Sb Interstate,,E Brainerd Rd,12/27/2018 17:00,2018-12-27,17,1545948000,,,,Property Damage,Front to Rear,No,No,No,No,55,3,No,No,Unknown,33801,Unknown,30736,No,No,Dark - Lighted,Rain,141,30,21,1,2,2,1545944400,0.74,8.97,182,0,0.002,55.37,19.15,1,55.37,47.15,10,rain,cloudy,overcast,0,1,0,0,0,0
,35.008709,-85.205213,490 Greenway View Dr,,Greenway View Dr,12/29/2018 14:00,2018-12-29,14,1546110000,,,,Property Damage,Other,Yes,No,No,No,25,2,No,No,Unknown,Unknown,,37412,,,Daylight,Clear,141,30,21,1,2,2,1546106400,0.65,3.7,9,3,0,52.33,6.62,0.21,52.33,40.84,5.851,,partly-cloudy-day,partly cloudy,0,1,0,0,0,0
,35.008709,-85.205213,490 Greenway View Dr,,Brainerd Rd,1/23/2019 13:00,2019-01-23,13,1548266400,,,,Property Damage Under,Unknown,Yes,No,No,No,15,2,No,No,Unknown,Unknown,None Used MV Occupant,37327,No,No,Daylight,Rain,141,30,21,1,2,2,1548262800,0.86,8.66,169,3,0.012,50.79,21.9,1,50.79,46.6,7.153,rain,rain,drizzle,1,0,0,0,0,1
,35.007403,-85.2033,160-309 Hwy 75 Sb,,Moore rd,3/28/2019 14:00,2019-03-28,14,1553796000,,,,Property Damage,Front to Rear,No,No,No,No,55,3,No,No,None Used MV Occupant,37312,Shoulder and Lap Belt Used,37411,No,No,Daylight,Clear,141,30,21,1,2,2,1553792400,0.28,6.22,167,8,0,65.04,13.61,0,65.04,31.3,3.771,,clear-day,clear,0,0,0,0,1,0
,35.006071,-85.206554,75 NorthBound,I-165,75 NorthBound,4/20/2019 7:00,2019-04-20,7,1555758000,,,,Property Damage,Not Collision with Motor Vehicle in Transport,No,No,No,No,55,1,No,No,Shoulder and Lap Belt Used,37363,,,No,No,Dawn,Rain,141,30,21,1,2,2,1555754400,0.9,4.56,226,0,0.001,39.69,7.72,1,42.46,39.73,5.28,rain,rain,possible drizzle,1,0,0,0,0,1
,35.00583,-85.20721,280 Interstate 75 northbound,I-75,East Brainerd,5/22/2019 0:00,2019-05-22,0,1558497600,,,,Property Damage,Front to Rear,No,No,No,No,55,3,No,No,Shoulder and Lap Belt Used,30736,Shoulder and Lap Belt Used,30739,No,No,Daylight,Clear,141,30,21,1,2,2,1558494000,0.74,1.78,157,0,0,75.25,2.43,0,74.63,65.67,5.661,,clear-night,clear,0,0,0,0,1,0
,35.005828,-85.207205,200 Hwy 75 Nb,,Exit 3A Hwy 75 NB,5/25/2019 16:00,2019-05-25,16,1558814400,,,,Property Damage,"Sideswipe, Same Direction",No,No,No,No,55,2,No,No,Shoulder and Lap Belt Used,37379,Shoulder and Lap Belt Used,30741,No,No,Daylight,Clear,141,30,21,1,2,2,1558810800,0.41,6.41,227,6,0,92.06,13.72,0.44,90.7,63.72,5.375,,partly-cloudy-day,partly cloudy,0,1,0,0,0,0
,35.007414,-85.203262,180 Interstate 75 Southbound,I-75,Interstate 24 Westbound,5/26/2019 12:00,2019-05-26,12,1558886400,,,,Property Damage,Not Collision with Motor Vehicle in Transport,No,No,No,No,55,1,No,No,Shoulder and Lap Belt Used,37411,,,No,No,Daylight,Clear,141,30,21,1,2,2,1558882800,0.46,7.66,280,8,0,89.84,13.61,0.19,88.09,64.77,5.63,,partly-cloudy-day,partly cloudy,0,1,0,0,0,0
,35.007414,-85.203262,,I-75,Interstate 24 Wb,6/5/2019 23:00,2019-06-05,23,1559790000,,,,Property Damage,"Sideswipe, Same Direction",Yes,No,No,No,55,2,No,No,None Used MV Occupant,29720,Unknown,Unknown,No,No,Dark - Lighted,Clear,141,30,21,1,2,2,1559786400,0.93,3.68,203,0,0,74.69,6.24,0.19,73.28,71.18,3.213,,partly-cloudy-night,partly cloudy,0,1,0,0,0,0
,35.094368,-85.331318,501 Signal Mountain Rd,,Mountain Creek Rd,1/5/2018 0:00,2018-01-05,0,1515128400,,,,Property Damage,Unknown,Yes,No,No,No,,2,No,No,Unknown,Unknown,,31021,,,Unknown,Unknown,349,10,15,1,0,3,1515124800,0.59,1.66,338,0,0,16.42,4.31,0,16.42,4.74,6.796,,clear-night,clear,0,0,0,0,1,0
,35.096183,-85.327977,Signal Mountain Rd,,Mountain Creek Road,1/7/2018 21:00,2018-01-07,21,1515376800,,,,Property Damage,Angle,No,No,No,No,40,2,No,No,Shoulder and Lap Belt Used,30705,Shoulder and Lap Belt Used,37377,No,No,Dark - Lighted,Clear,349,10,15,1,0,3,1515373200,0.36,2.5,159,0,0,34.22,7.28,0.75,34.22,10.09,6.796,,partly-cloudy-night,mostly cloudy,0,1,0,0,0,0
,35.096194,-85.330718,541 Signal Mountain Rd,,500 Signal Mountain Rd,1/31/2018 12:00,2018-01-31,12,1517418000,,,,Property Damage,"Sideswipe, Same Direction",No,No,No,No,,2,No,No,,37377,Shoulder and Lap Belt Used,37415,No,No,Daylight,Clear,349,10,15,1,0,3,1517414400,0.35,4.6,189,4,0,42.59,9.42,0,44.97,19.24,9.997,,clear-day,clear,0,0,0,0,1,0
,35.094368,-85.331318,501 Signal Mountain Rd,,Mundy St,4/20/2018 0:00,2018-04-20,0,1524196800,,,,Property Damage Under,Unknown,Yes,No,No,No,15,2,No,No,Unknown,Unknown,,37377,,,Unknown,Unknown,349,10,15,1,0,3,1524193200,0.6,3.09,15,0,0,43.13,9.41,0,44.29,31.27,6.796,,clear-night,clear,0,0,0,0,1,0
,35.094368,-85.331318,501 Signal Mountain Rd,,Raider Ln.,5/7/2018 0:00,2018-05-07,0,1525665600,,,,Property Damage,Not Collision with Motor Vehicle in Transport,No,No,No,No,,1,No,No,,37405,Shoulder and Lap Belt Used,37416,No,No,Unknown,Clear,349,10,15,1,0,3,1525662000,0.63,0.8,334,0,0,66.18,1.87,0.75,66.18,53.18,6.796,,partly-cloudy-night,mostly cloudy,0,1,0,0,0,0
,35.0964244,-85.328934,Barton Ave,SR-100,Crewdson St,5/29/2018 20:00,2018-05-29,20,1527638400,,,,Property Damage,Not Collision with Motor Vehicle in Transport,No,No,No,No,35,1,No,No,Shoulder and Lap Belt Used,30736,,,No,No,Daylight,Rain,349,10,15,1,0,3,1527634800,0.94,4.83,130,0,0.018,76.01,9.99,0.75,74.46,72.47,4.527,rain,rain,possible light rain and humid,1,0,0,0,0,1
,35.095094,-85.328651,569 Signal Mountain Rd,,Mundy rd,6/25/2018 16:00,2018-06-25,16,1529956800,,,,Property Damage Under,Front to Rear,No,No,No,No,45,2,No,No,Shoulder and Lap Belt Used,37377,Shoulder and Lap Belt Used,37377,No,No,Daylight,Rain,349,10,15,1,0,3,1529953200,0.76,4.8,147,5,0.086,78.95,19.01,0.75,77.87,69.86,3.067,rain,rain,light rain,1,0,0,0,0,1
,35.095572,-85.331315,531 Signal Mountain Rd,,Mundy St.,6/27/2018 0:00,2018-06-27,0,1530072000,,,,Property Damage Under,Angle,Yes,No,No,No,,2,No,No,Unknown,Unknown,,37415,,,Unknown,Cloudy,349,10,15,1,0,3,1530068400,0.94,3.26,179,0,0,71.31,5.8,0.92,70.18,68.32,7.59,,cloudy,overcast,0,1,0,0,0,0
,35.094368,-85.331318,501 Signal Mountain Rd,,Signal Mountain Rd,8/5/2018 11:00,2018-08-05,11,1533481200,,,,Property Damage,Angle,No,No,No,No,15,2,No,No,None Used MV Occupant,37411,None Used MV Occupant,37411,No,No,Daylight,Clear,349,10,15,1,0,3,1533477600,0.68,1,130,5,0,87.44,3.8,0.68,82.84,71,7.093,,partly-cloudy-day,mostly cloudy,0,1,0,0,0,0
,35.094438,-85.331131,501 Signal Mountain Rd,,Mundy St.,8/7/2018 0:00,2018-08-07,0,1533614400,,,,Property Damage,Angle,Yes,No,No,No,,2,No,No,Unknown,Unknown,,37404,,,Unknown,Clear,349,10,15,1,0,3,1533610800,0.74,1.58,255,0,0,79.4,4.73,0.17,78.37,69.57,7.916,,partly-cloudy-night,partly cloudy,0,1,0,0,0,0
,35.0944302,-85.330333,Jana Ln,,Forest Ridge Rd,1/3/2019 7:00,2019-01-03,7,1546516800,,,,Property Damage Under,Rear to Side,No,No,No,No,15,2,No,No,Shoulder and Lap Belt Used,37343,,37415,No,No,Dark - Not Lighted,Clear,349,10,15,1,0,3,1546513200,0.93,2.11,343,0,0.021,47.73,4.06,1,47.73,45.89,5.19,rain,rain,light rain,1,0,0,0,0,1
,35.095943,-85.328596,623 Signal Mountain Rd,,Mundy St,1/17/2019 13:00,2019-01-17,13,1547748000,,,,Property Damage,Angle,No,No,No,No,,2,No,No,Shoulder and Lap Belt Used,37377,Shoulder and Lap Belt Used,37343,No,No,Daylight,Rain,349,10,15,1,0,3,1547744400,0.98,6.63,166,3,0.057,34.85,9.63,0.98,39.58,38.96,0.69,rain,rain,light rain,1,0,0,0,0,1
,35.095943,-85.328596,Signal Mountain Rd,,Mundy St,3/2/2019 18:00,2019-03-02,18,1551567600,,,,Possible Injury,Angle,No,No,Yes,No,45,2,No,No,,37377,Shoulder and Lap Belt Used,37397,No,No,Dusk,Cloudy,349,10,15,1,0,3,1551564000,0.61,4.59,1,0,0,55.5,9.34,1,55.5,42.07,6.756,,cloudy,overcast,0,1,0,0,0,0
,35.094368,-85.331318,501 Signal Mountain Rd,,Signal Mountain Rd,3/3/2019 0:00,2019-03-03,0,1551589200,,,,Property Damage,Unknown,Yes,No,No,No,,2,No,No,Unknown,Unknown,,37323,,,Daylight,Rain,349,10,15,1,0,3,1551585600,0.81,3.77,14,0,0,44.25,5.44,0.86,45.84,40.21,10,,partly-cloudy-night,mostly cloudy,0,1,0,0,0,0
,35.096194,-85.330718,541 Signal Mountain Rd,,541 Signal Mountain Rd,4/3/2019 0:00,2019-04-03,0,1554264000,,,,Property Damage,Unknown,Yes,No,No,No,25,2,No,No,,37321,Unknown,Unknown,,,Unknown,Clear,349,10,15,1,0,3,1554260400,0.55,1.7,326,0,0,47.09,5.61,0,47.09,31.61,8.845,,clear-night,clear,0,0,0,0,1,0
,35.094368,-85.331318,Signal Mountain Rd,SR-501,Mountain Creek Rd,4/22/2019 0:00,2019-04-22,0,1555905600,,,,Property Damage,Unknown,Yes,No,No,No,,2,No,No,Unknown,Unknown,,37415,,,Unknown,Unknown,349,10,15,1,0,3,1555902000,0.69,1.62,327,0,0,52.34,2.66,0,52.34,42.59,9.101,,clear-night,clear,0,0,0,0,1,0
,35.096411,-85.328307,627 Signal Mountain Rd,,Mundy St,5/30/2019 8:00,2019-05-30,8,1559217600,,,,Possible Injury,Angle,No,No,No,No,45,2,No,No,Shoulder and Lap Belt Used,37377,Shoulder and Lap Belt Used,37412,No,No,Daylight,Clear,349,10,15,1,0,3,1559214000,0.73,3.08,189,1,0,72.35,5.49,0.68,72,63.01,3,,partly-cloudy-day,mostly cloudy,0,1,0,0,0,0
,35.094141,-85.329299,541 Signal Mountain Rd,,Mundy St,6/14/2019 19:00,2019-06-14,19,1560553200,,,,Property Damage Under,"Sideswipe, Same Direction",No,No,No,No,40,2,No,No,Shoulder and Lap Belt Used,37405,Shoulder and Lap Belt Used,37405,No,No,Daylight,Clear,349,10,15,1,0,3,1560549600,0.29,5.06,175,1,0,79.59,9.48,0,79.59,44.97,7.289,,clear-day,clear,0,0,0,0,1,0
,35.096194,-85.330718,541 Signal Mountain Rd,,Mundy St,6/18/2019 13:00,2019-06-18,13,1560877200,,,,Property Damage,Angle,No,No,No,No,,2,No,No,Shoulder and Lap Belt Used,37377,Shoulder and Lap Belt Used,37405,No,No,Daylight,Cloudy,349,10,15,1,0,3,1560873600,0.84,3.48,196,5,0.002,78.35,7.89,1,77,71.78,2.976,rain,cloudy,overcast,0,1,0,0,0,0
,35.036366,-85.152665,2125 Gunbarrel Rd,,Commons Blvd,1/5/2018 10:00,2018-01-05,10,1515164400,,,,Property Damage,Angle,No,No,No,No,,3,No,No,Shoulder and Lap Belt Used,37379,,37421,No,No,Daylight,Clear,418,34,14,0,2,3,1515160800,0.52,1.66,11,1,0,18.76,4.49,0.64,18.76,4.14,6.105,,partly-cloudy-day,mostly cloudy,0,1,0,0,0,0
,35.041303,-85.153824,7300 Shallowford Rd,,Overnight dr,1/16/2018 12:00,2018-01-16,12,1516122000,,,,Property Damage,"Sideswipe, Same Direction",No,No,No,No,35,2,No,No,Shoulder and Lap Belt Used,17403,Shoulder and Lap Belt Used,37813,No,No,Daylight,Clear,418,34,14,0,2,3,1516118400,0.68,2.12,325,2,0,36.75,5.32,0.61,36.75,27.27,8.665,,partly-cloudy-day,mostly cloudy,0,1,0,0,0,0
,35.038156,-85.151703,2271 Gunbarrel Rd,,Gunbarrel Rd,2/5/2018 0:00,2018-02-05,0,1517806800,,,,Property Damage,Unknown,Yes,No,No,No,,2,No,No,,37419,Unknown,Unknown,,,Unknown,Unknown,418,34,14,0,2,3,1517803200,0.86,1.54,326,0,0,42.83,2.66,1,42.83,38.78,6.254,,cloudy,overcast,0,1,0,0,0,0
,35.039696,-85.157515,2210 Bams Dr,,Bams Dr.,2/17/2018 0:00,2018-02-17,0,1518843600,,,,Property Damage,Unknown,Yes,No,No,No,,2,No,No,,37037,Unknown,Unknown,,,Unknown,Unknown,418,34,14,0,2,3,1518840000,0.84,2.37,16,0,0,47.83,5.28,1,47.83,43.22,6.034,,cloudy,overcast,0,1,0,0,0,0
,35.037712,-85.156744,2200 Hamilton Place Blvd,,Hamilton Place Blvd,2/26/2018 15:00,2018-02-26,15,1519675200,,,,Property Damage,Unknown,Yes,No,No,No,35,2,No,No,,37405,,37363,,,Daylight,Clear,418,34,14,0,2,3,1519671600,0.8,4.32,37,3,0,54.86,9.47,1,54.86,48.7,6.105,,cloudy,overcast,0,1,0,0,0,0
,35.040129,-85.150941,2200 Gunbarrel Rd,,Shallowford rd,4/3/2018 16:00,2018-04-03,16,1522785600,,,,Property Damage,Angle,No,No,No,No,30,2,No,No,Shoulder and Lap Belt Used,30741,Shoulder and Lap Belt Used,37402,No,No,Daylight,Clear,418,34,14,0,2,3,1522782000,0.51,5.19,202,4,0,78.27,12.46,0.75,78.27,58.86,5.181,,partly-cloudy-day,mostly cloudy,0,1,0,0,0,0
,35.0381,-85.155971,2204 Hamilton Place Blvd,,Commons Boulevard,4/16/2018 20:00,2018-04-16,20,1523923200,,,,Property Damage,Rear to Side,No,No,No,No,,2,No,No,Shoulder and Lap Belt Used,37363,,37363,No,No,Dark - Lighted,Clear,418,34,14,0,2,3,1523919600,0.53,2.92,346,0,0,46.62,7.97,0.71,46.62,30.34,6.105,,partly-cloudy-day,mostly cloudy,0,1,0,0,0,0
,35.03725,-85.154869,2200 Hamilton Place Blvd,,None intersection,4/17/2018 16:00,2018-04-17,16,1523995200,,,,Property Damage,Head On,No,No,No,No,15,2,No,No,Shoulder and Lap Belt Used,30701,Shoulder and Lap Belt Used,37411,No,No,Daylight,Clear,418,34,14,0,2,3,1523991600,0.38,3.94,240,6,0,72.96,10.92,0,72.96,45.71,6.105,,clear-day,clear,0,0,0,0,1,0
,35.04156,-85.154814,7200 Shallowford Rd,,I-75 on ramp,4/21/2018 22:00,2018-04-21,22,1524362400,,,,Possible Injury,Angle,No,No,No,No,45,2,No,No,Shoulder and Lap Belt Used,37412,Shoulder and Lap Belt Used,37416,No,No,Dark - Not Lighted,Clear,418,34,14,0,2,3,1524358800,0.44,1.33,152,0,0,63.7,3.57,0,63.7,41.2,3.46,,clear-night,clear,0,0,0,0,1,0
,35.041303,-85.153824,200 I-75 southbound,,E. Brainerd rd,5/4/2018 7:00,2018-05-04,7,1525431600,,,,Property Damage,"Sideswipe, Same Direction",Yes,No,No,No,65,2,No,No,Shoulder and Lap Belt Used,37312,Unknown,Unknown,No,No,Daylight,Clear,418,34,14,0,2,3,1525428000,0.76,0.79,211,0,0,63.29,1.66,0,63.29,55.48,4.208,,clear-day,clear,0,0,0,0,1,0
,35.041303,-85.153824,Shallowford Rd,SR-7300,Hamilton Place Blvd,5/15/2018 16:00,2018-05-15,16,1526414400,,,,Property Damage,Front to Rear,No,No,No,No,40,2,No,No,Shoulder and Lap Belt Used,37421,Shoulder and Lap Belt Used,37421,No,No,Daylight,Clear,418,34,14,0,2,3,1526410800,0.56,2.43,163,7,0,87.27,6.7,0.19,84.51,67.07,6.105,,partly-cloudy-day,partly cloudy,0,1,0,0,0,0
,35.037456,-85.155213,2200 Hamilton Place Blvd,,2200 Hamilton Place Blvd,5/19/2018 16:00,2018-05-19,16,1526760000,,,,Property Damage,Other,No,No,No,No,35,2,No,No,,37363,Shoulder and Lap Belt Used,37415,No,No,Daylight,Clear,418,34,14,0,2,3,1526756400,0.52,4.71,203,6,0,87.7,10.78,0.44,85.41,66.04,4.426,,partly-cloudy-day,partly cloudy,0,1,0,0,0,0