Accident,Latitude,Longitude,Street,AltStreet,Intersection,DateTime,Date,Hour,Unix,WeekDay,WeekEnd,DayFrame,AccidentType,CollisionType,HaR,FatalInjury,MedicalTransport,InvolvedPlacardedTruck,PostedSpeed,TotalVehiclesInvolved,PedestrianInvolved,BicycleInvolved,DriverOneSafetyEquipment,DriverOneZip,DriverTwoSafetyEquipment,DriverTwoZip,Drug,Alcohol,LightCondition,Weather,Grid_Block,Grid_Col,Grid_Row,Highway,Land_Use_Mode,Road_Count,HourBefore,humidity,windSpeed,windBearing,uvIndex,precipIntensity,apparentTemperature,windGust,cloudCover,temperature,dewPoint,visibility,precipType,Event,Conditions,Rain,Cloudy,Foggy,Snow,Clear,RainBefore
,35.0398,-85.153854,2220 Hamilton Place Blvd,,Hamilton Place Blvd,6/9/2018 15:00,2018-06-09,15,1528570800,,,,Property Damage,Angle,No,No,No,No,,2,No,No,Shoulder and Lap Belt Used,37311,,37406,No,No,Daylight,Clear,418,34,14,0,2,3,1528567200,0.47,4.33,191,8,0,91.38,8.81,0.44,88.9,65.97,6.102,,partly-cloudy-day,partly cloudy,0,1,0,0,0,0
,35.041303,-85.153824,7300 Shallowford Rd,,Hamilton Place Blvd,6/23/2018 8:00,2018-06-23,8,1529755200,,,,Property Damage,Front to Rear,No,No,No,No,40,2,No,No,Shoulder and Lap Belt Used,37421,Shoulder and Lap Belt Used,37363,No,No,Daylight,Clear,418,34,14,0,2,3,1529751600,0.92,1.73,148,1,0,71.54,5.26,1,70.48,67.96,7.614,,cloudy,overcast,0,1,0,0,0,0
,35.0381,-85.155971,2204 Hamilton Place Blvd,,Hamilton Place Blvd,6/29/2018 20:00,2018-06-29,20,1530316800,,,,Property Damage Under,Rear to Rear,No,No,No,No,35,2,No,No,Shoulder and Lap Belt Used,30701,Shoulder and Lap Belt Used,30750,No,No,Daylight,Clear,418,34,14,0,2,3,1530313200,0.6,2.83,90,0,0,92.19,6.57,0.75,86.5,71.13,6.303,,partly-cloudy-day,mostly cloudy,0,1,0,0,0,0
,35.035939,-85.155915,2200 Hamilton Place Blvd,SR-2200,Gunbarrel Rd,7/4/2018 12:00,2018-07-04,12,1530720000,,,,Property Damage,Front to Rear,No,No,No,No,20,2,No,No,Shoulder and Lap Belt Used,37421,Shoulder and Lap Belt Used,37363,No,No,Daylight,Clear,418,34,14,0,2,3,1530716400,0.61,3.92,68,9,0,98.29,7.91,0,89.17,73.99,8.007,,clear-day,humid,0,0,0,0,1,0
,35.04156,-85.154814,75 south Interstate,,Shallowford Rd,7/23/2018 15:00,2018-07-23,15,1532372400,,,,Property Damage,Front to Rear,Yes,No,No,No,55,2,No,No,Unknown,Unknown,Unknown,37410,No,No,Daylight,Clear,418,34,14,0,2,3,1532368800,0.59,4.06,14,5,0,85.6,9.36,0.79,82.95,67.13,3.695,,partly-cloudy-day,mostly cloudy,0,1,0,0,0,0
,35.040872,-85.152427,7314 Shallowford Rd,,Lifestyle Way,8/30/2018 11:00,2018-08-30,11,1535641200,,,,Property Damage Under,Not Collision with Motor Vehicle in Transport,No,No,No,No,45,1,No,No,Shoulder and Lap Belt Used,37421,,,No,No,Daylight,Clear,418,34,14,0,2,3,1535637600,0.69,2.71,146,5,0,84.88,5.75,0.19,81.27,70.03,7.903,,partly-cloudy-day,partly cloudy,0,1,0,0,0,0
,35.037838,-85.152,2265 Gunbarrel Rd,,Commons Blvd,9/24/2018 15:00,2018-09-24,15,1537815600,,,,Property Damage Under,"Sideswipe, Same Direction",No,No,No,No,40,2,No,No,Shoulder and Lap Belt Used,37406,Shoulder and Lap Belt Used,30328,No,No,Daylight,Rain,418,34,14,0,2,3,1537812000,0.91,3.48,156,4,0.172,74.46,9.89,1,73.15,70.51,2.302,rain,rain,rain,1,0,0,0,0,1
,35.041303,-85.153824,7300 Shallowford Rd,,Napier Dr,9/28/2018 19:00,2018-09-28,19,1538175600,,,,Property Damage Under,Front to Rear,Yes,No,No,No,45,2,No,No,Shoulder and Lap Belt Used,37363,Unknown,Unknown,No,No,Dusk,Clear,418,34,14,0,2,3,1538172000,0.71,1.91,24,0,0,78.46,6.78,0.75,77.65,67.53,8.042,,partly-cloudy-day,mostly cloudy,0,1,0,0,0,0
,35.038904,-85.157485,Bams Dr,,Bams Dr,10/6/2018 0:00,2018-10-06,0,1538798400,,,,Property Damage,Other,Yes,No,No,No,25,2,No,No,None Used MV Occupant,37421,Unknown,Unknown,No,No,Unknown,Clear,418,34,14,0,2,3,1538794800,0.87,0.82,106,0,0,74.13,4.51,0,73.01,69.08,3.523,,clear-night,clear,0,0,0,0,1,0
,35.0381,-85.155971,Hamilton Place Blvd,SR-2208,Commons Blvd,10/7/2018 13:00,2018-10-07,13,1538931600,,,,Property Damage,"Sideswipe, Same Direction",No,No,No,No,,2,No,No,Shoulder and Lap Belt Used,37343,Shoulder and Lap Belt Used,37416,No,No,Daylight,Clear,418,34,14,0,2,3,1538928000,0.58,3.14,139,7,0,87.35,6.4,0,84.19,67.9,6.413,,clear-day,clear,0,0,0,0,1,0
,35.037405,-85.155243,Hamilton Place Blvd,SR-2200,Goodwin Rd,10/29/2018 0:00,2018-10-29,0,1540785600,,,,Property Damage,Unknown,Yes,No,No,No,,2,No,No,,37343,Unknown,Unknown,,,Unknown,Clear,418,34,14,0,2,3,1540782000,0.57,4.55,339,0,0,60.11,9.97,0.44,60.11,44.62,6.42,,partly-cloudy-night,partly cloudy,0,1,0,0,0,0
,35.0381,-85.155971,2204 Hamilton Place Blvd,,Commons Blvd,11/8/2018 18:00,2018-11-08,18,1541718000,,,,Property Damage Under,Unknown,Yes,No,No,No,15,2,No,No,,30736,Unknown,Unknown,,,Daylight,Cloudy,418,34,14,0,2,3,1541714400,0.93,4.76,23,0,0.011,50.85,9.78,1,50.85,48.97,2.125,rain,rain,possible drizzle,1,0,0,0,0,1
,35.035536,-85.153126,2119 Gunbarrel Rd,,Shallowford,12/6/2018 12:00,2018-12-06,12,1544115600,,,,Property Damage,Head On,No,No,No,No,35,2,No,No,Unknown,37419,Unknown,37347,No,No,Daylight,Clear,418,34,14,0,2,3,1544112000,0.56,1.15,28,3,0,37.87,6.29,0,37.87,23.66,3.726,,clear-day,clear,0,0,0,0,1,0
,35.038904,-85.157485,2200 Bams Dr,,Hamilton Place Blvd,12/21/2018 0:00,2018-12-21,0,1545368400,,,,Property Damage,Unknown,Yes,No,No,No,15,2,No,No,Unknown,Unknown,,37421,,,Unknown,Rain,418,34,14,0,2,3,1545364800,0.95,1.3,315,0,0.018,46.04,3.49,1,46.04,44.74,2.011,rain,rain,possible light rain,1,0,0,0,0,1
,35.040578,-85.155115,2220 Hamilton Place Blvd,,Shallowford Rd,12/22/2018 15:00,2018-12-22,15,1545508800,,,,Property Damage,Other,No,No,No,No,25,2,No,No,Shoulder and Lap Belt Used,37363,Shoulder and Lap Belt Used,37341,No,No,Daylight,Clear,418,34,14,0,2,3,1545505200,0.46,3.78,253,1,0,50.27,7.39,0,50.27,30.4,4.107,,clear-day,clear,0,0,0,0,1,0
,35.0381,-85.155971,2204 Hamilton Place Blvd,,Bam Street,12/31/2018 17:00,2018-12-31,17,1546293600,,,,Property Damage,Front to Rear,No,No,No,No,25,2,No,No,Shoulder and Lap Belt Used,37363,Shoulder and Lap Belt Used,37421,No,No,Dusk,Rain,418,34,14,0,2,3,1546290000,0.75,11.94,183,0,0,69.5,21.66,1,69.37,60.91,7.926,,cloudy,overcast,0,1,0,0,0,0
,35.037659,-85.15729,2130 Hamilton Place Blvd,,Gunbarrel Rd,1/10/2019 15:00,2019-01-10,15,1547150400,,,,Property Damage,Angle,No,No,No,No,,2,No,No,Shoulder and Lap Belt Used,37415,Shoulder and Lap Belt Used,37363,No,No,Daylight,Clear,418,34,14,0,2,3,1547146800,0.4,6.04,17,2,0,36.63,12.12,0,40.75,18.12,6.006,,clear-day,clear,0,0,0,0,1,0
,35.0381,-85.155971,2204 Hamilton Place Blvd,SR-2204,Hamilton Place Blvd,3/9/2019 0:00,2019-03-09,0,1552107600,,,,Suspected Minor Injury,Not Collision with Motor Vehicle in Transport,Yes,No,Yes,No,30,1,Yes,No,Unknown,30707,Unknown,37341,Yes,Yes,Dark - Not Lighted,Rain,418,34,14,0,2,3,1552104000,0.98,3.59,60,0,0.093,46.51,6.03,1,47.67,47.15,2.649,rain,rain,light rain,1,0,0,0,0,1
,35.040262,-85.153724,2220 Hamilton Place Blvd,,Shallowford Rd,4/6/2019 13:00,2019-04-06,13,1554570000,,,,Property Damage Under,Front to Rear,Yes,No,No,No,,2,No,No,,30707,,30736,,,Daylight,Clear,418,34,14,0,2,3,1554566400,0.68,1.68,216,5,0.002,69.15,5.99,0.75,69.15,58.08,10,rain,partly-cloudy-day,mostly cloudy,0,1,0,0,0,0
,35.035536,-85.153126,2119 Gunbarrel Rd,,Goodwin Road,4/20/2019 0:00,2019-04-20,0,1555732800,,,,Property Damage,Unknown,Yes,No,No,No,15,2,No,No,,37416,Unknown,Unknown,,,Unknown,Unknown,418,34,14,0,2,3,1555729200,0.89,5.93,234,0,0.001,42.49,13.48,1,45.62,42.52,7.751,rain,cloudy,overcast,0,1,0,0,0,0
,35.038627,-85.152833,2273 Gunbarrel Rd,,Commons Blvd,4/21/2019 0:00,2019-04-21,0,1555819200,,,,Property Damage,Unknown,Yes,No,No,No,,2,No,No,Unknown,Unknown,,37363,,,Unknown,Unknown,418,34,14,0,2,3,1555815600,0.94,1.46,202,0,0,44.85,1.46,1,44.85,43.34,6.023,,cloudy,overcast,0,1,0,0,0,0
,35.040872,-85.152427,7314 Shallowford Rd,,Gunbarrel rd,5/1/2019 0:00,2019-05-01,0,1556683200,,,,Property Damage,Not Collision with Motor Vehicle in Transport,No,No,No,No,15,1,No,No,,37421,Shoulder and Lap Belt Used,28144,No,No,Unknown,Clear,418,34,14,0,2,3,1556679600,0.74,3.96,212,0,0,70.66,7.84,0.44,70.45,61.64,3.488,,partly-cloudy-night,partly cloudy,0,1,0,0,0,0
,35.0366214,-85.158045,2100 Hamilton Place Blvd,,Hamilton Place Blvd,5/10/2019 14:00,2019-05-10,14,1557511200,,,,Property Damage,Unknown,Yes,No,No,No,,2,No,No,Unknown,37415,,37341,,,Daylight,Clear,418,34,14,0,2,3,1557507600,0.64,4.29,171,6,0,78.49,8.66,0.75,78.01,64.63,5.949,,partly-cloudy-day,mostly cloudy,0,1,0,0,0,0
,35.040269,-85.158217,Interstate hwy,I-75,Shallowford Rd,6/18/2019 22:00,2019-06-18,22,1560909600,,,,Property Damage,"Sideswipe, Same Direction",No,No,No,No,60,2,No,No,Shoulder and Lap Belt Used,37419,Shoulder and Lap Belt Used,37363,No,No,Dark - Lighted,Clear,418,34,14,0,2,3,1560906000,0.85,4.6,169,0,0,76.86,10.36,0.75,75.58,70.9,6.265,,partly-cloudy-night,mostly cloudy,0,1,0,0,0,0
,35.019934,-85.1896,6579 E Brainerd Rd,,Premier,1/5/2018 14:00,2018-01-05,14,1515178800,,,,Property Damage,Front to Rear,No,No,No,No,45,2,No,No,Shoulder and Lap Belt Used,37411,Shoulder and Lap Belt Used,30741,No,No,Daylight,Clear,241,31,18,0,7,11,1515175200,0.35,3.18,350,2,0,27.67,8.39,0.19,30.77,6.5,4.145,,partly-cloudy-day,partly cloudy,0,1,0,0,0,0
,35.01909,-85.18939,6572 E Brainerd Rd,,Premier Dr,2/23/2018 8:00,2018-02-23,8,1519390800,,,,Property Damage,Angle,No,No,No,No,35,2,No,No,Shoulder and Lap Belt Used,37421,Shoulder and Lap Belt Used,37421,No,No,Daylight,Clear,241,31,18,0,7,11,1519387200,0.89,1.18,176,0,0,62.3,3.7,0.19,62.18,59.02,2.482,,partly-cloudy-day,partly cloudy,0,1,0,0,0,0
,35.0205735,-85.188567,1224 Vance Rd,,Danby Dr,7/25/2018 11:00,2018-07-25,11,1532530800,,,,Property Damage,Angle,No,No,No,No,35,2,No,No,Shoulder and Lap Belt Used,37421,Shoulder and Lap Belt Used,37421,No,No,Daylight,Clear,241,31,18,0,7,11,1532527200,0.61,7.82,9,6,0,83.06,13.57,0.16,80.85,66.34,5.125,,partly-cloudy-day,partly cloudy,0,1,0,0,0,0
,35.021036,-85.340362,2000 S Scenic Hwy,,Non intersection,1/5/2018 16:00,2018-01-05,16,1515186000,,,,Property Damage,Not Collision with Motor Vehicle in Transport,No,No,No,No,35,1,No,No,Shoulder and Lap Belt Used,37350,,,No,No,Daylight,Clear,7,14,26,1,0,5,1515182400,0.34,2.83,322,1,0,33.24,7.91,0.33,33.24,7.56,2.767,,partly-cloudy-day,partly cloudy,0,1,0,0,0,0
,35.019833,-85.336134,177 24 E Interstate,I-24,Central Ave,3/12/2018 16:00,2018-03-12,16,1520884800,,,,Property Damage,"Sideswipe, Same Direction",No,No,No,No,55,2,No,No,,32827,Shoulder and Lap Belt Used,37036,No,No,Daylight,Clear,7,14,26,1,0,5,1520881200,0.44,6.5,351,4,0,47.4,15.21,0.14,49.99,28.77,2.767,,partly-cloudy-day,partly cloudy,0,1,0,0,0,0
,35.019033,-85.339344,S Scenic Hwy,SR-1720,Cumminghs Hwy,6/13/2018 10:00,2018-06-13,10,1528898400,,,,Property Damage,"Sideswipe, Opposite Direction",No,No,No,No,35,2,No,No,Shoulder and Lap Belt Used,37306,Shoulder and Lap Belt Used,61542,No,No,Daylight,Rain,7,14,26,1,0,5,1528894800,0.84,5.16,187,3,0,75.89,8.7,1,74.78,69.54,2.672,,cloudy,overcast,0,1,0,0,0,0
,35.019833,-85.336134,17700 Interstate 24 Eastbound,,Hwy 27,2/28/2019 17:00,2019-02-28,17,1551391200,,,,Property Damage Under,Front to Rear,No,No,No,No,55,2,No,No,Shoulder and Lap Belt Used,37919,Shoulder and Lap Belt Used,37013,No,No,Daylight,Rain,7,14,26,1,0,5,1551387600,0.9,5.25,191,1,0.024,60.75,14.68,0.66,60.75,57.7,8.651,rain,partly-cloudy-day,mostly cloudy,0,1,0,0,0,0
,35.019833,-85.336134,17700 Interstate 24 Eastbound,,Hwy 27,2/28/2019 17:00,2019-02-28,17,1551391200,,,,Property Damage Under,Front to Rear,No,No,No,No,55,2,No,No,Shoulder and Lap Belt Used,37919,Shoulder and Lap Belt Used,37013,No,No,Daylight,Rain,7,14,26,1,0,5,1551387600,0.9,5.25,191,1,0.024,60.75,14.68,0.66,60.75,57.7,8.651,rain,partly-cloudy-day,mostly cloudy,0,1,0,0,0,0
,35.019833,-85.336134,17700 Interstate 24 Eastbound,,Hwy 27,2/28/2019 17:00,2019-02-28,17,1551391200,,,,Property Damage Under,Front to Rear,No,No,No,No,55,2,No,No,Shoulder and Lap Belt Used,37919,Shoulder and Lap Belt Used,37013,No,No,Daylight,Rain,7,14,26,1,0,5,1551387600,0.9,5.25,191,1,0.024,60.75,14.68,0.66,60.75,57.7,8.651,rain,partly-cloudy-day,mostly cloudy,0,1,0,0,0,0
,35.019833,-85.336134,17700 Interstate 24 Eastbound,,Hwy 27,2/28/2019 17:00,2019-02-28,17,1551391200,,,,Property Damage Under,Front to Rear,No,No,No,No,55,2,No,No,Shoulder and Lap Belt Used,37919,Shoulder and Lap Belt Used,37013,No,No,Daylight,Rain,7,14,26,1,0,5,1551387600,0.9,5.25,191,1,0.024,60.75,14.68,0.66,60.75,57.7,8.651,rain,partly-cloudy-day,mostly cloudy,0,1,0,0,0,0
,35.019833,-85.336134,17700 Interstate 24 Eastbound,,Hwy 27,2/28/2019 17:00,2019-02-28,17,1551391200,,,,Property Damage,"Sideswipe, Same Direction",No,No,No,No,55,2,No,No,Shoulder and Lap Belt Used,37919,Shoulder and Lap Belt Used,30157,No,No,Daylight,Rain,7,14,26,1,0,5,1551387600,0.9,5.25,191,1,0.024,60.75,14.68,0.66,60.75,57.7,8.651,rain,partly-cloudy-day,mostly cloudy,0,1,0,0,0,0
,35.019833,-85.336134,17700 Interstate 24 Eastbound,,Hwy 27,2/28/2019 17:00,2019-02-28,17,1551391200,,,,Property Damage,"Sideswipe, Same Direction",No,No,No,No,55,2,No,No,Shoulder and Lap Belt Used,37919,Shoulder and Lap Belt Used,30157,No,No,Daylight,Rain,7,14,26,1,0,5,1551387600,0.9,5.25,191,1,0.024,60.75,14.68,0.66,60.75,57.7,8.651,rain,partly-cloudy-day,mostly cloudy,0,1,0,0,0,0
,35.019833,-85.336134,17700 Interstate 24 Eastbound,,Hwy 27,2/28/2019 17:00,2019-02-28,17,1551391200,,,,Property Damage,"Sideswipe, Same Direction",No,No,No,No,55,2,No,No,Shoulder and Lap Belt Used,37919,Shoulder and Lap Belt Used,30157,No,No,Daylight,Rain,7,14,26,1,0,5,1551387600,0.9,5.25,191,1,0.024,60.75,14.68,0.66,60.75,57.7,8.651,rain,partly-cloudy-day,mostly cloudy,0,1,0,0,0,0
,35.019833,-85.336134,17700 Interstate 24 Eastbound,,Hwy 27,2/28/2019 17:00,2019-02-28,17,1551391200,,,,Property Damage,"Sideswipe, Same Direction",No,No,No,No,55,2,No,No,Shoulder and Lap Belt Used,37919,Shoulder and Lap Belt Used,30157,No,No,Daylight,Rain,7,14,26,1,0,5,1551387600,0.9,5.25,191,1,0.024,60.75,14.68,0.66,60.75,57.7,8.651,rain,partly-cloudy-day,mostly cloudy,0,1,0,0,0,0
,35.019033,-85.339344,1720 S Scenic Hwy,,S Scenic Hwy,3/22/2019 0:00,2019-03-22,0,1553227200,,,,Property Damage,Unknown,No,No,No,No,15,2,No,No,,27502,Shoulder and Lap Belt Used,33412,No,No,Dark - Not Lighted,Clear,7,14,26,1,0,5,1553223600,0.54,9.04,331,0,0,39.82,17.41,0.25,44.67,29.04,4.616,,partly-cloudy-night,partly cloudy,0,1,0,0,0,0
,35.019033,-85.339344,1720 S Scenic Hwy,,S Scenic Hwy,3/22/2019 0:00,2019-03-22,0,1553227200,,,,Property Damage,Unknown,No,No,No,No,15,2,No,No,,27502,Shoulder and Lap Belt Used,33412,No,No,Dark - Not Lighted,Clear,7,14,26,1,0,5,1553223600,0.54,9.04,331,0,0,39.82,17.41,0.25,44.67,29.04,4.616,,partly-cloudy-night,partly cloudy,0,1,0,0,0,0
,35.019033,-85.339344,1720 S Scenic Hwy,,S Scenic Hwy,3/22/2019 0:00,2019-03-22,0,1553227200,,,,Property Damage,Unknown,No,No,No,No,15,2,No,No,,27502,Shoulder and Lap Belt Used,33412,No,No,Dark - Not Lighted,Clear,7,14,26,1,0,5,1553223600,0.54,9.04,331,0,0,39.82,17.41,0.25,44.67,29.04,4.616,,partly-cloudy-night,partly cloudy,0,1,0,0,0,0
,35.019033,-85.339344,1720 S Scenic Hwy,,S Scenic Hwy,3/22/2019 0:00,2019-03-22,0,1553227200,,,,Property Damage,Unknown,No,No,No,No,15,2,No,No,,27502,Shoulder and Lap Belt Used,33412,No,No,Dark - Not Lighted,Clear,7,14,26,1,0,5,1553223600,0.54,9.04,331,0,0,39.82,17.41,0.25,44.67,29.04,4.616,,partly-cloudy-night,partly cloudy,0,1,0,0,0,0
,35.019833,-85.336134,17700 Interstate,I-24,Broad St,4/14/2019 9:00,2019-04-14,9,1555246800,,,,Property Damage,Not Collision with Motor Vehicle in Transport,No,No,No,No,55,2,No,No,Shoulder and Lap Belt Used,41501,,41501,No,No,Daylight,Rain,7,14,26,1,0,5,1555243200,0.91,9.58,193,1,0.387,67.91,19.2,0.81,67.22,64.45,1.239,rain,rain,rain,1,0,0,0,0,1
,35.019833,-85.336134,17700 Interstate,I-24,Broad St,4/14/2019 9:00,2019-04-14,9,1555246800,,,,Property Damage,Not Collision with Motor Vehicle in Transport,No,No,No,No,55,2,No,No,Shoulder and Lap Belt Used,41501,,41501,No,No,Daylight,Rain,7,14,26,1,0,5,1555243200,0.91,9.58,193,1,0.387,67.91,19.2,0.81,67.22,64.45,1.239,rain,rain,rain,1,0,0,0,0,1
,35.019833,-85.336134,17700 Interstate,I-24,Broad St,4/14/2019 9:00,2019-04-14,9,1555246800,,,,Property Damage,Not Collision with Motor Vehicle in Transport,No,No,No,No,55,2,No,No,Shoulder and Lap Belt Used,41501,,41501,No,No,Daylight,Rain,7,14,26,1,0,5,1555243200,0.91,9.58,193,1,0.387,67.91,19.2,0.81,67.22,64.45,1.239,rain,rain,rain,1,0,0,0,0,1
,35.019833,-85.336134,17700 Interstate,I-24,Broad St,4/14/2019 9:00,2019-04-14,9,1555246800,,,,Property Damage,Not Collision with Motor Vehicle in Transport,No,No,No,No,55,2,No,No,Shoulder and Lap Belt Used,41501,,41501,No,No,Daylight,Rain,7,14,26,1,0,5,1555243200,0.91,9.58,193,1,0.387,67.91,19.2,0.81,67.22,64.45,1.239,rain,rain,rain,1,0,0,0,0,1
,35.020715,-85.338696,2200 Cummings Hwy,,S Scenic Hwy,6/1/2019 16:00,2019-06-01,16,1559419200,,,,Possible Injury,Head On,No,No,Yes,No,40,2,No,No,Shoulder and Lap Belt Used,30319,Shoulder and Lap Belt Used,35958,No,No,Daylight,Clear,7,14,26,1,0,5,1559415600,0.38,5.66,294,4,0,86.5,10.04,0.75,86.5,57.83,2.277,,partly-cloudy-day,mostly cloudy,0,1,0,0,0,0
,35.020715,-85.338696,2200 Cummings Hwy,,S Scenic Hwy,6/1/2019 16:00,2019-06-01,16,1559419200,,,,Possible Injury,Head On,No,No,Yes,No,40,2,No,No,Shoulder and Lap Belt Used,30319,Shoulder and Lap Belt Used,35958,No,No,Daylight,Clear,7,14,26,1,0,5,1559415600,0.38,5.66,294,4,0,86.5,10.04,0.75,86.5,57.83,2.277,,partly-cloudy-day,mostly cloudy,0,1,0,0,0,0
,35.020715,-85.338696,2200 Cummings Hwy,,S Scenic Hwy,6/1/2019 16:00,2019-06-01,16,1559419200,,,,Possible Injury,Head On,No,No,Yes,No,40,2,No,No,Shoulder and Lap Belt Used,30319,Shoulder and Lap Belt Used,35958,No,No,Daylight,Clear,7,14,26,1,0,5,1559415600,0.38,5.66,294,4,0,86.5,10.04,0.75,86.5,57.83,2.277,,partly-cloudy-day,mostly cloudy,0,1,0,0,0,0
,35.020715,-85.338696,2200 Cummings Hwy,,S Scenic Hwy,6/1/2019 16:00,2019-06-01,16,1559419200,,,,Possible Injury,Head On,No,No,Yes,No,40,2,No,No,Shoulder and Lap Belt Used,30319,Shoulder and Lap Belt Used,35958,No,No,Daylight,Clear,7,14,26,1,0,5,1559415600,0.38,5.66,294,4,0,86.5,10.04,0.75,86.5,57.83,2.277,,partly-cloudy-day,mostly cloudy,0,1,0,0,0,0
,35.029535,-85.18699,6100 Lee Hwy,,Vance,1/5/2018 17:00,2018-01-05,17,1515189600,,,,Property Damage,Front to Rear,No,No,No,No,35,2,No,No,Shoulder and Lap Belt Used,37408,Shoulder and Lap Belt Used,37341,No,No,Daylight,Clear,280,31,17,1,7,10,1515186000,0.34,2.99,320,0,0,32.63,6.4,0.44,32.63,7.33,5.951,,partly-cloudy-day,partly cloudy,0,1,0,0,0,0
,35.0302813,-85.186387,310 Highway 153,US-153,Jersey Pike,1/14/2018 6:00,2018-01-14,6,1515927600,,,,Property Damage,Not Collision with Motor Vehicle in Transport,No,No,No,No,55,1,No,No,None Used MV Occupant,37343,,,No,No,Dark - Not Lighted,Clear,280,31,17,1,7,10,1515924000,0.74,2.54,17,0,0,15.67,5.94,0,15.67,8.89,8.438,,clear-night,clear,0,0,0,0,1,0
,35.027195,-85.190726,6100 Lee Hwy,,Vance Rd.,3/21/2018 16:00,2018-03-21,16,1521662400,,,,Property Damage,"Sideswipe, Same Direction",No,No,No,No,40,2,No,No,Shoulder and Lap Belt Used,37421,Shoulder and Lap Belt Used,37406,No,No,Daylight,Clear,280,31,17,1,7,10,1521658800,0.45,5.73,312,4,0,43.27,16.08,0.78,46.17,26.03,6.131,,partly-cloudy-day,mostly cloudy,0,1,0,0,0,0
,35.029344,-85.184043,6241 Perimeter Dr,,Perimeter Dr,3/30/2018 7:00,2018-03-30,7,1522407600,,,,Property Damage,Angle,No,No,No,No,15,2,No,No,Shoulder and Lap Belt Used,37421,Shoulder and Lap Belt Used,37421,No,No,Dawn,Clear,280,31,17,1,7,10,1522404000,0.84,3.8,286,0,0,54.27,8.05,0.8,54.27,49.43,5.951,,partly-cloudy-night,mostly cloudy,0,1,0,0,0,0
,35.030545,-85.189874,Lee Hwy,SR-6101,Vance Rd,4/2/2018 0:00,2018-04-02,0,1522641600,,,,Property Damage,Unknown,Yes,No,No,No,15,2,No,No,Unknown,Unknown,,37363,,,Unknown,Clear,280,31,17,1,7,10,1522638000,0.48,1.56,193,0,0,65.57,3.86,0.62,65.57,45.44,7.059,,partly-cloudy-night,mostly cloudy,0,1,0,0,0,0
,35.030545,-85.189874,Lee Hwy,SR-6101,Vance Rd,5/12/2018 17:00,2018-05-12,17,1526158800,,,,Property Damage Under,Unknown,Yes,No,No,No,40,2,No,No,Shoulder and Lap Belt Used,37397,Unknown,Unknown,No,No,Daylight,Clear,280,31,17,1,7,10,1526155200,0.33,1.76,229,4,0,88.77,6.28,0.11,88.77,56.17,6.131,,clear-day,clear,0,0,0,0,1,0
,35.030545,-85.189874,Lee Hwy,SR-6101,Vance Rd,5/28/2018 0:00,2018-05-28,0,1527480000,,,,Property Damage Under,Unknown,Yes,No,No,No,15,2,No,No,Unknown,Unknown,,37421,,,Unknown,Unknown,280,31,17,1,7,10,1527476400,0.95,0,,0,0,71.92,0,0.61,70.7,69.09,9.997,,partly-cloudy-night,mostly cloudy,0,1,0,0,0,0
,35.029927,-85.184085,Perimeter Dr,,Lee Hwy,6/4/2018 12:00,2018-06-04,12,1528128000,,,,Property Damage,Unknown,Yes,No,No,No,15,2,No,No,,37404,Unknown,Unknown,,,Daylight,Clear,280,31,17,1,7,10,1528124400,0.41,6.17,8,9,0,78.8,12.83,0,78.8,52.88,5.848,,clear-day,clear,0,0,0,0,1,0
,35.029206,-85.188406,6119 Lee Hwy,,Vance Rd,6/13/2018 11:00,2018-06-13,11,1528902000,,,,Possible Injury,Angle,No,No,Yes,No,45,2,No,No,,37421,Shoulder and Lap Belt Used,37415,No,No,Daylight,Rain,280,31,17,1,7,10,1528898400,0.83,5.08,194,4,0.001,77.65,8.06,1,76.42,70.72,5.848,rain,cloudy,overcast,0,1,0,0,0,0
,35.029927,-85.184085,6231 Perimeter Dr,,6231 Perimeter Dr.,6/23/2018 14:00,2018-06-23,14,1529776800,,,,Property Damage Under,Rear to Rear,No,No,No,No,15,2,No,No,Shoulder and Lap Belt Used,37377,,37406,No,No,Daylight,Rain,280,31,17,1,7,10,1529773200,0.71,7.52,216,6,0,88.86,13.07,0.75,83.16,72.59,5.178,,partly-cloudy-day,humid and mostly cloudy,0,1,0,0,0,0
,35.029911,-85.187659,6121 Lee Hwy,,Lee Hwy,7/8/2018 15:00,2018-07-08,15,1531076400,,,,Property Damage,"Sideswipe, Same Direction",Yes,No,No,No,,2,No,No,Unknown,Unknown,Shoulder and Lap Belt Used,37404,No,No,Daylight,Clear,280,31,17,1,7,10,1531072800,0.56,1.43,171,6,0,86.08,7.77,0.75,83.73,66.31,5.928,,partly-cloudy-day,mostly cloudy,0,1,0,0,0,0
,35.030495,-85.185467,6215 Lee Hwy,,Vance Rd,8/1/2018 12:00,2018-08-01,12,1533139200,,,,Property Damage Under,Angle,No,No,No,No,40,2,No,No,Shoulder and Lap Belt Used,37416,Shoulder and Lap Belt Used,37341,No,No,Daylight,Rain,280,31,17,1,7,10,1533135600,0.96,2.85,178,4,0.143,70.77,5.27,1,69.59,68.49,3.058,rain,rain,rain,1,0,0,0,0,1