Accident,Latitude,Longitude,Street,AltStreet,Intersection,DateTime,Date,Hour,Unix,WeekDay,WeekEnd,DayFrame,AccidentType,CollisionType,HaR,FatalInjury,MedicalTransport,InvolvedPlacardedTruck,PostedSpeed,TotalVehiclesInvolved,PedestrianInvolved,BicycleInvolved,DriverOneSafetyEquipment,DriverOneZip,DriverTwoSafetyEquipment,DriverTwoZip,Drug,Alcohol,LightCondition,Weather,Grid_Block,Grid_Col,Grid_Row,Highway,Land_Use_Mode,Road_Count,HourBefore,humidity,windSpeed,windBearing,uvIndex,precipIntensity,apparentTemperature,windGust,cloudCover,temperature,dewPoint,visibility,precipType,Event,Conditions,Rain,Cloudy,Foggy,Snow,Clear,RainBefore
,35.02933,-85.182055,6241 Perimeter Dr,,Lee Hwy,8/4/2018 19:00,2018-08-04,19,1533423600,,,,Property Damage,"Sideswipe, Same Direction",Yes,No,No,No,35,2,No,No,Unknown,Unknown,,37421,No,No,Daylight,Clear,280,31,17,1,7,10,1533420000,0.54,2.72,198,1,0,93.22,6.51,0,88.36,69.58,6.061,,clear-day,clear,0,0,0,0,1,0
,35.030323,-85.186334,6201 Lee Hwy,,Vance Rd,8/14/2018 9:00,2018-08-14,9,1534251600,,,,Property Damage Under,Front to Rear,Yes,No,No,No,40,2,No,No,Unknown,Unknown,Shoulder and Lap Belt Used,37421,No,No,Daylight,Clear,280,31,17,1,7,10,1534248000,0.85,0.43,149,1,0,72.89,3.13,0,71.99,67.28,4.288,,clear-day,clear,0,0,0,0,1,0
,35.030661,-85.18518,6227 Lee Hwy,,Lee Hwy,8/22/2018 15:00,2018-08-22,15,1534964400,,,,Property Damage,Angle,No,No,No,No,15,2,No,No,,37381,Shoulder and Lap Belt Used,37322,No,No,Daylight,Clear,280,31,17,1,7,10,1534960800,0.56,6.11,328,5,0,83.9,13.45,0.75,82.08,65.07,7.481,,partly-cloudy-day,mostly cloudy,0,1,0,0,0,0
,35.029927,-85.184085,6231 Perimeter Dr,,Lee Hwy,9/5/2018 9:00,2018-09-05,9,1536152400,,,,Property Damage Under,Not Collision with Motor Vehicle in Transport,No,No,No,No,15,1,No,No,Unknown,37363,,,No,No,Daylight,Clear,280,31,17,1,7,10,1536148800,0.85,1.15,44,1,0,77.33,3.11,1,76.02,71.26,4.094,,cloudy,overcast,0,1,0,0,0,0
,35.030545,-85.189874,6100 Lee Hwy,,Vance Rd,10/18/2018 13:00,2018-10-18,13,1539882000,,,,Property Damage,Angle,No,No,No,No,45,2,No,No,Shoulder and Lap Belt Used,30736,Shoulder and Lap Belt Used,37381,No,No,Daylight,Clear,280,31,17,1,7,10,1539878400,0.49,7.42,22,6,0,62.1,14.76,0,62.1,42.82,6.604,,clear-day,clear,0,0,0,0,1,0
,35.029927,-85.184085,6231 Perimeter Dr,,Lee Hwy,10/22/2018 16:00,2018-10-22,16,1540238400,,,,Property Damage Under,Angle,No,No,No,No,15,2,No,No,Shoulder and Lap Belt Used,37419,Shoulder and Lap Belt Used,37421,No,No,Daylight,Clear,280,31,17,1,7,10,1540234800,0.35,4.47,178,3,0,64.36,9.39,0,64.36,36.37,6.101,,clear-day,clear,0,0,0,0,1,0
,35.029206,-85.188406,6119 Lee Hwy,,Lee Hwy,10/25/2018 11:00,2018-10-25,11,1540479600,,,,Property Damage Under,Front to Rear,No,No,No,No,,2,No,No,Shoulder and Lap Belt Used,30742,Shoulder and Lap Belt Used,37311,No,No,Daylight,Clear,280,31,17,1,7,10,1540476000,0.73,1.51,75,3,0,52.3,3.19,0,52.3,44,5.423,,clear-day,clear,0,0,0,0,1,0
,35.030334,-85.185728,6100 Lee Hwy,,Hwy 153,11/7/2018 18:00,2018-11-07,18,1541631600,,,,Property Damage,Front to Rear,No,No,No,No,40,2,No,No,Shoulder and Lap Belt Used,37363,Shoulder and Lap Belt Used,30721,No,No,Daylight,Clear,280,31,17,1,7,10,1541628000,0.78,5.07,17,0,0,57.62,11.56,0.75,57.62,50.64,6.2,,partly-cloudy-night,mostly cloudy,0,1,0,0,0,0
,35.027195,-85.190726,6100 Lee Hwy,,Vance Rd.,12/6/2018 18:00,2018-12-06,18,1544137200,,,,Property Damage Under,Front to Rear,No,No,No,No,35,2,No,No,Shoulder and Lap Belt Used,37404,Shoulder and Lap Belt Used,30741,No,No,Dark - Lighted,Clear,280,31,17,1,7,10,1544133600,0.5,1.97,155,0,0,42.08,5.2,0.75,42.08,24.84,5.305,,partly-cloudy-night,mostly cloudy,0,1,0,0,0,0
,35.026588,-85.18913,6500 Van Ness Rd,,Lee Hwy,12/11/2018 11:00,2018-12-11,11,1544544000,,,,Property Damage,Angle,No,No,No,No,35,2,No,No,Shoulder and Lap Belt Used,37406,Shoulder and Lap Belt Used,37341,No,No,Daylight,Clear,280,31,17,1,7,10,1544540400,0.71,1.19,39,2,0,36.7,4.26,0,36.7,28.11,5.83,,clear-day,clear,0,0,0,0,1,0
,35.027195,-85.190726,1052 Gadd Rd,,Norcross Rd,12/21/2018 16:00,2018-12-21,16,1545426000,,,,Possible Injury,Angle,No,No,No,No,40,2,No,No,Shoulder and Lap Belt Used,37415,Shoulder and Lap Belt Used,37343,No,No,Daylight,Clear,280,31,17,1,7,10,1545422400,0.82,8.46,296,0,0,37.61,18.8,1,42.66,37.51,7.967,,cloudy,overcast,0,1,0,0,0,0
,35.029911,-85.187659,6121 Lee Hwy,,Vance Rd,1/17/2019 12:00,2019-01-17,12,1547744400,,,,Property Damage Under,Angle,No,No,No,No,45,2,No,No,Shoulder and Lap Belt Used,37412,Shoulder and Lap Belt Used,30736,No,No,Daylight,Rain,280,31,17,1,7,10,1547740800,0.96,3.91,188,2,0.023,35.8,7.07,1,38.6,37.61,2.095,rain,rain,light rain,1,0,0,0,0,1
,35.027174,-85.190759,6220 Lee Hwy,,Perimeter Dr,2/28/2019 16:00,2019-02-28,16,1551387600,,,,Property Damage,Angle,Yes,No,No,No,25,2,No,No,Unknown,Unknown,Shoulder and Lap Belt Used,37421,No,No,Daylight,Rain,280,31,17,1,7,10,1551384000,0.94,4.3,190,2,0.014,59.56,9.98,1,59.48,57.84,1.813,rain,rain,drizzle,1,0,0,0,0,1
,35.029063,-85.186686,6200 Lee Hwy,,Vance Rd,3/1/2019 18:00,2019-03-01,18,1551481200,,,,Property Damage,Angle,Yes,No,No,No,40,2,No,No,Unknown,Unknown,Shoulder and Lap Belt Used,37421,No,No,Daylight,Cloudy,280,31,17,1,7,10,1551477600,0.74,9.11,268,0,0,55.84,17.58,1,55.84,47.69,7.825,,cloudy,overcast,0,1,0,0,0,0
,35.031238,-85.184153,6200 Lee Hwy,,Lee Hwy,4/19/2019 13:00,2019-04-19,13,1555693200,,,,Property Damage Under,Front to Rear,No,No,No,No,,2,No,No,Shoulder and Lap Belt Used,37421,Shoulder and Lap Belt Used,37363,No,No,Daylight,Rain,280,31,17,1,7,10,1555689600,0.82,4.63,208,6,0,67.44,10.71,0.75,67.15,61.58,3.766,,rain,possible drizzle,1,0,0,0,0,1
,35.029872,-85.185312,6210 Lee Hwy,,Vance Rd,5/10/2019 8:00,2019-05-10,8,1557489600,,,,Property Damage,"Sideswipe, Same Direction",No,No,No,No,40,2,No,No,Shoulder and Lap Belt Used,37421,Shoulder and Lap Belt Used,37404,No,No,Daylight,Clear,280,31,17,1,7,10,1557486000,0.94,1.99,127,0,0,64.68,3.7,1,64.14,62.41,3.585,,cloudy,overcast,0,1,0,0,0,0
,35.030545,-85.189874,Lee Hwy,,6101 LEE HWY,5/11/2019 0:00,2019-05-11,0,1557547200,,,,Property Damage,Unknown,Yes,No,No,No,,2,No,No,Unknown,Unknown,,37421,,,Daylight,Unknown,280,31,17,1,7,10,1557543600,0.96,2.49,263,0,0.067,70.8,6.65,1,69.61,68.51,2.863,rain,rain,light rain,1,0,0,0,0,1
,35.030545,-85.189874,6101 Lee Hwy,,Lee Hwy,5/29/2019 12:00,2019-05-29,12,1559145600,,,,Property Damage Under,Angle,No,No,No,No,,2,No,No,Shoulder and Lap Belt Used,30721,Shoulder and Lap Belt Used,37363,No,No,Daylight,Clear,280,31,17,1,7,10,1559142000,0.41,8.48,232,9,0,87.7,16.45,0,87.7,60.86,7.213,,clear-day,clear,0,0,0,0,1,0
,35.03131,-85.18405,6200 Lee Hwy,,Highway 153,6/13/2019 11:00,2019-06-13,11,1560438000,,,,Property Damage,"Sideswipe, Same Direction",No,No,No,No,45,2,No,No,Shoulder and Lap Belt Used,30707,Shoulder and Lap Belt Used,30736,No,No,Daylight,Clear,280,31,17,1,7,10,1560434400,0.59,7.69,296,4,0,69.53,15.35,0.75,69.53,54.77,6.068,,partly-cloudy-day,mostly cloudy,0,1,0,0,0,0
,35.030459,-85.185529,Lee Hwy,,Perimeter Dr,6/18/2019 14:00,2019-06-18,14,1560880800,,,,Property Damage,Front to Rear,No,No,No,No,40,2,No,No,Shoulder and Lap Belt Used,37412,Shoulder and Lap Belt Used,37408,No,No,Daylight,Cloudy,280,31,17,1,7,10,1560877200,0.75,2.29,257,6,0,83.05,7.01,0.75,79.72,71.04,7.885,,partly-cloudy-day,mostly cloudy,0,1,0,0,0,0
,35.0311658,-85.18403,1826 Cappella St,,Cappella St,6/18/2019 21:00,2019-06-18,21,1560906000,,,,Property Damage,Angle,No,No,No,No,,2,No,No,Shoulder and Lap Belt Used,37402,Shoulder and Lap Belt Used,37410,No,No,Dark - Lighted,Clear,280,31,17,1,7,10,1560902400,0.82,4,165,0,0,78.3,10.14,0.44,77.05,71.13,6.235,,partly-cloudy-night,partly cloudy,0,1,0,0,0,0
,35.015887,-85.280788,2399 4th Ave,,I Interstate 24 Eb Hwy,1/5/2018 19:00,2018-01-05,19,1515196800,,,,Property Damage,Not Collision with Motor Vehicle in Transport,Yes,No,No,No,35,1,No,Yes,Unknown,Unknown,Shoulder and Lap Belt Used,30736,No,No,Dark - Not Lighted,Clear,54,21,24,0,7,19,1515193200,0.41,0.53,325,0,0,28,2.63,0,28,7.25,6.127,,clear-night,clear,0,0,0,0,1,0
,35.016491,-85.28069,180 I-24 East,US-24,181,3/10/2018 12:00,2018-03-10,12,1520701200,,,,Property Damage Under,Front to Rear,No,No,No,No,65,2,No,No,Shoulder and Lap Belt Used,37405,Shoulder and Lap Belt Used,37601,No,No,Daylight,Rain,54,21,24,0,7,19,1520697600,0.84,0.81,176,4,0.006,49.31,2.55,1,49.31,44.55,4.287,rain,rain,possible drizzle,1,0,0,0,0,1
,35.015352,-85.281076,4th Ave,,E 28th St,3/27/2018 21:00,2018-03-27,21,1522198800,,,,Property Damage,Not Collision with Motor Vehicle in Transport,No,No,No,No,35,1,No,No,Shoulder and Lap Belt Used,37407,,,No,No,Dark - Lighted,Clear,54,21,24,0,7,19,1522195200,0.75,3.68,170,0,0,57,8.2,0.75,57,49.12,6.29,,partly-cloudy-night,mostly cloudy,0,1,0,0,0,0
,35.016491,-85.28069,18100 I-24 Eb st,I-24,4th Ave,5/4/2018 17:00,2018-05-04,17,1525467600,,,,Possible Injury,Front to Rear,No,No,No,No,50,2,No,No,Unknown,37207,Unknown,37419,No,No,Dark - Lighted,Clear,54,21,24,0,7,19,1525464000,0.5,1.1,220,3,0,83.01,5.05,0.75,82.25,61.65,6.127,,partly-cloudy-day,mostly cloudy,0,1,0,0,0,0
,35.016491,-85.28069,180 I-24 East,I-24,180 I-24 East,6/3/2018 13:00,2018-06-03,13,1528045200,,,,Property Damage,Front to Rear,No,No,No,No,55,2,No,No,Shoulder and Lap Belt Used,30327,Shoulder and Lap Belt Used,30707,No,No,Daylight,Clear,54,21,24,0,7,19,1528041600,0.56,4.55,307,6,0,91.79,8.74,0.75,87.19,69.51,6.292,,partly-cloudy-day,mostly cloudy,0,1,0,0,0,0
,35.016491,-85.28069,1 Hwy 27 sb,US-27,W Mlk Blvd,6/15/2018 11:00,2018-06-15,11,1529074800,,,,Property Damage Under,Front to Rear,Yes,No,No,No,35,2,No,No,Shoulder and Lap Belt Used,30043,Shoulder and Lap Belt Used,37363,No,No,Daylight,Clear,54,21,24,0,7,19,1529071200,0.65,3.71,60,7,0,88.41,7.5,0,83.79,70.58,5.341,,clear-day,clear,0,0,0,0,1,0
,35.016831,-85.281292,18100 Interstate,I-24,18000 Interstate,7/11/2018 15:00,2018-07-11,15,1531335600,,,,Property Damage,Angle,No,No,No,No,55,2,No,No,Shoulder and Lap Belt Used,37380,Shoulder and Lap Belt Used,37410,No,No,Daylight,Clear,54,21,24,0,7,19,1531332000,0.46,2.82,355,7,0,95.27,8.53,0.44,91.25,67.84,5.531,,partly-cloudy-day,partly cloudy,0,1,0,0,0,0
,35.016831,-85.281292,18100 Interstate,I-24,18010 Interstate,7/27/2018 15:00,2018-07-27,15,1532718000,,,,Property Damage Under,Front to Rear,No,No,No,No,55,2,No,No,Shoulder and Lap Belt Used,37377,Shoulder and Lap Belt Used,30736,No,No,Daylight,Clear,54,21,24,0,7,19,1532714400,0.53,5.79,283,6,0,87.8,11.8,0.75,85.34,66.4,7.892,,partly-cloudy-day,mostly cloudy,0,1,0,0,0,0
,35.016831,-85.281292,18000 I-24 West,US-18000,4th Ave,8/11/2018 14:00,2018-08-11,14,1534010400,,,,Property Damage,"Sideswipe, Same Direction",No,No,No,No,55,2,No,No,Shoulder and Lap Belt Used,30736,Shoulder and Lap Belt Used,37407,No,No,Daylight,Cloudy,54,21,24,0,7,19,1534006800,0.56,4.23,359,6,0,88.07,11,0.75,85.07,67.44,10,,partly-cloudy-day,mostly cloudy,0,1,0,0,0,0
,35.016831,-85.281292,18100 Interstate,I-24,18100 Interstate,9/12/2018 15:00,2018-09-12,15,1536778800,,,,Property Damage,Front to Rear,No,No,No,No,55,2,No,No,Shoulder and Lap Belt Used,37412,Shoulder and Lap Belt Used,40815,No,No,Daylight,Clear,54,21,24,0,7,19,1536775200,0.58,2.67,95,6,0,93.2,7.72,0.44,87.57,70.76,8.437,,partly-cloudy-day,partly cloudy,0,1,0,0,0,0
,35.016491,-85.28069,24 EB 181000 interstate,I-24,24 EB,9/16/2018 23:00,2018-09-16,23,1537153200,,,,Possible Injury,Angle,No,No,No,No,45,2,No,No,Shoulder and Lap Belt Used,37332,Shoulder and Lap Belt Used,33016,No,No,Dark - Lighted,Clear,54,21,24,0,7,19,1537149600,0.87,2.77,317,0,0,74.37,6.78,1,73.26,69.16,6.44,,cloudy,overcast,0,1,0,0,0,0
,35.016831,-85.281292,18100 Interstate 24 West  Bound,,4th Ave Exit,9/24/2018 12:00,2018-09-24,12,1537804800,,,,Property Damage,Not Collision with Motor Vehicle in Transport,No,No,No,No,55,1,No,No,DOT Compliant Motorcycle Helmet,75691,,,No,No,Daylight,Rain,54,21,24,0,7,19,1537801200,0.98,4.19,96,4,0.218,71.31,6.54,1,70,69.43,1.437,rain,rain,rain,1,0,0,0,0,1
,35.016831,-85.281292,18100 Interstate 24 West Bound,,4th Avenue Exit,9/25/2018 15:00,2018-09-25,15,1537902000,,,,Property Damage,"Sideswipe, Same Direction",No,No,No,No,55,2,No,No,Shoulder and Lap Belt Used,37013,Shoulder and Lap Belt Used,84078,No,No,Daylight,Rain,54,21,24,0,7,19,1537898400,0.74,6.07,147,5,0,85.38,12.96,0.75,81.01,72.03,2.15,,partly-cloudy-day,humid and mostly cloudy,0,1,0,0,0,0
,35.016491,-85.28069,18050 - 18079 Interstate 24 Eb hwy,I-24,4th ave,10/19/2018 21:00,2018-10-19,21,1539997200,,,,Property Damage,Front to Rear,No,No,No,No,50,2,No,No,Unknown,37311,Unknown,31907,No,No,Dark - Lighted,Clear,54,21,24,0,7,19,1539993600,0.8,4.35,184,0,0,65.06,7.51,0.44,65.06,58.8,5.75,,partly-cloudy-night,partly cloudy,0,1,0,0,0,0
,35.016491,-85.28069,18100 Interstate,I-24,18000 Interstate,10/31/2018 16:00,2018-10-31,16,1541016000,,,,Property Damage Under,Front to Rear,No,No,No,No,55,2,No,No,Shoulder and Lap Belt Used,66203,Shoulder and Lap Belt Used,37421,No,No,Daylight,Clear,54,21,24,0,7,19,1541012400,0.67,9.16,195,2,0,72.6,12.8,0.75,72.52,60.75,5.468,,partly-cloudy-day,mostly cloudy,0,1,0,0,0,0
,35.016831,-85.281292,18100 I-24 West,US-18100,4th Ave,11/12/2018 12:00,2018-11-12,12,1542042000,,,,Property Damage,Not Collision with Motor Vehicle in Transport,No,No,No,No,55,1,No,No,,37243,Shoulder and Lap Belt Used,38478,No,No,Daylight,Rain,54,21,24,0,7,19,1542038400,0.98,4.95,36,3,0.14,38.29,11.19,1,41.51,41.12,2.69,rain,rain,rain,1,0,0,0,0,1
,35.011024,-85.283072,4th Ave,US-11,E 28th St,11/14/2018 8:00,2018-11-14,8,1542200400,,,,Property Damage,Angle,No,No,No,No,35,2,No,No,Shoulder and Lap Belt Used,37415,Shoulder and Lap Belt Used,37311,No,No,Daylight,Cloudy,54,21,24,0,7,19,1542196800,0.93,7.74,34,0,0,33.01,15.7,1,38.59,36.69,1.946,,fog,foggy,0,0,1,0,0,0
,35.013161,-85.282243,2600 4th Ave,,E 26th,12/5/2018 19:00,2018-12-05,19,1544054400,,,,Property Damage Under,"Sideswipe, Same Direction",No,No,No,No,25,2,No,No,Shoulder and Lap Belt Used,37412,Shoulder and Lap Belt Used,37407,No,No,Dark - Lighted,Clear,54,21,24,0,7,19,1544050800,0.64,1.46,340,0,0,29.98,6.55,0.07,29.98,19.36,6.049,,clear-night,clear,0,0,0,0,1,0
,35.011363,-85.283206,E 28th St,,5th Ave,12/6/2018 6:00,2018-12-06,6,1544094000,,,,Property Damage,Angle,No,No,No,No,30,2,No,No,Shoulder and Lap Belt Used,30016,Shoulder and Lap Belt Used,37403,No,No,Dark - Lighted,Clear,54,21,24,0,7,19,1544090400,0.87,1.21,345,0,0,22.91,4.11,0,22.91,19.68,4.097,,clear-night,clear,0,0,0,0,1,0
,35.0098548,-85.279205,915 S Crest Rd,,Missionaire Ave,1/24/2019 17:00,2019-01-24,17,1548367200,,,,Property Damage Under,Front to Rear,No,No,No,No,30,2,No,No,Shoulder and Lap Belt Used,30728,Shoulder and Lap Belt Used,37343,No,No,Daylight,Clear,54,21,24,0,7,19,1548363600,0.54,6.07,293,0,0,35.74,11.13,0,40.03,24.93,5.613,,clear-day,clear,0,0,0,0,1,0
,35.0098548,-85.279205,915 S Crest Rd,,Missionaire Ave,1/24/2019 17:00,2019-01-24,17,1548367200,,,,Property Damage Under,Front to Rear,No,No,No,No,30,2,No,No,Shoulder and Lap Belt Used,30728,Shoulder and Lap Belt Used,37343,No,No,Daylight,Clear,54,21,24,0,7,19,1548363600,0.54,6.07,293,0,0,35.74,11.13,0,40.03,24.93,5.613,,clear-day,clear,0,0,0,0,1,0
,35.0098548,-85.279205,915 S Crest Rd,,Missionaire Ave,1/24/2019 17:00,2019-01-24,17,1548367200,,,,Property Damage Under,Front to Rear,No,No,No,No,30,2,No,No,Shoulder and Lap Belt Used,30728,Shoulder and Lap Belt Used,37343,No,No,Daylight,Clear,54,21,24,0,7,19,1548363600,0.54,6.07,293,0,0,35.74,11.13,0,40.03,24.93,5.613,,clear-day,clear,0,0,0,0,1,0
,35.0098548,-85.279205,915 S Crest Rd,,Missionaire Ave,1/24/2019 17:00,2019-01-24,17,1548367200,,,,Property Damage Under,Front to Rear,No,No,No,No,30,2,No,No,Shoulder and Lap Belt Used,30728,Shoulder and Lap Belt Used,37343,No,No,Daylight,Clear,54,21,24,0,7,19,1548363600,0.54,6.07,293,0,0,35.74,11.13,0,40.03,24.93,5.613,,clear-day,clear,0,0,0,0,1,0
,35.016831,-85.281292,18100 Interstate 24 Wb rd,,Exit 180 A Rossville Blvd,3/15/2019 15:00,2019-03-15,15,1552676400,,,,Property Damage,Front to Rear,No,No,No,No,55,2,No,No,Shoulder and Lap Belt Used,37406,Shoulder and Lap Belt Used,37421,No,No,Daylight,Clear,54,21,24,0,7,19,1552672800,0.36,10,270,7,0,63.35,18.27,0,63.35,36.12,5.417,,clear-day,clear,0,0,0,0,1,0
,35.016831,-85.281292,18100 Interstate 24 Wb rd,,Exit 180 A Rossville Blvd,3/15/2019 15:00,2019-03-15,15,1552676400,,,,Property Damage,Front to Rear,No,No,No,No,55,2,No,No,Shoulder and Lap Belt Used,37406,Shoulder and Lap Belt Used,37421,No,No,Daylight,Clear,54,21,24,0,7,19,1552672800,0.36,10,270,7,0,63.35,18.27,0,63.35,36.12,5.417,,clear-day,clear,0,0,0,0,1,0
,35.016831,-85.281292,18100 Interstate 24 Wb rd,,Exit 180 A Rossville Blvd,3/15/2019 15:00,2019-03-15,15,1552676400,,,,Property Damage,Front to Rear,No,No,No,No,55,2,No,No,Shoulder and Lap Belt Used,37406,Shoulder and Lap Belt Used,37421,No,No,Daylight,Clear,54,21,24,0,7,19,1552672800,0.36,10,270,7,0,63.35,18.27,0,63.35,36.12,5.417,,clear-day,clear,0,0,0,0,1,0
,35.016831,-85.281292,18100 Interstate 24 Wb rd,,Exit 180 A Rossville Blvd,3/15/2019 15:00,2019-03-15,15,1552676400,,,,Property Damage,Front to Rear,No,No,No,No,55,2,No,No,Shoulder and Lap Belt Used,37406,Shoulder and Lap Belt Used,37421,No,No,Daylight,Clear,54,21,24,0,7,19,1552672800,0.36,10,270,7,0,63.35,18.27,0,63.35,36.12,5.417,,clear-day,clear,0,0,0,0,1,0
,35.010641,-85.28128,6th Ave,,E 28th St,3/20/2019 8:00,2019-03-20,8,1553083200,,,,Property Damage,Angle,Yes,No,No,No,15,2,No,No,,37336,Unknown,Unknown,,,Daylight,Clear,54,21,24,0,7,19,1553079600,0.77,1.17,305,0,0,32.98,3.12,0,32.98,26.57,6.082,,clear-day,clear,0,0,0,0,1,0
,35.010641,-85.28128,6th Ave,,E 28th St,3/20/2019 8:00,2019-03-20,8,1553083200,,,,Property Damage,Angle,Yes,No,No,No,15,2,No,No,,37336,Unknown,Unknown,,,Daylight,Clear,54,21,24,0,7,19,1553079600,0.77,1.17,305,0,0,32.98,3.12,0,32.98,26.57,6.082,,clear-day,clear,0,0,0,0,1,0
,35.010641,-85.28128,6th Ave,,E 28th St,3/20/2019 8:00,2019-03-20,8,1553083200,,,,Property Damage,Angle,Yes,No,No,No,15,2,No,No,,37336,Unknown,Unknown,,,Daylight,Clear,54,21,24,0,7,19,1553079600,0.77,1.17,305,0,0,32.98,3.12,0,32.98,26.57,6.082,,clear-day,clear,0,0,0,0,1,0
,35.010641,-85.28128,6th Ave,,E 28th St,3/20/2019 8:00,2019-03-20,8,1553083200,,,,Property Damage,Angle,Yes,No,No,No,15,2,No,No,,37336,Unknown,Unknown,,,Daylight,Clear,54,21,24,0,7,19,1553079600,0.77,1.17,305,0,0,32.98,3.12,0,32.98,26.57,6.082,,clear-day,clear,0,0,0,0,1,0
,35.016831,-85.281292,18100 Interstate 24 Westbound,,4th St,3/28/2019 17:00,2019-03-28,17,1553806800,,,,Possible Injury,Front to Rear,No,No,No,No,40,2,No,No,Shoulder and Lap Belt Used,37312,Shoulder and Lap Belt Used,37421,No,No,Daylight,Clear,54,21,24,0,7,19,1553803200,0.25,8.6,181,3,0,69.97,14.85,0,69.97,32.6,3.248,,clear-day,clear,0,0,0,0,1,0
,35.016831,-85.281292,18100 Interstate 24 Westbound,,4th St,3/28/2019 17:00,2019-03-28,17,1553806800,,,,Possible Injury,Front to Rear,No,No,No,No,40,2,No,No,Shoulder and Lap Belt Used,37312,Shoulder and Lap Belt Used,37421,No,No,Daylight,Clear,54,21,24,0,7,19,1553803200,0.25,8.6,181,3,0,69.97,14.85,0,69.97,32.6,3.248,,clear-day,clear,0,0,0,0,1,0
,35.016831,-85.281292,18100 Interstate 24 Westbound,,4th St,3/28/2019 17:00,2019-03-28,17,1553806800,,,,Possible Injury,Front to Rear,No,No,No,No,40,2,No,No,Shoulder and Lap Belt Used,37312,Shoulder and Lap Belt Used,37421,No,No,Daylight,Clear,54,21,24,0,7,19,1553803200,0.25,8.6,181,3,0,69.97,14.85,0,69.97,32.6,3.248,,clear-day,clear,0,0,0,0,1,0
,35.016831,-85.281292,18100 Interstate 24 Westbound,,4th St,3/28/2019 17:00,2019-03-28,17,1553806800,,,,Possible Injury,Front to Rear,No,No,No,No,40,2,No,No,Shoulder and Lap Belt Used,37312,Shoulder and Lap Belt Used,37421,No,No,Daylight,Clear,54,21,24,0,7,19,1553803200,0.25,8.6,181,3,0,69.97,14.85,0,69.97,32.6,3.248,,clear-day,clear,0,0,0,0,1,0
,35.016027,-85.278591,18120 Interstate,I-24,4th Ave,4/13/2019 15:00,2019-04-13,15,1555182000,,,,Possible Injury,Not Collision with Motor Vehicle in Transport,No,No,No,No,55,2,No,No,Shoulder and Lap Belt Used,37404,Shoulder and Lap Belt Used,50061,No,No,Daylight,Clear,54,21,24,0,7,19,1555178400,0.71,8.1,24,6,0,68.04,13.27,0.44,68.04,58.33,5.803,,partly-cloudy-day,partly cloudy,0,1,0,0,0,0
,35.016027,-85.278591,18120 Interstate,I-24,4th Ave,4/13/2019 15:00,2019-04-13,15,1555182000,,,,Possible Injury,Not Collision with Motor Vehicle in Transport,No,No,No,No,55,2,No,No,Shoulder and Lap Belt Used,37404,Shoulder and Lap Belt Used,50061,No,No,Daylight,Clear,54,21,24,0,7,19,1555178400,0.71,8.1,24,6,0,68.04,13.27,0.44,68.04,58.33,5.803,,partly-cloudy-day,partly cloudy,0,1,0,0,0,0
,35.016027,-85.278591,18120 Interstate,I-24,4th Ave,4/13/2019 15:00,2019-04-13,15,1555182000,,,,Possible Injury,Not Collision with Motor Vehicle in Transport,No,No,No,No,55,2,No,No,Shoulder and Lap Belt Used,37404,Shoulder and Lap Belt Used,50061,No,No,Daylight,Clear,54,21,24,0,7,19,1555178400,0.71,8.1,24,6,0,68.04,13.27,0.44,68.04,58.33,5.803,,partly-cloudy-day,partly cloudy,0,1,0,0,0,0
,35.016027,-85.278591,18120 Interstate,I-24,4th Ave,4/13/2019 15:00,2019-04-13,15,1555182000,,,,Possible Injury,Not Collision with Motor Vehicle in Transport,No,No,No,No,55,2,No,No,Shoulder and Lap Belt Used,37404,Shoulder and Lap Belt Used,50061,No,No,Daylight,Clear,54,21,24,0,7,19,1555178400,0.71,8.1,24,6,0,68.04,13.27,0.44,68.04,58.33,5.803,,partly-cloudy-day,partly cloudy,0,1,0,0,0,0
,35.016491,-85.28069,18100 Interstate,I-24,4th Ave,4/14/2019 15:00,2019-04-14,15,1555268400,,,,Property Damage,Angle,No,No,No,No,55,2,No,No,Shoulder and Lap Belt Used,37419,Shoulder and Lap Belt Used,35023,No,No,Daylight,Clear,54,21,24,0,7,19,1555264800,0.47,14.44,216,5,0,77.94,31,0.72,77.94,56.38,6.97,,partly-cloudy-day,mostly cloudy,0,1,0,0,0,0
,35.016491,-85.28069,18100 Interstate,I-24,4th Ave,4/14/2019 15:00,2019-04-14,15,1555268400,,,,Property Damage,Angle,No,No,No,No,55,2,No,No,Shoulder and Lap Belt Used,37419,Shoulder and Lap Belt Used,35023,No,No,Daylight,Clear,54,21,24,0,7,19,1555264800,0.47,14.44,216,5,0,77.94,31,0.72,77.94,56.38,6.97,,partly-cloudy-day,mostly cloudy,0,1,0,0,0,0