Accident,Latitude,Longitude,Street,AltStreet,Intersection,DateTime,Date,Hour,Unix,WeekDay,WeekEnd,DayFrame,AccidentType,CollisionType,HaR,FatalInjury,MedicalTransport,InvolvedPlacardedTruck,PostedSpeed,TotalVehiclesInvolved,PedestrianInvolved,BicycleInvolved,DriverOneSafetyEquipment,DriverOneZip,DriverTwoSafetyEquipment,DriverTwoZip,Drug,Alcohol,LightCondition,Weather,Grid_Block,Grid_Col,Grid_Row,Highway,Land_Use_Mode,Road_Count,HourBefore,humidity,windSpeed,windBearing,uvIndex,precipIntensity,apparentTemperature,windGust,cloudCover,temperature,dewPoint,visibility,precipType,Event,Conditions,Rain,Cloudy,Foggy,Snow,Clear,RainBefore
,35.016491,-85.28069,18100 Interstate,I-24,4th Ave,4/14/2019 15:00,2019-04-14,15,1555268400,,,,Property Damage,Angle,No,No,No,No,55,2,No,No,Shoulder and Lap Belt Used,37419,Shoulder and Lap Belt Used,35023,No,No,Daylight,Clear,54,21,24,0,7,19,1555264800,0.47,14.44,216,5,0,77.94,31,0.72,77.94,56.38,6.97,,partly-cloudy-day,mostly cloudy,0,1,0,0,0,0
,35.016491,-85.28069,18100 Interstate,I-24,4th Ave,4/14/2019 15:00,2019-04-14,15,1555268400,,,,Property Damage,Angle,No,No,No,No,55,2,No,No,Shoulder and Lap Belt Used,37419,Shoulder and Lap Belt Used,35023,No,No,Daylight,Clear,54,21,24,0,7,19,1555264800,0.47,14.44,216,5,0,77.94,31,0.72,77.94,56.38,6.97,,partly-cloudy-day,mostly cloudy,0,1,0,0,0,0
,35.014789,-85.284573,E 26th St,SR-1913,4th Ave,4/18/2019 15:00,2019-04-18,15,1555614000,,,,Property Damage,Angle,Yes,No,No,No,25,2,No,No,Unknown,Unknown,,37407,,,Daylight,Clear,54,21,24,0,7,19,1555610400,0.47,11.6,192,6,0,76.87,18.48,0.75,76.87,55.34,5.259,,partly-cloudy-day,mostly cloudy,0,1,0,0,0,0
,35.014789,-85.284573,E 26th St,SR-1913,4th Ave,4/18/2019 15:00,2019-04-18,15,1555614000,,,,Property Damage,Angle,Yes,No,No,No,25,2,No,No,Unknown,Unknown,,37407,,,Daylight,Clear,54,21,24,0,7,19,1555610400,0.47,11.6,192,6,0,76.87,18.48,0.75,76.87,55.34,5.259,,partly-cloudy-day,mostly cloudy,0,1,0,0,0,0
,35.014789,-85.284573,E 26th St,SR-1913,4th Ave,4/18/2019 15:00,2019-04-18,15,1555614000,,,,Property Damage,Angle,Yes,No,No,No,25,2,No,No,Unknown,Unknown,,37407,,,Daylight,Clear,54,21,24,0,7,19,1555610400,0.47,11.6,192,6,0,76.87,18.48,0.75,76.87,55.34,5.259,,partly-cloudy-day,mostly cloudy,0,1,0,0,0,0
,35.014789,-85.284573,E 26th St,SR-1913,4th Ave,4/18/2019 15:00,2019-04-18,15,1555614000,,,,Property Damage,Angle,Yes,No,No,No,25,2,No,No,Unknown,Unknown,,37407,,,Daylight,Clear,54,21,24,0,7,19,1555610400,0.47,11.6,192,6,0,76.87,18.48,0.75,76.87,55.34,5.259,,partly-cloudy-day,mostly cloudy,0,1,0,0,0,0
,35.016491,-85.28069,18100 Interstate,I-24,18100 Interstate,4/25/2019 16:00,2019-04-25,16,1556222400,,,,Property Damage,Angle,No,No,No,No,55,3,No,No,,37312,Shoulder and Lap Belt Used,30752,No,No,Daylight,Clear,54,21,24,0,7,19,1556218800,0.55,10.07,186,6,0,75.07,15.23,0.31,75.07,57.87,6.039,,partly-cloudy-day,partly cloudy,0,1,0,0,0,0
,35.016491,-85.28069,18100 Interstate,I-24,18100 Interstate,4/25/2019 16:00,2019-04-25,16,1556222400,,,,Property Damage,Angle,No,No,No,No,55,3,No,No,,37312,Shoulder and Lap Belt Used,30752,No,No,Daylight,Clear,54,21,24,0,7,19,1556218800,0.55,10.07,186,6,0,75.07,15.23,0.31,75.07,57.87,6.039,,partly-cloudy-day,partly cloudy,0,1,0,0,0,0
,35.016491,-85.28069,18100 Interstate,I-24,18100 Interstate,4/25/2019 16:00,2019-04-25,16,1556222400,,,,Property Damage,Angle,No,No,No,No,55,3,No,No,,37312,Shoulder and Lap Belt Used,30752,No,No,Daylight,Clear,54,21,24,0,7,19,1556218800,0.55,10.07,186,6,0,75.07,15.23,0.31,75.07,57.87,6.039,,partly-cloudy-day,partly cloudy,0,1,0,0,0,0
,35.016491,-85.28069,18100 Interstate,I-24,18100 Interstate,4/25/2019 16:00,2019-04-25,16,1556222400,,,,Property Damage,Angle,No,No,No,No,55,3,No,No,,37312,Shoulder and Lap Belt Used,30752,No,No,Daylight,Clear,54,21,24,0,7,19,1556218800,0.55,10.07,186,6,0,75.07,15.23,0.31,75.07,57.87,6.039,,partly-cloudy-day,partly cloudy,0,1,0,0,0,0
,35.016491,-85.28069,181 I-24 Rd,I-24,4th ave,4/30/2019 15:00,2019-04-30,15,1556650800,,,,Property Damage,Angle,No,No,No,No,55,2,No,No,Shoulder and Lap Belt Used,39111,Shoulder and Lap Belt Used,37411,No,No,Daylight,Clear,54,21,24,0,7,19,1556647200,0.39,8,203,9,0,84.52,14.43,0,84.52,56.76,7.171,,clear-day,clear,0,0,0,0,1,0
,35.016491,-85.28069,181 I-24 Rd,I-24,4th ave,4/30/2019 15:00,2019-04-30,15,1556650800,,,,Property Damage,Angle,No,No,No,No,55,2,No,No,Shoulder and Lap Belt Used,39111,Shoulder and Lap Belt Used,37411,No,No,Daylight,Clear,54,21,24,0,7,19,1556647200,0.39,8,203,9,0,84.52,14.43,0,84.52,56.76,7.171,,clear-day,clear,0,0,0,0,1,0
,35.016491,-85.28069,181 I-24 Rd,I-24,4th ave,4/30/2019 15:00,2019-04-30,15,1556650800,,,,Property Damage,Angle,No,No,No,No,55,2,No,No,Shoulder and Lap Belt Used,39111,Shoulder and Lap Belt Used,37411,No,No,Daylight,Clear,54,21,24,0,7,19,1556647200,0.39,8,203,9,0,84.52,14.43,0,84.52,56.76,7.171,,clear-day,clear,0,0,0,0,1,0
,35.016491,-85.28069,181 I-24 Rd,I-24,4th ave,4/30/2019 15:00,2019-04-30,15,1556650800,,,,Property Damage,Angle,No,No,No,No,55,2,No,No,Shoulder and Lap Belt Used,39111,Shoulder and Lap Belt Used,37411,No,No,Daylight,Clear,54,21,24,0,7,19,1556647200,0.39,8,203,9,0,84.52,14.43,0,84.52,56.76,7.171,,clear-day,clear,0,0,0,0,1,0
,35.016831,-85.281292,18100 Interstate,I-24,4th Ave,5/17/2019 16:00,2019-05-17,16,1558123200,,,,Property Damage,Front to Rear,No,No,No,No,55,2,No,No,,37380,Shoulder and Lap Belt Used,37377,No,No,Daylight,Clear,54,21,24,0,7,19,1558119600,0.4,5.74,287,6,0,87.37,11.79,0.44,87.37,60.43,7.984,,partly-cloudy-day,partly cloudy,0,1,0,0,0,0
,35.016831,-85.281292,18100 Interstate,I-24,4th Ave,5/17/2019 16:00,2019-05-17,16,1558123200,,,,Property Damage,Front to Rear,No,No,No,No,55,2,No,No,,37380,Shoulder and Lap Belt Used,37377,No,No,Daylight,Clear,54,21,24,0,7,19,1558119600,0.4,5.74,287,6,0,87.37,11.79,0.44,87.37,60.43,7.984,,partly-cloudy-day,partly cloudy,0,1,0,0,0,0
,35.016831,-85.281292,18100 Interstate,I-24,4th Ave,5/17/2019 16:00,2019-05-17,16,1558123200,,,,Property Damage,Front to Rear,No,No,No,No,55,2,No,No,,37380,Shoulder and Lap Belt Used,37377,No,No,Daylight,Clear,54,21,24,0,7,19,1558119600,0.4,5.74,287,6,0,87.37,11.79,0.44,87.37,60.43,7.984,,partly-cloudy-day,partly cloudy,0,1,0,0,0,0
,35.016831,-85.281292,18100 Interstate,I-24,4th Ave,5/17/2019 16:00,2019-05-17,16,1558123200,,,,Property Damage,Front to Rear,No,No,No,No,55,2,No,No,,37380,Shoulder and Lap Belt Used,37377,No,No,Daylight,Clear,54,21,24,0,7,19,1558119600,0.4,5.74,287,6,0,87.37,11.79,0.44,87.37,60.43,7.984,,partly-cloudy-day,partly cloudy,0,1,0,0,0,0
,35.011027,-85.281339,2744 6th Ave,SR-1,2744 6th Ave,6/8/2019 1:00,2019-06-08,1,1559970000,,,,Property Damage,Unknown,Yes,No,No,No,15,2,No,No,,37411,Unknown,Unknown,,,Dark - Unknown Lighting,Unknown,54,21,24,0,7,19,1559966400,0.91,2.81,154,0,0,71.5,5.04,0.81,70.49,67.63,6.216,,partly-cloudy-night,mostly cloudy,0,1,0,0,0,0
,35.011027,-85.281339,2744 6th Ave,SR-1,2744 6th Ave,6/8/2019 1:00,2019-06-08,1,1559970000,,,,Property Damage,Unknown,Yes,No,No,No,15,2,No,No,,37411,Unknown,Unknown,,,Dark - Unknown Lighting,Unknown,54,21,24,0,7,19,1559966400,0.91,2.81,154,0,0,71.5,5.04,0.81,70.49,67.63,6.216,,partly-cloudy-night,mostly cloudy,0,1,0,0,0,0
,35.011027,-85.281339,2744 6th Ave,SR-1,2744 6th Ave,6/8/2019 1:00,2019-06-08,1,1559970000,,,,Property Damage,Unknown,Yes,No,No,No,15,2,No,No,,37411,Unknown,Unknown,,,Dark - Unknown Lighting,Unknown,54,21,24,0,7,19,1559966400,0.91,2.81,154,0,0,71.5,5.04,0.81,70.49,67.63,6.216,,partly-cloudy-night,mostly cloudy,0,1,0,0,0,0
,35.011027,-85.281339,2744 6th Ave,SR-1,2744 6th Ave,6/8/2019 1:00,2019-06-08,1,1559970000,,,,Property Damage,Unknown,Yes,No,No,No,15,2,No,No,,37411,Unknown,Unknown,,,Dark - Unknown Lighting,Unknown,54,21,24,0,7,19,1559966400,0.91,2.81,154,0,0,71.5,5.04,0.81,70.49,67.63,6.216,,partly-cloudy-night,mostly cloudy,0,1,0,0,0,0
,35.016491,-85.28069,18100 Interstate,I-24,4th Ave,6/21/2019 15:00,2019-06-21,15,1561143600,,,,Property Damage,Front to Rear,No,No,No,No,55,2,No,No,Shoulder and Lap Belt Used,63084,Shoulder and Lap Belt Used,30720,No,No,Daylight,Clear,54,21,24,0,7,19,1561140000,0.47,3.91,256,5,0,90.73,8.79,0.75,88.49,65.62,7.865,,partly-cloudy-day,mostly cloudy,0,1,0,0,0,0
,35.016491,-85.28069,18100 Interstate,I-24,4th Ave,6/21/2019 15:00,2019-06-21,15,1561143600,,,,Property Damage,Front to Rear,No,No,No,No,55,2,No,No,Shoulder and Lap Belt Used,63084,Shoulder and Lap Belt Used,30720,No,No,Daylight,Clear,54,21,24,0,7,19,1561140000,0.47,3.91,256,5,0,90.73,8.79,0.75,88.49,65.62,7.865,,partly-cloudy-day,mostly cloudy,0,1,0,0,0,0
,35.016491,-85.28069,18100 Interstate,I-24,4th Ave,6/21/2019 15:00,2019-06-21,15,1561143600,,,,Property Damage,Front to Rear,No,No,No,No,55,2,No,No,Shoulder and Lap Belt Used,63084,Shoulder and Lap Belt Used,30720,No,No,Daylight,Clear,54,21,24,0,7,19,1561140000,0.47,3.91,256,5,0,90.73,8.79,0.75,88.49,65.62,7.865,,partly-cloudy-day,mostly cloudy,0,1,0,0,0,0
,35.016491,-85.28069,18100 Interstate,I-24,4th Ave,6/21/2019 15:00,2019-06-21,15,1561143600,,,,Property Damage,Front to Rear,No,No,No,No,55,2,No,No,Shoulder and Lap Belt Used,63084,Shoulder and Lap Belt Used,30720,No,No,Daylight,Clear,54,21,24,0,7,19,1561140000,0.47,3.91,256,5,0,90.73,8.79,0.75,88.49,65.62,7.865,,partly-cloudy-day,mostly cloudy,0,1,0,0,0,0
,35.016831,-85.281292,18100 Interstate,I-24,4th Ave,6/21/2019 18:00,2019-06-21,18,1561154400,,,,Property Damage,Angle,No,No,No,No,55,2,No,No,Shoulder and Lap Belt Used,37363,Shoulder and Lap Belt Used,64850,No,No,Daylight,Clear,54,21,24,0,7,19,1561150800,0.47,4.4,207,2,0,92.77,9.97,0.44,89.61,66.94,7.917,,partly-cloudy-day,partly cloudy,0,1,0,0,0,0
,35.016831,-85.281292,18100 Interstate,I-24,4th Ave,6/21/2019 18:00,2019-06-21,18,1561154400,,,,Property Damage,Angle,No,No,No,No,55,2,No,No,Shoulder and Lap Belt Used,37363,Shoulder and Lap Belt Used,64850,No,No,Daylight,Clear,54,21,24,0,7,19,1561150800,0.47,4.4,207,2,0,92.77,9.97,0.44,89.61,66.94,7.917,,partly-cloudy-day,partly cloudy,0,1,0,0,0,0
,35.016831,-85.281292,18100 Interstate,I-24,4th Ave,6/21/2019 18:00,2019-06-21,18,1561154400,,,,Property Damage,Angle,No,No,No,No,55,2,No,No,Shoulder and Lap Belt Used,37363,Shoulder and Lap Belt Used,64850,No,No,Daylight,Clear,54,21,24,0,7,19,1561150800,0.47,4.4,207,2,0,92.77,9.97,0.44,89.61,66.94,7.917,,partly-cloudy-day,partly cloudy,0,1,0,0,0,0
,35.016831,-85.281292,18100 Interstate,I-24,4th Ave,6/21/2019 18:00,2019-06-21,18,1561154400,,,,Property Damage,Angle,No,No,No,No,55,2,No,No,Shoulder and Lap Belt Used,37363,Shoulder and Lap Belt Used,64850,No,No,Daylight,Clear,54,21,24,0,7,19,1561150800,0.47,4.4,207,2,0,92.77,9.97,0.44,89.61,66.94,7.917,,partly-cloudy-day,partly cloudy,0,1,0,0,0,0
,35.048843,-85.303402,422 Vine St,,Houston St,1/6/2018 0:00,2018-01-06,0,1515214800,,,,Property Damage,"Sideswipe, Same Direction",Yes,No,No,No,30,2,No,No,,30755,,37403,,,Unknown,Clear,158,16,20,0,9,19,1515211200,0.51,0.53,357,0,0,24.63,2.36,0.81,24.63,9.05,3.054,,partly-cloudy-night,mostly cloudy,0,1,0,0,0,0
,35.052257,-85.304597,400 Georgia Ave,,E 4th Street,1/8/2018 7:00,2018-01-08,7,1515412800,,,,Property Damage,"Sideswipe, Same Direction",No,No,No,No,30,2,No,No,Shoulder and Lap Belt Used,30736,Shoulder and Lap Belt Used,37415,No,No,Dark - Lighted,Rain,158,16,20,0,9,19,1515409200,0.67,1.96,183,0,0,32.07,4.37,1,32.07,22.18,4.26,,cloudy,overcast,0,1,0,0,0,0
,35.051897,-85.305234,410 High St,SR-410,E 4th St,1/10/2018 12:00,2018-01-10,12,1515603600,,,,Property Damage,Angle,No,No,No,No,30,2,No,No,Shoulder and Lap Belt Used,30738,Shoulder and Lap Belt Used,30741,No,No,Daylight,Clear,158,16,20,0,9,19,1515600000,0.81,2.52,165,2,0,56.76,7.7,1,56.76,50.88,5.547,,cloudy,overcast,0,1,0,0,0,0
,35.051384,-85.301658,E 4th St,,Mable St,1/18/2018 9:00,2018-01-18,9,1516284000,,,,Property Damage,Front to Rear,Yes,No,No,No,30,2,No,No,Shoulder and Lap Belt Used,37341,Unknown,Unknown,No,No,Daylight,Clear,158,16,20,0,9,19,1516280400,0.77,1.24,18,0,0,15.23,3.34,0,15.23,9.35,7.495,,clear-day,clear,0,0,0,0,1,0
,35.049301,-85.306913,625 Georgia Ave,SR-625,Lookout St,1/24/2018 8:00,2018-01-24,8,1516798800,,,,Property Damage,Angle,No,No,No,No,30,2,No,No,Shoulder and Lap Belt Used,37160,Shoulder and Lap Belt Used,37343,No,No,Daylight,Clear,158,16,20,0,9,19,1516795200,0.72,0.75,326,0,0,34.02,2.6,0.19,34.02,26.1,9.229,,partly-cloudy-day,partly cloudy,0,1,0,0,0,0
,35.049378,-85.307496,490 Greenway View Dr,,5900 Brainerd Rd,1/29/2018 0:00,2018-01-29,0,1517202000,,,,Property Damage,Unknown,Yes,No,No,No,15,2,No,No,,37412,Unknown,Unknown,,,Unknown,Clear,158,16,20,0,9,19,1517198400,0.85,1.25,10,0,0,48.31,3.33,1,48.31,44.12,9.229,,cloudy,overcast,0,1,0,0,0,0
,35.05308,-85.304092,500 E 3rd St,,Lindsay St,3/6/2018 14:00,2018-03-06,14,1520362800,,,,Property Damage,Angle,No,No,No,No,25,2,No,No,Shoulder and Lap Belt Used,37415,Shoulder and Lap Belt Used,37069,No,No,Daylight,Clear,158,16,20,0,9,19,1520359200,0.4,1.89,318,5,0,63.08,6.35,0.19,63.08,38.31,5.547,,partly-cloudy-day,partly cloudy,0,1,0,0,0,0
,35.0485861,-85.308177,E 7th St,,Walnut Street,3/9/2018 0:00,2018-03-09,0,1520571600,,,,Property Damage,Unknown,Yes,No,No,No,30,2,No,No,,37343,Unknown,Unknown,,,Unknown,Unknown,158,16,20,0,9,19,1520568000,0.66,0.28,0,0,0,30.86,0.71,0,30.86,20.86,2.59,,clear-night,clear,0,0,0,0,1,0
,35.0513292,-85.305128,518 Georgia Ave,,5th St,3/9/2018 12:00,2018-03-09,12,1520614800,,,,Property Damage,"Sideswipe, Same Direction",No,No,No,No,35,2,No,No,Shoulder and Lap Belt Used,37421,Shoulder and Lap Belt Used,37379,No,No,Daylight,Clear,158,16,20,0,9,19,1520611200,0.4,2.53,213,6,0,47.32,6.41,0,47.32,24.01,6.329,,clear-day,clear,0,0,0,0,1,0
,35.0494199,-85.307728,1100 E 23rd St,,Polk St,3/15/2018 19:00,2018-03-15,19,1521154800,,,,Property Damage Under,Angle,No,No,No,No,25,2,No,No,Shoulder and Lap Belt Used,37408,Shoulder and Lap Belt Used,37409,No,No,Dusk,Smog/Smoke,158,16,20,0,9,19,1521151200,0.26,4.78,238,0,0,65.38,12.57,0,65.38,29.67,6.329,,clear-day,clear,0,0,0,0,1,0
,35.046916,-85.304166,500 Mccallie Ave,SR-500,Houston St,3/21/2018 0:00,2018-03-21,0,1521604800,,,,Property Damage Under,"Sideswipe, Same Direction",Yes,No,No,No,35,2,No,No,Unknown,Unknown,,30736,,,Daylight,Clear,158,16,20,0,9,19,1521601200,0.74,4.23,326,0,0,34.31,12.85,1,37.58,30.16,5.547,,cloudy,overcast,0,1,0,0,0,0
,35.051915,-85.303085,651 e 4th st,,Lindsay St,3/22/2018 0:00,2018-03-22,0,1521691200,,,,Property Damage,Unknown,Yes,No,No,No,,2,No,No,,37405,Unknown,Unknown,,,Unknown,Unknown,158,16,20,0,9,19,1521687600,0.66,3.55,7,0,0,35.24,7.39,0,37.8,27.43,6.329,,clear-night,clear,0,0,0,0,1,0
,35.05225,-85.301156,700 Riverside Dr,,E 4th St,3/23/2018 0:00,2018-03-23,0,1521777600,,,,Suspected Minor Injury,Not Collision with Motor Vehicle in Transport,No,No,Yes,No,35,1,No,No,,37402,Shoulder and Lap Belt Used,37415,No,No,Unknown,Cloudy,158,16,20,0,9,19,1521774000,0.53,0.38,341,0,0,42.66,1.83,0,42.66,26.78,6.63,,clear-night,clear,0,0,0,0,1,0
,35.048547,-85.303553,611 Houston St,SR-611,Vine St,4/3/2018 0:00,2018-04-03,0,1522728000,,,,Property Damage Under,"Sideswipe, Same Direction",Yes,No,No,No,30,2,No,No,Unknown,Unknown,,38401,,,Unknown,Clear,158,16,20,0,9,19,1522724400,0.61,1.34,190,0,0,66.25,3.81,0.23,66.25,52.19,2.59,,partly-cloudy-night,partly cloudy,0,1,0,0,0,0
,35.0500464,-85.305843,606 Georgia Ave,,Vine St,4/13/2018 10:00,2018-04-13,10,1523628000,,,,Property Damage,Unknown,Yes,No,No,No,,2,No,No,Unknown,Unknown,,37404,,,Daylight,Clear,158,16,20,0,9,19,1523624400,0.62,2.41,195,3,0,64.39,6.72,0,64.39,51.01,6.329,,clear-day,clear,0,0,0,0,1,0
,35.048038,-85.305646,339 Mccallie Ave,,Memorial St,4/17/2018 7:00,2018-04-17,7,1523962800,,,,Property Damage,Unknown,Yes,No,No,No,,2,No,No,Unknown,Unknown,,37406,,,Unknown,Unknown,158,16,20,0,9,19,1523959200,0.83,0.16,0,0,0,31.99,0.5,0,31.99,27.3,5.269,,clear-night,clear,0,0,0,0,1,0
,35.049586,-85.307704,601 Walnut St,,6th St,5/12/2018 21:00,2018-05-12,21,1526173200,,,,Property Damage Under,Angle,No,No,No,No,,2,No,No,,37402,Shoulder and Lap Belt Used,37406,No,No,Dark - Lighted,Clear,158,16,20,0,9,19,1526169600,0.51,0.13,270,0,0,77.96,0.76,0,77.96,58.19,6.329,,clear-night,clear,0,0,0,0,1,0
,35.049301,-85.306913,600 Cherry St,,Walnut St,5/15/2018 0:00,2018-05-15,0,1526356800,,,,Property Damage,Unknown,Yes,No,No,No,,2,No,No,,37404,Unknown,Unknown,,,Unknown,Clear,158,16,20,0,9,19,1526353200,0.76,0.29,180,0,0,74.88,0.63,0.44,74.2,66.06,5.547,,partly-cloudy-night,partly cloudy,0,1,0,0,0,0
,35.0510916,-85.30092,720 E 4th St,,E 5th St,5/17/2018 17:00,2018-05-17,17,1526590800,,,,Property Damage,"Sideswipe, Same Direction",No,No,No,No,25,2,No,No,Shoulder and Lap Belt Used,37411,Shoulder and Lap Belt Used,37363,No,No,Daylight,Rain,158,16,20,0,9,19,1526587200,0.85,1.04,120,3,0.029,73.02,3.77,0.75,72.12,67.29,6.145,rain,rain,possible light rain,1,0,0,0,0,1
,35.049333,-85.306009,618 Georgia Ave,SR-618,W 6th Street,6/1/2018 14:00,2018-06-01,14,1527876000,,,,Property Damage,"Sideswipe, Same Direction",No,No,No,No,30,2,No,No,Unknown,37421,Shoulder and Lap Belt Used,37412,No,No,Daylight,Clear,158,16,20,0,9,19,1527872400,0.65,5.32,288,7,0,85.44,9.72,0.68,82.06,69.03,4.898,,partly-cloudy-day,mostly cloudy,0,1,0,0,0,0
,35.049586,-85.307704,601 Walnut St,,Walnut St,6/5/2018 0:00,2018-06-05,0,1528171200,,,,Property Damage,Unknown,Yes,No,No,No,15,2,No,No,Unknown,Unknown,,37415,,,Unknown,Clear,158,16,20,0,9,19,1528167600,0.62,1.23,323,0,0,67.87,5.94,0.68,67.87,54.5,5.544,,partly-cloudy-night,mostly cloudy,0,1,0,0,0,0
,35.048428,-85.306777,E 7th St,,Georgia Ave,6/8/2018 9:00,2018-06-08,9,1528462800,,,,Property Damage,Angle,No,No,No,No,25,2,No,No,,37379,Shoulder and Lap Belt Used,37309,No,No,Daylight,Clear,158,16,20,0,9,19,1528459200,0.69,1.08,102,2,0,73.71,5.36,0.4,73.44,62.55,2.81,,partly-cloudy-day,partly cloudy,0,1,0,0,0,0
,35.052558,-85.306908,200 E 4th St,,Lookout St,6/8/2018 13:00,2018-06-08,13,1528477200,,,,Property Damage,Angle,No,No,No,No,30,2,No,No,Shoulder and Lap Belt Used,37343,Shoulder and Lap Belt Used,37379,No,No,Daylight,Clear,158,16,20,0,9,19,1528473600,0.5,2.83,165,7,0,89.74,8.37,0.68,87.2,66.32,6.326,,partly-cloudy-day,mostly cloudy,0,1,0,0,0,0
,35.053585,-85.306529,200 E 3rd St,,200 Lookout St,7/2/2018 0:00,2018-07-02,0,1530504000,,,,Possible Injury,Angle,No,No,Yes,No,25,2,No,No,Shoulder and Lap Belt Used,37381,Shoulder and Lap Belt Used,32216,No,No,Unknown,Rain,158,16,20,0,9,19,1530500400,0.87,2.17,144,0,0,77.18,6.06,0.4,75.8,71.77,6.46,,partly-cloudy-night,partly cloudy,0,1,0,0,0,0
,35.050039,-85.305853,Vine St,,Lindsay St,7/18/2018 16:00,2018-07-18,16,1531944000,,,,Property Damage,Angle,No,No,No,No,25,2,No,No,,37347,Shoulder and Lap Belt Used,37415,No,No,Daylight,Clear,158,16,20,0,9,19,1531940400,0.49,5.6,1,6,0,92.29,10.44,0.44,89,67.25,6.725,,partly-cloudy-day,partly cloudy,0,1,0,0,0,0
,35.0494376,-85.307731,1300 East 23rd Street,,S Holtzclaw,7/20/2018 18:00,2018-07-20,18,1532124000,,,,Property Damage,Front to Rear,No,No,No,No,35,2,No,No,Shoulder and Lap Belt Used,37406,Shoulder and Lap Belt Used,2138,No,Yes,Daylight,Clear,158,16,20,0,9,19,1532120400,0.57,6.25,196,2,0,93.25,11.13,0.75,87.76,70.54,1.927,,fog,foggy,0,0,1,0,0,0
,35.052066,-85.304553,400 Georgia Ave,,4th St,8/1/2018 0:00,2018-08-01,0,1533096000,,,,Property Damage,Front to Rear,No,No,No,No,35,2,No,No,Shoulder and Lap Belt Used,30066,Shoulder and Lap Belt Used,37407,No,No,Unknown,Rain,158,16,20,0,9,19,1533092400,0.9,2.81,158,0,0.02,72.24,8.13,1,71.19,68.12,2.953,rain,rain,light rain,1,0,0,0,0,1
,35.049072,-85.306392,Lookout St,,Georgia Ave,8/15/2018 16:00,2018-08-15,16,1534363200,,,,Property Damage,Rear to Side,No,No,No,No,25,2,No,No,Shoulder and Lap Belt Used,37421,Shoulder and Lap Belt Used,37321,No,No,Daylight,Clear,158,16,20,0,9,19,1534359600,0.52,4.12,202,5,0,93.94,10.61,0.68,89.23,69.19,4.578,,partly-cloudy-day,mostly cloudy,0,1,0,0,0,0
,35.047985,-85.303003,Oak St,,Houston St,8/26/2018 19:00,2018-08-26,19,1535324400,,,,Property Damage,Unknown,Yes,No,No,No,25,2,No,No,Unknown,Unknown,,37825,,,Daylight,Clear,158,16,20,0,9,19,1535320800,0.51,2.85,103,0,0,91.89,5.9,0.17,88.32,67.8,2.612,,partly-cloudy-day,partly cloudy,0,1,0,0,0,0
,35.04961,-85.304708,Vine St,SR-379,Lindsay st,8/31/2018 17:00,2018-08-31,17,1535749200,,,,Property Damage,Unknown,Yes,No,No,No,,2,No,No,,38305,Unknown,Unknown,,,Dark - Lighted,Clear,158,16,20,0,9,19,1535745600,0.53,4.75,181,3,0,90.9,10.15,0.72,87.32,67.99,5.07,,partly-cloudy-day,mostly cloudy,0,1,0,0,0,0
,35.0493446,-85.30892,1106 Belmeade Ave,,Hoyt St,9/17/2018 0:00,2018-09-17,0,1537156800,,,,Property Damage Under,Not Collision with Motor Vehicle in Transport,Yes,No,No,No,15,1,No,No,,37411,Unknown,Unknown,,,Unknown,Clear,158,16,20,0,9,19,1537153200,0.85,2.91,283,0,0,74.64,5.65,0.77,73.57,68.92,6.44,,partly-cloudy-night,mostly cloudy,0,1,0,0,0,0
,35.052573,-85.302738,E 3rd St,,Lindsay St,9/27/2018 15:00,2018-09-27,15,1538074800,,,,Property Damage,Front to Rear,Yes,No,No,No,30,2,No,No,Shoulder and Lap Belt Used,37415,Unknown,Unknown,No,No,Daylight,Rain,158,16,20,0,9,19,1538071200,0.93,5.12,205,4,0.067,75.08,9.27,0.98,73.62,71.63,3.99,rain,rain,light rain,1,0,0,0,0,1
,35.0473105,-85.303969,HIGHWAY RD,I-24,,10/5/2018 17:00,2018-10-05,17,1538773200,,,,Possible Injury,Front to Rear,No,No,Yes,No,65,6,No,No,Shoulder and Lap Belt Used,33418,Shoulder and Lap Belt Used,35242,No,No,Daylight,Clear,158,16,20,0,9,19,1538769600,0.44,2.67,198,2,0,92.87,6.66,0.44,90.41,65.7,7.217,,partly-cloudy-day,partly cloudy,0,1,0,0,0,0
,35.049586,-85.307704,601 Walnut St,,6th St,10/7/2018 15:00,2018-10-07,15,1538938800,,,,Property Damage Under,Not Collision with Motor Vehicle in Transport,No,No,No,No,15,1,No,No,Shoulder and Lap Belt Used,37406,,,No,No,Daylight,Clear,158,16,20,0,9,19,1538935200,0.51,5.94,122,4,0,90.7,10.64,0.7,87.65,67.11,4.55,,partly-cloudy-day,mostly cloudy,0,1,0,0,0,0
,35.0495805,-85.307819,3933 St Elmo Ave,,Tennessee Ave,10/16/2018 0:00,2018-10-16,0,1539662400,,,,Possible Injury,Not Collision with Motor Vehicle in Transport,No,No,No,No,35,1,No,No,,37402,Shoulder and Lap Belt Used,37343,,Yes,Daylight,Rain,158,16,20,0,9,19,1539658800,0.86,3.85,346,0,0,66.45,7.74,0.77,66.12,61.66,7.759,,partly-cloudy-night,mostly cloudy,0,1,0,0,0,0