Accident,Latitude,Longitude,Street,AltStreet,Intersection,DateTime,Date,Hour,Unix,WeekDay,WeekEnd,DayFrame,AccidentType,CollisionType,HaR,FatalInjury,MedicalTransport,InvolvedPlacardedTruck,PostedSpeed,TotalVehiclesInvolved,PedestrianInvolved,BicycleInvolved,DriverOneSafetyEquipment,DriverOneZip,DriverTwoSafetyEquipment,DriverTwoZip,Drug,Alcohol,LightCondition,Weather,Grid_Block,Grid_Col,Grid_Row,Highway,Land_Use_Mode,Road_Count,HourBefore,humidity,windSpeed,windBearing,uvIndex,precipIntensity,apparentTemperature,windGust,cloudCover,temperature,dewPoint,visibility,precipType,Event,Conditions,Rain,Cloudy,Foggy,Snow,Clear,RainBefore
,35.050355,-85.30093,720 E 4th St,,4th St,10/29/2018 21:00,2018-10-29,21,1540861200,,,,Property Damage,Angle,No,No,No,No,25,2,No,No,Shoulder and Lap Belt Used,37312,Shoulder and Lap Belt Used,37138,No,No,Dark - Lighted,Clear,158,16,20,0,9,19,1540857600,0.56,2.42,344,0,0,54.99,3.7,0,54.99,39.62,10,,clear-night,clear,0,0,0,0,1,0
,35.048866,-85.306418,300 Oak St,,Georgia,11/13/2018 8:00,2018-11-13,8,1542114000,,,,Property Damage,Front to Rear,No,No,No,No,35,2,No,No,,37416,Shoulder and Lap Belt Used,37405,No,No,Daylight,Clear,158,16,20,0,9,19,1542110400,0.94,3.95,338,0,0.003,45.35,8.01,1,46.91,45.17,1.309,rain,rain,possible drizzle,1,0,0,0,0,1
,35.049134,-85.307618,609 Walnut St,,6th St,11/14/2018 11:00,2018-11-14,11,1542211200,,,,Property Damage Under,"Sideswipe, Same Direction",No,No,No,No,,2,No,No,,37027,Shoulder and Lap Belt Used,37353,No,No,Daylight,Clear,158,16,20,0,9,19,1542207600,0.87,6.57,45,3,0,36.09,13.55,1,40.58,36.95,3.39,,cloudy,overcast,0,1,0,0,0,0
,35.048972,-85.303025,Houston St,SR-600,Vine St,12/8/2018 23:00,2018-12-08,23,1544328000,,,,Property Damage,"Sideswipe, Same Direction",Yes,No,No,No,30,2,No,No,Unknown,Unknown,,37403,,,Daylight,Rain,158,16,20,0,9,19,1544324400,0.96,6.32,37,0,0.162,34.4,6.32,1,39.04,38.11,1.474,rain,rain,rain,1,0,0,0,0,1
,35.051193,-85.301177,E 4th St,SR-727,Houston St,1/2/2019 0:00,2019-01-02,0,1546405200,,,,Property Damage,Front to Rear,No,No,No,No,35,2,No,No,Shoulder and Lap Belt Used,37310,Shoulder and Lap Belt Used,37416,No,No,Dark - Lighted,Rain,158,16,20,0,9,19,1546401600,0.91,2.72,328,0,0,47.3,5.34,0.75,47.3,44.74,3.149,,partly-cloudy-night,mostly cloudy,0,1,0,0,0,0
,35.052375,-85.304464,4th st/veterans bridge,,4th st,1/14/2019 7:00,2019-01-14,7,1547467200,,,,Property Damage,"Sideswipe, Same Direction",Yes,No,No,No,35,2,No,No,Shoulder and Lap Belt Used,37405,Unknown,Unknown,No,No,Dawn,Clear,158,16,20,0,9,19,1547463600,0.82,4.75,324,0,0,37.02,7.65,0.77,40.3,35.15,7.569,,partly-cloudy-night,mostly cloudy,0,1,0,0,0,0
,35.05097,-85.30062,E 4th St,,Mable St,2/1/2019 7:00,2019-02-01,7,1549022400,,,,Property Damage,Front to Rear,No,No,No,No,30,3,No,No,Shoulder and Lap Belt Used,37405,Shoulder and Lap Belt Used,37415,No,No,Dawn,Clear,158,16,20,0,9,19,1549018800,0.69,2.22,206,0,0,32.94,5.4,0.44,32.94,23.83,8.475,,partly-cloudy-night,partly cloudy,0,1,0,0,0,0
,35.049333,-85.306009,618 Georgia Ave,,Oak Street,2/3/2019 0:00,2019-02-03,0,1549170000,,,,Property Damage,"Sideswipe, Same Direction",Yes,No,No,No,25,2,No,No,,38464,Unknown,Unknown,,,Unknown,Unknown,158,16,20,0,9,19,1549166400,0.68,2.85,143,0,0,45.93,4.81,0.04,45.93,35.86,7.808,,clear-night,clear,0,0,0,0,1,0
,35.0519778,-85.302108,Riverside Ave,,Lindsay St,2/6/2019 7:00,2019-02-06,7,1549454400,,,,Possible Injury,Front to Rear,No,No,Yes,No,35,2,No,No,Shoulder and Lap Belt Used,37416,Shoulder and Lap Belt Used,37416,No,No,Dawn,Rain,158,16,20,0,9,19,1549450800,0.93,5.19,202,0,0.001,63.27,10.11,1,62.89,60.92,4.299,rain,rain,possible drizzle,1,0,0,0,0,1
,35.051918,-85.303094,E 4th St,,Lindsay St,3/7/2019 14:00,2019-03-07,14,1551985200,,,,Property Damage,"Sideswipe, Same Direction",No,No,No,No,30,2,No,No,Shoulder and Lap Belt Used,37363,Shoulder and Lap Belt Used,37379,No,No,Daylight,Cloudy,158,16,20,0,9,19,1551981600,0.18,2.67,111,6,0,52.01,9.18,0.19,52.01,10.08,7.007,,partly-cloudy-day,partly cloudy,0,1,0,0,0,0
,35.048428,-85.306777,Mccallie Ave,,Georgia Ave,3/17/2019 15:00,2019-03-17,15,1552849200,,,,Property Damage,Not Collision with Motor Vehicle in Transport,No,No,No,No,25,1,No,No,Shoulder and Lap Belt Used,37411,,,No,No,Daylight,Clear,158,16,20,0,9,19,1552845600,0.19,3.96,331,6,0,62.37,11.81,0,62.37,19.6,2.376,,clear-day,clear,0,0,0,0,1,0
,35.049586,-85.307704,601 Walnut St,,E 6th St,3/21/2019 16:00,2019-03-21,16,1553198400,,,,Property Damage,Unknown,No,No,No,No,25,2,No,No,Shoulder and Lap Belt Used,37411,,37402,No,No,Daylight,Clear,158,16,20,0,9,19,1553194800,0.35,9.67,306,3,0,61.02,17.77,0.75,61.02,33.02,7.494,,partly-cloudy-day,mostly cloudy,0,1,0,0,0,0
,35.049729,-85.306022,618 Georgia Ave,,E 6th St,3/21/2019 21:00,2019-03-21,21,1553216400,,,,Property Damage,Unknown,Yes,No,No,No,25,3,No,No,,60614,,37411,,,Dark - Lighted,Clear,158,16,20,0,9,19,1553212800,0.48,10.3,322,0,0,54.19,20.04,0.44,54.19,34.85,5.11,,partly-cloudy-night,partly cloudy,0,1,0,0,0,0
,35.048141,-85.307084,707 Georgia Ave St,,Non intersection,4/2/2019 15:00,2019-04-02,15,1554231600,,,,Property Damage,Rear to Rear,No,No,No,No,15,2,No,No,,37409,Unknown,37363,,No,Daylight,Clear,158,16,20,0,9,19,1554228000,0.39,3.74,240,4,0,56.66,9.73,0.77,56.66,31.66,5.137,,partly-cloudy-day,mostly cloudy,0,1,0,0,0,0
,35.050419,-85.303577,500 Lindsay St,,Non intersection,4/6/2019 10:00,2019-04-06,10,1554559200,,,,Property Damage,Unknown,Yes,No,No,No,15,2,No,No,Unknown,Unknown,,37405,,,Daylight,Clear,158,16,20,0,9,19,1554555600,0.87,4.01,193,2,0,59.39,6.02,0.77,59.39,55.49,4.075,,partly-cloudy-day,mostly cloudy,0,1,0,0,0,0
,35.046845,-85.304621,428 Mccallie Ave,,Houston St,4/10/2019 6:00,2019-04-10,6,1554890400,,,,Property Damage,Angle,Yes,No,No,No,15,2,No,No,,37411,Unknown,Unknown,,,Daylight,Clear,158,16,20,0,9,19,1554886800,0.73,2.48,17,0,0,57.67,6.28,0.17,57.67,49.09,3.948,,partly-cloudy-night,partly cloudy,0,1,0,0,0,0
,35.052257,-85.305446,High St,,E 4th St,4/26/2019 0:00,2019-04-26,0,1556251200,,,,Property Damage,"Sideswipe, Same Direction",Yes,No,No,No,30,2,No,No,Unknown,Unknown,,37312,,,Unknown,Clear,158,16,20,0,9,19,1556247600,0.82,4.79,196,0,0,63.4,9.44,1,63.4,57.7,3.672,,cloudy,overcast,0,1,0,0,0,0
,35.049301,-85.306913,Georgia Ave,,Georgia Ave,4/26/2019 13:00,2019-04-26,13,1556298000,,,,Property Damage,Unknown,Yes,No,No,No,35,2,No,No,,37411,Unknown,Unknown,,,Daylight,Clear,158,16,20,0,9,19,1556294400,0.4,13.34,335,5,0,67.53,26.02,0.44,67.53,42.29,6.941,,partly-cloudy-day,partly cloudy,0,1,0,0,0,0
,35.048038,-85.305646,399 Mccallie Ave,,McCalie Ave,4/27/2019 0:00,2019-04-27,0,1556337600,,,,Property Damage Under,Unknown,Yes,No,No,No,,2,No,No,Unknown,Unknown,,37755,,,Daylight,Clear,158,16,20,0,9,19,1556334000,0.35,4.99,332,0,0,60.45,8.24,0,60.45,32.75,6.433,,clear-night,clear,0,0,0,0,1,0
,35.050391,-85.306948,Walnut St,SR-500,E 6th St,5/2/2019 15:00,2019-05-02,15,1556823600,,,,Property Damage Under,Angle,No,No,No,No,15,2,No,No,,30736,Shoulder and Lap Belt Used,30707,No,No,Daylight,Clear,158,16,20,0,9,19,1556820000,0.53,8.11,179,7,0,85.08,16.12,0.44,83.54,64.38,2.061,,partly-cloudy-day,partly cloudy,0,1,0,0,0,0
,35.048801,-85.305492,317 Oak St,,Lindsay St,5/8/2019 0:00,2019-05-08,0,1557288000,,,,Property Damage Under,Unknown,Yes,No,No,No,,2,No,No,,37404,Unknown,Unknown,,,Unknown,Clear,158,16,20,0,9,19,1557284400,0.83,2.84,265,0,0,63.71,4.44,0,63.71,58.33,4.333,,clear-night,clear,0,0,0,0,1,0
,35.052255,-85.306483,300 E 4th St,,Lookout St,5/29/2019 10:00,2019-05-29,10,1559138400,,,,Property Damage,Not Collision with Motor Vehicle in Transport,No,No,No,No,35,1,No,No,Shoulder and Lap Belt Used,30721,,,No,No,Daylight,Clear,158,16,20,0,9,19,1559134800,0.62,4.55,237,4,0,84.21,9.01,0.4,81.64,67.21,6.937,,partly-cloudy-day,partly cloudy,0,1,0,0,0,0
,35.05324,-85.30664,300 Lookout St,,E 4th St,6/22/2019 0:00,2019-06-22,0,1561176000,,,,Property Damage Under,Front to Rear,No,No,No,No,35,2,No,No,,37922,,30736,,,Daylight,Clear,158,16,20,0,9,19,1561172400,0.76,7.62,333,0,0.047,76.96,13.69,0.75,76.1,67.8,1.171,rain,rain,possible light rain,1,0,0,0,0,1
,35.049586,-85.307704,601 Walnut St,,Non intersection,6/25/2019 8:00,2019-06-25,8,1561464000,,,,Property Damage,Rear to Side,No,No,No,No,15,2,No,No,,37406,Shoulder and Lap Belt Used,37415,No,No,Daylight,Clear,158,16,20,0,9,19,1561460400,0.92,1.97,250,1,0,70.21,4.14,0,69.24,66.91,6.889,,clear-day,clear,0,0,0,0,1,0
,35.050039,-85.305853,300 Vine St,,Georgia Ave,6/25/2019 9:00,2019-06-25,9,1561467600,,,,Property Damage,"Sideswipe, Same Direction",No,No,No,No,25,2,No,No,Shoulder and Lap Belt Used,38558,,30736,No,No,Daylight,Clear,158,16,20,0,9,19,1561464000,0.81,1.38,276,2,0,74.65,5.61,0,73.75,67.66,6.673,,clear-day,clear,0,0,0,0,1,0
,35.008661,-85.237709,18400 Interstate 24 Eb road,I-24,South Crest Road,1/6/2018 18:00,2018-01-06,18,1515279600,,,,Property Damage Under,Other,Yes,No,No,No,55,2,No,No,Unknown,99324,Unknown,Unknown,No,No,Dark - Lighted,Clear,109,26,22,1,7,21,1515276000,0.31,2.04,28,0,0,29.57,4.67,0,29.57,2.8,5.795,,clear-night,clear,0,0,0,0,1,0
,35.008661,-85.237709,I 184 Eastbound,I-24,S Terrace,2/9/2018 6:00,2018-02-09,6,1518174000,,,,Possible Injury,Not Collision with Motor Vehicle in Transport,No,No,Yes,No,55,1,No,No,Shoulder and Lap Belt Used,37412,,,No,,Dawn,Other,109,26,22,1,7,21,1518170400,0.82,0.15,,0,0,30.98,1.01,0,30.98,26.16,6.191,,clear-night,clear,0,0,0,0,1,0
,35.008957,-85.238046,18400 Interstate 24 West,I-24,Belvoir Ave,3/8/2018 8:00,2018-03-08,8,1520514000,,,,Property Damage,Front to Rear,Yes,No,No,No,55,2,No,No,Unknown,Unknown,Shoulder and Lap Belt Used,37363,No,No,Daylight,Clear,109,26,22,1,7,21,1520510400,0.71,0.29,299,0,0,33.83,1.12,1,33.83,25.29,7.342,,cloudy,overcast,0,1,0,0,0,0
,35.008957,-85.238046,18400 Interstate 24 Wb St,,Moore Rd,3/24/2018 12:00,2018-03-24,12,1521907200,,,,Property Damage Under,Front to Rear,Yes,No,No,No,55,2,No,No,Unknown,Unknown,Shoulder and Lap Belt Used,56003,No,No,Daylight,Cloudy,109,26,22,1,7,21,1521903600,0.69,1.88,191,4,0,53.29,4.31,1,53.29,43.34,5.795,,cloudy,overcast,0,1,0,0,0,0
,35.008661,-85.237709,18400 Hwy 24 Eb,,S Moore Rd,4/17/2018 19:00,2018-04-17,19,1524006000,,,,Property Damage,Front to Rear,No,No,No,No,55,3,No,No,Shoulder and Lap Belt Used,37022,Shoulder and Lap Belt Used,37404,No,No,Daylight,Clear,109,26,22,1,7,21,1524002400,0.38,3.38,243,0,0,74.39,10.98,0,74.39,46.93,6.191,,clear-day,clear,0,0,0,0,1,0
,35.016184,-85.240072,107 Thornton Ave,SR-107,Brainerd Road,6/12/2018 14:00,2018-06-12,14,1528826400,,,,Property Damage,Not Collision with Motor Vehicle in Transport,No,No,No,No,,1,No,No,Shoulder and Lap Belt Used,37411,,,No,No,Daylight,Clear,109,26,22,1,7,21,1528822800,0.62,8.74,162,8,0,85.96,14.83,0.44,82.73,68.43,6.192,,partly-cloudy-day,partly cloudy,0,1,0,0,0,0
,35.008957,-85.238046,18240 24 EB Highway,I-24,Old Ringold Road,7/18/2018 2:00,2018-07-18,2,1531893600,,,,Property Damage,Front to Rear,No,No,No,No,55,2,No,No,Shoulder and Lap Belt Used,37640,Shoulder and Lap Belt Used,30127,No,No,Dark - Lighted,Clear,109,26,22,1,7,21,1531890000,0.94,2.38,314,0,0.001,74.52,4.7,0.66,73.08,71.31,2.872,rain,partly-cloudy-night,mostly cloudy,0,1,0,0,0,0
,35.008661,-85.237709,"18400 Interstate 24 Eb, Street",I-24,South Moore Road,7/30/2018 22:00,2018-07-30,22,1533002400,,,,Property Damage,Unknown,Yes,No,No,No,55,2,No,No,Unknown,Unknown,Shoulder and Lap Belt Used,37421,No,No,Dark - Not Lighted,Rain,109,26,22,1,7,21,1532998800,0.82,4.1,186,0,0,78.82,7.82,1,77.51,71.58,4.047,,cloudy,overcast,0,1,0,0,0,0
,35.008957,-85.238046,18400 Interstate 24 Wb Interstate,,N Moore Rd,9/5/2018 15:00,2018-09-05,15,1536174000,,,,Property Damage,Front to Rear,No,No,No,No,55,2,No,No,Unknown,30741,Unknown,37377,No,No,Daylight,Clear,109,26,22,1,7,21,1536170400,0.68,2.36,140,6,0,88.89,8.99,0.44,83.51,71.89,5.566,,partly-cloudy-day,partly cloudy,0,1,0,0,0,0
,35.011734,-85.241829,4011 Austin St,,Belvoir Avenue,11/4/2018 9:00,2018-11-04,9,1541340000,,,,Property Damage Under,Front to Rear,No,No,No,No,15,2,No,No,,37411,Shoulder and Lap Belt Used,37421,No,No,Daylight,Clear,109,26,22,1,7,21,1541336400,0.77,2.75,184,1,0,48.46,9.66,0,48.46,41.68,1.098,,fog,foggy,0,0,1,0,0,0
,35.008661,-85.237709,18400 Interstate 24 Eb Hwy,I-24,Moore Ed,11/28/2018 8:00,2018-11-28,8,1543410000,,,,Property Damage Under,"Sideswipe, Same Direction",No,No,No,No,70,2,No,No,Shoulder and Lap Belt Used,30741,Shoulder and Lap Belt Used,37341,No,No,Daylight,Clear,109,26,22,1,7,21,1543406400,0.74,2.79,16,0,0,23.69,7.16,0,23.69,16.71,6.299,,clear-day,clear,0,0,0,0,1,0
,35.008661,-85.237709,18400 I 24 Interstate,,S moore Rd,12/1/2018 20:00,2018-12-01,20,1543712400,,,,Property Damage,Front to Rear,No,No,No,No,55,2,No,No,,37343,Unknown,37302,No,No,Dark - Lighted,Rain,109,26,22,1,7,21,1543708800,0.97,3.75,162,0,0,56.37,11.85,1,56.37,55.52,2.507,,cloudy,overcast,0,1,0,0,0,0
,35.009249,-85.239269,18200 I 24 EB Interstate,I-24,Interstate 24 East,12/20/2018 22:00,2018-12-20,22,1545361200,,,,Property Damage,Angle,Yes,No,No,No,55,3,No,No,Unknown,Unknown,Shoulder and Lap Belt Used,30228,No,No,Dark - Lighted,Rain,109,26,22,1,7,21,1545357600,0.95,2.44,79,0,0.012,46.33,4.86,1,46.33,45.06,1.306,rain,rain,drizzle,1,0,0,0,0,1
,35.008661,-85.237709,18400 I24 Eb Interstate,,Belvoir,12/27/2018 17:00,2018-12-27,17,1545948000,,,,Property Damage Under,"Sideswipe, Same Direction",Yes,No,No,No,55,2,No,No,Unknown,Unknown,,60089,No,No,Daylight,Rain,109,26,22,1,7,21,1545944400,0.74,9.18,182,0,0.003,54.79,19.17,1,54.79,46.76,10,rain,cloudy,overcast,0,1,0,0,0,0
,35.008661,-85.237709,18400 Interstate 24 East,I-24,S Germantown Rd,12/27/2018 21:00,2018-12-27,21,1545962400,,,,Property Damage,Front to Rear,Yes,No,No,No,55,5,No,No,Shoulder and Lap Belt Used,37317,Shoulder and Lap Belt Used,37421,No,No,Dark - Lighted,Rain,109,26,22,1,7,21,1545958800,0.94,3.01,253,0,0.218,51.21,11.68,1,51.21,49.64,1.747,rain,rain,rain,1,0,0,0,0,1
,35.008661,-85.237709,18400 I 24 Interstate,I-24,N Moore Rd,12/29/2018 20:00,2018-12-29,20,1546131600,,,,Property Damage,Angle,No,No,No,No,55,2,No,No,Shoulder and Lap Belt Used,33023,Shoulder and Lap Belt Used,31419,No,No,Dark - Lighted,Clear,109,26,22,1,7,21,1546128000,0.76,4.73,12,0,0,45.57,8.56,0,47.6,40.55,5.617,,clear-night,clear,0,0,0,0,1,0
,35.008661,-85.237709,18400 Interstate,I-24,Moore Rd,2/25/2019 7:00,2019-02-25,7,1551096000,,,,Property Damage,Not Collision with Motor Vehicle in Transport,Yes,No,No,No,55,2,No,No,Unknown,Unknown,Shoulder and Lap Belt Used,37407,No,No,Dawn,Clear,109,26,22,1,7,21,1551092400,0.58,3.93,328,0,0,30.96,6.57,0,34.43,21.2,3.249,,clear-night,clear,0,0,0,0,1,0
,35.010684,-85.242736,18370 Interstate,I-24,183 Interstate,3/30/2019 18:00,2019-03-30,18,1553983200,,,,Property Damage,Front to Rear,No,No,No,No,55,2,No,No,Shoulder and Lap Belt Used,35979,Shoulder and Lap Belt Used,30755,No,No,Daylight,Clear,109,26,22,1,7,21,1553979600,0.44,11.04,197,1,0,72.94,18.4,0.75,72.94,49.47,3.99,,partly-cloudy-day,mostly cloudy,0,1,0,0,0,0
,35.008957,-85.238046,18400 Interstate 24 Westbound,I-24,N Moore Rd.,4/1/2019 12:00,2019-04-01,12,1554134400,,,,Possible Injury,Front to Rear,No,No,Yes,No,55,2,No,No,Shoulder and Lap Belt Used,37871,Shoulder and Lap Belt Used,37421,No,No,Daylight,Clear,109,26,22,1,7,21,1554130800,0.38,8.33,23,6,0,40.93,12.49,0,45.33,21.32,8.274,,clear-day,clear,0,0,0,0,1,0
,35.008661,-85.237709,18400 Interstate 24 Eastbound,,Exit 184,4/10/2019 15:00,2019-04-10,15,1554922800,,,,Property Damage,Angle,Yes,No,No,No,50,2,No,No,Unknown,Unknown,Shoulder and Lap Belt Used,37416,No,No,Daylight,Clear,109,26,22,1,7,21,1554919200,0.29,3.17,59,8,0,80.15,3.46,0,80.15,45.41,10,,clear-day,clear,0,0,0,0,1,0
,35.008467,-85.238025,S Terrace,,Marlboro Ave,4/17/2019 10:00,2019-04-17,10,1555509600,,,,Property Damage,Angle,No,No,No,No,40,2,No,No,Shoulder and Lap Belt Used,37380,Shoulder and Lap Belt Used,37412,No,No,Daylight,Clear,109,26,22,1,7,21,1555506000,0.67,1.81,193,3,0,60.95,2.49,0,60.95,50.01,3.75,,clear-day,clear,0,0,0,0,1,0
,35.008661,-85.237709,18400 Interstate 24 Eb Rd,,I-75,5/18/2019 5:00,2019-05-18,5,1558170000,,,,Property Damage,Not Collision with Motor Vehicle in Transport,Yes,No,No,No,65,2,No,No,Shoulder and Lap Belt Used,60621,Unknown,Unknown,,,Dark - Lighted,Clear,109,26,22,1,7,21,1558166400,0.92,1.74,284,0,0,65.92,3.82,0,65.37,62.92,2.937,,clear-night,clear,0,0,0,0,1,0
,35.013526,-85.239308,210 Brookfield Ave,,Albemarle Ave,5/27/2019 20:00,2019-05-27,20,1559001600,,,,Property Damage,Rear to Side,Yes,No,No,No,25,2,No,No,,37411,Unknown,Unknown,,,Dusk,Clear,109,26,22,1,7,21,1558998000,0.48,3.58,224,0,0,91.74,5.44,0.75,88.78,66.79,5.493,,partly-cloudy-day,mostly cloudy,0,1,0,0,0,0
,35.009551,-85.240988,S Terrace,,Brookfield Ave,6/17/2019 17:00,2019-06-17,17,1560805200,,,,Property Damage,Front to Rear,No,No,No,No,40,2,No,No,Shoulder and Lap Belt Used,37416,Shoulder and Lap Belt Used,30736,No,No,Daylight,Clear,109,26,22,1,7,21,1560801600,0.61,5.71,231,4,0.013,87.48,11.89,0.44,83.83,68.9,3.738,rain,rain,possible drizzle,1,0,0,0,0,1
,35.032718,-85.263344,Oak St,,Glenwood Dr,1/6/2018 19:00,2018-01-06,19,1515283200,,,,Property Damage,Not Collision with Motor Vehicle in Transport,No,No,No,No,30,1,No,No,Shoulder and Lap Belt Used,37411,,,No,No,Daylight,Clear,164,22,20,0,7,17,1515279600,0.36,0.89,38,0,0,26.57,1.8,0,26.57,2.93,5.768,,clear-night,clear,0,0,0,0,1,0
,35.031964,-85.263339,Mccallie Ave,,Gleenwood,1/9/2018 12:00,2018-01-09,12,1515517200,,,,Property Damage,Front to Rear,No,No,No,No,35,2,No,No,Shoulder and Lap Belt Used,30721,Shoulder and Lap Belt Used,30755,No,No,Daylight,Cloudy,164,22,20,0,7,17,1515513600,0.9,0.73,26,2,0,43.92,1.86,1,43.92,41.18,2.956,,cloudy,overcast,0,1,0,0,0,0
,35.034342,-85.262449,Oak St,,Glenwood Dr,1/11/2018 15:00,2018-01-11,15,1515700800,,,,Property Damage,"Sideswipe, Same Direction",Yes,No,No,No,30,2,No,No,Unknown,Unknown,Shoulder and Lap Belt Used,30752,No,No,Daylight,Rain,164,22,20,0,7,17,1515697200,0.91,2.45,190,1,0.001,58.72,6.39,1,58.72,56.22,3.178,rain,cloudy,overcast,0,1,0,0,0,0
,35.0338493,-85.257801,Shallowford Rd,,I-75,2/16/2018 20:00,2018-02-16,20,1518829200,,,,Property Damage,Front to Rear,No,No,No,No,45,2,No,No,Shoulder and Lap Belt Used,37416,Shoulder and Lap Belt Used,35406,No,No,Dark - Lighted,Clear,164,22,20,0,7,17,1518825600,0.85,4.34,4,0,0,47.94,9.32,1,49.4,45.08,5.768,,cloudy,overcast,0,1,0,0,0,0
,35.033514,-85.262906,200 Glenwood Dr,SR-200,Glenwood Pkwy,4/10/2018 14:00,2018-04-10,14,1523383200,,,,Property Damage,"Sideswipe, Same Direction",No,No,No,No,35,2,No,No,Shoulder and Lap Belt Used,N0J1B,Shoulder and Lap Belt Used,37406,No,No,Daylight,Clear,164,22,20,0,7,17,1523379600,0.38,3.54,27,9,0,62.19,10.61,0,62.19,36.21,6.139,,clear-day,clear,0,0,0,0,1,0
,35.031964,-85.263339,100 Glenwood Dr,SR-100,Oak Street,5/6/2018 13:00,2018-05-06,13,1525626000,,,,Property Damage,Angle,No,No,No,No,30,2,No,No,Shoulder and Lap Belt Used,37343,Shoulder and Lap Belt Used,30736,No,No,Daylight,Clear,164,22,20,0,7,17,1525622400,0.47,3.91,350,9,0,73.83,10.52,0.19,73.83,52.14,6.139,,partly-cloudy-day,partly cloudy,0,1,0,0,0,0
,35.033714,-85.257929,70 Shallowford Rd,,Mission Crest Ln,5/8/2018 17:00,2018-05-08,17,1525813200,,,,Property Damage,"Sideswipe, Opposite Direction",Yes,No,No,No,30,2,No,No,Shoulder and Lap Belt Used,37923,Unknown,Unknown,No,No,Daylight,Clear,164,22,20,0,7,17,1525809600,0.38,1.89,218,4,0,80.46,4.6,0.35,80.46,52.57,6.301,,partly-cloudy-day,partly cloudy,0,1,0,0,0,0
,35.033029,-85.263593,163 Glenwood Dr,,Oak St,6/10/2018 18:00,2018-06-10,18,1528668000,,,,Property Damage,Other,Yes,No,No,No,25,2,No,No,Shoulder and Lap Belt Used,37404,Unknown,Unknown,,No,Daylight,Clear,164,22,20,0,7,17,1528664400,0.67,4,180,3,0,83.83,7.85,0.19,80.79,68.89,5.481,,partly-cloudy-day,partly cloudy,0,1,0,0,0,0
,35.031964,-85.263339,100 Glenwood Dr,,Oak St,6/15/2018 16:00,2018-06-15,16,1529092800,,,,Possible Injury,Front to Rear,No,No,No,No,35,3,No,No,Shoulder and Lap Belt Used,37409,Shoulder and Lap Belt Used,37406,No,No,Daylight,Clear,164,22,20,0,7,17,1529089200,0.43,4.16,11,7,0,92.23,10.6,0.19,90.35,64.72,6.3,,partly-cloudy-day,partly cloudy,0,1,0,0,0,0
,35.0318947,-85.258793,200 Shallowford Rd,,OAK ST,6/21/2018 6:00,2018-06-21,6,1529575200,,,,Property Damage,"Sideswipe, Same Direction",Yes,No,No,No,35,2,No,No,Unknown,Unknown,Shoulder and Lap Belt Used,37411,No,No,Dark - Lighted,Rain,164,22,20,0,7,17,1529571600,0.85,0.66,325,0,0.003,75.99,1.88,0.65,74.8,70.05,9.884,rain,partly-cloudy-night,mostly cloudy,0,1,0,0,0,0
,35.035165,-85.261614,300 Glenwood Dr,SR-300,E 4th Street,9/10/2018 13:00,2018-09-10,13,1536598800,,,,Property Damage,Front to Rear,Yes,No,No,No,35,3,No,No,Shoulder and Lap Belt Used,37411,Shoulder and Lap Belt Used,37415,No,No,Daylight,Rain,164,22,20,0,7,17,1536595200,0.9,5.62,346,5,0.649,74.81,8.4,1,73.53,70.43,0.334,rain,rain,heavy rain,1,0,0,0,0,1
,35.032906,-85.263565,151 Glenwood Dr,SR-150,Oak Street,11/12/2018 13:00,2018-11-12,13,1542045600,,,,Property Damage,Angle,Yes,No,No,No,30,3,No,No,Shoulder and Lap Belt Used,37377,Unknown,Unknown,No,No,Daylight,Rain,164,22,20,0,7,17,1542042000,0.97,5.06,29,3,0.218,39.05,10.34,1,42.23,41.46,1.832,rain,rain,rain,1,0,0,0,0,1
,35.03321,-85.260724,2621 Glenwood Pkwy,,Glenwood Dr,11/19/2018 12:00,2018-11-19,12,1542646800,,,,Property Damage,Angle,No,No,No,No,25,2,No,No,Shoulder and Lap Belt Used,37415,None Used MV Occupant,37350,No,No,Daylight,Clear,164,22,20,0,7,17,1542643200,0.55,5.19,201,3,0,61.63,11.66,0,61.63,45.4,6.267,,clear-day,clear,0,0,0,0,1,0
,35.036306,-85.261783,E 4th St,,Glenwood Dr,12/6/2018 16:00,2018-12-06,16,1544130000,,,,Property Damage Under,"Sideswipe, Same Direction",Yes,No,No,No,35,2,No,No,,37406,,37377,,,Daylight,Clear,164,22,20,0,7,17,1544126400,0.44,1.82,246,0,0,43.3,6.26,0.19,43.3,22.79,2.494,,partly-cloudy-day,partly cloudy,0,1,0,0,0,0
,35.031964,-85.263339,100 Glenwood Dr,,Oak St,3/6/2019 16:00,2019-03-06,16,1551906000,,,,Property Damage,Angle,Yes,No,No,No,35,2,No,No,Shoulder and Lap Belt Used,37404,Unknown,Unknown,No,No,Daylight,Clear,164,22,20,0,7,17,1551902400,0.24,3.79,275,2,0,40.09,9.3,0,42.24,7.69,5.764,,clear-day,clear,0,0,0,0,1,0
,35.032718,-85.263344,2600 Oak St,,Glenwood Dr,3/8/2019 16:00,2019-03-08,16,1552078800,,,,Property Damage,Not Collision with Motor Vehicle in Transport,Yes,No,No,No,40,1,No,No,,37402,Unknown,Unknown,,,Daylight,Rain,164,22,20,0,7,17,1552075200,1,2.51,79,2,0.05,45.59,6.87,1,45.59,45.47,1.918,rain,rain,light rain,1,0,0,0,0,1