Accident,Latitude,Longitude,Street,AltStreet,Intersection,DateTime,Date,Hour,Unix,WeekDay,WeekEnd,DayFrame,AccidentType,CollisionType,HaR,FatalInjury,MedicalTransport,InvolvedPlacardedTruck,PostedSpeed,TotalVehiclesInvolved,PedestrianInvolved,BicycleInvolved,DriverOneSafetyEquipment,DriverOneZip,DriverTwoSafetyEquipment,DriverTwoZip,Drug,Alcohol,LightCondition,Weather,Grid_Block,Grid_Col,Grid_Row,Highway,Land_Use_Mode,Road_Count,HourBefore,humidity,windSpeed,windBearing,uvIndex,precipIntensity,apparentTemperature,windGust,cloudCover,temperature,dewPoint,visibility,precipType,Event,Conditions,Rain,Cloudy,Foggy,Snow,Clear,RainBefore
,35.032718,-85.263344,Oak St,,Glenwood Dr,3/12/2019 16:00,2019-03-12,16,1552420800,,,,Property Damage,Angle,No,No,No,No,30,2,No,No,Shoulder and Lap Belt Used,37363,Shoulder and Lap Belt Used,30741,No,No,Daylight,Clear,164,22,20,0,7,17,1552417200,0.24,6.19,42,5,0,63.13,11.79,0,63.13,25.96,7.852,,clear-day,clear,0,0,0,0,1,0
,35.033003,-85.265899,2415 Mccallie Ave,,NONE,3/24/2019 22:00,2019-03-24,22,1553479200,,,,Property Damage,Not Collision with Motor Vehicle in Transport,No,No,No,No,35,1,No,No,Shoulder and Lap Belt Used,37405,,,No,No,Dark - Lighted,Clear,164,22,20,0,7,17,1553475600,0.38,2.76,232,0,0,64.28,4.6,1,64.28,38.36,5.146,,cloudy,overcast,0,1,0,0,0,0
,35.035647,-85.262118,Glenwood Dr,,E 5th street,6/6/2019 9:00,2019-06-06,9,1559826000,,,,Property Damage,Not Collision with Motor Vehicle in Transport,Yes,No,No,No,30,1,No,No,Unknown,Unknown,,,,,Daylight,Clear,164,22,20,0,7,17,1559822400,0.94,3.19,201,2,0.003,72.08,6.55,1,70.89,68.99,4.972,rain,rain,possible drizzle,1,0,0,0,0,1
,35.032823,-85.26437,2508 Oak St,,Glenwood Drive,6/21/2019 0:00,2019-06-21,0,1561089600,,,,Property Damage,Unknown,Yes,No,No,No,15,2,No,No,Unknown,Unknown,,37404,,,Unknown,Unknown,164,22,20,0,7,17,1561086000,0.8,2.57,287,0,0,74.5,7.22,0.19,73.66,67.2,6.118,,partly-cloudy-night,partly cloudy,0,1,0,0,0,0
,35.0394367,-85.142488,Shallowford Rd,,Rivendell Ln,1/6/2018 23:00,2018-01-06,23,1515297600,,,,Property Damage Under,Not Collision with Motor Vehicle in Transport,No,No,No,No,,1,No,No,Shoulder and Lap Belt Used,37406,,,No,No,Dark - Lighted,Clear,464,35,13,0,7,14,1515294000,0.45,0.42,55,0,0,20.75,1.02,0,20.75,2.66,6.635,,clear-night,clear,0,0,0,0,1,0
,35.040336,-85.150002,2288 Gunbarrel Rd,,Shallowford Rd,4/30/2018 12:00,2018-04-30,12,1525104000,,,,Property Damage Under,Angle,Yes,No,No,No,35,2,No,No,Unknown,Unknown,Unknown,37341,No,No,Daylight,Clear,464,35,13,0,7,14,1525100400,0.39,2.39,162,9,0,66.15,6.5,0,66.15,40.19,5.804,,clear-day,clear,0,0,0,0,1,0
,35.040336,-85.150002,Gunbarrel Rd,,Shallowford Rd,5/17/2018 17:00,2018-05-17,17,1526590800,,,,Property Damage Under,Angle,Yes,No,No,No,40,2,No,No,Shoulder and Lap Belt Used,37421,Unknown,37302,No,No,Daylight,Rain,464,35,13,0,7,14,1526587200,0.86,0.85,181,3,0.022,73.05,3.33,0.75,72.12,67.59,6.985,rain,rain,possible light rain,1,0,0,0,0,1
,35.040336,-85.150002,Gunbarrel Rd,,Shallowford Rd,9/1/2018 22:00,2018-09-01,22,1535853600,,,,Possible Injury,Angle,No,No,Yes,No,40,2,No,No,Unknown,34983,Unknown,35954,No,No,Dark - Lighted,Clear,464,35,13,0,7,14,1535850000,0.86,4.08,16,0,0,76.29,8.14,0,75.06,70.47,5.928,,clear-night,clear,0,0,0,0,1,0
,35.040341,-85.150023,7399 Shallowford Rd,,Lifestyle Way,9/6/2018 8:00,2018-09-06,8,1536235200,,,,Property Damage,Not Collision with Motor Vehicle in Transport,No,No,No,No,40,1,No,No,Shoulder and Lap Belt Used,37421,,,No,No,Daylight,Clear,464,35,13,0,7,14,1536231600,0.9,3.12,23,0,0,75.73,7.55,0.75,74.35,71.31,2.998,,partly-cloudy-day,mostly cloudy,0,1,0,0,0,0
,35.040639,-85.148706,7405 Shallowford Rd,,Gunbarrel Road,9/20/2018 12:00,2018-09-20,12,1537459200,,,,Property Damage,Angle,No,No,No,No,45,2,No,No,Shoulder and Lap Belt Used,47274,Shoulder and Lap Belt Used,37421,No,No,Daylight,Clear,464,35,13,0,7,14,1537455600,0.59,2.05,182,7,0,88.14,6.79,0,84.54,68.6,3.528,,clear-day,clear,0,0,0,0,1,0
,35.039366,-85.142716,7511 Shallowford Rd,,Jenkins,2/26/2019 4:00,2019-02-26,4,1551171600,,,,Property Damage,Front to Rear,No,No,No,No,15,2,No,No,,37217,Shoulder and Lap Belt Used,37350,No,No,Dark - Lighted,Clear,464,35,13,0,7,14,1551168000,0.79,1.63,37,0,0,38.07,6.38,0.16,38.07,32.27,5.785,,partly-cloudy-night,partly cloudy,0,1,0,0,0,0
,35.040336,-85.150002,7300 Shallowford Rd,,Lifestyle Way,3/28/2019 19:00,2019-03-28,19,1553814000,,,,Property Damage,Angle,No,No,No,No,35,2,No,No,,30736,Shoulder and Lap Belt Used,37409,No,No,Daylight,Clear,464,35,13,0,7,14,1553810400,0.25,6.96,199,0,0,68.56,13.59,0,68.56,31.37,8.308,,clear-day,clear,0,0,0,0,1,0
,35.04531,-85.147275,2500 Gunbarrel Rd,,Min Tom Rd,4/27/2019 0:00,2019-04-27,0,1556337600,,,,Fatal,Not Collision with Motor Vehicle in Transport,No,Yes,No,No,35,1,No,No,None Used MV Occupant,37302,,,Yes,Yes,Dark - Not Lighted,Clear,464,35,13,0,7,14,1556334000,0.4,4.97,337,0,0,59.11,9.1,0,59.11,35.06,6.357,,clear-night,clear,0,0,0,0,1,0
,35.043453,-85.140441,Min Tom Dr,SR-7525,Min Tom Dr,5/3/2019 18:00,2019-05-03,18,1556920800,,,,Property Damage Under,Other,Yes,No,No,No,,2,No,No,Unknown,37404,Unknown,Unknown,,,Daylight,Clear,464,35,13,0,7,14,1556917200,0.47,7.74,261,2,0,83.41,14.58,0.44,83.05,60.65,5.486,,partly-cloudy-day,partly cloudy,0,1,0,0,0,0
,35.042644,-85.141433,7400 Mintom Dr,SR-7400,Queens Lace Trl,5/23/2019 17:00,2019-05-23,17,1558645200,,,,Property Damage,Not Collision with Motor Vehicle in Transport,No,No,No,No,35,1,No,No,Shoulder and Lap Belt Used,37421,,,No,No,Daylight,Clear,464,35,13,0,7,14,1558641600,0.45,4.31,234,5,0,92.83,10.17,0.19,90.19,66.02,6.147,,partly-cloudy-day,partly cloudy,0,1,0,0,0,0
,35.040336,-85.150002,Shallowford Rd,,Gunbarrel Rd,6/24/2019 17:00,2019-06-24,17,1561410000,,,,Property Damage,Front to Rear,Yes,No,No,No,40,2,No,No,Shoulder and Lap Belt Used,37363,Unknown,Unknown,No,No,Daylight,Rain,464,35,13,0,7,14,1561406400,0.66,9.46,219,4,0.32,88.81,20.62,0.75,83.84,71.1,1.036,rain,rain,rain,1,0,0,0,0,1
,35.091264,-85.186031,4815 Highway 58,SR-4815,Jersey Pike,1/8/2018 0:00,2018-01-08,0,1515387600,,,,Property Damage,Not Collision with Motor Vehicle in Transport,No,No,No,No,40,1,No,No,Shoulder and Lap Belt Used,37341,,30728,No,No,Unknown,Other,673,27,8,0,7,8,1515384000,0.37,3.16,169,0,0,30.42,7.66,0.91,33.17,9.79,6.77,,cloudy,overcast,0,1,0,0,0,0
,35.091264,-85.186031,4815 Highway 58,SR-4815,Jersey Pike,1/8/2018 0:00,2018-01-08,0,1515387600,,,,Property Damage,Not Collision with Motor Vehicle in Transport,No,No,No,No,40,1,No,No,Shoulder and Lap Belt Used,37341,,30728,No,No,Unknown,Other,673,27,8,0,7,8,1515384000,0.37,3.16,169,0,0,30.42,7.66,0.91,33.17,9.79,6.77,,cloudy,overcast,0,1,0,0,0,0
,35.091264,-85.186031,4815 Highway 58,SR-4815,Jersey Pike,1/8/2018 0:00,2018-01-08,0,1515387600,,,,Property Damage,Not Collision with Motor Vehicle in Transport,No,No,No,No,40,1,No,No,Shoulder and Lap Belt Used,37341,,30728,No,No,Unknown,Other,673,27,8,0,7,8,1515384000,0.37,3.16,169,0,0,30.42,7.66,0.91,33.17,9.79,6.77,,cloudy,overcast,0,1,0,0,0,0
,35.091264,-85.186031,4815 Highway 58,SR-4815,Jersey Pike,1/8/2018 0:00,2018-01-08,0,1515387600,,,,Property Damage,Not Collision with Motor Vehicle in Transport,No,No,No,No,40,1,No,No,Shoulder and Lap Belt Used,37341,,30728,No,No,Unknown,Other,673,27,8,0,7,8,1515384000,0.37,3.16,169,0,0,30.42,7.66,0.91,33.17,9.79,6.77,,cloudy,overcast,0,1,0,0,0,0
,35.0912884,-85.189553,8641 Old Lee Hwy,,Old Cleveland Pike,3/11/2018 19:00,2018-03-11,19,1520809200,,,,Possible Injury,Not Collision with Motor Vehicle in Transport,No,No,No,No,40,1,No,No,Shoulder and Lap Belt Used,37362,,,No,No,Dark - Not Lighted,Rain,673,27,8,0,7,8,1520805600,0.93,0.41,201,0,0.008,54.84,2.27,1,54.84,52.74,1.878,rain,rain,drizzle,1,0,0,0,0,1
,35.0912884,-85.189553,8641 Old Lee Hwy,,Old Cleveland Pike,3/11/2018 19:00,2018-03-11,19,1520809200,,,,Possible Injury,Not Collision with Motor Vehicle in Transport,No,No,No,No,40,1,No,No,Shoulder and Lap Belt Used,37362,,,No,No,Dark - Not Lighted,Rain,673,27,8,0,7,8,1520805600,0.93,0.41,201,0,0.008,54.84,2.27,1,54.84,52.74,1.878,rain,rain,drizzle,1,0,0,0,0,1
,35.0912884,-85.189553,8641 Old Lee Hwy,,Old Cleveland Pike,3/11/2018 19:00,2018-03-11,19,1520809200,,,,Possible Injury,Not Collision with Motor Vehicle in Transport,No,No,No,No,40,1,No,No,Shoulder and Lap Belt Used,37362,,,No,No,Dark - Not Lighted,Rain,673,27,8,0,7,8,1520805600,0.93,0.41,201,0,0.008,54.84,2.27,1,54.84,52.74,1.878,rain,rain,drizzle,1,0,0,0,0,1
,35.0912884,-85.189553,8641 Old Lee Hwy,,Old Cleveland Pike,3/11/2018 19:00,2018-03-11,19,1520809200,,,,Possible Injury,Not Collision with Motor Vehicle in Transport,No,No,No,No,40,1,No,No,Shoulder and Lap Belt Used,37362,,,No,No,Dark - Not Lighted,Rain,673,27,8,0,7,8,1520805600,0.93,0.41,201,0,0.008,54.84,2.27,1,54.84,52.74,1.878,rain,rain,drizzle,1,0,0,0,0,1
,35.0914573,-85.189997,7000 Shallowford Rd,,Shallowford Village Dr,4/6/2018 19:00,2018-04-06,19,1523055600,,,,Property Damage,Angle,No,No,No,No,40,2,No,No,Shoulder and Lap Belt Used,37421,Shoulder and Lap Belt Used,37421,No,No,Dark - Lighted,Rain,673,27,8,0,7,8,1523052000,0.91,1.07,6,0,0.077,51.55,2.31,0.98,51.55,49.15,2.19,rain,rain,light rain,1,0,0,0,0,1
,35.0914573,-85.189997,7000 Shallowford Rd,,Shallowford Village Dr,4/6/2018 19:00,2018-04-06,19,1523055600,,,,Property Damage,Angle,No,No,No,No,40,2,No,No,Shoulder and Lap Belt Used,37421,Shoulder and Lap Belt Used,37421,No,No,Dark - Lighted,Rain,673,27,8,0,7,8,1523052000,0.91,1.07,6,0,0.077,51.55,2.31,0.98,51.55,49.15,2.19,rain,rain,light rain,1,0,0,0,0,1
,35.0914573,-85.189997,7000 Shallowford Rd,,Shallowford Village Dr,4/6/2018 19:00,2018-04-06,19,1523055600,,,,Property Damage,Angle,No,No,No,No,40,2,No,No,Shoulder and Lap Belt Used,37421,Shoulder and Lap Belt Used,37421,No,No,Dark - Lighted,Rain,673,27,8,0,7,8,1523052000,0.91,1.07,6,0,0.077,51.55,2.31,0.98,51.55,49.15,2.19,rain,rain,light rain,1,0,0,0,0,1
,35.0914573,-85.189997,7000 Shallowford Rd,,Shallowford Village Dr,4/6/2018 19:00,2018-04-06,19,1523055600,,,,Property Damage,Angle,No,No,No,No,40,2,No,No,Shoulder and Lap Belt Used,37421,Shoulder and Lap Belt Used,37421,No,No,Dark - Lighted,Rain,673,27,8,0,7,8,1523052000,0.91,1.07,6,0,0.077,51.55,2.31,0.98,51.55,49.15,2.19,rain,rain,light rain,1,0,0,0,0,1
,35.091566,-85.187293,4803 Highway 58,,4800 Hwy 58,4/15/2018 0:00,2018-04-15,0,1523764800,,,,Property Damage,Not Collision with Motor Vehicle in Transport,Yes,No,No,No,15,1,No,No,,37416,Unknown,Unknown,,,Unknown,Clear,673,27,8,0,7,8,1523761200,0.94,0.44,89,0,0.132,61.03,1.56,1,60.84,59.03,2.288,rain,rain,rain,1,0,0,0,0,1
,35.091566,-85.187293,4803 Highway 58,,4800 Hwy 58,4/15/2018 0:00,2018-04-15,0,1523764800,,,,Property Damage,Not Collision with Motor Vehicle in Transport,Yes,No,No,No,15,1,No,No,,37416,Unknown,Unknown,,,Unknown,Clear,673,27,8,0,7,8,1523761200,0.94,0.44,89,0,0.132,61.03,1.56,1,60.84,59.03,2.288,rain,rain,rain,1,0,0,0,0,1
,35.091566,-85.187293,4803 Highway 58,,4800 Hwy 58,4/15/2018 0:00,2018-04-15,0,1523764800,,,,Property Damage,Not Collision with Motor Vehicle in Transport,Yes,No,No,No,15,1,No,No,,37416,Unknown,Unknown,,,Unknown,Clear,673,27,8,0,7,8,1523761200,0.94,0.44,89,0,0.132,61.03,1.56,1,60.84,59.03,2.288,rain,rain,rain,1,0,0,0,0,1
,35.091566,-85.187293,4803 Highway 58,,4800 Hwy 58,4/15/2018 0:00,2018-04-15,0,1523764800,,,,Property Damage,Not Collision with Motor Vehicle in Transport,Yes,No,No,No,15,1,No,No,,37416,Unknown,Unknown,,,Unknown,Clear,673,27,8,0,7,8,1523761200,0.94,0.44,89,0,0.132,61.03,1.56,1,60.84,59.03,2.288,rain,rain,rain,1,0,0,0,0,1
,35.0912864,-85.189427,Hickory Valley Rd,,Shallowford Rd,5/23/2018 19:00,2018-05-23,19,1527116400,,,,Property Damage,Front to Rear,No,No,No,No,40,2,No,No,Shoulder and Lap Belt Used,37323,Shoulder and Lap Belt Used,37421,No,No,Daylight,Clear,673,27,8,0,7,8,1527112800,0.54,3.74,42,1,0,86.98,8.59,0,84.71,66.07,6.752,,clear-day,clear,0,0,0,0,1,0
,35.0912864,-85.189427,Hickory Valley Rd,,Shallowford Rd,5/23/2018 19:00,2018-05-23,19,1527116400,,,,Property Damage,Front to Rear,No,No,No,No,40,2,No,No,Shoulder and Lap Belt Used,37323,Shoulder and Lap Belt Used,37421,No,No,Daylight,Clear,673,27,8,0,7,8,1527112800,0.54,3.74,42,1,0,86.98,8.59,0,84.71,66.07,6.752,,clear-day,clear,0,0,0,0,1,0
,35.0912864,-85.189427,Hickory Valley Rd,,Shallowford Rd,5/23/2018 19:00,2018-05-23,19,1527116400,,,,Property Damage,Front to Rear,No,No,No,No,40,2,No,No,Shoulder and Lap Belt Used,37323,Shoulder and Lap Belt Used,37421,No,No,Daylight,Clear,673,27,8,0,7,8,1527112800,0.54,3.74,42,1,0,86.98,8.59,0,84.71,66.07,6.752,,clear-day,clear,0,0,0,0,1,0
,35.0912864,-85.189427,Hickory Valley Rd,,Shallowford Rd,5/23/2018 19:00,2018-05-23,19,1527116400,,,,Property Damage,Front to Rear,No,No,No,No,40,2,No,No,Shoulder and Lap Belt Used,37323,Shoulder and Lap Belt Used,37421,No,No,Daylight,Clear,673,27,8,0,7,8,1527112800,0.54,3.74,42,1,0,86.98,8.59,0,84.71,66.07,6.752,,clear-day,clear,0,0,0,0,1,0
,35.0913506,-85.189766,2020 Gunbarrel Rd,,Goodwin Rd,5/31/2018 0:00,2018-05-31,0,1527739200,,,,Property Damage,Front to Rear,Yes,No,No,No,25,2,No,No,,Unknown,Unknown,Unknown,,,Unknown,Clear,673,27,8,0,7,8,1527735600,0.87,3.38,215,0,0,73.75,7.77,0.75,72.69,68.62,6.462,,partly-cloudy-night,mostly cloudy,0,1,0,0,0,0
,35.0913506,-85.189766,2020 Gunbarrel Rd,,Goodwin Rd,5/31/2018 0:00,2018-05-31,0,1527739200,,,,Property Damage,Front to Rear,Yes,No,No,No,25,2,No,No,,Unknown,Unknown,Unknown,,,Unknown,Clear,673,27,8,0,7,8,1527735600,0.87,3.38,215,0,0,73.75,7.77,0.75,72.69,68.62,6.462,,partly-cloudy-night,mostly cloudy,0,1,0,0,0,0
,35.0913506,-85.189766,2020 Gunbarrel Rd,,Goodwin Rd,5/31/2018 0:00,2018-05-31,0,1527739200,,,,Property Damage,Front to Rear,Yes,No,No,No,25,2,No,No,,Unknown,Unknown,Unknown,,,Unknown,Clear,673,27,8,0,7,8,1527735600,0.87,3.38,215,0,0,73.75,7.77,0.75,72.69,68.62,6.462,,partly-cloudy-night,mostly cloudy,0,1,0,0,0,0
,35.0913506,-85.189766,2020 Gunbarrel Rd,,Goodwin Rd,5/31/2018 0:00,2018-05-31,0,1527739200,,,,Property Damage,Front to Rear,Yes,No,No,No,25,2,No,No,,Unknown,Unknown,Unknown,,,Unknown,Clear,673,27,8,0,7,8,1527735600,0.87,3.38,215,0,0,73.75,7.77,0.75,72.69,68.62,6.462,,partly-cloudy-night,mostly cloudy,0,1,0,0,0,0
,35.0913657,-85.189727,7300 Lee Hwy,,Courage Way,6/22/2018 17:00,2018-06-22,17,1529701200,,,,Suspected Minor Injury,Not Collision with Motor Vehicle in Transport,No,No,No,No,40,1,No,No,,27357,DOT Compliant Motorcycle Helmet,37388,No,No,Daylight,Rain,673,27,8,0,7,8,1529697600,0.85,5.02,308,3,0.08,74.81,11.79,1,73.73,69.02,2.847,rain,rain,light rain,1,0,0,0,0,1
,35.0913657,-85.189727,7300 Lee Hwy,,Courage Way,6/22/2018 17:00,2018-06-22,17,1529701200,,,,Suspected Minor Injury,Not Collision with Motor Vehicle in Transport,No,No,No,No,40,1,No,No,,27357,DOT Compliant Motorcycle Helmet,37388,No,No,Daylight,Rain,673,27,8,0,7,8,1529697600,0.85,5.02,308,3,0.08,74.81,11.79,1,73.73,69.02,2.847,rain,rain,light rain,1,0,0,0,0,1
,35.0913657,-85.189727,7300 Lee Hwy,,Courage Way,6/22/2018 17:00,2018-06-22,17,1529701200,,,,Suspected Minor Injury,Not Collision with Motor Vehicle in Transport,No,No,No,No,40,1,No,No,,27357,DOT Compliant Motorcycle Helmet,37388,No,No,Daylight,Rain,673,27,8,0,7,8,1529697600,0.85,5.02,308,3,0.08,74.91,11.79,1,73.83,69.02,2.847,rain,rain,light rain,1,0,0,0,0,1
,35.0913657,-85.189727,7300 Lee Hwy,,Courage Way,6/22/2018 17:00,2018-06-22,17,1529701200,,,,Suspected Minor Injury,Not Collision with Motor Vehicle in Transport,No,No,No,No,40,1,No,No,,27357,DOT Compliant Motorcycle Helmet,37388,No,No,Daylight,Rain,673,27,8,0,7,8,1529697600,0.85,5.02,308,3,0.08,74.91,11.79,1,73.83,69.02,2.847,rain,rain,light rain,1,0,0,0,0,1
,35.0913969,-85.189718,7707 Lee Hwy,,Bonny Oaks Dr,7/13/2018 0:00,2018-07-13,0,1531454400,,,,Property Damage,Unknown,Yes,No,No,No,25,2,No,No,,38478,Unknown,Unknown,,,Unknown,Unknown,673,27,8,0,7,8,1531450800,0.83,2.66,31,0,0,82.68,6.44,0.44,79.13,73.4,7.905,,partly-cloudy-night,humid and partly cloudy,0,1,0,0,0,0
,35.0913969,-85.189718,7707 Lee Hwy,,Bonny Oaks Dr,7/13/2018 0:00,2018-07-13,0,1531454400,,,,Property Damage,Unknown,Yes,No,No,No,25,2,No,No,,38478,Unknown,Unknown,,,Unknown,Unknown,673,27,8,0,7,8,1531450800,0.83,2.66,31,0,0,82.68,6.44,0.44,79.13,73.4,7.905,,partly-cloudy-night,humid and partly cloudy,0,1,0,0,0,0
,35.0913969,-85.189718,7707 Lee Hwy,,Bonny Oaks Dr,7/13/2018 0:00,2018-07-13,0,1531454400,,,,Property Damage,Unknown,Yes,No,No,No,25,2,No,No,,38478,Unknown,Unknown,,,Unknown,Unknown,673,27,8,0,7,8,1531450800,0.82,2.66,31,0,0,82.89,6.44,0.44,79.25,73.4,7.905,,partly-cloudy-night,humid and partly cloudy,0,1,0,0,0,0
,35.0913969,-85.189718,7707 Lee Hwy,,Bonny Oaks Dr,7/13/2018 0:00,2018-07-13,0,1531454400,,,,Property Damage,Unknown,Yes,No,No,No,25,2,No,No,,38478,Unknown,Unknown,,,Unknown,Unknown,673,27,8,0,7,8,1531450800,0.82,2.66,31,0,0,82.89,6.44,0.44,79.25,73.4,7.905,,partly-cloudy-night,humid and partly cloudy,0,1,0,0,0,0
,35.0914824,-85.189675,7326 McCutcheon Rd,,Gunbarrel Rd,7/27/2018 0:00,2018-07-27,0,1532664000,,,,Property Damage Under,Unknown,Yes,No,No,No,25,2,No,No,Unknown,Unknown,,37421,,,Unknown,Clear,673,27,8,0,7,8,1532660400,0.84,1.58,318,0,0,74.27,5.71,0,73.3,68.12,2.777,,clear-night,clear,0,0,0,0,1,0
,35.0914824,-85.189675,7326 McCutcheon Rd,,Gunbarrel Rd,7/27/2018 0:00,2018-07-27,0,1532664000,,,,Property Damage Under,Unknown,Yes,No,No,No,25,2,No,No,Unknown,Unknown,,37421,,,Unknown,Clear,673,27,8,0,7,8,1532660400,0.84,1.58,318,0,0,74.27,5.71,0,73.3,68.12,2.777,,clear-night,clear,0,0,0,0,1,0
,35.0914824,-85.189675,7326 McCutcheon Rd,,Gunbarrel Rd,7/27/2018 0:00,2018-07-27,0,1532664000,,,,Property Damage Under,Unknown,Yes,No,No,No,25,2,No,No,Unknown,Unknown,,37421,,,Unknown,Clear,673,27,8,0,7,8,1532660400,0.84,1.58,318,0,0,74.25,5.71,0,73.28,68.12,2.777,,clear-night,clear,0,0,0,0,1,0
,35.0914824,-85.189675,7326 McCutcheon Rd,,Gunbarrel Rd,7/27/2018 0:00,2018-07-27,0,1532664000,,,,Property Damage Under,Unknown,Yes,No,No,No,25,2,No,No,Unknown,Unknown,,37421,,,Unknown,Clear,673,27,8,0,7,8,1532660400,0.84,1.58,318,0,0,74.25,5.71,0,73.28,68.12,2.777,,clear-night,clear,0,0,0,0,1,0
,35.092928,-85.182437,5911 Highway 58,,Gold Wing Way,9/19/2018 9:00,2018-09-19,9,1537362000,,,,Property Damage,Angle,No,No,No,No,15,2,No,No,,37416,Shoulder and Lap Belt Used,37341,No,No,Daylight,Clear,673,27,8,0,7,8,1537358400,0.84,2.5,51,1,0,73.48,5.01,0.44,72.58,67.45,3.716,,partly-cloudy-day,partly cloudy,0,1,0,0,0,0
,35.092928,-85.182437,5911 Highway 58,,Gold Wing Way,9/19/2018 9:00,2018-09-19,9,1537362000,,,,Property Damage,Angle,No,No,No,No,15,2,No,No,,37416,Shoulder and Lap Belt Used,37341,No,No,Daylight,Clear,673,27,8,0,7,8,1537358400,0.84,2.5,51,1,0,73.48,5.01,0.44,72.58,67.45,3.716,,partly-cloudy-day,partly cloudy,0,1,0,0,0,0
,35.092928,-85.182437,5911 Highway 58,,Gold Wing Way,9/19/2018 9:00,2018-09-19,9,1537362000,,,,Property Damage,Angle,No,No,No,No,15,2,No,No,,37416,Shoulder and Lap Belt Used,37341,No,No,Daylight,Clear,673,27,8,0,7,8,1537358400,0.84,2.5,51,1,0,73.44,5.01,0.44,72.53,67.45,3.716,,partly-cloudy-day,partly cloudy,0,1,0,0,0,0
,35.092928,-85.182437,5911 Highway 58,,Gold Wing Way,9/19/2018 9:00,2018-09-19,9,1537362000,,,,Property Damage,Angle,No,No,No,No,15,2,No,No,,37416,Shoulder and Lap Belt Used,37341,No,No,Daylight,Clear,673,27,8,0,7,8,1537358400,0.84,2.5,51,1,0,73.44,5.01,0.44,72.53,67.45,3.716,,partly-cloudy-day,partly cloudy,0,1,0,0,0,0
,35.0915706,-85.189552,1201 Broad St,,W 12th St,9/22/2018 13:00,2018-09-22,13,1537635600,,,,Property Damage Under,Unknown,Yes,No,No,No,25,2,No,No,,37343,Unknown,Unknown,,,Daylight,Clear,673,27,8,0,7,8,1537632000,0.53,2.43,203,8,0,90.79,8.67,0,87.15,68.12,6.135,,clear-day,clear,0,0,0,0,1,0
,35.0915706,-85.189552,1201 Broad St,,W 12th St,9/22/2018 13:00,2018-09-22,13,1537635600,,,,Property Damage Under,Unknown,Yes,No,No,No,25,2,No,No,,37343,Unknown,Unknown,,,Daylight,Clear,673,27,8,0,7,8,1537632000,0.53,2.43,203,8,0,90.79,8.67,0,87.15,68.12,6.135,,clear-day,clear,0,0,0,0,1,0
,35.0915706,-85.189552,1201 Broad St,,W 12th St,9/22/2018 13:00,2018-09-22,13,1537635600,,,,Property Damage Under,Unknown,Yes,No,No,No,25,2,No,No,,37343,Unknown,Unknown,,,Daylight,Clear,673,27,8,0,7,8,1537632000,0.53,2.43,203,8,0,91,8.67,0,87.34,68.12,6.135,,clear-day,clear,0,0,0,0,1,0
,35.0915706,-85.189552,1201 Broad St,,W 12th St,9/22/2018 13:00,2018-09-22,13,1537635600,,,,Property Damage Under,Unknown,Yes,No,No,No,25,2,No,No,,37343,Unknown,Unknown,,,Daylight,Clear,673,27,8,0,7,8,1537632000,0.53,2.43,203,8,0,91,8.67,0,87.34,68.12,6.135,,clear-day,clear,0,0,0,0,1,0
,35.091646,-85.189466,1300 Interstate 75 Southbound,I-75,9000 Lee Hwy,10/24/2018 22:00,2018-10-24,22,1540432800,,,,Property Damage,Not Collision with Motor Vehicle in Transport,No,No,No,No,65,1,No,No,Shoulder and Lap Belt Used,40444,,,No,No,Dark - Not Lighted,Clear,673,27,8,0,7,8,1540429200,0.7,2.86,40,0,0,50.83,6.57,0,50.83,41.52,7.048,,clear-night,clear,0,0,0,0,1,0
,35.091646,-85.189466,1300 Interstate 75 Southbound,I-75,9000 Lee Hwy,10/24/2018 22:00,2018-10-24,22,1540432800,,,,Property Damage,Not Collision with Motor Vehicle in Transport,No,No,No,No,65,1,No,No,Shoulder and Lap Belt Used,40444,,,No,No,Dark - Not Lighted,Clear,673,27,8,0,7,8,1540429200,0.7,2.86,40,0,0,50.83,6.57,0,50.83,41.52,7.048,,clear-night,clear,0,0,0,0,1,0
,35.091646,-85.189466,1300 Interstate 75 Southbound,I-75,9000 Lee Hwy,10/24/2018 22:00,2018-10-24,22,1540432800,,,,Property Damage,Not Collision with Motor Vehicle in Transport,No,No,No,No,65,1,No,No,Shoulder and Lap Belt Used,40444,,,No,No,Dark - Not Lighted,Clear,673,27,8,0,7,8,1540429200,0.71,2.86,40,0,0,50.76,6.57,0,50.76,41.52,7.048,,clear-night,clear,0,0,0,0,1,0
,35.091646,-85.189466,1300 Interstate 75 Southbound,I-75,9000 Lee Hwy,10/24/2018 22:00,2018-10-24,22,1540432800,,,,Property Damage,Not Collision with Motor Vehicle in Transport,No,No,No,No,65,1,No,No,Shoulder and Lap Belt Used,40444,,,No,No,Dark - Not Lighted,Clear,673,27,8,0,7,8,1540429200,0.71,2.86,40,0,0,50.76,6.57,0,50.76,41.52,7.048,,clear-night,clear,0,0,0,0,1,0