Accident,Latitude,Longitude,Street,AltStreet,Intersection,DateTime,Date,Hour,Unix,WeekDay,WeekEnd,DayFrame,AccidentType,CollisionType,HaR,FatalInjury,MedicalTransport,InvolvedPlacardedTruck,PostedSpeed,TotalVehiclesInvolved,PedestrianInvolved,BicycleInvolved,DriverOneSafetyEquipment,DriverOneZip,DriverTwoSafetyEquipment,DriverTwoZip,Drug,Alcohol,LightCondition,Weather,Grid_Block,Grid_Col,Grid_Row,Highway,Land_Use_Mode,Road_Count,HourBefore,humidity,windSpeed,windBearing,uvIndex,precipIntensity,apparentTemperature,windGust,cloudCover,temperature,dewPoint,visibility,precipType,Event,Conditions,Rain,Cloudy,Foggy,Snow,Clear,RainBefore
,35.0916272,-85.189456,7351 Courage Way,,Standifer Gap Rd,10/25/2018 20:00,2018-10-25,20,1540512000,,,,Property Damage,Unknown,Yes,No,No,No,25,2,No,No,Unknown,Unknown,,37321,,,Dark - Not Lighted,Rain,673,27,8,0,7,8,1540508400,0.9,2.95,113,0,0.012,52.17,3.09,1,52.17,49.26,6.608,rain,rain,drizzle,1,0,0,0,0,1
,35.0916272,-85.189456,7351 Courage Way,,Standifer Gap Rd,10/25/2018 20:00,2018-10-25,20,1540512000,,,,Property Damage,Unknown,Yes,No,No,No,25,2,No,No,Unknown,Unknown,,37321,,,Dark - Not Lighted,Rain,673,27,8,0,7,8,1540508400,0.9,2.95,113,0,0.012,52.17,3.09,1,52.17,49.26,6.608,rain,rain,drizzle,1,0,0,0,0,1
,35.0916272,-85.189456,7351 Courage Way,,Standifer Gap Rd,10/25/2018 20:00,2018-10-25,20,1540512000,,,,Property Damage,Unknown,Yes,No,No,No,25,2,No,No,Unknown,Unknown,,37321,,,Dark - Not Lighted,Rain,673,27,8,0,7,8,1540508400,0.89,2.95,113,0,0.012,52.29,3.09,1,52.29,49.26,6.608,rain,rain,drizzle,1,0,0,0,0,1
,35.0916272,-85.189456,7351 Courage Way,,Standifer Gap Rd,10/25/2018 20:00,2018-10-25,20,1540512000,,,,Property Damage,Unknown,Yes,No,No,No,25,2,No,No,Unknown,Unknown,,37321,,,Dark - Not Lighted,Rain,673,27,8,0,7,8,1540508400,0.89,2.95,113,0,0.012,52.29,3.09,1,52.29,49.26,6.608,rain,rain,drizzle,1,0,0,0,0,1
,35.0916143,-85.189349,2200 Hamilton Place Blvd,,Hamilton Place Blvd,11/1/2018 16:00,2018-11-01,16,1541102400,,,,Property Damage,Front to Rear,Yes,No,No,No,35,2,No,No,Shoulder and Lap Belt Used,37341,Unknown,30736,No,No,Daylight,Cloudy,673,27,8,0,7,8,1541098800,0.89,9,179,2,0.063,65.89,15.59,1,65.47,62.04,7.354,rain,rain,light rain,1,0,0,0,0,1
,35.0916143,-85.189349,2200 Hamilton Place Blvd,,Hamilton Place Blvd,11/1/2018 16:00,2018-11-01,16,1541102400,,,,Property Damage,Front to Rear,Yes,No,No,No,35,2,No,No,Shoulder and Lap Belt Used,37341,Unknown,30736,No,No,Daylight,Cloudy,673,27,8,0,7,8,1541098800,0.89,9,179,2,0.063,65.89,15.59,1,65.47,62.04,7.354,rain,rain,light rain,1,0,0,0,0,1
,35.0916143,-85.189349,2200 Hamilton Place Blvd,,Hamilton Place Blvd,11/1/2018 16:00,2018-11-01,16,1541102400,,,,Property Damage,Front to Rear,Yes,No,No,No,35,2,No,No,Shoulder and Lap Belt Used,37341,Unknown,30736,No,No,Daylight,Cloudy,673,27,8,0,7,8,1541098800,0.89,9,179,2,0.063,65.88,15.59,1,65.47,62.04,7.354,rain,rain,light rain,1,0,0,0,0,1
,35.0916143,-85.189349,2200 Hamilton Place Blvd,,Hamilton Place Blvd,11/1/2018 16:00,2018-11-01,16,1541102400,,,,Property Damage,Front to Rear,Yes,No,No,No,35,2,No,No,Shoulder and Lap Belt Used,37341,Unknown,30736,No,No,Daylight,Cloudy,673,27,8,0,7,8,1541098800,0.89,9,179,2,0.063,65.88,15.59,1,65.47,62.04,7.354,rain,rain,light rain,1,0,0,0,0,1
,35.0916143,-85.189349,1100 Interstate 75 Northbound,I-75,9000 Lee Hwy,11/1/2018 18:00,2018-11-01,18,1541109600,,,,Property Damage,Front to Rear,No,No,No,No,65,2,No,No,Shoulder and Lap Belt Used,37363,Shoulder and Lap Belt Used,37363,No,No,Dark - Not Lighted,Cloudy,673,27,8,0,7,8,1541106000,0.84,8.46,182,0,0,66.43,15.43,0.75,66.16,61.21,6.668,,partly-cloudy-day,mostly cloudy,0,1,0,0,0,0
,35.0916143,-85.189349,1100 Interstate 75 Northbound,I-75,9000 Lee Hwy,11/1/2018 18:00,2018-11-01,18,1541109600,,,,Property Damage,Front to Rear,No,No,No,No,65,2,No,No,Shoulder and Lap Belt Used,37363,Shoulder and Lap Belt Used,37363,No,No,Dark - Not Lighted,Cloudy,673,27,8,0,7,8,1541106000,0.84,8.46,182,0,0,66.43,15.43,0.75,66.16,61.21,6.668,,partly-cloudy-day,mostly cloudy,0,1,0,0,0,0
,35.0916143,-85.189349,1100 Interstate 75 Northbound,I-75,9000 Lee Hwy,11/1/2018 18:00,2018-11-01,18,1541109600,,,,Property Damage,Front to Rear,No,No,No,No,65,2,No,No,Shoulder and Lap Belt Used,37363,Shoulder and Lap Belt Used,37363,No,No,Dark - Not Lighted,Cloudy,673,27,8,0,7,8,1541106000,0.84,8.46,182,0,0,66.4,15.43,0.75,66.13,61.21,6.668,,partly-cloudy-day,mostly cloudy,0,1,0,0,0,0
,35.0916143,-85.189349,1100 Interstate 75 Northbound,I-75,9000 Lee Hwy,11/1/2018 18:00,2018-11-01,18,1541109600,,,,Property Damage,Front to Rear,No,No,No,No,65,2,No,No,Shoulder and Lap Belt Used,37363,Shoulder and Lap Belt Used,37363,No,No,Dark - Not Lighted,Cloudy,673,27,8,0,7,8,1541106000,0.84,8.46,182,0,0,66.4,15.43,0.75,66.13,61.21,6.668,,partly-cloudy-day,mostly cloudy,0,1,0,0,0,0
,35.0916143,-85.189349,2288 Gunbarrel Rd,,Shallowford Rd,11/16/2018 16:00,2018-11-16,16,1542402000,,,,Property Damage,Unknown,Yes,No,No,No,25,3,No,No,,37421,,37377,,,Daylight,Clear,673,27,8,0,7,8,1542398400,0.48,3.31,199,1,0,54.01,7.18,0,54.01,34.9,6.486,,clear-day,clear,0,0,0,0,1,0
,35.0916143,-85.189349,2288 Gunbarrel Rd,,Shallowford Rd,11/16/2018 16:00,2018-11-16,16,1542402000,,,,Property Damage,Unknown,Yes,No,No,No,25,3,No,No,,37421,,37377,,,Daylight,Clear,673,27,8,0,7,8,1542398400,0.48,3.31,199,1,0,54.01,7.18,0,54.01,34.9,6.486,,clear-day,clear,0,0,0,0,1,0
,35.0916143,-85.189349,2288 Gunbarrel Rd,,Shallowford Rd,11/16/2018 16:00,2018-11-16,16,1542402000,,,,Property Damage,Unknown,Yes,No,No,No,25,3,No,No,,37421,,37377,,,Daylight,Clear,673,27,8,0,7,8,1542398400,0.48,3.31,199,1,0,54,7.18,0,54,34.9,6.486,,clear-day,clear,0,0,0,0,1,0
,35.0916143,-85.189349,2288 Gunbarrel Rd,,Shallowford Rd,11/16/2018 16:00,2018-11-16,16,1542402000,,,,Property Damage,Unknown,Yes,No,No,No,25,3,No,No,,37421,,37377,,,Daylight,Clear,673,27,8,0,7,8,1542398400,0.48,3.31,199,1,0,54,7.18,0,54,34.9,6.486,,clear-day,clear,0,0,0,0,1,0
,35.0916143,-85.189349,4800 Highway 58,,Oakwood Dr,11/30/2018 18:00,2018-11-30,18,1543618800,,,,Property Damage,Front to Rear,No,No,No,No,40,2,No,No,Shoulder and Lap Belt Used,37379,Shoulder and Lap Belt Used,37341,No,No,Dark - Unknown Lighting,Rain,673,27,8,0,7,8,1543615200,0.94,3.68,202,0,0.07,59.34,6.8,1,59.27,57.69,1.242,rain,rain,light rain,1,0,0,0,0,1
,35.0916143,-85.189349,4800 Highway 58,,Oakwood Dr,11/30/2018 18:00,2018-11-30,18,1543618800,,,,Property Damage,Front to Rear,No,No,No,No,40,2,No,No,Shoulder and Lap Belt Used,37379,Shoulder and Lap Belt Used,37341,No,No,Dark - Unknown Lighting,Rain,673,27,8,0,7,8,1543615200,0.94,3.68,202,0,0.07,59.34,6.8,1,59.27,57.69,1.242,rain,rain,light rain,1,0,0,0,0,1
,35.0916143,-85.189349,4800 Highway 58,,Oakwood Dr,11/30/2018 18:00,2018-11-30,18,1543618800,,,,Property Damage,Front to Rear,No,No,No,No,40,2,No,No,Shoulder and Lap Belt Used,37379,Shoulder and Lap Belt Used,37341,No,No,Dark - Unknown Lighting,Rain,673,27,8,0,7,8,1543615200,0.95,3.68,202,0,0.07,59.33,6.8,1,59.26,57.69,1.242,rain,rain,light rain,1,0,0,0,0,1
,35.0916143,-85.189349,4800 Highway 58,,Oakwood Dr,11/30/2018 18:00,2018-11-30,18,1543618800,,,,Property Damage,Front to Rear,No,No,No,No,40,2,No,No,Shoulder and Lap Belt Used,37379,Shoulder and Lap Belt Used,37341,No,No,Dark - Unknown Lighting,Rain,673,27,8,0,7,8,1543615200,0.95,3.68,202,0,0.07,59.33,6.8,1,59.26,57.69,1.242,rain,rain,light rain,1,0,0,0,0,1
,35.089151,-85.186532,4786 Highway 58,,Oakwood Dr,11/30/2018 23:00,2018-11-30,23,1543636800,,,,Possible Injury,Rear to Side,No,No,No,No,45,2,No,No,Unknown,37322,Shoulder and Lap Belt Used,37416,No,No,Dark - Lighted,Rain,673,27,8,0,7,8,1543633200,0.95,2.71,177,0,0.014,57.79,5,1,57.79,56.5,3.384,rain,rain,drizzle,1,0,0,0,0,1
,35.089151,-85.186532,4786 Highway 58,,Oakwood Dr,11/30/2018 23:00,2018-11-30,23,1543636800,,,,Possible Injury,Rear to Side,No,No,No,No,45,2,No,No,Unknown,37322,Shoulder and Lap Belt Used,37416,No,No,Dark - Lighted,Rain,673,27,8,0,7,8,1543633200,0.95,2.71,177,0,0.014,57.79,5,1,57.79,56.5,3.384,rain,rain,drizzle,1,0,0,0,0,1
,35.089151,-85.186532,4786 Highway 58,,Oakwood Dr,11/30/2018 23:00,2018-11-30,23,1543636800,,,,Possible Injury,Rear to Side,No,No,No,No,45,2,No,No,Unknown,37322,Shoulder and Lap Belt Used,37416,No,No,Dark - Lighted,Rain,673,27,8,0,7,8,1543633200,0.95,2.71,177,0,0.014,57.79,5,1,57.79,56.5,3.384,rain,rain,drizzle,1,0,0,0,0,1
,35.089151,-85.186532,4786 Highway 58,,Oakwood Dr,11/30/2018 23:00,2018-11-30,23,1543636800,,,,Possible Injury,Rear to Side,No,No,No,No,45,2,No,No,Unknown,37322,Shoulder and Lap Belt Used,37416,No,No,Dark - Lighted,Rain,673,27,8,0,7,8,1543633200,0.95,2.71,177,0,0.014,57.79,5,1,57.79,56.5,3.384,rain,rain,drizzle,1,0,0,0,0,1
,35.0916143,-85.189349,8900 Lee Hwy,,Mountain View Rd,11/30/2018 23:00,2018-11-30,23,1543636800,,,,Property Damage,"Sideswipe, Same Direction",No,No,No,No,40,2,No,No,Shoulder and Lap Belt Used,37341,Shoulder and Lap Belt Used,37323,No,No,Dark - Lighted,Clear,673,27,8,0,7,8,1543633200,0.95,2.71,177,0,0.014,57.79,5,1,57.79,56.5,3.384,rain,rain,drizzle,1,0,0,0,0,1
,35.0916143,-85.189349,8900 Lee Hwy,,Mountain View Rd,11/30/2018 23:00,2018-11-30,23,1543636800,,,,Property Damage,"Sideswipe, Same Direction",No,No,No,No,40,2,No,No,Shoulder and Lap Belt Used,37341,Shoulder and Lap Belt Used,37323,No,No,Dark - Lighted,Clear,673,27,8,0,7,8,1543633200,0.95,2.71,177,0,0.014,57.79,5,1,57.79,56.5,3.384,rain,rain,drizzle,1,0,0,0,0,1
,35.0916143,-85.189349,8900 Lee Hwy,,Mountain View Rd,11/30/2018 23:00,2018-11-30,23,1543636800,,,,Property Damage,"Sideswipe, Same Direction",No,No,No,No,40,2,No,No,Shoulder and Lap Belt Used,37341,Shoulder and Lap Belt Used,37323,No,No,Dark - Lighted,Clear,673,27,8,0,7,8,1543633200,0.95,2.71,177,0,0.014,57.79,5,1,57.79,56.5,3.384,rain,rain,drizzle,1,0,0,0,0,1
,35.0916143,-85.189349,8900 Lee Hwy,,Mountain View Rd,11/30/2018 23:00,2018-11-30,23,1543636800,,,,Property Damage,"Sideswipe, Same Direction",No,No,No,No,40,2,No,No,Shoulder and Lap Belt Used,37341,Shoulder and Lap Belt Used,37323,No,No,Dark - Lighted,Clear,673,27,8,0,7,8,1543633200,0.95,2.71,177,0,0.014,57.79,5,1,57.79,56.5,3.384,rain,rain,drizzle,1,0,0,0,0,1
,35.0916143,-85.189349,7310 Standifer Gap Rd,,Gunbarrel Rd,12/14/2018 0:00,2018-12-14,0,1544763600,,,,Property Damage,Not Collision with Motor Vehicle in Transport,No,No,No,No,25,1,No,No,Shoulder and Lap Belt Used,37421,,,No,Yes,Dark - Not Lighted,Clear,673,27,8,0,7,8,1544760000,0.69,1.66,102,0,0,47.93,3.5,1,47.93,38.08,6.858,,cloudy,overcast,0,1,0,0,0,0
,35.0916143,-85.189349,7310 Standifer Gap Rd,,Gunbarrel Rd,12/14/2018 0:00,2018-12-14,0,1544763600,,,,Property Damage,Not Collision with Motor Vehicle in Transport,No,No,No,No,25,1,No,No,Shoulder and Lap Belt Used,37421,,,No,Yes,Dark - Not Lighted,Clear,673,27,8,0,7,8,1544760000,0.69,1.66,102,0,0,47.93,3.5,1,47.93,38.08,6.858,,cloudy,overcast,0,1,0,0,0,0
,35.0916143,-85.189349,7310 Standifer Gap Rd,,Gunbarrel Rd,12/14/2018 0:00,2018-12-14,0,1544763600,,,,Property Damage,Not Collision with Motor Vehicle in Transport,No,No,No,No,25,1,No,No,Shoulder and Lap Belt Used,37421,,,No,Yes,Dark - Not Lighted,Clear,673,27,8,0,7,8,1544760000,0.69,1.66,102,0,0,47.89,3.5,1,47.89,38.08,6.858,,cloudy,overcast,0,1,0,0,0,0
,35.0916143,-85.189349,7310 Standifer Gap Rd,,Gunbarrel Rd,12/14/2018 0:00,2018-12-14,0,1544763600,,,,Property Damage,Not Collision with Motor Vehicle in Transport,No,No,No,No,25,1,No,No,Shoulder and Lap Belt Used,37421,,,No,Yes,Dark - Not Lighted,Clear,673,27,8,0,7,8,1544760000,0.69,1.66,102,0,0,47.89,3.5,1,47.89,38.08,6.858,,cloudy,overcast,0,1,0,0,0,0
,35.09204,-85.184277,4831 Highway 58,,Jersey Pike,1/22/2019 9:00,2019-01-22,9,1548165600,,,,Property Damage,"Sideswipe, Same Direction",No,No,No,No,,2,No,No,Shoulder and Lap Belt Used,37416,Shoulder and Lap Belt Used,37341,No,No,Daylight,Clear,673,27,8,0,7,8,1548162000,0.5,2.44,204,0,0,28.95,8.35,0,28.95,12.4,6.344,,clear-day,clear,0,0,0,0,1,0
,35.09093,-85.184933,4800 58 Hwy,SR-48,4700 58 Hwy,2/12/2019 0:00,2019-02-12,0,1549947600,,,,Property Damage Under,"Sideswipe, Same Direction",No,No,No,No,45,2,No,No,Shoulder and Lap Belt Used,37363,Shoulder and Lap Belt Used,37363,No,No,Unknown,Unknown,673,27,8,0,7,8,1549944000,0.98,1.15,144,0,0.012,49,6.02,1,49,48.42,2.189,rain,rain,drizzle,1,0,0,0,0,1
,35.089806,-85.185563,Tricia Dr,,Jersey Pike,3/9/2019 19:00,2019-03-09,19,1552176000,,,,Property Damage,"Sideswipe, Opposite Direction",Yes,No,No,No,35,2,No,No,Unknown,Unknown,Shoulder and Lap Belt Used,37406,No,No,Dark - Not Lighted,Clear,673,27,8,0,7,8,1552172400,0.91,9.14,159,0,0.245,56.81,19.17,1,56.81,54.26,0.97,rain,rain,rain,1,0,0,0,0,1
,35.089151,-85.186532,4786 Highway 58,,Oakwood Dr,4/4/2019 16:00,2019-04-04,16,1554408000,,,,Property Damage,Front to Rear,Yes,No,No,No,40,2,No,No,Unknown,37406,Shoulder and Lap Belt Used,37363,No,No,Daylight,Cloudy,673,27,8,0,7,8,1554404400,0.3,10.02,162,5,0,69.37,18.97,0,69.37,36.52,5.949,,clear-day,clear,0,0,0,0,1,0
,35.0907459,-85.188839,2411 Royal Fern Trl,SR-1,Min Tom,5/14/2019 0:00,2019-05-14,0,1557806400,,,,Property Damage,Not Collision with Motor Vehicle in Transport,No,No,No,No,25,1,No,No,Shoulder and Lap Belt Used,37421,,,,No,Unknown,Unknown,673,27,8,0,7,8,1557802800,0.81,2.75,337,0,0,53.6,3.72,0,53.6,47.89,6.872,,clear-night,clear,0,0,0,0,1,0
,35.091324,-85.184278,4830 Hwy 58,SR-4800,4830 58 Hwy,6/10/2019 0:00,2019-06-10,0,1560139200,,,,Property Damage,"Sideswipe, Same Direction",No,No,No,No,35,2,No,No,Shoulder and Lap Belt Used,37312,Shoulder and Lap Belt Used,37416,,No,Unknown,Unknown,673,27,8,0,7,8,1560135600,0.95,2.77,10,0,0.005,73.66,4.08,0.64,72.29,70.65,6.772,rain,rain,possible drizzle,1,0,0,0,0,1
,35.0550838,-85.193345,140 I 75 SB St,,18500 I 24 WB,1/8/2018 6:00,2018-01-08,6,1515409200,,,,Property Damage,Not Collision with Motor Vehicle in Transport,No,No,No,No,55,1,No,No,Shoulder and Lap Belt Used,30705,,,No,No,Dark - Not Lighted,Sleet/Hail,413,29,14,1,4,4,1515405600,0.5,3.08,189,0,0,30.1,7.08,1,32.79,16.24,4.422,,cloudy,overcast,0,1,0,0,0,0
,35.050694,-85.189421,Highway 153 Nb,US-153,Hwy 153 Nb @ Shallowford Rd - Off,5/11/2018 7:00,2018-05-11,7,1526036400,,,,Property Damage,Not Collision with Motor Vehicle in Transport,No,No,No,No,45,2,No,No,,37243,Shoulder and Lap Belt Used,37421,No,No,Daylight,Clear,413,29,14,1,4,4,1526032800,0.92,0.21,171,0,0,61.05,0.61,0,60.94,58.51,2.182,,clear-day,clear,0,0,0,0,1,0
,35.050694,-85.189421,220 Highway 153 N,US-58,,7/1/2018 7:00,2018-07-01,7,1530442800,,,,Property Damage,Front to Rear,No,No,No,No,55,2,No,No,None Used MV Occupant,37311,Shoulder and Lap Belt Used,30741,No,No,Dusk,Clear,413,29,14,1,4,4,1530439200,0.92,1.77,90,0,0,74.14,3.55,0.7,72.83,70.38,2.289,,partly-cloudy-day,mostly cloudy,0,1,0,0,0,0
,35.054079,-85.189339,6000 Shallowford Rd,,Polymer Dr,10/2/2018 14:00,2018-10-02,14,1538503200,,,,Property Damage,Front to Rear,No,No,No,No,45,2,No,No,Unknown,37341,Unknown,37618,No,No,Daylight,Clear,413,29,14,1,4,4,1538499600,0.57,4.27,184,5,0,84.03,7.95,0.75,82.14,65.27,3.379,,partly-cloudy-day,mostly cloudy,0,1,0,0,0,0
,35.054144,-85.189935,5998 - 6001 Shallowford Rd,,Chapman Rd,11/9/2018 8:00,2018-11-09,8,1541768400,,,,Property Damage Under,Front to Rear,No,No,No,No,45,2,No,No,Shoulder and Lap Belt Used,37421,Shoulder and Lap Belt Used,37421,No,No,Daylight,Rain,413,29,14,1,4,4,1541764800,0.97,2.87,222,0,0.102,55.48,5.54,1,55.48,54.59,1.317,rain,rain,rain,1,0,0,0,0,1
,35.050694,-85.189421,Shallowford Rd Off Ramp,,Shallowford Rd,1/15/2019 14:00,2019-01-15,14,1547578800,,,,Property Damage,Front to Rear,No,No,No,No,25,2,No,No,Shoulder and Lap Belt Used,37302,Shoulder and Lap Belt Used,37343,No,No,Daylight,Clear,413,29,14,1,4,4,1547575200,0.74,3.51,3,2,0,33.09,10.31,1,35.89,28.54,6.085,,cloudy,overcast,0,1,0,0,0,0
,35.050074,-85.188227,2204 Encompass Dr,,Shallowford Rd,2/15/2019 0:00,2019-02-15,0,1550206800,,,,Property Damage,Angle,Yes,No,No,No,15,2,No,No,Unknown,Unknown,,37363,,,Unknown,Clear,413,29,14,1,4,4,1550203200,0.36,7.5,191,0,0,55.1,19.03,0.97,55.1,28.91,6.615,,cloudy,overcast,0,1,0,0,0,0
,35.054112,-85.189649,Shallowford Rd,,Off Ramp from 153 NB,6/6/2019 19:00,2019-06-06,19,1559862000,,,,Property Damage,Front to Rear,No,No,No,No,35,2,No,No,Shoulder and Lap Belt Used,37379,Shoulder and Lap Belt Used,30720,No,No,Daylight,Rain,413,29,14,1,4,4,1559858400,0.88,2.7,152,1,0.007,74.48,5.92,1,73.31,69.57,6.339,rain,rain,drizzle,1,0,0,0,0,1
,35.0693802,-85.196571,380 Highway 153,,Jersey Pike,1/8/2018 8:00,2018-01-08,8,1515416400,,,,Property Damage,Angle,No,No,No,No,55,2,No,No,Shoulder and Lap Belt Used,37370,Shoulder and Lap Belt Used,37415,No,No,Daylight,Sleet/Hail,501,27,12,1,2,4,1515412800,0.77,1.8,197,0,0.002,31.54,4.25,1,31.54,25.02,2.988,rain,rain,possible drizzle,1,0,0,0,0,1
,35.068054,-85.196172,Hwy 153 Sb @ Jersey Pike - Off Ramp,,Highway 153,2/23/2018 17:00,2018-02-23,17,1519423200,,,,Property Damage,Angle,No,No,No,No,35,2,No,No,Shoulder and Lap Belt Used,37363,Shoulder and Lap Belt Used,37410,No,No,Daylight,Clear,501,27,12,1,2,4,1519419600,0.48,3.02,173,1,0,78.58,6.56,0.65,78.58,57.25,6.287,,partly-cloudy-day,mostly cloudy,0,1,0,0,0,0
,35.071792,-85.198847,3916 Volunteer Dr,,Industry DR,5/23/2019 0:00,2019-05-23,0,1558584000,,,,Property Damage,Angle,Yes,No,No,No,,2,No,No,Unknown,Unknown,,37416,,,Unknown,Unknown,501,27,12,1,2,4,1558580400,0.64,3.71,182,0,0,76.42,7.31,0,76.12,62.87,10,,clear-night,clear,0,0,0,0,1,0
,35.024501,-85.155628,1816 Gunbarrel Rd,,Igou Gap Rd,1/8/2018 8:00,2018-01-08,8,1515416400,,,,Property Damage,"Sideswipe, Same Direction",No,No,No,No,25,2,No,No,Shoulder and Lap Belt Used,37367,Shoulder and Lap Belt Used,37421,No,No,Daylight,Other,329,35,16,0,7,7,1515412800,0.76,2.52,202,0,0.002,31.57,4.97,1,31.57,24.97,2.883,rain,cloudy,overcast,0,1,0,0,0,0
,35.027055,-85.156695,1900 Gunbarrel Rd,,Igou Gap Rd.,1/26/2018 15:00,2018-01-26,15,1516996800,,,,Property Damage Under,Front to Rear,No,No,No,No,35,2,No,No,Shoulder and Lap Belt Used,37421,Shoulder and Lap Belt Used,37311,No,No,Daylight,Clear,329,35,16,0,7,7,1516993200,0.25,5.93,169,2,0,57.09,11.61,0,57.09,21.17,8.746,,clear-day,clear,0,0,0,0,1,0
,35.0265003,-85.156942,7407 Igou Gap Road,,Gunbarrel Road,2/2/2018 0:00,2018-02-02,0,1517547600,,,,Property Damage,Angle,Yes,No,No,No,15,2,No,No,,74134,Unknown,Unknown,,,Unknown,Cloudy,329,35,16,0,7,7,1517544000,0.89,4.13,353,0,0.017,35.96,10.23,1,38.93,35.9,6.017,rain,rain,light rain,1,0,0,0,0,1
,35.023735,-85.158512,1804 Gunbarrel Rd,,Crane Rd,2/17/2018 18:00,2018-02-17,18,1518908400,,,,Property Damage Under,"Sideswipe, Same Direction",No,No,No,No,40,2,No,No,Shoulder and Lap Belt Used,37321,Shoulder and Lap Belt Used,37363,No,No,Daylight,Rain,329,35,16,0,7,7,1518904800,0.86,2.22,242,0,0.019,60.43,6.62,1,60.43,56.34,2.394,rain,rain,light rain,1,0,0,0,0,1
,35.026889,-85.157359,Igou Gap Rd,,Gunbarrel Rd,3/25/2018 18:00,2018-03-25,18,1522015200,,,,Property Damage Under,Not Collision with Motor Vehicle in Transport,No,No,No,No,35,1,No,No,Shoulder and Lap Belt Used,37343,,,No,No,Daylight,Clear,329,35,16,0,7,7,1522011600,0.82,1.59,167,1,0,52.29,4.58,1,52.29,47.01,6.018,,cloudy,overcast,0,1,0,0,0,0
,35.0259018,-85.157651,5000 Hunter Rd,US-11,8912 Lee Hwy,3/29/2018 19:00,2018-03-29,19,1522364400,,,,Property Damage Under,Angle,Yes,No,No,No,15,2,No,No,Shoulder and Lap Belt Used,37415,Unknown,37409,No,No,Daylight,Rain,329,35,16,0,7,7,1522360800,0.91,2.63,224,0,0.231,59.85,7.73,1,59.85,57.25,2.141,rain,rain,rain,1,0,0,0,0,1
,35.0256757,-85.157416,1816 Gunbarrel Rd,US-11,7400 Igou Gap Rd,4/5/2018 18:00,2018-04-05,18,1522965600,,,,Property Damage Under,Unknown,Yes,No,No,No,15,2,No,No,Unknown,Unknown,,35958,,,Dark - Lighted,Clear,329,35,16,0,7,7,1522962000,0.24,1.52,12,2,0,62.62,4.24,0,62.62,24.94,6.059,,clear-day,clear,0,0,0,0,1,0
,35.023569,-85.159148,1800 Gunbarrel Rd,US-11,1800 Gunbarrel Rd,4/6/2018 18:00,2018-04-06,18,1523052000,,,,Property Damage Under,Front to Rear,No,No,No,No,15,2,No,No,Shoulder and Lap Belt Used,37341,Shoulder and Lap Belt Used,37341,No,No,Daylight,Clear,329,35,16,0,7,7,1523048400,0.9,1.33,17,1,0.052,52.37,3.24,1,52.37,49.41,2.462,rain,rain,light rain,1,0,0,0,0,1
,35.0242307,-85.157913,1720 Gunbarrel Road,,Crane Road,5/25/2018 0:00,2018-05-25,0,1527220800,,,,Suspected Minor Injury,Not Collision with Motor Vehicle in Transport,Yes,No,No,No,40,1,No,No,None Used MV Occupant,37421,Unknown,Unknown,No,No,Daylight,Cloudy,329,35,16,0,7,7,1527217200,0.73,5.64,141,0,0,77.39,12.69,0,76.58,67.47,6.015,,clear-night,clear,0,0,0,0,1,0
,35.024501,-85.155628,1816 Gunbarrel Rd,,Igou Gap Rd,6/11/2018 0:00,2018-06-11,0,1528689600,,,,Property Damage,"Sideswipe, Opposite Direction",Yes,No,No,No,15,2,No,No,,37421,Unknown,Unknown,,,Unknown,Clear,329,35,16,0,7,7,1528686000,0.89,1.89,218,0,0,74.22,4.83,0.19,73.04,69.53,6.058,,partly-cloudy-night,partly cloudy,0,1,0,0,0,0
,35.0239391,-85.158697,7300 Shallowford Rd,SR-7300,Gunbarrel Rd,6/22/2018 13:00,2018-06-22,13,1529686800,,,,Property Damage Under,Front to Rear,No,No,No,No,40,2,No,No,Shoulder and Lap Belt Used,37363,Shoulder and Lap Belt Used,37363,No,No,Daylight,Clear,329,35,16,0,7,7,1529683200,0.59,6.37,191,9,0,86.51,12.2,0.19,83.52,67.72,7.808,,partly-cloudy-day,partly cloudy,0,1,0,0,0,0
,35.023735,-85.158512,1804 Gunbarrel Rd,SR-1804,Igou Gap Rd,7/23/2018 0:00,2018-07-23,0,1532318400,,,,Property Damage Under,Angle,Yes,No,No,No,,2,No,No,,37363,Unknown,Unknown,,,Unknown,Clear,329,35,16,0,7,7,1532314800,0.85,2.13,312,0,0,72.15,5.52,0.75,71.31,66.69,5.58,,partly-cloudy-night,mostly cloudy,0,1,0,0,0,0
,35.025475,-85.15756,1810 Gunbarrel Rd,SR-1810,Igou Gap Rd,7/27/2018 11:00,2018-07-27,11,1532703600,,,,Property Damage,Angle,Yes,No,No,No,,2,No,No,Unknown,Unknown,,37421,,,Daylight,Cloudy,329,35,16,0,7,7,1532700000,0.63,1.16,341,6,0,85.2,4.57,0,82.11,68.35,7.933,,clear-day,clear,0,0,0,0,1,0
,35.026889,-85.157359,Igou Gap Rd,US-7000,Gunbarrel Rd,9/12/2018 7:00,2018-09-12,7,1536750000,,,,Property Damage,"Sideswipe, Opposite Direction",No,No,No,No,35,2,No,No,Shoulder and Lap Belt Used,37421,Shoulder and Lap Belt Used,37421,No,No,Daylight,Clear,329,35,16,0,7,7,1536746400,0.94,2.99,19,0,0,70.17,8.59,0.75,69.15,67.21,6.433,,partly-cloudy-night,mostly cloudy,0,1,0,0,0,0