Accident,Latitude,Longitude,Street,AltStreet,Intersection,DateTime,Date,Hour,Unix,WeekDay,WeekEnd,DayFrame,AccidentType,CollisionType,HaR,FatalInjury,MedicalTransport,InvolvedPlacardedTruck,PostedSpeed,TotalVehiclesInvolved,PedestrianInvolved,BicycleInvolved,DriverOneSafetyEquipment,DriverOneZip,DriverTwoSafetyEquipment,DriverTwoZip,Drug,Alcohol,LightCondition,Weather,Grid_Block,Grid_Col,Grid_Row,Highway,Land_Use_Mode,Road_Count,HourBefore,humidity,windSpeed,windBearing,uvIndex,precipIntensity,apparentTemperature,windGust,cloudCover,temperature,dewPoint,visibility,precipType,Event,Conditions,Rain,Cloudy,Foggy,Snow,Clear,RainBefore
,35.024501,-85.155628,1816 Gunbarrel Rd,,Igou Gap Rd,11/23/2018 13:00,2018-11-23,13,1542996000,,,,Property Damage Under,Angle,No,No,No,No,15,2,No,No,,37363,Shoulder and Lap Belt Used,37421,No,No,Daylight,Clear,329,35,16,0,7,7,1542992400,0.55,7.5,164,3,0,50.93,17.04,0.44,50.93,35.36,5.645,,partly-cloudy-day,partly cloudy,0,1,0,0,0,0
,35.023569,-85.159148,1800 Gunbarrel Rd,,Crane Rd,12/3/2018 19:00,2018-12-03,19,1543881600,,,,Possible Injury,Angle,No,No,No,No,40,2,No,No,,30742,Shoulder and Lap Belt Used,37421,No,No,Dark - Lighted,Clear,329,35,16,0,7,7,1543878000,0.55,8.71,347,0,0,44.07,14.61,0,48.02,32.63,3.602,,clear-night,clear,0,0,0,0,1,0
,35.027055,-85.156695,1900 Gunbarrel Rd,,Igou Gap Road,12/4/2018 20:00,2018-12-04,20,1543971600,,,,Property Damage Under,Not Collision with Motor Vehicle in Transport,No,No,No,No,40,1,No,No,Shoulder and Lap Belt Used,37406,,,No,No,Dark - Lighted,Clear,329,35,16,0,7,7,1543968000,0.54,5.54,306,0,0,35.67,8.61,1,39.65,24.22,5.731,,cloudy,overcast,0,1,0,0,0,0
,35.024501,-85.155628,1816 Gunbarrel Rd,SR-7400,Igou Gap Rd,12/15/2018 0:00,2018-12-15,0,1544850000,,,,Property Damage,Rear to Side,No,No,No,No,15,2,No,No,Shoulder and Lap Belt Used,37408,Shoulder and Lap Belt Used,37341,No,No,Unknown,Rain,329,35,16,0,7,7,1544846400,0.95,2,268,0,0.001,52.69,4.2,1,52.69,51.21,2.17,rain,cloudy,overcast,0,1,0,0,0,0
,35.023808,-85.156123,1814 Gunbarrel Rd,,Gunbarrel Rd,1/15/2019 0:00,2019-01-15,0,1547528400,,,,Property Damage,Unknown,Yes,No,No,No,,2,No,No,,37421,Unknown,Unknown,,,Unknown,Clear,329,35,16,0,7,7,1547524800,0.8,6.89,326,0,0,29.82,12.64,1,35.53,29.85,7.287,,cloudy,overcast,0,1,0,0,0,0
,35.027055,-85.156695,Gunbarrel Rd,,Igou Gap Rd,2/25/2019 7:00,2019-02-25,7,1551096000,,,,Property Damage,Head On,No,No,No,No,30,2,No,No,Shoulder and Lap Belt Used,37404,Shoulder and Lap Belt Used,30736,No,No,Daylight,Clear,329,35,16,0,7,7,1551092400,0.59,3.51,322,0,0,31.04,6.75,0,34.09,21.38,3.753,,clear-night,clear,0,0,0,0,1,0
,35.027848,-85.156253,1914 Gunbarrel Rd,SR-1900,Igou Gap Road,3/14/2019 14:00,2019-03-14,14,1552586400,,,,Property Damage,Angle,No,No,No,No,,2,No,No,Shoulder and Lap Belt Used,37398,Shoulder and Lap Belt Used,35765,No,No,Daylight,Cloudy,329,35,16,0,7,7,1552582800,0.66,12.79,188,4,0,69.2,25.36,1,69.2,57.45,8.87,,cloudy,overcast,0,1,0,0,0,0
,35.026889,-85.157359,Gunbarrel Rd,,Igou Gap Rd,5/17/2019 16:00,2019-05-17,16,1558123200,,,,Property Damage,Front to Rear,Yes,No,No,No,40,2,No,No,Unknown,Unknown,Shoulder and Lap Belt Used,37416,,,Daylight,Clear,329,35,16,0,7,7,1558119600,0.42,5.52,273,6,0,88.16,11.58,0.44,87.82,61.75,8.321,,partly-cloudy-day,partly cloudy,0,1,0,0,0,0
,35.024501,-85.155628,1816 Gunbarrel Rd,,E Martin Luther King Blvd,6/11/2019 19:00,2019-06-11,19,1560294000,,,,Property Damage,Front to Rear,No,No,No,No,15,2,No,No,Shoulder and Lap Belt Used,86004,Shoulder and Lap Belt Used,37066,No,No,Dawn,Clear,329,35,16,0,7,7,1560290400,0.43,8.37,22,1,0,76.14,15.17,0,76.14,51.71,6.408,,clear-day,clear,0,0,0,0,1,0
,35.026311,-85.245248,200 Gillespie Rd,SR-1,N. Germantown Rd,1/8/2018 9:00,2018-01-08,9,1515420000,,,,Property Damage,Not Collision with Motor Vehicle in Transport,No,No,No,No,30,1,No,No,Unknown,37411,,,No,No,Daylight,Other,166,24,20,0,7,19,1515416400,0.81,1.16,192,0,0.01,31.43,4.26,1,31.43,26.28,2.799,rain,rain,possible drizzle,1,0,0,0,0,1
,35.029523,-85.249733,Pinewood Ave,,Dellwood Pl,3/30/2018 12:00,2018-03-30,12,1522425600,,,,Property Damage Under,Angle,Yes,No,No,No,25,2,No,No,Unknown,Unknown,Shoulder and Lap Belt Used,37406,No,No,Daylight,Clear,166,24,20,0,7,19,1522422000,0.71,3.61,314,4,0,56.27,8.55,0.75,56.27,47.07,6.255,,partly-cloudy-day,mostly cloudy,0,1,0,0,0,0
,35.028016,-85.245631,212 Booth Rd,,Howard Ave,4/8/2018 14:00,2018-04-08,14,1523210400,,,,Property Damage,"Sideswipe, Same Direction",No,No,No,No,25,2,No,No,Unknown,37415,Unknown,37411,No,,Daylight,Unknown,166,24,20,0,7,19,1523206800,0.47,2.15,66,6,0,50.52,6.94,0.66,50.52,30.86,6.255,,partly-cloudy-day,mostly cloudy,0,1,0,0,0,0
,35.02658,-85.245449,109 N Germantown Rd,,Montview Dr,5/29/2018 12:00,2018-05-29,12,1527609600,,,,Property Damage,Not Collision with Motor Vehicle in Transport,No,No,No,No,35,1,No,No,Unknown,37411,,,,,Daylight,Rain,166,24,20,0,7,19,1527606000,0.87,8.18,107,4,0.01,76.08,18.53,1,74.82,70.61,5.799,rain,rain,possible drizzle,1,0,0,0,0,1
,35.02658,-85.245449,109 N Germantown Rd,,Montview Dr,10/19/2018 0:00,2018-10-19,0,1539921600,,,,Property Damage,Unknown,Yes,No,No,No,15,2,No,No,,37387,Unknown,Unknown,,,Unknown,Clear,166,24,20,0,7,19,1539918000,0.86,1.18,337,0,0,49.33,4.06,0,49.33,45.45,6.057,,clear-night,clear,0,0,0,0,1,0
,35.0268034,-85.2479,3600 Brainerd Rd,,N Germantown Rd,3/18/2019 23:00,2019-03-18,23,1552964400,,,,Property Damage Under,"Sideswipe, Same Direction",No,No,No,No,30,2,No,No,Shoulder and Lap Belt Used,37406,Shoulder and Lap Belt Used,37407,No,No,Dark - Lighted,Clear,166,24,20,0,7,19,1552960800,0.35,4.76,355,0,0,41.26,6.29,0.25,43.93,18.19,4.452,,partly-cloudy-night,partly cloudy,0,1,0,0,0,0
,35.016236,-85.1652,7300 E Brainerd Rd,,Kenmoor Dr,1/8/2018 10:00,2018-01-08,10,1515423600,,,,Property Damage,Front to Rear,Yes,No,No,No,40,2,No,No,Shoulder and Lap Belt Used,30736,Unknown,Unknown,No,No,Daylight,Rain,244,34,18,0,7,14,1515420000,0.78,0.99,198,1,0.009,32.69,3.66,1,32.69,26.74,4.27,rain,rain,possible drizzle,1,0,0,0,0,1
,35.015917,-85.16824,7211 Aventine Way,,Panorama dr,4/17/2018 10:00,2018-04-17,10,1523973600,,,,Property Damage Under,Unknown,Yes,No,No,No,15,2,No,No,Unknown,37130,Unknown,Unknown,No,No,Daylight,Clear,244,34,18,0,7,14,1523970000,0.66,1.09,216,3,0,44.01,4.51,0,44.01,33.39,5.755,,clear-day,clear,0,0,0,0,1,0
,35.015214,-85.163699,E Brainerd Rd,US-7400,Gunbarrel Rd,5/7/2018 10:00,2018-05-07,10,1525701600,,,,Property Damage,Front to Rear,No,No,No,No,35,2,No,No,Shoulder and Lap Belt Used,37421,Shoulder and Lap Belt Used,37379,No,No,Daylight,Clear,244,34,18,0,7,14,1525698000,0.62,0.38,18,4,0,69.55,2.18,0,69.55,55.76,5.755,,clear-day,clear,0,0,0,0,1,0
,35.015285,-85.164368,7354 E Brainerd Rd,,Gunbarrel Rd,5/17/2018 11:00,2018-05-17,11,1526569200,,,,Property Damage,Front to Rear,No,No,No,No,45,2,No,No,Shoulder and Lap Belt Used,12306,Shoulder and Lap Belt Used,37421,No,No,Daylight,Clear,244,34,18,0,7,14,1526565600,0.81,0.47,163,5,0,75.16,1.89,0.44,74.22,68.11,5.977,,partly-cloudy-day,partly cloudy,0,1,0,0,0,0
,35.015214,-85.163699,Gunbarrel Rd,,E Brainerd Rd,7/2/2018 21:00,2018-07-02,21,1530579600,,,,Property Damage,Angle,No,No,No,No,40,2,No,No,,37421,Shoulder and Lap Belt Used,37331,No,No,Dark - Lighted,Clear,244,34,18,0,7,14,1530576000,0.74,1.48,112,0,0,89.03,6.03,0.75,82.84,73.54,5.704,,partly-cloudy-night,humid and mostly cloudy,0,1,0,0,0,0
,35.015214,-85.163699,Gunbarrel Rd,,E Brainerd Rd,7/24/2018 14:00,2018-07-24,14,1532455200,,,,Property Damage Under,Front to Rear,No,No,No,No,40,2,No,No,Shoulder and Lap Belt Used,30752,Shoulder and Lap Belt Used,37343,No,No,Daylight,Clear,244,34,18,0,7,14,1532451600,0.61,5.17,17,6,0,85.57,11.11,0.7,82.59,67.93,5.873,,partly-cloudy-day,mostly cloudy,0,1,0,0,0,0
,35.015214,-85.163699,1400 Gunbarrel Rd,SR-1400,E. Brainerd Rd,8/2/2018 13:00,2018-08-02,13,1533229200,,,,Property Damage,Front to Rear,No,No,No,No,40,2,No,No,Shoulder and Lap Belt Used,37409,Shoulder and Lap Belt Used,30165,No,No,Daylight,Rain,244,34,18,0,7,14,1533225600,0.94,3.63,76,5,0.038,73.2,6.28,1,71.9,70.03,3.569,rain,rain,light rain,1,0,0,0,0,1
,35.01779,-85.168677,7200 E Brainerd Rd,SR-7200,Panorama Dr,8/18/2018 11:00,2018-08-18,11,1534604400,,,,Property Damage,Front to Rear,No,No,No,No,45,2,No,No,Unknown,30752,Shoulder and Lap Belt Used,37027,No,No,Daylight,Cloudy,244,34,18,0,7,14,1534600800,0.83,5.78,212,4,0.004,78.68,10.37,1,77.33,71.9,4.342,rain,cloudy,overcast,0,1,0,0,0,0
,35.015214,-85.163699,Gunbarrel Rd,US-1400,E Brainerd Rd,9/24/2018 14:00,2018-09-24,14,1537812000,,,,Property Damage,Front to Rear,No,No,No,No,35,3,No,No,Shoulder and Lap Belt Used,30750,Shoulder and Lap Belt Used,37379,No,No,Daylight,Rain,244,34,18,0,7,14,1537808400,0.94,3.13,164,4,0.392,73.05,9.52,1,71.75,69.96,1.956,rain,rain,rain,1,0,0,0,0,1
,35.015214,-85.163699,1400 Gunbarrel Rd,,E. Brainerd Rd,10/1/2018 16:00,2018-10-01,16,1538424000,,,,Property Damage Under,Front to Rear,No,No,No,No,40,2,No,No,Shoulder and Lap Belt Used,37363,Shoulder and Lap Belt Used,30165,No,No,Daylight,Cloudy,244,34,18,0,7,14,1538420400,0.6,5.81,176,3,0,84.33,10.11,0.75,81.88,66.83,4.582,,partly-cloudy-day,mostly cloudy,0,1,0,0,0,0
,35.016662,-85.164436,7301 E Brainerd Rd,,Gunbarrel Rd,10/15/2018 16:00,2018-10-15,16,1539633600,,,,Property Damage Under,Rear to Rear,Yes,No,No,No,15,2,No,No,,37938,Unknown,,,,Daylight,Unknown,244,34,18,0,7,14,1539630000,0.64,5.99,182,3,0,79.04,11.23,0.75,78.49,65.24,6.311,,partly-cloudy-day,mostly cloudy,0,1,0,0,0,0
,35.015214,-85.163699,7354 E Brainerd Rd,SR-7354,Gunbarrel Rd,11/2/2018 8:00,2018-11-02,8,1541160000,,,,Property Damage Under,Front to Rear,No,No,No,No,40,2,No,No,Shoulder and Lap Belt Used,37408,Shoulder and Lap Belt Used,30710,No,No,Daylight,Clear,244,34,18,0,7,14,1541156400,0.9,3.65,313,0,0,53.67,8.23,1,53.67,50.76,7.432,,cloudy,overcast,0,1,0,0,0,0
,35.016662,-85.164436,7301 E Brainerd Rd,,Gunbarrel Rd,12/27/2018 19:00,2018-12-27,19,1545955200,,,,Property Damage,Other,No,No,No,No,35,2,No,No,Shoulder and Lap Belt Used,37411,Shoulder and Lap Belt Used,37421,No,No,Dark - Lighted,Rain,244,34,18,0,7,14,1545951600,0.89,7.54,196,0,0.097,53.13,23.83,1,53.13,50.09,5.99,rain,rain,light rain,1,0,0,0,0,1
,35.014349,-85.168745,7249 Aventine Way,,Panorama dr,1/24/2019 0:00,2019-01-24,0,1548306000,,,,Property Damage,Unknown,Yes,No,No,No,15,2,No,No,Unknown,Unknown,,37421,,,Unknown,Unknown,244,34,18,0,7,14,1548302400,0.96,2.75,116,0,0.028,50.95,8.08,1,50.95,49.91,1.854,rain,rain,light rain,1,0,0,0,0,1
,35.015214,-85.163699,Gunbarrel Rd,,E Brainerd Rd,2/10/2019 11:00,2019-02-10,11,1549814400,,,,Property Damage Under,Front to Rear,No,No,No,No,25,2,No,No,Shoulder and Lap Belt Used,30736,Shoulder and Lap Belt Used,37411,No,No,Daylight,Rain,244,34,18,0,7,14,1549810800,0.84,1.78,228,3,0.03,39.26,6.17,1,39.26,34.97,2.796,rain,rain,light rain,1,0,0,0,0,1
,35.015214,-85.163699,7400 E Brainerd Rd,SR-74,Gunbarrel Rd,3/4/2019 0:00,2019-03-04,0,1551675600,,,,Property Damage,Front to Rear,No,No,No,No,35,2,No,No,Shoulder and Lap Belt Used,30736,Shoulder and Lap Belt Used,37377,No,No,Unknown,Clear,244,34,18,0,7,14,1551672000,0.8,10.1,336,0,0,30.12,17.94,1,37.19,31.63,7.967,,cloudy,overcast,0,1,0,0,0,0
,35.01779,-85.168677,E Brainerd Rd,,Panorama Dr,3/22/2019 18:00,2019-03-22,18,1553292000,,,,Property Damage,Angle,No,No,No,No,45,2,No,No,Shoulder and Lap Belt Used,37421,Shoulder and Lap Belt Used,37421,No,No,Daylight,Clear,244,34,18,0,7,14,1553288400,0.22,10.26,305,1,0,66.32,19.46,0,66.32,26.53,8.087,,clear-day,clear,0,0,0,0,1,0
,35.015214,-85.163699,Gunbarrel Rd,,E Brainerd Rd,6/16/2019 18:00,2019-06-16,18,1560722400,,,,Property Damage,Front to Rear,No,No,No,No,45,2,No,No,Shoulder and Lap Belt Used,30725,Shoulder and Lap Belt Used,37421,No,No,Daylight,Clear,244,34,18,0,7,14,1560718800,0.6,5.27,202,2,0.004,90.26,12.32,0.24,85.63,69.95,6.147,rain,partly-cloudy-day,partly cloudy,0,1,0,0,0,0
,35.041886,-85.151679,2321 Lifestyle Way,,Shallowford Road,1/8/2018 19:00,2018-01-08,19,1515456000,,,,Property Damage Under,Front to Rear,No,No,No,No,35,2,No,No,Unknown,32068,Unknown,34212,No,No,Dark - Lighted,Rain,463,34,13,0,7,14,1515452400,0.91,0.72,140,0,0.006,38.27,1.55,1,38.27,35.75,2.014,rain,rain,possible drizzle,1,0,0,0,0,1
,35.041886,-85.151679,2321 Lifestyle Way,,Shallowford Rd,1/24/2018 18:00,2018-01-24,18,1516834800,,,,Property Damage Under,Angle,Yes,No,No,No,,2,No,No,Unknown,Unknown,None Used MV Occupant,37421,No,No,Dark - Lighted,Clear,463,34,13,0,7,14,1516831200,0.39,2.88,310,0,0,47.95,8.96,0,47.95,23.95,8.864,,clear-night,clear,0,0,0,0,1,0
,35.046742,-85.154867,7051 Mccutcheon Rd,,Shallowford Village Dr,3/8/2018 0:00,2018-03-08,0,1520485200,,,,Property Damage,Unknown,Yes,No,No,No,15,2,No,No,,37406,Unknown,Unknown,,,Unknown,Clear,463,34,13,0,7,14,1520481600,0.55,2.33,315,0,0,39,6.29,1,39,24.32,6.05,,cloudy,overcast,0,1,0,0,0,0
,35.041836,-85.154037,7200 Shallowford Rd,,Napiar Dr,3/24/2018 15:00,2018-03-24,15,1521918000,,,,Property Damage,Front to Rear,No,No,No,No,40,2,No,No,Unknown,37343,Unknown,37312,No,No,Daylight,Cloudy,463,34,13,0,7,14,1521914400,0.7,3.47,188,4,0,60.87,6.11,1,60.87,50.87,6.05,,cloudy,overcast,0,1,0,0,0,0
,35.043906,-85.149973,Mccutcheon Rd,SR-7236,Shallowford Rd,3/31/2018 0:00,2018-03-31,0,1522468800,,,,Property Damage,Unknown,Yes,No,No,No,,2,No,No,,37406,Unknown,Unknown,,,Unknown,Unknown,463,34,13,0,7,14,1522465200,0.75,0.51,345,0,0,46.47,1.77,0,46.47,38.93,7.86,,clear-night,clear,0,0,0,0,1,0
,35.042127,-85.154861,2000 Gunbarrel Rd,,Igou Gap,4/9/2018 10:00,2018-04-09,10,1523282400,,,,Property Damage,Angle,Yes,No,No,No,40,2,No,No,Unknown,Unknown,Shoulder and Lap Belt Used,37421,No,No,Daylight,Cloudy,463,34,13,0,7,14,1523278800,0.91,1.03,128,2,0,47.66,3.03,1,47.66,45.11,4.51,,cloudy,overcast,0,1,0,0,0,0
,35.043415,-85.155091,570 Interstate 75 Sb Rd,I-75,Shallowford Rd,4/12/2018 16:00,2018-04-12,16,1523563200,,,,Property Damage,Front to Rear,No,No,No,No,55,3,No,No,Shoulder and Lap Belt Used,37412,Shoulder and Lap Belt Used,45231,No,No,Daylight,Clear,463,34,13,0,7,14,1523559600,0.27,5.57,201,6,0,78.27,13.08,0,78.27,41.51,6.05,,clear-day,clear,0,0,0,0,1,0
,35.042498,-85.154095,7200 Shallowford Rd,,Napier Dr,5/31/2018 12:00,2018-05-31,12,1527782400,,,,Property Damage,Angle,No,No,No,No,45,2,No,No,Shoulder and Lap Belt Used,30710,Shoulder and Lap Belt Used,37412,No,No,Daylight,Clear,463,34,13,0,7,14,1527778800,0.79,4.77,190,6,0,79.92,10.94,0.75,78.63,71.69,6.045,,partly-cloudy-day,mostly cloudy,0,1,0,0,0,0
,35.041886,-85.151679,2321 Lifestyle Way,SR-2321,Shallowford Rd,6/8/2018 0:00,2018-06-08,0,1528430400,,,,Property Damage Under,Unknown,Yes,No,No,No,,2,No,No,Unknown,Unknown,,74134,,,Unknown,Clear,463,34,13,0,7,14,1528426800,0.71,0.99,355,0,0,70.16,3.73,0,70.13,60.1,6.045,,clear-night,clear,0,0,0,0,1,0
,35.045534,-85.154344,2350 Shallowford Village Dr,,Shallowford Rd,6/17/2018 0:00,2018-06-17,0,1529208000,,,,Property Damage,Unknown,Yes,No,No,No,,2,No,No,Unknown,35209,Unknown,Unknown,No,No,Unknown,Clear,463,34,13,0,7,14,1529204400,0.69,3.46,208,0,0,77.66,6.65,0.19,77,66.19,5.875,,partly-cloudy-night,partly cloudy,0,1,0,0,0,0
,35.042358,-85.154756,Shallowford Rd,,I-75 Interstate,6/26/2018 14:00,2018-06-26,14,1530036000,,,,Property Damage,Angle,Yes,No,No,No,30,2,No,No,Unknown,Unknown,Shoulder and Lap Belt Used,34287,No,No,Daylight,Clear,463,34,13,0,7,14,1530032400,0.64,3.99,192,8,0,95.67,9.31,0.44,87.47,73.64,6.466,,partly-cloudy-day,humid and partly cloudy,0,1,0,0,0,0
,35.044628,-85.153786,580 I-75 hwy,,Shallowford Rd,7/2/2018 0:00,2018-07-02,0,1530504000,,,,Property Damage,Angle,No,No,No,No,55,2,No,No,Shoulder and Lap Belt Used,30721,None Used MV Occupant,37421,No,No,Unknown,Clear,463,34,13,0,7,14,1530500400,0.92,0.81,215,0,0,75.89,3.67,0,74.43,71.87,6.229,,clear-night,clear,0,0,0,0,1,0
,35.042997,-85.157294,Shallowford Rd,,2200 Overnite Dr,7/3/2018 0:00,2018-07-03,0,1530590400,,,,Property Damage,Front to Rear,No,No,No,No,40,2,No,No,Shoulder and Lap Belt Used,36207,Shoulder and Lap Belt Used,37421,No,No,Unknown,Unknown,463,34,13,0,7,14,1530586800,0.89,2.25,103,0,0.011,78.97,4.02,0,77.34,73.96,3.7,rain,clear-night,humid,0,0,0,0,1,0
,35.042997,-85.157294,7100 Shallowford Rd,,Ramp to 75,7/21/2018 18:00,2018-07-21,18,1532210400,,,,Property Damage,"Sideswipe, Opposite Direction",No,No,No,No,40,2,No,No,Unknown,37412,Unknown,37363,No,No,Daylight,Clear,463,34,13,0,7,14,1532206800,0.62,4.67,214,2,0.017,93.16,10.26,0.34,86.74,71.94,7.445,rain,partly-cloudy-day,partly cloudy,0,1,0,0,0,0
,35.041322,-85.152686,7300-7319 Shallowford Rd,,Hamilton Place Blvd,9/25/2018 18:00,2018-09-25,18,1537912800,,,,Possible Injury,Front to Rear,No,No,No,No,35,2,No,No,Shoulder and Lap Belt Used,37416,Shoulder and Lap Belt Used,30736,No,No,Dusk,Clear,463,34,13,0,7,14,1537909200,0.77,5.21,174,1,0.004,85.48,12.21,0.44,80.8,72.99,6.268,rain,partly-cloudy-day,humid and partly cloudy,0,1,0,0,0,0
,35.040925,-85.151563,Shallowford Rd,,Lifestyle Way,10/14/2018 0:00,2018-10-14,0,1539489600,,,,Property Damage Under,Angle,No,No,No,No,45,2,No,No,Shoulder and Lap Belt Used,37350,Shoulder and Lap Belt Used,62535,No,No,Daylight,Clear,463,34,13,0,7,14,1539486000,0.87,2.41,21,0,0,53.56,4.6,0,53.56,49.67,6.065,,clear-night,clear,0,0,0,0,1,0
,35.042028,-85.154603,Interstate 75 NB St,I-75,Bonny Oaks,10/23/2018 9:00,2018-10-23,9,1540299600,,,,Property Damage,Not Collision with Motor Vehicle in Transport,Yes,No,No,No,55,2,No,No,Shoulder and Lap Belt Used,37421,Unknown,Unknown,No,No,Daylight,Clear,463,34,13,0,7,14,1540296000,0.92,0.81,310,0,0,43.79,3.98,0.75,43.79,41.53,1.177,,fog,foggy,0,0,1,0,0,0
,35.046742,-85.154867,7051 Mccutcheon Rd,,Shallowford Village Dr.,11/16/2018 0:00,2018-11-16,0,1542344400,,,,Property Damage Under,Unknown,Yes,No,No,No,15,2,No,No,None Used MV Occupant,37865,Unknown,Unknown,No,No,Unknown,Clear,463,34,13,0,7,14,1542340800,0.78,4.56,309,0,0,28.46,7.66,1,32.83,26.67,6.102,,cloudy,overcast,0,1,0,0,0,0
,35.044987,-85.154939,2346 Shallowford Village Dr,SR-2346,Gunbarrel Road,12/24/2018 13:00,2018-12-24,13,1545674400,,,,Property Damage,Unknown,Yes,No,No,No,15,2,No,No,Unknown,Unknown,,37421,,,Daylight,Clear,463,34,13,0,7,14,1545670800,0.48,7.63,39,3,0,39.8,15.12,0,44.13,25.49,4.078,,clear-day,clear,0,0,0,0,1,0
,35.043791,-85.149742,7326 Mccutcheon Rd,,Gunbarrel Rd,1/2/2019 8:00,2019-01-02,8,1546434000,,,,Property Damage Under,Not Collision with Motor Vehicle in Transport,No,No,No,No,,1,No,No,Shoulder and Lap Belt Used,37338,,,No,No,Daylight,Cloudy,463,34,13,0,7,14,1546430400,0.97,2,349,0,0,45.06,5.59,0.75,45.06,44.25,6.024,,partly-cloudy-day,mostly cloudy,0,1,0,0,0,0
,35.043415,-85.155091,400 75 Interstate,I-75,,1/4/2019 8:00,2019-01-04,8,1546606800,,,,Property Damage,Not Collision with Motor Vehicle in Transport,No,No,No,No,55,1,No,No,Shoulder and Lap Belt Used,37363,,,No,No,Daylight,Clear,463,34,13,0,7,14,1546603200,0.99,3.84,0,0,0.01,48.03,5.17,1,49.17,49.01,2.991,rain,rain,possible drizzle,1,0,0,0,0,1
,35.042868,-85.156949,7100 Shallowford Rd,,75 HWY 1-9 Exit 4a On Ramp Sb,1/21/2019 0:00,2019-01-21,0,1548046800,,,,Property Damage,"Sideswipe, Same Direction",No,No,No,No,25,2,No,No,Shoulder and Lap Belt Used,37397,Shoulder and Lap Belt Used,37421,No,No,Unknown,Unknown,463,34,13,0,7,14,1548043200,0.55,7.52,0,0,0,15.89,13.62,0.44,24.36,10.46,4.076,,partly-cloudy-night,partly cloudy,0,1,0,0,0,0
,35.043791,-85.149742,2329 Gunbarrel Rd,SR-2000,McCutcheon Rd,2/14/2019 10:00,2019-02-14,10,1550156400,,,,Property Damage Under,Front to Rear,Yes,No,No,No,40,2,No,No,Unknown,Unknown,Shoulder and Lap Belt Used,37341,No,No,Daylight,Clear,463,34,13,0,7,14,1550152800,0.55,4.1,174,2,0,41.35,10.18,0,43.57,28.62,6.203,,clear-day,clear,0,0,0,0,1,0
,35.042127,-85.154861,Shallowford Rd,,I-75 NB Rd,2/18/2019 14:00,2019-02-18,14,1550516400,,,,Property Damage,"Sideswipe, Same Direction",No,No,No,No,40,2,No,No,Shoulder and Lap Belt Used,30750,Shoulder and Lap Belt Used,37343,No,No,Daylight,Clear,463,34,13,0,7,14,1550512800,0.55,5.72,349,4,0,45.47,12.12,0.6,48.03,32.84,8.313,,partly-cloudy-day,mostly cloudy,0,1,0,0,0,0
,35.04308,-85.15065,Lifestyle Way,SR-2100,7100 Shallowford Rd,2/24/2019 0:00,2019-02-24,0,1550984400,,,,Property Damage,Unknown,Yes,No,No,No,,2,No,No,Unknown,,Shoulder and Lap Belt Used,30736,No,No,Unknown,Clear,463,34,13,0,7,14,1550980800,0.97,9.21,196,0,0.064,51.27,19.76,1,51.27,50.43,6.576,rain,rain,light rain,1,0,0,0,0,1
,35.042536,-85.150123,2358 Lifestyle Way,,Gunbarrel Road,3/7/2019 0:00,2019-03-07,0,1551934800,,,,Property Damage Under,Unknown,Yes,No,No,No,15,2,No,No,,30741,Unknown,Unknown,,,Unknown,Clear,463,34,13,0,7,14,1551931200,0.59,0.5,336,0,0,30.11,3.2,0,30.11,17.39,4.019,,clear-night,clear,0,0,0,0,1,0
,35.043693,-85.156884,Shallowford Village Dr,,Shallowford Rd,4/18/2019 8:00,2019-04-18,8,1555588800,,,,Property Damage Under,Angle,Yes,No,No,No,15,2,No,No,Unknown,Unknown,,,,,Daylight,Clear,463,34,13,0,7,14,1555585200,0.76,4.94,169,0,0,62.05,13.03,0.28,62.05,54.36,4.187,,partly-cloudy-day,partly cloudy,0,1,0,0,0,0
,35.041186,-85.151405,2320 Lifestyle Way,,Shallowford rd,5/26/2019 0:00,2019-05-26,0,1558843200,,,,Property Damage,Unknown,Yes,No,No,No,15,2,No,No,,44124,Unknown,Unknown,,,Unknown,Clear,463,34,13,0,7,14,1558839600,0.76,1.28,273,0,0,76.94,3.46,0.44,76.06,67.95,2.905,,partly-cloudy-night,partly cloudy,0,1,0,0,0,0
,35.041668,-85.238697,1107 Tunnel Blvd,,Hoyt St,1/8/2018 22:00,2018-01-08,22,1515466800,,,,Property Damage,Front to Rear,Yes,No,No,No,30,2,No,No,Unknown,37411,Shoulder and Lap Belt Used,37411,No,No,Dark - Lighted,Rain,234,24,18,0,7,14,1515463200,0.93,0.61,157,0,0.002,39.27,1.88,1,39.27,37.33,1.462,rain,rain,possible drizzle,1,0,0,0,0,1
,35.038058,-85.238229,900 Shallowford Rd,,Tunnel Blvd,5/16/2018 19:00,2018-05-16,19,1526511600,,,,Property Damage,Not Collision with Motor Vehicle in Transport,No,No,No,No,45,1,No,No,Shoulder and Lap Belt Used,37411,,,No,No,Dusk,Rain,234,24,18,0,7,14,1526508000,0.81,0.5,297,1,0.002,74.58,0.95,0.72,73.68,67.67,6.069,rain,partly-cloudy-day,mostly cloudy,0,1,0,0,0,0
,35.0379698,-85.239935,2100 Hamilton Pl,,2100 Hamilton Pl,6/19/2018 17:00,2018-06-19,17,1529442000,,,,Property Damage,Unknown,Yes,No,No,No,15,2,No,No,Unknown,Unknown,,37411,,,Daylight,Clear,234,24,18,0,7,14,1529438400,0.59,3.78,293,5,0.013,89.4,7.93,0.33,85.27,69.3,10,rain,partly-cloudy-day,partly cloudy,0,1,0,0,0,0