Accident,Latitude,Longitude,Street,AltStreet,Intersection,DateTime,Date,Hour,Unix,WeekDay,WeekEnd,DayFrame,AccidentType,CollisionType,HaR,FatalInjury,MedicalTransport,InvolvedPlacardedTruck,PostedSpeed,TotalVehiclesInvolved,PedestrianInvolved,BicycleInvolved,DriverOneSafetyEquipment,DriverOneZip,DriverTwoSafetyEquipment,DriverTwoZip,Drug,Alcohol,LightCondition,Weather,Grid_Block,Grid_Col,Grid_Row,Highway,Land_Use_Mode,Road_Count,HourBefore,humidity,windSpeed,windBearing,uvIndex,precipIntensity,apparentTemperature,windGust,cloudCover,temperature,dewPoint,visibility,precipType,Event,Conditions,Rain,Cloudy,Foggy,Snow,Clear,RainBefore
,35.0423469,-85.238468,Shallowford Rd,,Rockway Dr.,7/4/2018 15:00,2018-07-04,15,1530730800,,,,Property Damage Under,Head On,No,No,No,No,25,2,No,No,Shoulder and Lap Belt Used,37411,Shoulder and Lap Belt Used,37411,No,No,Daylight,Clear,234,24,18,0,7,14,1530727200,0.45,6.54,56,9,0,99.85,12.16,0.19,93.88,69.62,8.361,,partly-cloudy-day,partly cloudy,0,1,0,0,0,0
,35.038628,-85.239817,800 Tunnel Blvd,,Shallowford Rd,9/28/2018 16:00,2018-09-28,16,1538164800,,,,Property Damage,Front to Rear,No,No,No,No,30,2,No,No,Unknown,30741,Unknown,37406,No,No,Daylight,Clear,234,24,18,0,7,14,1538161200,0.63,2.84,336,3,0,78.93,8.69,0.75,78.41,64.9,5.966,,partly-cloudy-day,mostly cloudy,0,1,0,0,0,0
,35.038009,-85.240147,Shallowford Rd,,Tunnel Blvd,1/9/2019 17:00,2019-01-09,17,1547071200,,,,Property Damage,Front to Rear,No,No,No,No,30,2,No,No,Shoulder and Lap Belt Used,37338,Shoulder and Lap Belt Used,37302,No,No,Daylight,Clear,234,24,18,0,7,14,1547067600,0.28,8.91,312,0,0,43.81,16.51,0,47.88,16.08,6.527,,clear-day,clear,0,0,0,0,1,0
,35.043499,-85.242911,1117 Moss Dr,,Hoyt St,2/22/2019 0:00,2019-02-22,0,1550811600,,,,Property Damage,Not Collision with Motor Vehicle in Transport,No,No,No,No,15,1,No,No,Shoulder and Lap Belt Used,37411,,,No,No,Unknown,Rain,234,24,18,0,7,14,1550808000,0.95,9.34,26,0,0.031,43.98,17.57,1,48.15,46.75,3.28,rain,rain,light rain,1,0,0,0,0,1
,35.031644,-85.263939,300 Dodds Ave,SR-300,McCallie Avenue,1/9/2018 0:00,2018-01-09,0,1515474000,,,,Property Damage,Front to Rear,Yes,No,No,No,35,2,No,No,Unknown,Unknown,Shoulder and Lap Belt Used,37421,No,No,Unknown,Clear,133,22,21,0,7,20,1515470400,0.95,0.37,122,0,0.005,37.47,1.53,1,37.47,36.13,1.312,rain,rain,possible drizzle,1,0,0,0,0,1
,35.031869,-85.263812,2600 Mccallie @ Dodds Wb Off Ramp,SR-2600,Mccallie and Dodds,2/22/2018 7:00,2018-02-22,7,1519300800,,,,Property Damage,Front to Rear,No,No,No,No,30,2,No,No,Shoulder and Lap Belt Used,37302,Shoulder and Lap Belt Used,37421,No,No,Daylight,Clear,133,22,21,0,7,20,1519297200,0.9,4.69,214,0,0,63.45,18.36,0.17,63.18,60.31,9.997,,partly-cloudy-night,partly cloudy,0,1,0,0,0,0
,35.0320816,-85.264415,Arlington Ave,,Dodson Ave,5/4/2018 18:00,2018-05-04,18,1525471200,,,,Property Damage Under,Rear to Side,No,No,No,No,30,2,No,No,,37407,Shoulder and Lap Belt Used,37406,,No,Daylight,Clear,133,22,21,0,7,20,1525467600,0.51,0.92,222,2,0,82.42,3.84,0.75,81.48,61.88,6.127,,partly-cloudy-day,mostly cloudy,0,1,0,0,0,0
,35.032526,-85.26639,Mccallie Ave,US-2412,Duncan Ave,6/25/2018 11:00,2018-06-25,11,1529938800,,,,Property Damage Under,"Sideswipe, Same Direction",Yes,No,No,No,35,2,No,No,Unknown,Unknown,Shoulder and Lap Belt Used,37404,No,No,Daylight,Cloudy,133,22,21,0,7,20,1529935200,0.71,2.79,235,7,0,89.36,10.76,0,83.38,72.86,5.176,,clear-day,humid,0,0,0,0,1,0
,35.03038,-85.2674,2500 Union Ave,,Buckley St,8/22/2018 17:00,2018-08-22,17,1534971600,,,,Property Damage,Not Collision with Motor Vehicle in Transport,Yes,No,No,No,25,1,No,No,,37402,Shoulder and Lap Belt Used,37406,No,No,Daylight,Clear,133,22,21,0,7,20,1534968000,0.54,6.22,358,3,0,83.5,12.23,0.75,82.07,63.87,6.903,,partly-cloudy-day,mostly cloudy,0,1,0,0,0,0
,35.031869,-85.263812,109 Glenwood Dr,,Dodds,9/21/2018 9:00,2018-09-21,9,1537534800,,,,Property Damage,Angle,Yes,No,No,No,35,2,No,No,Unknown,Unknown,Shoulder and Lap Belt Used,30728,No,No,Daylight,Clear,133,22,21,0,7,20,1537531200,0.8,2.22,114,1,0,73.34,6.14,0,72.64,65.94,3.968,,clear-day,clear,0,0,0,0,1,0
,35.031053,-85.264294,400 Dodds Ave,,2500 Duncan Ave,3/20/2019 4:00,2019-03-20,4,1553068800,,,,Property Damage,Not Collision with Motor Vehicle in Transport,No,No,No,No,35,1,No,No,,37402,Shoulder and Lap Belt Used,30741,No,No,Dark - Lighted,Clear,133,22,21,0,7,20,1553065200,0.7,1.63,105,0,0,36.08,2.23,0,36.08,27.34,10,,clear-night,clear,0,0,0,0,1,0
,35.029229,-85.268217,Union Ave,US-2400,Dodds Ave,5/27/2019 2:00,2019-05-27,2,1558936800,,,,Property Damage,Unknown,Yes,No,No,No,30,2,No,No,,37404,Unknown,Unknown,,,Daylight,Clear,133,22,21,0,7,20,1558933200,0.76,0.87,319,0,0,73.76,3.57,0,73.17,65.19,3.75,,clear-night,clear,0,0,0,0,1,0
,35.032526,-85.26639,2400 Mccallie Ave,,Dodds Ave,6/14/2019 19:00,2019-06-14,19,1560553200,,,,Property Damage,Front to Rear,No,No,No,No,35,2,No,No,DOT Compliant Motorcycle Helmet,37412,Shoulder and Lap Belt Used,37404,No,No,Daylight,Clear,133,22,21,0,7,20,1560549600,0.29,4.6,187,1,0,79.47,9.19,0,79.47,44.2,6.405,,clear-day,clear,0,0,0,0,1,0
,35.02318,-85.222963,801 N Moore Rd,,Arrowhead Trl,1/9/2018 6:00,2018-01-09,6,1515495600,,,,Property Damage Under,Not Collision with Motor Vehicle in Transport,Yes,No,No,No,45,1,No,No,,37411,Unknown,Unknown,,,Dark - Lighted,Cloudy,169,27,20,0,7,7,1515492000,0.92,0.95,18,0,0,38.33,2.08,1,38.33,36.28,2.067,,cloudy,overcast,0,1,0,0,0,0
,35.020149,-85.228349,E. 18th St,SR-2612,Dodds Ave,7/22/2018 22:00,2018-07-22,22,1532311200,,,,Property Damage,Front to Rear,No,No,No,No,15,2,No,No,,37416,,37407,,,Dark - Lighted,Clear,169,27,20,0,7,7,1532307600,0.78,4.38,335,0,0,74.66,10.24,0.75,73.89,66.74,5.629,,partly-cloudy-night,mostly cloudy,0,1,0,0,0,0
,35.0196974,-85.229721,5600 Brainerd Rd,,5600 Brainerd Rd,8/20/2018 9:00,2018-08-20,9,1534770000,,,,Property Damage Under,"Sideswipe, Same Direction",Yes,No,No,No,15,2,No,No,Unknown,37415,,37415,No,No,Daylight,Cloudy,169,27,20,0,7,7,1534766400,0.88,3.92,194,1,0,76.57,8.17,1,75.21,71.42,4.499,,cloudy,overcast,0,1,0,0,0,0
,35.021474,-85.2252,617 Castle Dr,,Ellis Ave,9/19/2018 16:00,2018-09-19,16,1537387200,,,,Property Damage,Rear to Side,No,No,No,No,25,2,No,No,Shoulder and Lap Belt Used,37411,Shoulder and Lap Belt Used,37407,No,No,Daylight,Clear,169,27,20,0,7,7,1537383600,0.4,2.58,19,5,0,93.62,7.28,0.19,91.93,64.1,5.598,,partly-cloudy-day,partly cloudy,0,1,0,0,0,0
,35.022406,-85.220772,4921 Cameron Ln,SR-4921,N Moore Road,6/2/2019 0:00,2019-06-02,0,1559448000,,,,Property Damage,Unknown,Yes,No,No,No,25,2,No,No,,37421,Unknown,Unknown,,,Unknown,Unknown,169,27,20,0,7,7,1559444400,0.67,2.18,289,0,0,71.77,6.33,0,71.75,60.21,5.659,,clear-night,clear,0,0,0,0,1,0
,35.074887,-85.253979,3100 N Hawthorne St,,Wilder Street,1/9/2018 11:00,2018-01-09,11,1515513600,,,,Property Damage,Front to Rear,No,No,No,No,30,2,No,No,Shoulder and Lap Belt Used,37411,None Used MV Occupant,36863,No,No,Daylight,Cloudy,404,20,14,0,7,16,1515510000,0.9,0.82,69,2,0,42.68,2.7,1,42.68,39.9,3.002,,cloudy,overcast,0,1,0,0,0,0
,35.074971,-85.257874,3000 Riverside Dr,,Stuart St,4/22/2018 0:00,2018-04-22,0,1524369600,,,,Property Damage,Not Collision with Motor Vehicle in Transport,Yes,No,No,No,35,1,No,No,Unknown,Unknown,,,,,Unknown,Rain,404,20,14,0,7,16,1524366000,0.48,0.98,143,0,0,61.15,2.14,0.19,61.15,41.04,5.752,,partly-cloudy-night,partly cloudy,0,1,0,0,0,0
,35.079005,-85.258755,Wisdom St,,Wood Ave,3/10/2019 0:00,2019-03-10,0,1552194000,,,,Property Damage Under,Unknown,Yes,No,No,No,35,1,No,No,Unknown,Unknown,,,,,Unknown,Rain,404,20,14,0,7,16,1552190400,0.9,3.21,295,0,0.026,59.78,9.5,1,59.78,56.72,0.671,rain,rain,light rain,1,0,0,0,0,1
,35.020398,-85.270334,Dodds Ave,SR-1600,E 16th St,1/9/2018 13:00,2018-01-09,13,1515520800,,,,Property Damage,"Sideswipe, Same Direction",No,No,No,No,35,2,No,No,Shoulder and Lap Belt Used,37343,Lap Belt Only,37407,No,No,Daylight,Clear,105,22,22,1,7,21,1515517200,0.88,0.87,18,2,0,45.57,2.65,1,45.57,42.31,3.133,,cloudy,overcast,0,1,0,0,0,0
,35.019101,-85.266949,18200 Interstate 24 Eb rd,,4th Ave Exit,1/29/2018 0:00,2018-01-29,0,1517202000,,,,Property Damage Under,Front to Rear,No,No,No,No,55,2,No,No,Unknown,37343,Shoulder and Lap Belt Used,37404,,,Unknown,Clear,105,22,22,1,7,21,1517198400,0.88,1.55,5,0,0,47.97,3.68,1,47.97,44.61,9.051,,cloudy,overcast,0,1,0,0,0,0
,35.019224,-85.267436,18200 Interstate 24 Wb St,,Rossville Blvd,2/28/2018 18:00,2018-02-28,18,1519858800,,,,Property Damage Under,"Sideswipe, Same Direction",Yes,No,No,No,55,2,No,No,Shoulder and Lap Belt Used,37377,Unknown,Unknown,No,No,Daylight,Rain,105,22,22,1,7,21,1519855200,0.95,0.76,144,0,0.144,52.51,1.62,1,52.51,51.2,3.39,rain,rain,rain,1,0,0,0,0,1
,35.025603,-85.26646,1000 Dodson Ave,SR-1000,Portland Street,3/6/2018 19:00,2018-03-06,19,1520380800,,,,Property Damage,Angle,No,No,No,No,30,2,No,No,Shoulder and Lap Belt Used,37406,Shoulder and Lap Belt Used,37410,No,No,Dark - Lighted,Clear,105,22,22,1,7,21,1520377200,0.24,3.73,260,0,0,59.1,7.7,0,59.1,22.21,5.725,,clear-night,clear,0,0,0,0,1,0
,35.019101,-85.266949,18200 I24 East Interstate,,Germantown Rd,5/7/2018 18:00,2018-05-07,18,1525730400,,,,Property Damage,Front to Rear,No,No,No,No,55,2,No,No,Unknown,37363,Unknown,37380,No,No,Daylight,Clear,105,22,22,1,7,21,1525726800,0.36,1.94,4,2,0,79.72,5.54,0.44,79.72,50.08,6.115,,partly-cloudy-day,partly cloudy,0,1,0,0,0,0
,35.019101,-85.266949,180 I-24 East,,180 I-24 East,6/5/2018 14:00,2018-06-05,14,1528221600,,,,Property Damage Under,Front to Rear,No,No,No,No,55,2,No,No,Shoulder and Lap Belt Used,37421,Shoulder and Lap Belt Used,37407,No,No,Daylight,Clear,105,22,22,1,7,21,1528218000,0.39,4.15,312,11,0,80.04,11.29,0,80.04,53.06,7.247,,clear-day,clear,0,0,0,0,1,0
,35.021982,-85.269401,Dodds Ave,US-1500,E Main St,6/11/2018 15:00,2018-06-11,15,1528743600,,,,Property Damage,"Sideswipe, Opposite Direction",No,No,No,No,35,2,No,No,Shoulder and Lap Belt Used,37404,Shoulder and Lap Belt Used,37411,No,No,Daylight,Rain,105,22,22,1,7,21,1528740000,0.63,5.89,351,6,0.072,82.51,11.89,0.75,80.32,66.36,5.012,rain,rain,possible light rain,1,0,0,0,0,1
,35.025498,-85.269233,Peachtree St,,E 12th St,6/16/2018 20:00,2018-06-16,20,1529193600,,,,Property Damage,Front to Rear,Yes,No,No,No,25,2,No,No,Unknown,Unknown,,37404,,,Daylight,Clear,105,22,22,1,7,21,1529190000,0.53,3.71,115,0,0,90.77,5.16,0,87.27,67.89,5.726,,clear-day,clear,0,0,0,0,1,0
,35.019548,-85.268138,1519 Ryan St,,Ryan st,7/18/2018 0:00,2018-07-18,0,1531886400,,,,Property Damage Under,Unknown,Yes,No,No,No,15,2,No,No,Unknown,Unknown,,37411,,,Unknown,Clear,105,22,22,1,7,21,1531882800,0.93,1.74,272,0,0.003,75.09,3.54,0.32,73.64,71.58,10,rain,partly-cloudy-night,partly cloudy,0,1,0,0,0,0
,35.024626,-85.268032,1200 Dodds Ave,,E 12th St,7/21/2018 20:00,2018-07-21,20,1532217600,,,,Possible Injury,Head On,No,No,No,No,35,2,No,No,Shoulder and Lap Belt Used,37408,Shoulder and Lap Belt Used,37412,No,No,Daylight,Clear,105,22,22,1,7,21,1532214000,0.71,3.71,308,0,0.007,84.1,11.92,0.08,80.6,70.37,10,rain,clear-day,clear,0,0,0,0,1,0
,35.019224,-85.267436,Interstate 24 Hwy,I-24,4th Avenue,8/20/2018 0:00,2018-08-20,0,1534737600,,,,Property Damage,"Sideswipe, Same Direction",Yes,No,No,No,55,2,No,No,Unknown,Unknown,Shoulder and Lap Belt Used,37409,No,No,Dark - Lighted,Clear,105,22,22,1,7,21,1534734000,0.94,1.32,273,0,0,76.05,3.51,0.44,74.47,72.75,3.923,,partly-cloudy-night,humid and partly cloudy,0,1,0,0,0,0
,35.020316,-85.268195,1524 Old Ringgold Rd,,East Main St,9/15/2018 0:00,2018-09-15,0,1536984000,,,,Property Damage,Unknown,Yes,No,No,No,,2,No,No,,37409,Unknown,Unknown,,,Unknown,Clear,105,22,22,1,7,21,1536980400,0.75,5.46,3,0,0,79.66,10.25,0,78.6,69.85,6.354,,clear-night,clear,0,0,0,0,1,0
,35.020666,-85.264536,18220 Interstate,I-24,18000 Interstate,10/12/2018 18:00,2018-10-12,18,1539381600,,,,Property Damage,"Sideswipe, Same Direction",Yes,No,No,No,55,2,No,No,Shoulder and Lap Belt Used,37412,Unknown,Unknown,No,No,Daylight,Clear,105,22,22,1,7,21,1539378000,0.35,2.64,319,0,0,70.22,7.25,0,70.22,41.26,8.373,,clear-day,clear,0,0,0,0,1,0
,35.02204,-85.270087,2500 E Main St,,E 14th St,10/23/2018 18:00,2018-10-23,18,1540332000,,,,Property Damage,Other,Yes,No,No,No,35,2,No,No,Shoulder and Lap Belt Used,37412,Unknown,Unknown,No,No,Daylight,Clear,105,22,22,1,7,21,1540328400,0.44,1.37,47,0,0,66.1,6.04,0,66.1,43.46,8.661,,clear-day,clear,0,0,0,0,1,0
,35.020398,-85.270334,1600 Dodds Ave,,E 18th St,10/24/2018 18:00,2018-10-24,18,1540418400,,,,Property Damage,Front to Rear,No,No,No,No,35,2,No,No,Shoulder and Lap Belt Used,37410,Shoulder and Lap Belt Used,37411,No,No,Daylight,Clear,105,22,22,1,7,21,1540414800,0.37,6.25,30,0,0,65.29,10.88,0,65.29,38.05,8.43,,clear-day,clear,0,0,0,0,1,0
,35.019101,-85.266949,Interstate 24 Hwy,I-24,S Germantown Road,11/6/2018 15:00,2018-11-06,15,1541534400,,,,Property Damage Under,Not Collision with Motor Vehicle in Transport,No,No,No,No,55,1,No,No,Shoulder and Lap Belt Used,37363,,,No,No,Daylight,Clear,105,22,22,1,7,21,1541530800,0.42,6.27,285,2,0,70.52,12.17,0,70.52,46.49,7.719,,clear-day,clear,0,0,0,0,1,0
,35.019101,-85.266949,18200 I 24 EB Interstate,I-24,S Seminole Dr,11/24/2018 2:00,2018-11-24,2,1543042800,,,,Property Damage,Not Collision with Motor Vehicle in Transport,Yes,No,No,No,55,1,No,No,Unknown,Unknown,,,,,Dark - Lighted,Rain,105,22,22,1,7,21,1543039200,0.94,5.87,193,0,0.081,36.23,12.14,1,40.32,38.66,3.152,rain,rain,light rain,1,0,0,0,0,1
,35.019101,-85.266949,18200 Interstate,I-24,183 Interstate,1/4/2019 15:00,2019-01-04,15,1546632000,,,,Property Damage,Angle,No,No,No,No,55,2,No,No,,37342,Shoulder and Lap Belt Used,40216,No,No,Daylight,Clear,105,22,22,1,7,21,1546628400,0.88,7.66,190,1,0.004,56.62,17.6,1,56.62,52.97,3.708,rain,rain,possible drizzle,1,0,0,0,0,1
,35.019224,-85.267436,18200 Interstate 24 Wb St,I-24,,1/31/2019 5:00,2019-01-31,5,1548928800,,,,Property Damage,Front to Rear,Yes,No,No,No,65,2,No,No,Unknown,Unknown,Shoulder and Lap Belt Used,37412,,,Dark - Lighted,Clear,105,22,22,1,7,21,1548925200,0.48,3.52,36,0,0,19.09,8.39,1,23.66,7.04,5.623,,cloudy,overcast,0,1,0,0,0,0
,35.019101,-85.266949,18200 Interstate 24 Eb St,I-24,Germantown Rd,2/7/2019 21:00,2019-02-07,21,1549591200,,,,Property Damage,Front to Rear,Yes,No,No,No,65,2,No,No,Unknown,Unknown,Shoulder and Lap Belt Used,30736,,,Dark - Lighted,Clear,105,22,22,1,7,21,1549587600,0.64,7.66,188,0,0,70.53,13.43,0.19,70.53,57.57,5.404,,partly-cloudy-night,partly cloudy,0,1,0,0,0,0
,35.019224,-85.267436,18200 Interstate 24 Wb St,I-24,4th Ave,4/9/2019 0:00,2019-04-09,0,1554782400,,,,Property Damage,"Sideswipe, Same Direction",Yes,No,No,No,55,2,No,No,Shoulder and Lap Belt Used,30087,Unknown,Unknown,No,No,Dark - Lighted,Clear,105,22,22,1,7,21,1554778800,0.97,0.9,305,0,0,64.1,2.39,0.75,63.48,62.72,2.122,,partly-cloudy-night,mostly cloudy,0,1,0,0,0,0
,35.019101,-85.266949,18200 Interstate,I-24,,4/19/2019 3:00,2019-04-19,3,1555657200,,,,Property Damage,Not Collision with Motor Vehicle in Transport,No,No,No,No,50,1,No,No,Shoulder and Lap Belt Used,37377,,,No,No,Dark - Lighted,Rain,105,22,22,1,7,21,1555653600,0.89,6.24,163,0,0.117,64.28,17.25,0.81,64.01,60.57,6.395,rain,rain,rain,1,0,0,0,0,1
,35.022043,-85.269408,E Main St,,Dodds Ave,5/16/2019 17:00,2019-05-16,17,1558040400,,,,Property Damage,Front to Rear,Yes,No,No,No,35,2,No,No,Shoulder and Lap Belt Used,37404,Unknown,Unknown,No,No,Daylight,Clear,105,22,22,1,7,21,1558036800,0.43,4.39,302,4,0,84.61,9.25,0.44,84.61,59.92,5.66,,partly-cloudy-day,partly cloudy,0,1,0,0,0,0
,35.081088,-85.26488,3401 Amnicola Hwy,,Amnicola / Wisdom,1/9/2018 15:00,2018-01-09,15,1515528000,,,,Property Damage Under,Not Collision with Motor Vehicle in Transport,No,No,No,No,,1,No,No,Shoulder and Lap Belt Used,37415,,,No,No,Daylight,Cloudy,403,19,14,0,7,12,1515524400,0.84,1.48,66,1,0,48.59,2.69,1,48.59,44.09,3.918,,cloudy,overcast,0,1,0,0,0,0
,35.081433,-85.263459,Hixson Pike,,1203 Hixson Pike,1/10/2018 19:00,2018-01-10,19,1515628800,,,,Property Damage,Unknown,Yes,No,No,No,,2,No,No,None Used MV Occupant,37412,Unknown,Unknown,No,No,Dark - Lighted,Unknown,403,19,14,0,7,12,1515625200,0.68,4.3,161,0,0,60.43,9.6,0.75,60.43,49.83,5.747,,partly-cloudy-night,mostly cloudy,0,1,0,0,0,0
,35.0813531,-85.263185,7700 Davidson road,,Calloway court,1/31/2018 13:00,2018-01-31,13,1517421600,,,,Property Damage,Not Collision with Motor Vehicle in Transport,No,No,No,No,35,1,No,No,Shoulder and Lap Belt Used,37421,,,No,No,Daylight,Clear,403,19,14,0,7,12,1517418000,0.32,3.89,176,4,0,47.64,10.49,0,48.87,20.5,9.261,,clear-day,clear,0,0,0,0,1,0
,35.0812912,-85.263365,1501 Riverside drive,,Wilcox Blvd,2/14/2018 13:00,2018-02-14,13,1518631200,,,,Property Damage,Front to Rear,No,No,No,No,50,2,No,No,Shoulder and Lap Belt Used,37343,Shoulder and Lap Belt Used,75949,No,No,Daylight,Rain,403,19,14,0,7,12,1518627600,0.95,1.19,176,3,0.024,52.06,2.3,1,52.06,50.55,2.147,rain,rain,light rain,1,0,0,0,0,1
,35.0812059,-85.264232,North Holtzclaw Ave,,1300 E 3rd St,2/22/2018 14:00,2018-02-22,14,1519326000,,,,Property Damage Under,Front to Rear,No,No,No,No,45,2,No,No,Shoulder and Lap Belt Used,37419,Shoulder and Lap Belt Used,37411,No,No,Daylight,Clear,403,19,14,0,7,12,1519322400,0.57,3.69,196,4,0,79.27,10.43,0.75,79.01,62.27,5.747,,partly-cloudy-day,mostly cloudy,0,1,0,0,0,0
,35.0815685,-85.263832,Hamilton Place Blvd,SR-2100,Commons Blvd,4/7/2018 18:00,2018-04-07,18,1523138400,,,,Property Damage,Unknown,Yes,No,No,No,,2,No,No,Unknown,Unknown,,37363,,,Dusk,Clear,403,19,14,0,7,12,1523134800,0.83,5.2,351,1,0.001,37.61,10.49,1,41.09,36.43,5.747,rain,rain,possible drizzle,1,0,0,0,0,1
,35.081433,-85.263459,271 Northgate Mall Dr,,Hixson Pike,4/20/2018 21:00,2018-04-20,21,1524272400,,,,Property Damage,Unknown,Yes,No,No,No,,2,No,No,Unknown,Unknown,,37343,,,Dark - Lighted,Unknown,403,19,14,0,7,12,1524268800,0.34,0.24,25,0,0,59.44,0.87,0.16,59.44,31.3,2.731,,partly-cloudy-night,partly cloudy,0,1,0,0,0,0
,35.079285,-85.263744,3102 Elmendorf Cir,,Amnicola Highway,4/25/2018 19:00,2018-04-25,19,1524697200,,,,Property Damage Under,Not Collision with Motor Vehicle in Transport,No,No,No,No,15,1,No,No,Shoulder and Lap Belt Used,37421,,,No,No,Daylight,Clear,403,19,14,0,7,12,1524693600,0.63,1.28,351,0,0,64.71,3.06,0.75,64.71,51.66,5.747,,partly-cloudy-day,mostly cloudy,0,1,0,0,0,0
,35.080998,-85.262938,5555 Hixson Pike,,Longview Drive,4/26/2018 18:00,2018-04-26,18,1524780000,,,,Property Damage,Front to Rear,No,No,No,No,45,2,No,No,Shoulder and Lap Belt Used,37343,Shoulder and Lap Belt Used,37343,No,No,Daylight,Rain,403,19,14,0,7,12,1524776400,0.89,1.25,30,2,0.01,55.8,2.86,1,55.8,52.71,2.238,rain,rain,possible drizzle,1,0,0,0,0,1
,35.0777246,-85.26591,2900 Riverport Rd,,Amnicola Hwy,4/27/2018 9:00,2018-04-27,9,1524834000,,,,Property Damage Under,Not Collision with Motor Vehicle in Transport,No,No,No,No,35,1,No,Yes,,37404,Shoulder and Lap Belt Used,37363,No,No,Daylight,Clear,403,19,14,0,7,12,1524830400,0.91,0.64,305,1,0,51.71,2.54,0.44,51.71,49.07,2.456,,partly-cloudy-day,partly cloudy,0,1,0,0,0,0
,35.0813336,-85.26335,281 N Lyerly St,,N Lyerly St,5/3/2018 8:00,2018-05-03,8,1525348800,,,,Property Damage,Unknown,Yes,No,No,No,,2,No,No,Unknown,Unknown,,37343,,,Daylight,Clear,403,19,14,0,7,12,1525345200,0.73,0.11,184,0,0,63.4,1.95,0,63.4,54.63,6.324,,clear-day,clear,0,0,0,0,1,0
,35.0809664,-85.263896,7100 Lee Hwy,,MucCutcheon,5/3/2018 13:00,2018-05-03,13,1525366800,,,,Property Damage,Angle,No,No,No,No,35,2,No,No,Shoulder and Lap Belt Used,0,Shoulder and Lap Belt Used,37421,No,No,Daylight,Clear,403,19,14,0,7,12,1525363200,0.45,2.1,156,7,0,81.53,6.54,0.64,81.48,57.82,2.731,,partly-cloudy-day,mostly cloudy,0,1,0,0,0,0
,35.0812414,-85.263325,9000 E.Brainerd road,,Spingview drive,5/10/2018 11:00,2018-05-10,11,1525964400,,,,Property Damage,Front to Rear,No,No,No,No,35,2,No,No,Shoulder and Lap Belt Used,37421,Shoulder and Lap Belt Used,37363,No,No,Daylight,Clear,403,19,14,0,7,12,1525960800,0.56,1.27,221,7,0,79.27,5.28,0,79.05,61.8,2.731,,clear-day,clear,0,0,0,0,1,0
,35.081159,-85.26322,6400 Bonny Oaks Drive,,Basswood Drive,5/10/2018 14:00,2018-05-10,14,1525975200,,,,Property Damage Under,Front to Rear,No,No,No,No,45,2,No,No,Shoulder and Lap Belt Used,37406,Shoulder and Lap Belt Used,37327,No,No,Daylight,Clear,403,19,14,0,7,12,1525971600,0.45,2.9,257,8,0,85.41,8.56,0.44,85.04,61.48,3.145,,partly-cloudy-day,partly cloudy,0,1,0,0,0,0
,35.079,-85.267,900 Gadd Rd,,Highway 153,5/20/2018 16:00,2018-05-20,16,1526846400,,,,Property Damage,Not Collision with Motor Vehicle in Transport,No,No,No,No,35,2,No,No,Shoulder and Lap Belt Used,77449,Shoulder and Lap Belt Used,37415,No,No,Daylight,Rain,403,19,14,0,7,12,1526842800,0.51,4.86,174,5,0,89.22,9.78,0.68,86.61,66.51,3.674,,partly-cloudy-day,mostly cloudy,0,1,0,0,0,0
,35.0812235,-85.263264,Bonny Oaks Dr,,Volkswagen Dr,5/25/2018 13:00,2018-05-25,13,1527267600,,,,Property Damage,Front to Rear,No,No,No,No,45,2,No,No,Shoulder and Lap Belt Used,37421,Shoulder and Lap Belt Used,37421,No,No,Daylight,Clear,403,19,14,0,7,12,1527264000,0.63,3.9,161,6,0,84.97,10.1,0.75,82.04,68,6.317,,partly-cloudy-day,mostly cloudy,0,1,0,0,0,0
,35.0812376,-85.263221,Reggie White Blvd,,Reggie White Blvd,6/17/2018 16:00,2018-06-17,16,1529265600,,,,Property Damage Under,Unknown,Yes,No,No,No,15,2,No,No,,37421,Unknown,Unknown,,,Daylight,Cloudy,403,19,14,0,7,12,1529262000,0.47,2.34,15,5,0,95.24,7.67,0.68,91.01,68.18,6.059,,partly-cloudy-day,mostly cloudy,0,1,0,0,0,0
,35.0812307,-85.263209,Reggie White Blvd,,Reggie White Blvd,6/17/2018 16:00,2018-06-17,16,1529265600,,,,Property Damage,Angle,Yes,No,No,No,15,2,No,No,,37343,,37412,,,Daylight,Cloudy,403,19,14,0,7,12,1529262000,0.47,2.34,15,5,0,95.24,7.67,0.68,91.01,68.18,6.059,,partly-cloudy-day,mostly cloudy,0,1,0,0,0,0
,35.0812463,-85.263393,8503 Hilltop Dr,,Hilltop Dr,6/20/2018 7:00,2018-06-20,7,1529492400,,,,Property Damage,Unknown,Yes,No,No,No,,2,No,No,,37421,Unknown,Unknown,,,Unknown,Unknown,403,19,14,0,7,12,1529488800,0.85,0.99,282,0,0,74.38,4.86,0.65,73.36,68.49,6.34,,partly-cloudy-day,mostly cloudy,0,1,0,0,0,0