Accident,Latitude,Longitude,Street,AltStreet,Intersection,DateTime,Date,Hour,Unix,WeekDay,WeekEnd,DayFrame,AccidentType,CollisionType,HaR,FatalInjury,MedicalTransport,InvolvedPlacardedTruck,PostedSpeed,TotalVehiclesInvolved,PedestrianInvolved,BicycleInvolved,DriverOneSafetyEquipment,DriverOneZip,DriverTwoSafetyEquipment,DriverTwoZip,Drug,Alcohol,LightCondition,Weather,Grid_Block,Grid_Col,Grid_Row,Highway,Land_Use_Mode,Road_Count,HourBefore,humidity,windSpeed,windBearing,uvIndex,precipIntensity,apparentTemperature,windGust,cloudCover,temperature,dewPoint,visibility,precipType,Event,Conditions,Rain,Cloudy,Foggy,Snow,Clear,RainBefore
,35.0812414,-85.263235,4293 Hwy 58,,400 Hwy 153 SB,6/22/2018 17:00,2018-06-22,17,1529701200,,,,Property Damage,Front to Rear,No,No,No,No,40,2,No,No,Shoulder and Lap Belt Used,35756,Shoulder and Lap Belt Used,37421,No,No,Daylight,Rain,403,19,14,0,7,12,1529697600,0.83,4.44,311,3,0.105,75.43,10.78,0.97,74.38,68.99,1.782,rain,rain,rain,1,0,0,0,0,1
,35.0811616,-85.264135,119 Highway 153,US-153,Lee Hwy,6/24/2018 0:00,2018-06-24,0,1529812800,,,,Possible Injury,Front to Rear,No,No,Yes,No,55,2,No,No,,37406,Shoulder and Lap Belt Used,37323,,,Daylight,Clear,403,19,14,0,7,12,1529809200,0.87,3.76,208,0,0,74.81,6.83,0.78,73.64,69.63,6.69,,partly-cloudy-night,mostly cloudy,0,1,0,0,0,0
,35.0813133,-85.263259,271 NORTHGATE MALL DRIVE,,HWY 153,6/30/2018 3:00,2018-06-30,3,1530342000,,,,Property Damage,Angle,Yes,No,No,No,15,2,No,No,Shoulder and Lap Belt Used,37343,Unknown,Unknown,No,No,Daylight,Cloudy,403,19,14,0,7,12,1530338400,0.87,1.08,28,0,0,76.83,4.41,0.06,75.5,71.27,1.934,,fog,foggy,0,0,1,0,0,0
,35.0813081,-85.26324,500 Airport road,,Pinelawn drive,7/10/2018 12:00,2018-07-10,12,1531238400,,,,Possible Injury,Front to Rear,No,No,Yes,No,30,2,No,No,Shoulder and Lap Belt Used,37406,Shoulder and Lap Belt Used,37412,No,No,Daylight,Clear,403,19,14,0,7,12,1531234800,0.54,3.53,12,7,0,92.82,9.03,0.48,88.07,69.5,4.711,,partly-cloudy-day,partly cloudy,0,1,0,0,0,0
,35.0814545,-85.26363,601 Walnut Street,,E 6th street,9/12/2018 23:00,2018-09-12,23,1536807600,,,,Property Damage Under,Not Collision with Motor Vehicle in Transport,No,No,No,No,15,1,No,No,Shoulder and Lap Belt Used,37406,,,No,No,Dark - Lighted,Clear,403,19,14,0,7,12,1536804000,0.9,1.34,302,0,0,76.15,3.29,0.65,74.77,71.51,2.541,,partly-cloudy-night,mostly cloudy,0,1,0,0,0,0
,35.076935,-85.264146,1300 Stuart St,,3000 Belle Arbor,10/17/2018 8:00,2018-10-17,8,1539777600,,,,Property Damage,Angle,No,No,No,No,30,2,No,No,Shoulder and Lap Belt Used,37343,Shoulder and Lap Belt Used,30741,No,No,Daylight,Clear,403,19,14,0,7,12,1539774000,0.87,3.56,10,0,0.002,56.78,10.21,0.78,56.78,52.98,6.738,rain,rain,possible drizzle,1,0,0,0,0,1
,35.081551,-85.26378,I-75 Northbound,I-75,Exit 10,10/22/2018 19:00,2018-10-22,19,1540249200,,,,Property Damage,"Sideswipe, Same Direction",Yes,No,No,No,65,2,No,No,Shoulder and Lap Belt Used,37379,Unknown,Unknown,No,No,Dusk,Clear,403,19,14,0,7,12,1540245600,0.52,1.76,168,0,0,59.7,5.86,0.65,59.7,42.05,6.484,,partly-cloudy-night,mostly cloudy,0,1,0,0,0,0
,35.08141,-85.263606,6900 Bonny Oaks Dr,,Bonny Oaks,10/23/2018 0:00,2018-10-23,0,1540267200,,,,Property Damage Under,Rear to Rear,Yes,No,No,No,15,2,No,No,None Used MV Occupant,37343,Unknown,Unknown,No,No,Daylight,Clear,403,19,14,0,7,12,1540263600,0.76,2.38,253,0,0,47.94,5.93,0.38,47.94,40.77,7.811,,partly-cloudy-night,partly cloudy,0,1,0,0,0,0
,35.0814396,-85.263687,2510 Vine St,,Gleenwood Dr,10/24/2018 20:00,2018-10-24,20,1540425600,,,,Property Damage,Angle,Yes,No,No,No,15,2,No,No,None Used MV Occupant,37404,Unknown,Unknown,No,No,Dark - Lighted,Clear,403,19,14,0,7,12,1540422000,0.62,3.57,32,0,0,54.65,6.01,0.65,54.65,41.71,6.566,,partly-cloudy-night,mostly cloudy,0,1,0,0,0,0
,35.081342,-85.264146,3406 Amnicola Hwy,,Unknown,11/15/2018 0:00,2018-11-15,0,1542258000,,,,Property Damage,Unknown,Yes,No,No,No,,2,No,No,,37416,Unknown,Unknown,,,Unknown,Clear,403,19,14,0,7,12,1542254400,0.92,3.64,243,0,0.119,41.36,10.07,1,43.22,41.01,1.68,rain,rain,rain,1,0,0,0,0,1
,35.080462,-85.265121,3399 Amnicola Hwy,,Wisdom st,11/29/2018 20:00,2018-11-29,20,1543539600,,,,Property Damage,Angle,No,No,No,No,15,2,No,No,Restraint Used Type Unknown,30736,,37743,No,No,Dark - Lighted,Rain,403,19,14,0,7,12,1543536000,0.82,1.25,221,0,0,43.02,5.36,1,43.02,38.05,2.283,,cloudy,overcast,0,1,0,0,0,0
,35.0813358,-85.263569,N Moore Rd,,Old Mission Rd,12/29/2018 6:00,2018-12-29,6,1546081200,,,,Property Damage,Angle,No,No,No,No,40,2,No,No,,37412,Shoulder and Lap Belt Used,36079,No,No,Dusk,Clear,403,19,14,0,7,12,1546077600,0.93,2.66,358,0,0,43.04,6.95,0.78,43.04,41.09,6.354,,partly-cloudy-night,mostly cloudy,0,1,0,0,0,0
,35.0813297,-85.263592,Hamilton Place Blvd,,2100 Hamilton place,1/15/2019 19:00,2019-01-15,19,1547596800,,,,Property Damage,Angle,Yes,No,No,No,,2,No,No,,37416,,,,,Dark - Lighted,Clear,403,19,14,0,7,12,1547593200,0.71,3.96,337,0,0,33.73,5.65,1,36.86,28.45,7.613,,cloudy,overcast,0,1,0,0,0,0
,35.0813542,-85.264238,4616 Sunflower Ln,,Oakhill Dr,1/22/2019 0:00,2019-01-22,0,1548133200,,,,Property Damage,Unknown,Yes,No,No,No,15,2,No,No,,37416,Unknown,Unknown,,,Unknown,Clear,403,19,14,0,7,12,1548129600,0.49,3.27,34,0,0,20.45,7.77,0.16,24.53,8.15,7.317,,partly-cloudy-night,partly cloudy,0,1,0,0,0,0
,35.0815853,-85.263813,Hixson Pike,US-5414,Cassandra Smith Rd,1/25/2019 20:00,2019-01-25,20,1548464400,,,,Property Damage,Angle,No,No,No,No,15,2,No,No,,30076,Shoulder and Lap Belt Used,37415,No,No,Dark - Not Lighted,Clear,403,19,14,0,7,12,1548460800,0.39,3.15,288,0,0,31.71,6.55,0.16,34.29,11.98,7.592,,partly-cloudy-night,partly cloudy,0,1,0,0,0,0
,35.077733,-85.265633,Highway 153,,I-75 SB Rd,2/27/2019 12:00,2019-02-27,12,1551286800,,,,Possible Injury,"Sideswipe, Same Direction",No,No,No,No,55,2,No,No,Shoulder and Lap Belt Used,37406,Shoulder and Lap Belt Used,37397,No,No,Daylight,Clear,403,19,14,0,7,12,1551283200,0.53,2.79,187,4,0,63.68,7.69,0.71,63.68,46.29,7.693,,partly-cloudy-day,mostly cloudy,0,1,0,0,0,0
,35.080653,-85.264519,Amnicola Hwy,,Wisdom St,3/15/2019 19:00,2019-03-15,19,1552690800,,,,Possible Injury,Angle,No,No,Yes,No,40,2,No,No,Shoulder and Lap Belt Used,37412,Shoulder and Lap Belt Used,37343,No,No,Daylight,Clear,403,19,14,0,7,12,1552687200,0.37,9.6,303,0,0,59.78,18.63,0,59.78,33.67,1.61,,fog,foggy,0,0,1,0,0,0
,35.0812723,-85.263564,Lee Highway,,Little debbie parkway,4/16/2019 15:00,2019-04-16,15,1555441200,,,,Property Damage,Angle,No,No,No,No,45,2,No,No,Shoulder and Lap Belt Used,37310,Shoulder and Lap Belt Used,37363,No,No,Daylight,Clear,403,19,14,0,7,12,1555437600,0.24,8.64,201,9,0,77.16,13.63,0,77.16,37.57,7.113,,clear-day,clear,0,0,0,0,1,0
,35.081183,-85.263557,260 I 75 SB St,I-75,I 24 WB,4/26/2019 17:00,2019-04-26,17,1556312400,,,,Property Damage,Front to Rear,No,No,No,No,55,2,No,No,Shoulder and Lap Belt Used,30707,Shoulder and Lap Belt Used,31757,No,No,Daylight,Clear,403,19,14,0,7,12,1556308800,0.26,12.74,320,3,0,72.82,24.26,0.38,72.82,35.67,7.555,,partly-cloudy-day,partly cloudy,0,1,0,0,0,0
,35.0809337,-85.263236,2100 hamilton place blvd,,Gunbarrel rd,4/28/2019 0:00,2019-04-28,0,1556424000,,,,Property Damage Under,"Sideswipe, Same Direction",Yes,No,No,No,15,2,No,No,,37421,Unknown,Unknown,,,Daylight,Clear,403,19,14,0,7,12,1556420400,0.38,5.27,212,0,0,68.6,13.71,0.75,68.6,42.2,7.789,,partly-cloudy-night,mostly cloudy,0,1,0,0,0,0
,35.0811976,-85.264001,N. Hawthorne St,SR-3600,Wisdom St,4/29/2019 12:00,2019-04-29,12,1556553600,,,,Property Damage Under,Other,No,No,No,No,15,2,No,No,,37406,,37421,No,No,Daylight,Clear,403,19,14,0,7,12,1556550000,0.58,7.27,182,8,0,74,16.14,0,74,58.05,5.524,,clear-day,clear,0,0,0,0,1,0
,35.0810297,-85.26345,7655 East Brainerd Road,,East Brainerd Road,5/26/2019 0:00,2019-05-26,0,1558843200,,,,Property Damage,Front to Rear,Yes,No,No,No,,2,No,No,Unknown,37411,Unknown,37421,,,Unknown,Clear,403,19,14,0,7,12,1558839600,0.7,1.59,303,0,0,78.89,3.89,0.51,78.1,67.38,3.238,,partly-cloudy-night,mostly cloudy,0,1,0,0,0,0
,35.125338,-85.237681,Old Godsey Ln,,Hamill Rd,1/9/2018 16:00,2018-01-09,16,1515531600,,,,Property Damage,Angle,No,No,No,No,,2,No,No,Shoulder and Lap Belt Used,37343,Shoulder and Lap Belt Used,37416,No,No,Daylight,Clear,738,19,6,0,7,9,1515528000,0.84,1.16,52,1,0,48.4,2.35,1,48.4,43.85,5.294,,cloudy,overcast,0,1,0,0,0,0
,35.122929,-85.238444,2030 Hamill Rd,,Highway 153,1/12/2018 14:00,2018-01-12,14,1515783600,,,,Property Damage,Angle,No,No,No,No,35,2,No,No,Shoulder and Lap Belt Used,37405,Shoulder and Lap Belt Used,37343,No,No,Daylight,Cloudy,738,19,6,0,7,9,1515780000,0.87,3.85,248,2,0.005,48.37,10.75,0.87,49.47,45.64,7.761,rain,rain,possible drizzle,1,0,0,0,0,1
,35.123075,-85.239491,2000 Hamill Rd,,Hwy 153,1/14/2018 19:00,2018-01-14,19,1515974400,,,,Property Damage,"Sideswipe, Same Direction",No,No,No,No,35,2,No,No,Shoulder and Lap Belt Used,37343,Shoulder and Lap Belt Used,37406,No,No,Dark - Lighted,Clear,738,19,6,0,7,9,1515970800,0.51,0.18,90,0,0,29.04,0.53,0.15,29.04,12.96,9.997,,partly-cloudy-night,partly cloudy,0,1,0,0,0,0
,35.124437,-85.240974,5221 Highway 153,,Hamill Rd,1/29/2018 15:00,2018-01-29,15,1517256000,,,,Property Damage Under,Angle,Yes,No,No,No,45,2,No,No,Shoulder and Lap Belt Used,37421,Unknown,Unknown,No,No,Daylight,Clear,738,19,6,0,7,9,1517252400,0.3,4.86,350,2,0,56.48,11.5,0.15,56.48,25.39,9.997,,partly-cloudy-day,partly cloudy,0,1,0,0,0,0
,35.122946,-85.240198,1943 Hamill Rd,,New Country Dr,2/22/2018 8:00,2018-02-22,8,1519304400,,,,Property Damage,Angle,No,No,No,No,30,2,No,No,Shoulder and Lap Belt Used,37343,Shoulder and Lap Belt Used,37421,No,No,Daylight,Clear,738,19,6,0,7,9,1519300800,0.9,0,,0,0,64.36,13.88,0.75,64.04,60.98,9.997,,partly-cloudy-day,mostly cloudy,0,1,0,0,0,0
,35.1245,-85.239929,5226 Highway 153,SR-1,5200 Hwy 153,3/3/2018 13:00,2018-03-03,13,1520100000,,,,Property Damage,Front to Rear,No,No,No,No,,2,No,No,Shoulder and Lap Belt Used,37379,Shoulder and Lap Belt Used,30741,No,No,Daylight,Clear,738,19,6,0,7,9,1520096400,0.26,4.05,40,6,0,53.1,12.19,0,53.1,19.41,6.91,,clear-day,clear,0,0,0,0,1,0
,35.123075,-85.239491,5100 Highway 153,US-5100,Hamill Rd,3/11/2018 15:00,2018-03-11,15,1520794800,,,,Possible Injury,Front to Rear,No,No,No,No,45,2,No,No,Shoulder and Lap Belt Used,37415,Shoulder and Lap Belt Used,37343,No,No,Daylight,Cloudy,738,19,6,0,7,9,1520791200,0.78,2.1,106,4,0,58.46,5.2,1,58.46,51.7,7.078,,cloudy,overcast,0,1,0,0,0,0
,35.123297,-85.240129,Hamill Rd,,153,4/13/2018 0:00,2018-04-13,0,1523592000,,,,Property Damage,Not Collision with Motor Vehicle in Transport,No,No,No,No,,1,No,No,Shoulder and Lap Belt Used,37343,,,No,No,Daylight,Clear,738,19,6,0,7,9,1523588400,0.42,1.76,199,0,0,65.74,4.05,0,65.74,41.8,2.508,,clear-night,clear,0,0,0,0,1,0
,35.124937,-85.240093,5238 Highway 153,US-5238,Hamill Road,4/30/2018 13:00,2018-04-30,13,1525107600,,,,Property Damage,Angle,Yes,No,No,No,,2,No,No,Shoulder and Lap Belt Used,37379,Unknown,Unknown,No,No,Daylight,Clear,738,19,6,0,7,9,1525104000,0.35,2.31,182,10,0,70.4,7.27,0,70.4,41.37,7.078,,clear-day,clear,0,0,0,0,1,0
,35.123075,-85.239491,1999 Hamill Rd,,Highway 153,5/30/2018 18:00,2018-05-30,18,1527717600,,,,Property Damage,Front to Rear,No,No,No,No,40,2,No,No,Shoulder and Lap Belt Used,37421,Shoulder and Lap Belt Used,37412,No,No,Daylight,Clear,738,19,6,0,7,9,1527714000,0.78,5.75,201,2,0,79.3,11.55,0.8,78.11,70.86,7.06,,partly-cloudy-day,mostly cloudy,0,1,0,0,0,0
,35.124471,-85.238114,2051 Hamill Rd,,State Hwy 153,6/18/2018 12:00,2018-06-18,12,1529337600,,,,Property Damage,Angle,No,No,No,No,,2,No,No,Shoulder and Lap Belt Used,38501,,37343,No,No,Daylight,Clear,738,19,6,0,7,9,1529334000,0.52,1.44,249,7,0,89,4.04,0.36,86.3,66.72,8.526,,partly-cloudy-day,partly cloudy,0,1,0,0,0,0
,35.123075,-85.239491,702 Highway 153,,Lake Resort Dr,8/30/2018 22:00,2018-08-30,22,1535680800,,,,Property Damage,Not Collision with Motor Vehicle in Transport,No,No,No,No,50,1,No,No,Shoulder and Lap Belt Used,37416,,,No,No,Dark - Lighted,Rain,738,19,6,0,7,9,1535677200,0.72,4.4,81,0,0,79.81,8.4,0.85,78.86,68.87,3.488,,partly-cloudy-night,mostly cloudy,0,1,0,0,0,0
,35.124471,-85.238114,Hixson Pike,SR-5425,Old Hixson Pike,9/19/2018 0:00,2018-09-19,0,1537329600,,,,Property Damage,Unknown,Yes,No,No,No,40,2,No,No,Unknown,Unknown,,,,,Unknown,Unknown,738,19,6,0,7,9,1537326000,0.81,2.46,353,0,0,75.96,5.33,0.36,74.96,68.73,4.048,,partly-cloudy-night,partly cloudy,0,1,0,0,0,0
,35.123075,-85.239491,Hamill Rd,US-153,Highway 153,10/31/2018 0:00,2018-10-31,0,1540958400,,,,Possible Injury,Front to Rear,Yes,No,Yes,No,45,2,No,No,Shoulder and Lap Belt Used,37343,Unknown,Unknown,No,No,Unknown,Clear,738,19,6,0,7,9,1540954800,0.72,2.99,194,0,0,54.02,7.62,0.36,54.02,45.38,8.268,,partly-cloudy-night,partly cloudy,0,1,0,0,0,0
,35.12384,-85.239439,5200 Highway 153,,Hamill Rd,11/1/2018 18:00,2018-11-01,18,1541109600,,,,Property Damage,Front to Rear,No,No,No,No,45,2,No,No,Shoulder and Lap Belt Used,37379,Shoulder and Lap Belt Used,37341,No,No,Daylight,Cloudy,738,19,6,0,7,9,1541106000,0.8,8.14,179,0,0,67.51,14.57,0.65,67.31,61,6.849,,partly-cloudy-day,mostly cloudy,0,1,0,0,0,0
,35.12384,-85.239439,5200 Highway 153,US-5200,Hamill Road,11/2/2018 15:00,2018-11-02,15,1541185200,,,,Property Damage,Front to Rear,No,No,No,No,40,2,No,No,Shoulder and Lap Belt Used,37419,Shoulder and Lap Belt Used,37415,No,No,Daylight,Clear,738,19,6,0,7,9,1541181600,0.67,8.97,308,2,0,51.35,13.85,0.8,51.35,40.6,7.959,,partly-cloudy-day,mostly cloudy,0,1,0,0,0,0
,35.123075,-85.239491,Hamill Rd,,Highway 153,11/5/2018 18:00,2018-11-05,18,1541458800,,,,Property Damage Under,"Sideswipe, Same Direction",No,No,No,No,35,2,No,No,Shoulder and Lap Belt Used,37343,Shoulder and Lap Belt Used,37379,No,No,Dark - Lighted,Rain,738,19,6,0,7,9,1541455200,0.92,4.85,163,0,0,61.51,8.79,1,61.34,59.1,2.937,,cloudy,overcast,0,1,0,0,0,0
,35.12204,-85.238018,5110 Highway 153,US-153,Hwy 153,11/6/2018 0:00,2018-11-06,0,1541480400,,,,Property Damage,Unknown,Yes,No,No,No,,2,No,No,Unknown,Unknown,,37416,,,Unknown,Clear,738,19,6,0,7,9,1541476800,0.89,9.14,180,0,0.001,65.22,20.39,1,64.87,61.4,6.736,rain,cloudy,overcast,0,1,0,0,0,0
,35.122749,-85.23977,4703 Hixson Pike,,Ely Rd,11/30/2018 15:00,2018-11-30,15,1543608000,,,,Property Damage,Rear to Side,No,No,No,No,,2,No,No,,37353,Shoulder and Lap Belt Used,37402,No,No,Daylight,Clear,738,19,6,0,7,9,1543604400,0.91,3.04,221,1,0.029,59.54,7.94,1,59.54,56.94,2.204,rain,rain,light rain,1,0,0,0,0,1
,35.124937,-85.240093,5238 Highway 153,,Hamill Rd,1/15/2019 7:00,2019-01-15,7,1547553600,,,,Suspected Minor Injury,Angle,No,No,Yes,No,45,2,No,No,Shoulder and Lap Belt Used,37405,Shoulder and Lap Belt Used,30741,No,No,Dark - Lighted,Clear,738,19,6,0,7,9,1547550000,0.75,4.24,334,0,0,30.94,10.18,1,34.69,27.44,8.637,,cloudy,overcast,0,1,0,0,0,0
,35.123075,-85.239491,Highway 153,,Hamill Rd,2/19/2019 13:00,2019-02-19,13,1550599200,,,,Property Damage,Angle,Yes,No,No,No,45,2,No,No,Shoulder and Lap Belt Used,37416,Unknown,Unknown,No,No,Daylight,Rain,738,19,6,0,7,9,1550595600,0.64,4.82,34,4,0,35.11,8.35,0.95,38.71,27.55,9.187,,cloudy,overcast,0,1,0,0,0,0
,35.123075,-85.239491,2000 Hamill Rd,,Hwy 153,2/20/2019 10:00,2019-02-20,10,1550674800,,,,Property Damage,Angle,No,No,No,No,35,2,No,No,Shoulder and Lap Belt Used,37416,Shoulder and Lap Belt Used,37343,No,No,Daylight,Cloudy,738,19,6,0,7,9,1550671200,0.85,6.9,203,2,0,41.5,16.15,1,45.24,41.09,7.853,,cloudy,overcast,0,1,0,0,0,0
,35.127184,-85.241228,Northgate Mall Dr,,Hwy 153,5/7/2019 0:00,2019-05-07,0,1557201600,,,,Property Damage Under,Unknown,Yes,No,No,No,20,2,No,No,,37343,Unknown,Unknown,,,Unknown,Clear,738,19,6,0,7,9,1557198000,0.75,0.91,327,0,0,61.31,3.52,0,61.31,53.24,9.684,,clear-night,clear,0,0,0,0,1,0
,35.1269395,-85.238225,5800 Lake Resort Dr,,Northshore Dr,5/19/2019 21:00,2019-05-19,21,1558314000,,,,Suspected Minor Injury,Angle,Yes,No,No,No,45,2,No,No,Shoulder and Lap Belt Used,37343,Unknown,Unknown,No,No,Dark - Lighted,Clear,738,19,6,0,7,9,1558310400,0.51,4.5,208,0,0,79.15,8.72,1,79.14,59.39,7.836,,cloudy,overcast,0,1,0,0,0,0
,35.124471,-85.238114,Hamill Rd,SR-2051,153,6/18/2019 0:00,2019-06-18,0,1560830400,,,,Property Damage,Angle,Yes,No,No,No,,2,No,No,Unknown,Unknown,,37416,,,Unknown,Clear,738,19,6,0,7,9,1560826800,0.81,3.11,189,0,0,76.13,4.28,0.69,75.12,68.8,5.164,,partly-cloudy-night,mostly cloudy,0,1,0,0,0,0
,35.114706,-85.259856,Hixson Pike,,Ashland Ter,1/9/2018 17:00,2018-01-09,17,1515535200,,,,Property Damage Under,Unknown,Yes,No,No,No,40,2,No,No,,30188,Unknown,Unknown,,,Daylight,Clear,623,17,9,0,2,11,1515531600,0.85,1.08,32,0,0,48.42,2.76,1,48.42,44.01,2.537,,cloudy,overcast,0,1,0,0,0,0
,35.114706,-85.259856,Hixson Pike,,Ashland Ter,1/9/2018 17:00,2018-01-09,17,1515535200,,,,Property Damage Under,Unknown,Yes,No,No,No,40,2,No,No,,30188,Unknown,Unknown,,,Daylight,Clear,623,17,9,0,2,11,1515531600,0.85,1.08,32,0,0,48.42,2.76,1,48.42,44.01,2.537,,cloudy,overcast,0,1,0,0,0,0
,35.114706,-85.259856,Hixson Pike,,Ashland Ter,1/9/2018 17:00,2018-01-09,17,1515535200,,,,Property Damage Under,Unknown,Yes,No,No,No,40,2,No,No,,30188,Unknown,Unknown,,,Daylight,Clear,623,17,9,0,2,11,1515531600,0.85,1.08,32,0,0,48.42,2.76,1,48.42,44.01,2.537,,cloudy,overcast,0,1,0,0,0,0
,35.114706,-85.259856,Hixson Pike,,Ashland Ter,1/9/2018 17:00,2018-01-09,17,1515535200,,,,Property Damage Under,Unknown,Yes,No,No,No,40,2,No,No,,30188,Unknown,Unknown,,,Daylight,Clear,623,17,9,0,2,11,1515531600,0.85,1.08,32,0,0,48.42,2.76,1,48.42,44.01,2.537,,cloudy,overcast,0,1,0,0,0,0
,35.113065,-85.261606,3904 Hixson Pike,,Norcross Rd,1/15/2018 14:00,2018-01-15,14,1516042800,,,,Property Damage Under,Angle,No,No,No,No,15,2,No,No,Shoulder and Lap Belt Used,37379,Shoulder and Lap Belt Used,37343,No,No,Daylight,Clear,623,17,9,0,2,11,1516039200,0.43,4.07,209,3,0,42.93,10.78,0,44.91,23.55,9.997,,clear-day,clear,0,0,0,0,1,0
,35.113065,-85.261606,3904 Hixson Pike,,Norcross Rd,1/15/2018 14:00,2018-01-15,14,1516042800,,,,Property Damage Under,Angle,No,No,No,No,15,2,No,No,Shoulder and Lap Belt Used,37379,Shoulder and Lap Belt Used,37343,No,No,Daylight,Clear,623,17,9,0,2,11,1516039200,0.43,4.07,209,3,0,42.93,10.78,0,44.91,23.55,9.997,,clear-day,clear,0,0,0,0,1,0
,35.113065,-85.261606,3904 Hixson Pike,,Norcross Rd,1/15/2018 14:00,2018-01-15,14,1516042800,,,,Property Damage Under,Angle,No,No,No,No,15,2,No,No,Shoulder and Lap Belt Used,37379,Shoulder and Lap Belt Used,37343,No,No,Daylight,Clear,623,17,9,0,2,11,1516039200,0.43,4.07,209,3,0,42.93,10.78,0,44.91,23.55,9.997,,clear-day,clear,0,0,0,0,1,0
,35.113065,-85.261606,3904 Hixson Pike,,Norcross Rd,1/15/2018 14:00,2018-01-15,14,1516042800,,,,Property Damage Under,Angle,No,No,No,No,15,2,No,No,Shoulder and Lap Belt Used,37379,Shoulder and Lap Belt Used,37343,No,No,Daylight,Clear,623,17,9,0,2,11,1516039200,0.43,4.07,209,3,0,42.93,10.78,0,44.91,23.55,9.997,,clear-day,clear,0,0,0,0,1,0
,35.113821,-85.260077,1000 Ashland Ter,SR-1,Ashland Ter,1/26/2018 8:00,2018-01-26,8,1516971600,,,,Property Damage,Angle,No,No,No,No,40,2,No,No,Shoulder and Lap Belt Used,37343,Shoulder and Lap Belt Used,37343,No,No,Daylight,Clear,623,17,9,0,2,11,1516968000,0.68,0.04,173,0,0,33.51,0.88,0,33.51,24.06,9.997,,clear-day,clear,0,0,0,0,1,0
,35.113821,-85.260077,1000 Ashland Ter,SR-1,Ashland Ter,1/26/2018 8:00,2018-01-26,8,1516971600,,,,Property Damage,Angle,No,No,No,No,40,2,No,No,Shoulder and Lap Belt Used,37343,Shoulder and Lap Belt Used,37343,No,No,Daylight,Clear,623,17,9,0,2,11,1516968000,0.68,0.04,173,0,0,33.51,0.88,0,33.51,24.06,9.997,,clear-day,clear,0,0,0,0,1,0
,35.113821,-85.260077,1000 Ashland Ter,SR-1,Ashland Ter,1/26/2018 8:00,2018-01-26,8,1516971600,,,,Property Damage,Angle,No,No,No,No,40,2,No,No,Shoulder and Lap Belt Used,37343,Shoulder and Lap Belt Used,37343,No,No,Daylight,Clear,623,17,9,0,2,11,1516968000,0.68,0.04,173,0,0,33.51,0.88,0,33.51,24.06,9.997,,clear-day,clear,0,0,0,0,1,0
,35.113821,-85.260077,1000 Ashland Ter,SR-1,Ashland Ter,1/26/2018 8:00,2018-01-26,8,1516971600,,,,Property Damage,Angle,No,No,No,No,40,2,No,No,Shoulder and Lap Belt Used,37343,Shoulder and Lap Belt Used,37343,No,No,Daylight,Clear,623,17,9,0,2,11,1516968000,0.68,0.04,173,0,0,33.51,0.88,0,33.51,24.06,9.997,,clear-day,clear,0,0,0,0,1,0
,35.115281,-85.26244,3901 Hixson Pike,,Norcross Road,1/31/2018 16:00,2018-01-31,16,1517432400,,,,Property Damage,Angle,No,No,No,No,,2,No,No,Shoulder and Lap Belt Used,37415,,37415,No,No,Daylight,Clear,623,17,9,0,2,11,1517428800,0.25,4.85,190,1,0,54.78,10.86,0,54.78,19.45,9.997,,clear-day,clear,0,0,0,0,1,0
,35.115281,-85.26244,3901 Hixson Pike,,Norcross Road,1/31/2018 16:00,2018-01-31,16,1517432400,,,,Property Damage,Angle,No,No,No,No,,2,No,No,Shoulder and Lap Belt Used,37415,,37415,No,No,Daylight,Clear,623,17,9,0,2,11,1517428800,0.25,4.85,190,1,0,54.78,10.86,0,54.78,19.45,9.997,,clear-day,clear,0,0,0,0,1,0
,35.115281,-85.26244,3901 Hixson Pike,,Norcross Road,1/31/2018 16:00,2018-01-31,16,1517432400,,,,Property Damage,Angle,No,No,No,No,,2,No,No,Shoulder and Lap Belt Used,37415,,37415,No,No,Daylight,Clear,623,17,9,0,2,11,1517428800,0.25,4.85,190,1,0,54.78,10.86,0,54.78,19.45,9.997,,clear-day,clear,0,0,0,0,1,0
,35.115281,-85.26244,3901 Hixson Pike,,Norcross Road,1/31/2018 16:00,2018-01-31,16,1517432400,,,,Property Damage,Angle,No,No,No,No,,2,No,No,Shoulder and Lap Belt Used,37415,,37415,No,No,Daylight,Clear,623,17,9,0,2,11,1517428800,0.25,4.85,190,1,0,54.78,10.86,0,54.78,19.45,9.997,,clear-day,clear,0,0,0,0,1,0
,35.114719,-85.263144,3901 Hixson Pike,,Hixson pike,2/9/2018 13:00,2018-02-09,13,1518199200,,,,Suspected Minor Injury,Angle,No,No,Yes,No,45,2,No,No,Shoulder and Lap Belt Used,35984,Shoulder and Lap Belt Used,37377,No,No,Daylight,Clear,623,17,9,0,2,11,1518195600,0.37,5.63,157,4,0,58.97,12.23,0,58.97,32.75,6.712,,clear-day,clear,0,0,0,0,1,0
,35.114719,-85.263144,3901 Hixson Pike,,Hixson pike,2/9/2018 13:00,2018-02-09,13,1518199200,,,,Suspected Minor Injury,Angle,No,No,Yes,No,45,2,No,No,Shoulder and Lap Belt Used,35984,Shoulder and Lap Belt Used,37377,No,No,Daylight,Clear,623,17,9,0,2,11,1518195600,0.37,5.63,157,4,0,58.97,12.23,0,58.97,32.75,6.712,,clear-day,clear,0,0,0,0,1,0
,35.114719,-85.263144,3901 Hixson Pike,,Hixson pike,2/9/2018 13:00,2018-02-09,13,1518199200,,,,Suspected Minor Injury,Angle,No,No,Yes,No,45,2,No,No,Shoulder and Lap Belt Used,35984,Shoulder and Lap Belt Used,37377,No,No,Daylight,Clear,623,17,9,0,2,11,1518195600,0.37,5.63,157,4,0,58.97,12.23,0,58.97,32.75,6.712,,clear-day,clear,0,0,0,0,1,0