Accident,Latitude,Longitude,Street,AltStreet,Intersection,DateTime,Date,Hour,Unix,WeekDay,WeekEnd,DayFrame,AccidentType,CollisionType,HaR,FatalInjury,MedicalTransport,InvolvedPlacardedTruck,PostedSpeed,TotalVehiclesInvolved,PedestrianInvolved,BicycleInvolved,DriverOneSafetyEquipment,DriverOneZip,DriverTwoSafetyEquipment,DriverTwoZip,Drug,Alcohol,LightCondition,Weather,Grid_Block,Grid_Col,Grid_Row,Highway,Land_Use_Mode,Road_Count,HourBefore,humidity,windSpeed,windBearing,uvIndex,precipIntensity,apparentTemperature,windGust,cloudCover,temperature,dewPoint,visibility,precipType,Event,Conditions,Rain,Cloudy,Foggy,Snow,Clear,RainBefore
,35.114719,-85.263144,3901 Hixson Pike,,Hixson pike,2/9/2018 13:00,2018-02-09,13,1518199200,,,,Suspected Minor Injury,Angle,No,No,Yes,No,45,2,No,No,Shoulder and Lap Belt Used,35984,Shoulder and Lap Belt Used,37377,No,No,Daylight,Clear,623,17,9,0,2,11,1518195600,0.37,5.63,157,4,0,58.97,12.23,0,58.97,32.75,6.712,,clear-day,clear,0,0,0,0,1,0
,35.114706,-85.259856,4001 Hixson Pike,,Ashland Ter,3/23/2018 8:00,2018-03-23,8,1521806400,,,,Property Damage,Not Collision with Motor Vehicle in Transport,No,No,No,No,,1,No,No,,80112,None Used MV Occupant,33407,No,No,Daylight,Clear,623,17,9,0,2,11,1521802800,0.63,0.22,12,0,0,39.97,0.79,0.75,39.97,28.55,6.712,,partly-cloudy-day,mostly cloudy,0,1,0,0,0,0
,35.114706,-85.259856,4001 Hixson Pike,,Ashland Ter,3/23/2018 8:00,2018-03-23,8,1521806400,,,,Property Damage,Not Collision with Motor Vehicle in Transport,No,No,No,No,,1,No,No,,80112,None Used MV Occupant,33407,No,No,Daylight,Clear,623,17,9,0,2,11,1521802800,0.63,0.22,12,0,0,39.97,0.79,0.75,39.97,28.55,6.712,,partly-cloudy-day,mostly cloudy,0,1,0,0,0,0
,35.114706,-85.259856,4001 Hixson Pike,,Ashland Ter,3/23/2018 8:00,2018-03-23,8,1521806400,,,,Property Damage,Not Collision with Motor Vehicle in Transport,No,No,No,No,,1,No,No,,80112,None Used MV Occupant,33407,No,No,Daylight,Clear,623,17,9,0,2,11,1521802800,0.63,0.22,12,0,0,39.97,0.79,0.75,39.97,28.55,6.712,,partly-cloudy-day,mostly cloudy,0,1,0,0,0,0
,35.114706,-85.259856,4001 Hixson Pike,,Ashland Ter,3/23/2018 8:00,2018-03-23,8,1521806400,,,,Property Damage,Not Collision with Motor Vehicle in Transport,No,No,No,No,,1,No,No,,80112,None Used MV Occupant,33407,No,No,Daylight,Clear,623,17,9,0,2,11,1521802800,0.63,0.22,12,0,0,39.97,0.79,0.75,39.97,28.55,6.712,,partly-cloudy-day,mostly cloudy,0,1,0,0,0,0
,35.11456,-85.261012,3998 Norcross Rd,,Ashland Ter,4/3/2018 20:00,2018-04-03,20,1522800000,,,,Property Damage Under,Front to Rear,No,No,No,No,30,2,No,No,Shoulder and Lap Belt Used,37415,Shoulder and Lap Belt Used,37343,No,No,Dusk,Clear,623,17,9,0,2,11,1522796400,0.54,3.29,191,0,0,76.34,7.87,0,76.34,58.54,6.712,,clear-night,clear,0,0,0,0,1,0
,35.11456,-85.261012,3998 Norcross Rd,,Ashland Ter,4/3/2018 20:00,2018-04-03,20,1522800000,,,,Property Damage Under,Front to Rear,No,No,No,No,30,2,No,No,Shoulder and Lap Belt Used,37415,Shoulder and Lap Belt Used,37343,No,No,Dusk,Clear,623,17,9,0,2,11,1522796400,0.54,3.29,191,0,0,76.34,7.87,0,76.34,58.54,6.712,,clear-night,clear,0,0,0,0,1,0
,35.11456,-85.261012,3998 Norcross Rd,,Ashland Ter,4/3/2018 20:00,2018-04-03,20,1522800000,,,,Property Damage Under,Front to Rear,No,No,No,No,30,2,No,No,Shoulder and Lap Belt Used,37415,Shoulder and Lap Belt Used,37343,No,No,Dusk,Clear,623,17,9,0,2,11,1522796400,0.54,3.29,191,0,0,76.34,7.87,0,76.34,58.54,6.712,,clear-night,clear,0,0,0,0,1,0
,35.11456,-85.261012,3998 Norcross Rd,,Ashland Ter,4/3/2018 20:00,2018-04-03,20,1522800000,,,,Property Damage Under,Front to Rear,No,No,No,No,30,2,No,No,Shoulder and Lap Belt Used,37415,Shoulder and Lap Belt Used,37343,No,No,Dusk,Clear,623,17,9,0,2,11,1522796400,0.54,3.29,191,0,0,76.34,7.87,0,76.34,58.54,6.712,,clear-night,clear,0,0,0,0,1,0
,35.115219,-85.264371,930 Ashland Ter,,Highland Rd,4/13/2018 17:00,2018-04-13,17,1523653200,,,,Suspected Minor Injury,Head On,No,No,Yes,No,40,2,No,No,Shoulder and Lap Belt Used,37377,Shoulder and Lap Belt Used,37415,No,No,Daylight,Clear,623,17,9,0,2,11,1523649600,0.32,6.07,180,4,0,81,12.76,0,81,48.68,6.712,,clear-day,clear,0,0,0,0,1,0
,35.115219,-85.264371,930 Ashland Ter,,Highland Rd,4/13/2018 17:00,2018-04-13,17,1523653200,,,,Suspected Minor Injury,Head On,No,No,Yes,No,40,2,No,No,Shoulder and Lap Belt Used,37377,Shoulder and Lap Belt Used,37415,No,No,Daylight,Clear,623,17,9,0,2,11,1523649600,0.32,6.07,180,4,0,81,12.76,0,81,48.68,6.712,,clear-day,clear,0,0,0,0,1,0
,35.115219,-85.264371,930 Ashland Ter,,Highland Rd,4/13/2018 17:00,2018-04-13,17,1523653200,,,,Suspected Minor Injury,Head On,No,No,Yes,No,40,2,No,No,Shoulder and Lap Belt Used,37377,Shoulder and Lap Belt Used,37415,No,No,Daylight,Clear,623,17,9,0,2,11,1523649600,0.32,6.07,180,4,0,81,12.76,0,81,48.68,6.712,,clear-day,clear,0,0,0,0,1,0
,35.115219,-85.264371,930 Ashland Ter,,Highland Rd,4/13/2018 17:00,2018-04-13,17,1523653200,,,,Suspected Minor Injury,Head On,No,No,Yes,No,40,2,No,No,Shoulder and Lap Belt Used,37377,Shoulder and Lap Belt Used,37415,No,No,Daylight,Clear,623,17,9,0,2,11,1523649600,0.32,6.07,180,4,0,81,12.76,0,81,48.68,6.712,,clear-day,clear,0,0,0,0,1,0
,35.1153275,-85.26081,4006 Norcross Rd,,Ashland Ter,5/12/2018 11:00,2018-05-12,11,1526137200,,,,Property Damage Under,Front to Rear,Yes,No,No,No,40,2,No,No,Shoulder and Lap Belt Used,37405,Unknown,Unknown,No,No,Daylight,Clear,623,17,9,0,2,11,1526133600,0.54,0.33,259,7,0,82.56,2.27,0,81.27,63.11,6.712,,clear-day,clear,0,0,0,0,1,0
,35.1153275,-85.26081,4006 Norcross Rd,,Ashland Ter,5/12/2018 11:00,2018-05-12,11,1526137200,,,,Property Damage Under,Front to Rear,Yes,No,No,No,40,2,No,No,Shoulder and Lap Belt Used,37405,Unknown,Unknown,No,No,Daylight,Clear,623,17,9,0,2,11,1526133600,0.54,0.33,259,7,0,82.56,2.27,0,81.27,63.11,6.712,,clear-day,clear,0,0,0,0,1,0
,35.1153275,-85.26081,4006 Norcross Rd,,Ashland Ter,5/12/2018 11:00,2018-05-12,11,1526137200,,,,Property Damage Under,Front to Rear,Yes,No,No,No,40,2,No,No,Shoulder and Lap Belt Used,37405,Unknown,Unknown,No,No,Daylight,Clear,623,17,9,0,2,11,1526133600,0.54,0.33,259,7,0,82.56,2.27,0,81.27,63.11,6.712,,clear-day,clear,0,0,0,0,1,0
,35.1153275,-85.26081,4006 Norcross Rd,,Ashland Ter,5/12/2018 11:00,2018-05-12,11,1526137200,,,,Property Damage Under,Front to Rear,Yes,No,No,No,40,2,No,No,Shoulder and Lap Belt Used,37405,Unknown,Unknown,No,No,Daylight,Clear,623,17,9,0,2,11,1526133600,0.54,0.33,259,7,0,82.56,2.27,0,81.27,63.11,6.712,,clear-day,clear,0,0,0,0,1,0
,35.115437,-85.261488,1007 Ashland Ter,,Norcross Road,6/26/2018 13:00,2018-06-26,13,1530032400,,,,Property Damage,Angle,No,No,No,No,,2,No,No,Shoulder and Lap Belt Used,37405,,37919,No,No,Daylight,Clear,623,17,9,0,2,11,1530028800,0.64,4.28,200,8,0,94.3,9.2,0.44,86.71,73.26,8.066,,partly-cloudy-day,humid and partly cloudy,0,1,0,0,0,0
,35.115437,-85.261488,1007 Ashland Ter,,Norcross Road,6/26/2018 13:00,2018-06-26,13,1530032400,,,,Property Damage,Angle,No,No,No,No,,2,No,No,Shoulder and Lap Belt Used,37405,,37919,No,No,Daylight,Clear,623,17,9,0,2,11,1530028800,0.64,4.28,200,8,0,94.3,9.2,0.44,86.71,73.26,8.066,,partly-cloudy-day,humid and partly cloudy,0,1,0,0,0,0
,35.115437,-85.261488,1007 Ashland Ter,,Norcross Road,6/26/2018 13:00,2018-06-26,13,1530032400,,,,Property Damage,Angle,No,No,No,No,,2,No,No,Shoulder and Lap Belt Used,37405,,37919,No,No,Daylight,Clear,623,17,9,0,2,11,1530028800,0.64,4.28,200,8,0,94.72,9.2,0.44,87.03,73.26,8.066,,partly-cloudy-day,humid and partly cloudy,0,1,0,0,0,0
,35.115437,-85.261488,1007 Ashland Ter,,Norcross Road,6/26/2018 13:00,2018-06-26,13,1530032400,,,,Property Damage,Angle,No,No,No,No,,2,No,No,Shoulder and Lap Belt Used,37405,,37919,No,No,Daylight,Clear,623,17,9,0,2,11,1530028800,0.64,4.28,200,8,0,94.72,9.2,0.44,87.03,73.26,8.066,,partly-cloudy-day,humid and partly cloudy,0,1,0,0,0,0
,35.11431,-85.257908,4040 Hixson Pike,,North Access Rd,8/1/2018 16:00,2018-08-01,16,1533153600,,,,Property Damage,Front to Rear,No,No,No,No,45,2,No,No,Shoulder and Lap Belt Used,37415,Shoulder and Lap Belt Used,37415,No,No,Daylight,Rain,623,17,9,0,2,11,1533150000,0.85,3.37,120,5,0.024,73.9,5.93,0.87,72.9,68.2,5.119,rain,rain,light rain,1,0,0,0,0,1
,35.11431,-85.257908,4040 Hixson Pike,,North Access Rd,8/1/2018 16:00,2018-08-01,16,1533153600,,,,Property Damage,Front to Rear,No,No,No,No,45,2,No,No,Shoulder and Lap Belt Used,37415,Shoulder and Lap Belt Used,37415,No,No,Daylight,Rain,623,17,9,0,2,11,1533150000,0.85,3.37,120,5,0.024,73.9,5.93,0.87,72.9,68.2,5.119,rain,rain,light rain,1,0,0,0,0,1
,35.11431,-85.257908,4040 Hixson Pike,,North Access Rd,8/1/2018 16:00,2018-08-01,16,1533153600,,,,Property Damage,Front to Rear,No,No,No,No,45,2,No,No,Shoulder and Lap Belt Used,37415,Shoulder and Lap Belt Used,37415,No,No,Daylight,Rain,623,17,9,0,2,11,1533150000,0.85,3.37,120,5,0.024,73.89,5.93,0.87,72.9,68.2,5.119,rain,rain,light rain,1,0,0,0,0,1
,35.11431,-85.257908,4040 Hixson Pike,,North Access Rd,8/1/2018 16:00,2018-08-01,16,1533153600,,,,Property Damage,Front to Rear,No,No,No,No,45,2,No,No,Shoulder and Lap Belt Used,37415,Shoulder and Lap Belt Used,37415,No,No,Daylight,Rain,623,17,9,0,2,11,1533150000,0.85,3.37,120,5,0.024,73.89,5.93,0.87,72.9,68.2,5.119,rain,rain,light rain,1,0,0,0,0,1
,35.115345,-85.261395,1007 Ashland Ter,,Hixson Pike,9/21/2018 16:00,2018-09-21,16,1537560000,,,,Property Damage,Angle,No,No,No,No,40,2,No,No,Shoulder and Lap Belt Used,37343,Shoulder and Lap Belt Used,37405,No,No,Daylight,Clear,623,17,9,0,2,11,1537556400,0.44,5.86,132,4,0,91.88,12.49,0.7,89.87,65.03,8.123,,partly-cloudy-day,mostly cloudy,0,1,0,0,0,0
,35.115345,-85.261395,1007 Ashland Ter,,Hixson Pike,9/21/2018 16:00,2018-09-21,16,1537560000,,,,Property Damage,Angle,No,No,No,No,40,2,No,No,Shoulder and Lap Belt Used,37343,Shoulder and Lap Belt Used,37405,No,No,Daylight,Clear,623,17,9,0,2,11,1537556400,0.44,5.86,132,4,0,91.88,12.49,0.7,89.87,65.03,8.123,,partly-cloudy-day,mostly cloudy,0,1,0,0,0,0
,35.115345,-85.261395,1007 Ashland Ter,,Hixson Pike,9/21/2018 16:00,2018-09-21,16,1537560000,,,,Property Damage,Angle,No,No,No,No,40,2,No,No,Shoulder and Lap Belt Used,37343,Shoulder and Lap Belt Used,37405,No,No,Daylight,Clear,623,17,9,0,2,11,1537556400,0.43,5.86,132,4,0,92.26,12.49,0.7,90.22,65.03,8.123,,partly-cloudy-day,mostly cloudy,0,1,0,0,0,0
,35.115345,-85.261395,1007 Ashland Ter,,Hixson Pike,9/21/2018 16:00,2018-09-21,16,1537560000,,,,Property Damage,Angle,No,No,No,No,40,2,No,No,Shoulder and Lap Belt Used,37343,Shoulder and Lap Belt Used,37405,No,No,Daylight,Clear,623,17,9,0,2,11,1537556400,0.43,5.86,132,4,0,92.26,12.49,0.7,90.22,65.03,8.123,,partly-cloudy-day,mostly cloudy,0,1,0,0,0,0
,35.113791,-85.261851,Ashland Terrace,,Norcross Road,10/4/2018 17:00,2018-10-04,17,1538686800,,,,Property Damage Under,Front to Rear,No,No,No,No,40,2,No,No,Shoulder and Lap Belt Used,37341,Shoulder and Lap Belt Used,37415,No,No,Daylight,Clear,623,17,9,0,2,11,1538683200,0.47,2.71,263,2,0,91.84,7.43,0.4,89.15,66.28,5.187,,partly-cloudy-day,partly cloudy,0,1,0,0,0,0
,35.113791,-85.261851,Ashland Terrace,,Norcross Road,10/4/2018 17:00,2018-10-04,17,1538686800,,,,Property Damage Under,Front to Rear,No,No,No,No,40,2,No,No,Shoulder and Lap Belt Used,37341,Shoulder and Lap Belt Used,37415,No,No,Daylight,Clear,623,17,9,0,2,11,1538683200,0.47,2.71,263,2,0,91.84,7.43,0.4,89.15,66.28,5.187,,partly-cloudy-day,partly cloudy,0,1,0,0,0,0
,35.113791,-85.261851,Ashland Terrace,,Norcross Road,10/4/2018 17:00,2018-10-04,17,1538686800,,,,Property Damage Under,Front to Rear,No,No,No,No,40,2,No,No,Shoulder and Lap Belt Used,37341,Shoulder and Lap Belt Used,37415,No,No,Daylight,Clear,623,17,9,0,2,11,1538683200,0.46,2.71,263,2,0,92.42,7.43,0.4,89.67,66.28,5.187,,partly-cloudy-day,partly cloudy,0,1,0,0,0,0
,35.113791,-85.261851,Ashland Terrace,,Norcross Road,10/4/2018 17:00,2018-10-04,17,1538686800,,,,Property Damage Under,Front to Rear,No,No,No,No,40,2,No,No,Shoulder and Lap Belt Used,37341,Shoulder and Lap Belt Used,37415,No,No,Daylight,Clear,623,17,9,0,2,11,1538683200,0.46,2.71,263,2,0,92.42,7.43,0.4,89.67,66.28,5.187,,partly-cloudy-day,partly cloudy,0,1,0,0,0,0
,35.113791,-85.261851,3903 Hixson Pike,,Ashland Ter,10/5/2018 15:00,2018-10-05,15,1538766000,,,,Property Damage Under,Not Collision with Motor Vehicle in Transport,No,No,No,No,,1,No,No,,37343,Shoulder and Lap Belt Used,37343,No,No,Daylight,Clear,623,17,9,0,2,11,1538762400,0.46,1.63,296,5,0,92.61,8.37,0.37,89.84,66.29,6.928,,partly-cloudy-day,partly cloudy,0,1,0,0,0,0
,35.113791,-85.261851,3903 Hixson Pike,,Ashland Ter,10/5/2018 15:00,2018-10-05,15,1538766000,,,,Property Damage Under,Not Collision with Motor Vehicle in Transport,No,No,No,No,,1,No,No,,37343,Shoulder and Lap Belt Used,37343,No,No,Daylight,Clear,623,17,9,0,2,11,1538762400,0.46,1.63,296,5,0,92.61,8.37,0.37,89.84,66.29,6.928,,partly-cloudy-day,partly cloudy,0,1,0,0,0,0
,35.113791,-85.261851,3903 Hixson Pike,,Ashland Ter,10/5/2018 15:00,2018-10-05,15,1538766000,,,,Property Damage Under,Not Collision with Motor Vehicle in Transport,No,No,No,No,,1,No,No,,37343,Shoulder and Lap Belt Used,37343,No,No,Daylight,Clear,623,17,9,0,2,11,1538762400,0.45,1.63,296,5,0,93.01,8.37,0.37,90.2,66.29,6.928,,partly-cloudy-day,partly cloudy,0,1,0,0,0,0
,35.113791,-85.261851,3903 Hixson Pike,,Ashland Ter,10/5/2018 15:00,2018-10-05,15,1538766000,,,,Property Damage Under,Not Collision with Motor Vehicle in Transport,No,No,No,No,,1,No,No,,37343,Shoulder and Lap Belt Used,37343,No,No,Daylight,Clear,623,17,9,0,2,11,1538762400,0.45,1.63,296,5,0,93.01,8.37,0.37,90.2,66.29,6.928,,partly-cloudy-day,partly cloudy,0,1,0,0,0,0
,35.114607,-85.261004,1000 Ashland Ter,,Norcross Rd,10/13/2018 19:00,2018-10-13,19,1539471600,,,,Possible Injury,Angle,No,No,No,No,45,2,No,No,Shoulder and Lap Belt Used,37405,Shoulder and Lap Belt Used,37405,No,No,Dusk,Clear,623,17,9,0,2,11,1539468000,0.6,2.96,86,0,0,61.88,5.51,0.37,61.88,47.76,6.401,,partly-cloudy-day,partly cloudy,0,1,0,0,0,0
,35.114607,-85.261004,1000 Ashland Ter,,Norcross Rd,10/13/2018 19:00,2018-10-13,19,1539471600,,,,Possible Injury,Angle,No,No,No,No,45,2,No,No,Shoulder and Lap Belt Used,37405,Shoulder and Lap Belt Used,37405,No,No,Dusk,Clear,623,17,9,0,2,11,1539468000,0.6,2.96,86,0,0,61.88,5.51,0.37,61.88,47.76,6.401,,partly-cloudy-day,partly cloudy,0,1,0,0,0,0
,35.114607,-85.261004,1000 Ashland Ter,,Norcross Rd,10/13/2018 19:00,2018-10-13,19,1539471600,,,,Possible Injury,Angle,No,No,No,No,45,2,No,No,Shoulder and Lap Belt Used,37405,Shoulder and Lap Belt Used,37405,No,No,Dusk,Clear,623,17,9,0,2,11,1539468000,0.6,2.96,86,0,0,61.96,5.51,0.37,61.96,47.76,6.401,,partly-cloudy-day,partly cloudy,0,1,0,0,0,0
,35.114607,-85.261004,1000 Ashland Ter,,Norcross Rd,10/13/2018 19:00,2018-10-13,19,1539471600,,,,Possible Injury,Angle,No,No,No,No,45,2,No,No,Shoulder and Lap Belt Used,37405,Shoulder and Lap Belt Used,37405,No,No,Dusk,Clear,623,17,9,0,2,11,1539468000,0.6,2.96,86,0,0,61.96,5.51,0.37,61.96,47.76,6.401,,partly-cloudy-day,partly cloudy,0,1,0,0,0,0
,35.113717,-85.259169,3901 Hixson Pike,,Ashland Ter,11/27/2018 0:00,2018-11-27,0,1543294800,,,,Property Damage,Angle,Yes,No,No,No,,2,No,No,Unknown,Unknown,,37343,,,Unknown,Clear,623,17,9,0,2,11,1543291200,0.59,6.13,300,0,0,31.07,13.21,1,36.14,23.2,7.952,,cloudy,overcast,0,1,0,0,0,0
,35.113717,-85.259169,3901 Hixson Pike,,Ashland Ter,11/27/2018 0:00,2018-11-27,0,1543294800,,,,Property Damage,Angle,Yes,No,No,No,,2,No,No,Unknown,Unknown,,37343,,,Unknown,Clear,623,17,9,0,2,11,1543291200,0.59,6.13,300,0,0,31.07,13.21,1,36.14,23.2,7.952,,cloudy,overcast,0,1,0,0,0,0
,35.113717,-85.259169,3901 Hixson Pike,,Ashland Ter,11/27/2018 0:00,2018-11-27,0,1543294800,,,,Property Damage,Angle,Yes,No,No,No,,2,No,No,Unknown,Unknown,,37343,,,Unknown,Clear,623,17,9,0,2,11,1543291200,0.59,6.13,300,0,0,31.29,13.21,1,36.33,23.2,7.952,,cloudy,overcast,0,1,0,0,0,0
,35.113717,-85.259169,3901 Hixson Pike,,Ashland Ter,11/27/2018 0:00,2018-11-27,0,1543294800,,,,Property Damage,Angle,Yes,No,No,No,,2,No,No,Unknown,Unknown,,37343,,,Unknown,Clear,623,17,9,0,2,11,1543291200,0.59,6.13,300,0,0,31.29,13.21,1,36.33,23.2,7.952,,cloudy,overcast,0,1,0,0,0,0
,35.115281,-85.26244,3901 Hixson Pike,US-3901,Ashland Terrace,12/3/2018 12:00,2018-12-03,12,1543856400,,,,Property Damage,Angle,No,No,No,No,,2,No,No,Shoulder and Lap Belt Used,37377,Shoulder and Lap Belt Used,30707,No,No,Daylight,Clear,623,17,9,0,2,11,1543852800,0.46,6.88,266,3,0,55.02,10.32,0.37,55.02,34.69,5.4,,partly-cloudy-day,partly cloudy,0,1,0,0,0,0
,35.115281,-85.26244,3901 Hixson Pike,US-3901,Ashland Terrace,12/3/2018 12:00,2018-12-03,12,1543856400,,,,Property Damage,Angle,No,No,No,No,,2,No,No,Shoulder and Lap Belt Used,37377,Shoulder and Lap Belt Used,30707,No,No,Daylight,Clear,623,17,9,0,2,11,1543852800,0.46,6.88,266,3,0,55.02,10.32,0.37,55.02,34.69,5.4,,partly-cloudy-day,partly cloudy,0,1,0,0,0,0
,35.115281,-85.26244,3901 Hixson Pike,US-3901,Ashland Terrace,12/3/2018 12:00,2018-12-03,12,1543856400,,,,Property Damage,Angle,No,No,No,No,,2,No,No,Shoulder and Lap Belt Used,37377,Shoulder and Lap Belt Used,30707,No,No,Daylight,Clear,623,17,9,0,2,11,1543852800,0.46,6.88,266,3,0,55.17,10.32,0.37,55.17,34.69,5.4,,partly-cloudy-day,partly cloudy,0,1,0,0,0,0
,35.115281,-85.26244,3901 Hixson Pike,US-3901,Ashland Terrace,12/3/2018 12:00,2018-12-03,12,1543856400,,,,Property Damage,Angle,No,No,No,No,,2,No,No,Shoulder and Lap Belt Used,37377,Shoulder and Lap Belt Used,30707,No,No,Daylight,Clear,623,17,9,0,2,11,1543852800,0.46,6.88,266,3,0,55.17,10.32,0.37,55.17,34.69,5.4,,partly-cloudy-day,partly cloudy,0,1,0,0,0,0
,35.116283,-85.263069,Ashland Terrace,,Hixson Pike,12/14/2018 13:00,2018-12-14,13,1544810400,,,,Property Damage,Angle,No,No,No,No,35,3,No,No,Shoulder and Lap Belt Used,37415,Shoulder and Lap Belt Used,31909,No,No,Daylight,Rain,623,17,9,0,2,11,1544806800,0.91,6.29,17,2,0.073,46.47,6.29,1,49.12,46.58,0.884,rain,rain,light rain,1,0,0,0,0,1
,35.116283,-85.263069,Ashland Terrace,,Hixson Pike,12/14/2018 13:00,2018-12-14,13,1544810400,,,,Property Damage,Angle,No,No,No,No,35,3,No,No,Shoulder and Lap Belt Used,37415,Shoulder and Lap Belt Used,31909,No,No,Daylight,Rain,623,17,9,0,2,11,1544806800,0.91,6.29,17,2,0.073,46.47,6.29,1,49.12,46.58,0.884,rain,rain,light rain,1,0,0,0,0,1
,35.116283,-85.263069,Ashland Terrace,,Hixson Pike,12/14/2018 13:00,2018-12-14,13,1544810400,,,,Property Damage,Angle,No,No,No,No,35,3,No,No,Shoulder and Lap Belt Used,37415,Shoulder and Lap Belt Used,31909,No,No,Daylight,Rain,623,17,9,0,2,11,1544806800,0.91,6.29,17,2,0.073,46.47,6.29,1,49.12,46.58,0.884,rain,rain,light rain,1,0,0,0,0,1
,35.116283,-85.263069,Ashland Terrace,,Hixson Pike,12/14/2018 13:00,2018-12-14,13,1544810400,,,,Property Damage,Angle,No,No,No,No,35,3,No,No,Shoulder and Lap Belt Used,37415,Shoulder and Lap Belt Used,31909,No,No,Daylight,Rain,623,17,9,0,2,11,1544806800,0.91,6.29,17,2,0.073,46.47,6.29,1,49.12,46.58,0.884,rain,rain,light rain,1,0,0,0,0,1
,35.114416,-85.259286,4021 Hixson Pike,,Ashland Terrace,5/23/2019 17:00,2019-05-23,17,1558645200,,,,Property Damage,Angle,No,No,No,No,45,2,No,No,Unknown,37419,Unknown,37414,No,No,Daylight,Clear,623,17,9,0,2,11,1558641600,0.45,5.04,225,4,0,92.65,10.45,0.66,90.13,65.83,5.13,,partly-cloudy-day,mostly cloudy,0,1,0,0,0,0
,35.113279,-85.26329,Hixson Pike,,Ashland Terrace,6/19/2019 19:00,2019-06-19,19,1560985200,,,,Property Damage,Front to Rear,No,No,No,No,40,2,No,No,Shoulder and Lap Belt Used,37343,,37415,No,No,Daylight,Clear,623,17,9,0,2,11,1560981600,0.55,6.2,224,1,0,91.94,13.03,0.44,87.51,69.2,7.153,,partly-cloudy-day,partly cloudy,0,1,0,0,0,0
,35.088393,-85.260228,3700 Amnicola Hwy,SR-3700,Lost mound drive,1/9/2018 18:00,2018-01-09,18,1515538800,,,,Property Damage Under,Other,No,No,No,No,50,2,No,No,Shoulder and Lap Belt Used,37406,Shoulder and Lap Belt Used,37919,No,No,Dark - Lighted,Clear,493,19,12,0,5,2,1515535200,0.86,1.08,41,0,0,47.55,1.99,1,47.55,43.58,4.794,,cloudy,overcast,0,1,0,0,0,0
,35.090432,-85.25737,3800 Amnicola Hwy,US-58,Creekside Dr.,4/5/2018 17:00,2018-04-05,17,1522962000,,,,Property Damage,Front to Rear,No,No,No,No,45,2,No,No,,37343,Shoulder and Lap Belt Used,37406,No,No,Daylight,Clear,493,19,12,0,5,2,1522958400,0.24,1.89,24,4,0,62.57,5.57,0,62.57,25.51,7.589,,clear-day,clear,0,0,0,0,1,0
,35.089617,-85.258354,3720 Amnicola Hwy,,Lost Mound Dr,8/30/2018 11:00,2018-08-30,11,1535641200,,,,Property Damage,Front to Rear,No,No,No,No,50,2,No,No,Shoulder and Lap Belt Used,37403,Shoulder and Lap Belt Used,37341,No,No,Daylight,Clear,493,19,12,0,5,2,1535637600,0.7,3.19,137,5,0,84.07,5.67,0.37,80.65,70.08,7.273,,partly-cloudy-day,partly cloudy,0,1,0,0,0,0
,35.089617,-85.258354,3720 Amnicola Hwy,,Amnicola Hwy,11/7/2018 17:00,2018-11-07,17,1541628000,,,,Property Damage Under,Front to Rear,No,No,No,No,45,2,No,No,Shoulder and Lap Belt Used,30736,Shoulder and Lap Belt Used,37363,No,No,Daylight,Cloudy,493,19,12,0,5,2,1541624400,0.75,4.55,25,0,0.002,58.96,9.41,1,58.96,51.11,7.192,rain,cloudy,overcast,0,1,0,0,0,0
,35.004673,-85.292334,Rossville Blvd,,3416 Rossville Blvd,1/9/2018 20:00,2018-01-09,20,1515546000,,,,Property Damage Under,Angle,Yes,No,No,No,,2,No,No,Unknown,Unknown,,37412,,,Dark - Lighted,Clear,13,20,26,0,7,23,1515542400,0.88,0.72,45,0,0,46.03,1.5,1,46.03,42.59,1.58,,fog,foggy,0,0,1,0,0,0
,35.004409,-85.290472,E 35th St,SR-1900,1st Ave,2/20/2018 0:00,2018-02-20,0,1519102800,,,,Property Damage,Angle,Yes,No,No,No,25,2,No,No,Unknown,Unknown,,37407,,,Unknown,Clear,13,20,26,0,7,23,1519099200,0.89,1.26,186,0,0,58.96,3.62,0.75,58.96,55.77,2.207,,partly-cloudy-night,mostly cloudy,0,1,0,0,0,0
,35.001971,-85.297675,Jerome Ave,,E 36th St,4/7/2018 0:00,2018-04-07,0,1523073600,,,,Property Damage,Not Collision with Motor Vehicle in Transport,Yes,No,No,No,25,1,No,No,,37421,Unknown,Unknown,,,Unknown,Unknown,13,20,26,0,7,23,1523070000,0.93,0.38,91,0,0.048,50.87,0.8,1,50.87,48.78,2.444,rain,rain,light rain,1,0,0,0,0,1