Accident,Latitude,Longitude,Street,AltStreet,Intersection,DateTime,Date,Hour,Unix,WeekDay,WeekEnd,DayFrame,AccidentType,CollisionType,HaR,FatalInjury,MedicalTransport,InvolvedPlacardedTruck,PostedSpeed,TotalVehiclesInvolved,PedestrianInvolved,BicycleInvolved,DriverOneSafetyEquipment,DriverOneZip,DriverTwoSafetyEquipment,DriverTwoZip,Drug,Alcohol,LightCondition,Weather,Grid_Block,Grid_Col,Grid_Row,Highway,Land_Use_Mode,Road_Count,HourBefore,humidity,windSpeed,windBearing,uvIndex,precipIntensity,apparentTemperature,windGust,cloudCover,temperature,dewPoint,visibility,precipType,Event,Conditions,Rain,Cloudy,Foggy,Snow,Clear,RainBefore
,35.001081,-85.294628,1500 E 37th St,,Calhoun Ave,6/17/2018 12:00,2018-06-17,12,1529251200,,,,Property Damage Under,Front to Rear,No,No,No,No,40,2,No,No,Shoulder and Lap Belt Used,37410,Shoulder and Lap Belt Used,37406,No,No,Daylight,Clear,13,20,26,0,7,23,1529247600,0.61,3.06,61,7,0,91.96,6.67,0.4,86.24,71.25,6.147,,partly-cloudy-day,partly cloudy,0,1,0,0,0,0
,35.006127,-85.291876,E 34th St,SR-1800,1800 E. 34th,7/19/2018 22:00,2018-07-19,22,1532052000,,,,Property Damage,Angle,Yes,No,No,No,15,2,No,No,Unknown,Unknown,Unknown,37407,,,Dark - Lighted,Clear,13,20,26,0,7,23,1532048400,0.82,4.2,106,0,0,78.72,7.23,0.72,77.42,71.53,1.757,,fog,foggy,0,0,1,0,0,0
,35.0040425,-85.292829,Dodds Ave,,32nd Ave,8/1/2018 0:00,2018-08-01,0,1533096000,,,,Property Damage,Not Collision with Motor Vehicle in Transport,No,No,No,No,25,1,No,No,,37402,,37404,,,Unknown,Rain,13,20,26,0,7,23,1533092400,0.91,3.33,148,0,0.022,71.7,7.87,0.95,70.64,68.02,2.687,rain,rain,light rain,1,0,0,0,0,1
,35.007335,-85.294579,Calhoun Ave,,E 32nd St,8/15/2018 16:00,2018-08-15,16,1534363200,,,,Possible Injury,Angle,No,No,Yes,No,30,2,No,No,Shoulder and Lap Belt Used,37938,Shoulder and Lap Belt Used,37407,No,No,Daylight,Clear,13,20,26,0,7,23,1534359600,0.51,4,200,5,0,93.18,9.89,0.75,88.92,68.66,3.812,,partly-cloudy-day,mostly cloudy,0,1,0,0,0,0
,35.00528,-85.293784,3251 Rossville Blvd,,E. 34th St,10/24/2018 17:00,2018-10-24,17,1540414800,,,,Property Damage Under,Unknown,Yes,No,No,No,,2,No,No,,37407,Unknown,Unknown,,,Daylight,Clear,13,20,26,0,7,23,1540411200,0.34,6.43,24,1,0,68.49,12.37,0.4,68.49,39.37,3.812,,partly-cloudy-day,partly cloudy,0,1,0,0,0,0
,35.007781,-85.295697,3110 Crescent Cir,,E32nd,12/28/2018 0:00,2018-12-28,0,1545973200,,,,Property Damage,Not Collision with Motor Vehicle in Transport,Yes,No,No,No,25,1,No,No,Unknown,Unknown,,,,,Dark - Not Lighted,Rain,13,20,26,0,7,23,1545969600,0.93,7.35,126,0,0.193,51.81,12.64,1,51.81,49.72,2.344,rain,rain,rain,1,0,0,0,0,1
,35.00235,-85.292773,Rossville Blvd,,Rossville Blvd,3/4/2019 13:00,2019-03-04,13,1551722400,,,,Property Damage Under,Unknown,Yes,No,No,No,,2,No,No,Unknown,Unknown,,37379,,,Daylight,Clear,13,20,26,0,7,23,1551718800,0.69,7.46,345,4,0,24.96,14.71,1,31.81,22.89,5.578,,cloudy,overcast,0,1,0,0,0,0
,35.00235,-85.292773,Rossville Blvd,,Rossville Blvd,3/4/2019 13:00,2019-03-04,13,1551722400,,,,Property Damage Under,Unknown,Yes,No,No,No,,2,No,No,Unknown,Unknown,,37379,,,Daylight,Clear,13,20,26,0,7,23,1551718800,0.69,7.46,345,4,0,24.96,14.71,1,31.81,22.89,5.578,,cloudy,overcast,0,1,0,0,0,0
,35.00235,-85.292773,Rossville Blvd,,Rossville Blvd,3/4/2019 13:00,2019-03-04,13,1551722400,,,,Property Damage Under,Unknown,Yes,No,No,No,,2,No,No,Unknown,Unknown,,37379,,,Daylight,Clear,13,20,26,0,7,23,1551718800,0.69,7.46,345,4,0,24.96,14.71,1,31.81,22.89,5.578,,cloudy,overcast,0,1,0,0,0,0
,35.00235,-85.292773,Rossville Blvd,,Rossville Blvd,3/4/2019 13:00,2019-03-04,13,1551722400,,,,Property Damage Under,Unknown,Yes,No,No,No,,2,No,No,Unknown,Unknown,,37379,,,Daylight,Clear,13,20,26,0,7,23,1551718800,0.69,7.46,345,4,0,24.96,14.71,1,31.81,22.89,5.578,,cloudy,overcast,0,1,0,0,0,0
,35.004673,-85.292334,Rossville Blvd,,Rossville Blvd,4/6/2019 17:00,2019-04-06,17,1554584400,,,,Property Damage,"Sideswipe, Same Direction",Yes,No,No,No,,2,No,No,Unknown,Unknown,,37411,,,Daylight,Clear,13,20,26,0,7,23,1554580800,0.48,6.01,141,3,0,76.65,11.43,0.72,76.65,55.75,7.138,,partly-cloudy-day,mostly cloudy,0,1,0,0,0,0
,35.004673,-85.292334,Rossville Blvd,,Rossville Blvd,4/6/2019 17:00,2019-04-06,17,1554584400,,,,Property Damage,"Sideswipe, Same Direction",Yes,No,No,No,,2,No,No,Unknown,Unknown,,37411,,,Daylight,Clear,13,20,26,0,7,23,1554580800,0.48,6.01,141,3,0,76.65,11.43,0.72,76.65,55.75,7.138,,partly-cloudy-day,mostly cloudy,0,1,0,0,0,0
,35.004673,-85.292334,Rossville Blvd,,Rossville Blvd,4/6/2019 17:00,2019-04-06,17,1554584400,,,,Property Damage,"Sideswipe, Same Direction",Yes,No,No,No,,2,No,No,Unknown,Unknown,,37411,,,Daylight,Clear,13,20,26,0,7,23,1554580800,0.48,6.01,141,3,0,76.65,11.43,0.72,76.65,55.75,7.138,,partly-cloudy-day,mostly cloudy,0,1,0,0,0,0
,35.004673,-85.292334,Rossville Blvd,,Rossville Blvd,4/6/2019 17:00,2019-04-06,17,1554584400,,,,Property Damage,"Sideswipe, Same Direction",Yes,No,No,No,,2,No,No,Unknown,Unknown,,37411,,,Daylight,Clear,13,20,26,0,7,23,1554580800,0.48,6.01,141,3,0,76.65,11.43,0.72,76.65,55.75,7.138,,partly-cloudy-day,mostly cloudy,0,1,0,0,0,0
,35.004404,-85.295682,E 34th St,,Calhoun Ave,4/9/2019 21:00,2019-04-09,21,1554858000,,,,Property Damage,Not Collision with Motor Vehicle in Transport,Yes,No,No,No,30,1,No,No,,37407,Unknown,Unknown,,,Dark - Lighted,Clear,13,20,26,0,7,23,1554854400,0.59,1.61,354,0,0,70.07,8.29,0.17,70.07,55.29,3.222,,partly-cloudy-night,partly cloudy,0,1,0,0,0,0
,35.004404,-85.295682,E 34th St,,Calhoun Ave,4/9/2019 21:00,2019-04-09,21,1554858000,,,,Property Damage,Not Collision with Motor Vehicle in Transport,Yes,No,No,No,30,1,No,No,,37407,Unknown,Unknown,,,Dark - Lighted,Clear,13,20,26,0,7,23,1554854400,0.59,1.61,354,0,0,70.07,8.29,0.17,70.07,55.29,3.222,,partly-cloudy-night,partly cloudy,0,1,0,0,0,0
,35.004404,-85.295682,E 34th St,,Calhoun Ave,4/9/2019 21:00,2019-04-09,21,1554858000,,,,Property Damage,Not Collision with Motor Vehicle in Transport,Yes,No,No,No,30,1,No,No,,37407,Unknown,Unknown,,,Dark - Lighted,Clear,13,20,26,0,7,23,1554854400,0.59,1.61,354,0,0,70.07,8.29,0.17,70.07,55.29,3.222,,partly-cloudy-night,partly cloudy,0,1,0,0,0,0
,35.004404,-85.295682,E 34th St,,Calhoun Ave,4/9/2019 21:00,2019-04-09,21,1554858000,,,,Property Damage,Not Collision with Motor Vehicle in Transport,Yes,No,No,No,30,1,No,No,,37407,Unknown,Unknown,,,Dark - Lighted,Clear,13,20,26,0,7,23,1554854400,0.59,1.61,354,0,0,70.07,8.29,0.17,70.07,55.29,3.222,,partly-cloudy-night,partly cloudy,0,1,0,0,0,0
,35.004318,-85.297961,1229 E 35th St,,Brannon Ave,5/9/2019 0:00,2019-05-09,0,1557374400,,,,Property Damage,Other,Yes,No,No,No,25,2,No,No,Unknown,Unknown,,37407,,,Unknown,Unknown,13,20,26,0,7,23,1557370800,0.67,5.29,157,0,0,74.79,12.74,0.75,74.5,62.7,5.907,,partly-cloudy-night,mostly cloudy,0,1,0,0,0,0
,35.004318,-85.297961,1229 E 35th St,,Brannon Ave,5/9/2019 0:00,2019-05-09,0,1557374400,,,,Property Damage,Other,Yes,No,No,No,25,2,No,No,Unknown,Unknown,,37407,,,Unknown,Unknown,13,20,26,0,7,23,1557370800,0.67,5.29,157,0,0,74.79,12.74,0.75,74.5,62.7,5.907,,partly-cloudy-night,mostly cloudy,0,1,0,0,0,0
,35.004318,-85.297961,1229 E 35th St,,Brannon Ave,5/9/2019 0:00,2019-05-09,0,1557374400,,,,Property Damage,Other,Yes,No,No,No,25,2,No,No,Unknown,Unknown,,37407,,,Unknown,Unknown,13,20,26,0,7,23,1557370800,0.67,5.29,157,0,0,74.79,12.74,0.75,74.5,62.7,5.907,,partly-cloudy-night,mostly cloudy,0,1,0,0,0,0
,35.004318,-85.297961,1229 E 35th St,,Brannon Ave,5/9/2019 0:00,2019-05-09,0,1557374400,,,,Property Damage,Other,Yes,No,No,No,25,2,No,No,Unknown,Unknown,,37407,,,Unknown,Unknown,13,20,26,0,7,23,1557370800,0.67,5.29,157,0,0,74.79,12.74,0.75,74.5,62.7,5.907,,partly-cloudy-night,mostly cloudy,0,1,0,0,0,0
,35.001239,-85.293394,E 37th St,,Calhoun Ave,6/3/2019 17:00,2019-06-03,17,1559595600,,,,Possible Injury,Angle,No,No,Yes,No,30,2,No,No,Shoulder and Lap Belt Used,37404,Shoulder and Lap Belt Used,30720,No,No,Daylight,Clear,13,20,26,0,7,23,1559592000,0.32,5.93,17,4,0,87.09,12.01,0.44,87.09,53.87,7.096,,partly-cloudy-day,partly cloudy,0,1,0,0,0,0
,35.001239,-85.293394,E 37th St,,Calhoun Ave,6/3/2019 17:00,2019-06-03,17,1559595600,,,,Possible Injury,Angle,No,No,Yes,No,30,2,No,No,Shoulder and Lap Belt Used,37404,Shoulder and Lap Belt Used,30720,No,No,Daylight,Clear,13,20,26,0,7,23,1559592000,0.32,5.93,17,4,0,87.09,12.01,0.44,87.09,53.87,7.096,,partly-cloudy-day,partly cloudy,0,1,0,0,0,0
,35.001239,-85.293394,E 37th St,,Calhoun Ave,6/3/2019 17:00,2019-06-03,17,1559595600,,,,Possible Injury,Angle,No,No,Yes,No,30,2,No,No,Shoulder and Lap Belt Used,37404,Shoulder and Lap Belt Used,30720,No,No,Daylight,Clear,13,20,26,0,7,23,1559592000,0.32,5.93,17,4,0,87.09,12.01,0.44,87.09,53.87,7.096,,partly-cloudy-day,partly cloudy,0,1,0,0,0,0
,35.001239,-85.293394,E 37th St,,Calhoun Ave,6/3/2019 17:00,2019-06-03,17,1559595600,,,,Possible Injury,Angle,No,No,Yes,No,30,2,No,No,Shoulder and Lap Belt Used,37404,Shoulder and Lap Belt Used,30720,No,No,Daylight,Clear,13,20,26,0,7,23,1559592000,0.32,5.93,17,4,0,87.09,12.01,0.44,87.09,53.87,7.096,,partly-cloudy-day,partly cloudy,0,1,0,0,0,0
,35.086903,-85.063064,6274 Artesian Cir,,Lee Hwy,1/10/2018 0:00,2018-01-10,0,1515560400,,,,Property Damage,Angle,No,No,No,No,25,2,No,No,Shoulder and Lap Belt Used,37772,,75261,,,Unknown,Unknown,879,42,2,0,4,1,1515556800,0.94,0.31,92,0,0,41.76,0.82,0.49,41.76,40.12,1.093,,fog,foggy,0,0,1,0,0,0
,35.0883,-85.061674,6059 Relocation Way,,Artesian Cir,7/30/2018 16:00,2018-07-30,16,1532980800,,,,Property Damage,"Sideswipe, Opposite Direction",No,No,No,No,,2,No,No,,37416,Shoulder and Lap Belt Used,37323,No,No,Daylight,Clear,879,42,2,0,4,1,1532977200,0.51,4.38,197,6,0,92.56,9.41,0.44,88.59,68.31,7.403,,partly-cloudy-day,partly cloudy,0,1,0,0,0,0
,35.021809,-85.297892,18000 Interstate 24 Eb rd,,Exit 180 A,1/10/2018 13:00,2018-01-10,13,1515607200,,,,Property Damage,"Sideswipe, Same Direction",No,No,No,No,55,2,No,No,,37421,None Used MV Occupant,37377,No,No,Daylight,Clear,52,19,24,1,7,19,1515603600,0.75,2.64,146,2,0,59.85,8.08,1,59.85,51.81,6.191,,cloudy,overcast,0,1,0,0,0,0
,35.019365,-85.295337,18020 Interstate 24 Wb rd,,Market St Exit,1/24/2018 7:00,2018-01-24,7,1516795200,,,,Property Damage,Front to Rear,No,No,No,No,55,2,No,No,Shoulder and Lap Belt Used,37421,Shoulder and Lap Belt Used,30736,No,No,Daylight,Clear,52,19,24,1,7,19,1516791600,0.71,1.05,346,0,0,35.72,4.09,0.44,35.72,27.1,7.408,,partly-cloudy-night,partly cloudy,0,1,0,0,0,0
,35.015093,-85.293499,2727 Rossville Blvd,,E 28th St,2/28/2018 10:00,2018-02-28,10,1519830000,,,,Property Damage,Angle,Yes,No,No,No,15,2,No,No,Unknown,Unknown,None Used MV Occupant,30165,No,No,Daylight,Rain,52,19,24,1,7,19,1519826400,0.92,1.12,134,2,0.173,49.84,5.38,1,49.84,47.74,1.329,rain,rain,rain,1,0,0,0,0,1
,35.02156,-85.297411,18000 Interstate 24 Wb rd,,Rossville Blvd,3/29/2018 7:00,2018-03-29,7,1522321200,,,,Property Damage,Other,Yes,No,No,No,55,2,No,No,Shoulder and Lap Belt Used,37353,Unknown,Unknown,No,No,Dawn,Clear,52,19,24,1,7,19,1522317600,0.76,3.24,186,0,0,63.56,7.33,1,63.56,55.79,4.772,,cloudy,overcast,0,1,0,0,0,0
,35.021809,-85.297892,18000 Interstate,I-24,1800 Interstate,4/5/2018 21:00,2018-04-05,21,1522976400,,,,Possible Injury,Angle,No,No,No,No,55,3,No,No,Shoulder and Lap Belt Used,37363,Shoulder and Lap Belt Used,37362,No,No,Dark - Lighted,Clear,52,19,24,1,7,19,1522972800,0.35,0.45,174,0,0,56.06,1.25,0,56.06,28.81,5.477,,clear-night,clear,0,0,0,0,1,0
,35.016627,-85.293567,2717 Rossville Blvd,,Rossville Blvd,5/18/2018 20:00,2018-05-18,20,1526688000,,,,Property Damage Under,Angle,No,No,No,No,15,2,No,No,Shoulder and Lap Belt Used,37419,Shoulder and Lap Belt Used,37421,No,No,Daylight,Clear,52,19,24,1,7,19,1526684400,0.76,0.74,208,0,0.013,75.16,2.48,0.75,74.46,66.27,1.848,rain,fog,foggy,0,0,1,0,0,0
,35.021809,-85.297892,18000 Interstate 24 Eb rd,,Rossville Blvd,5/24/2018 13:00,2018-05-24,13,1527181200,,,,Possible Injury,Front to Rear,No,No,Yes,No,45,2,No,No,Shoulder and Lap Belt Used,37075,Shoulder and Lap Belt Used,37379,No,No,Daylight,Clear,52,19,24,1,7,19,1527177600,0.55,3.18,156,6,0,87.97,8.28,0.7,85.04,67.31,5.479,,partly-cloudy-day,mostly cloudy,0,1,0,0,0,0
,35.019873,-85.293632,18000 Interstate,I-24,Rossville Blvd,5/27/2018 17:00,2018-05-27,17,1527454800,,,,Property Damage Under,Front to Rear,No,No,No,No,45,2,No,No,Shoulder and Lap Belt Used,37604,Shoulder and Lap Belt Used,37331,No,No,Daylight,Clear,52,19,24,1,7,19,1527451200,0.63,3.43,119,4,0,87.68,7.93,0.72,83.65,69.63,6.193,,partly-cloudy-day,mostly cloudy,0,1,0,0,0,0
,35.015629,-85.293894,2727 Rossville Blvd,,E 28th,6/5/2018 16:00,2018-06-05,16,1528228800,,,,Possible Injury,Angle,No,No,Yes,No,45,2,No,No,Shoulder and Lap Belt Used,37407,Shoulder and Lap Belt Used,37407,No,No,Daylight,Clear,52,19,24,1,7,19,1528225200,0.36,3.26,269,6,0,82.41,8.49,0.4,82.41,52.87,3.714,,partly-cloudy-day,partly cloudy,0,1,0,0,0,0
,35.02196,-85.295481,2300 S Holtzclaw Rd,,E 23rd St,6/8/2018 16:00,2018-06-08,16,1528488000,,,,Property Damage Under,"Sideswipe, Same Direction",No,No,No,No,35,2,No,No,Shoulder and Lap Belt Used,37321,Shoulder and Lap Belt Used,37416,No,No,Daylight,Clear,52,19,24,1,7,19,1528484400,0.43,4.26,127,5,0,90.7,7.31,0.68,89.41,63.77,6.193,,partly-cloudy-day,mostly cloudy,0,1,0,0,0,0
,35.021809,-85.297892,18000 Interstate 24 Eb rd,,Cannon Ave,6/10/2018 13:00,2018-06-10,13,1528650000,,,,Possible Injury,Front to Rear,No,No,No,No,55,3,No,No,Shoulder and Lap Belt Used,37313,Shoulder and Lap Belt Used,89436,No,No,Daylight,Clear,52,19,24,1,7,19,1528646400,0.54,4.76,282,6,0,89.1,9.25,0.7,85.97,67.52,6.193,,partly-cloudy-day,mostly cloudy,0,1,0,0,0,0
,35.020518,-85.296484,18010 Interstate,I-24,18000 Interstate,6/15/2018 18:00,2018-06-15,18,1529100000,,,,Property Damage Under,Front to Rear,No,No,No,No,55,2,No,No,Shoulder and Lap Belt Used,37830,Shoulder and Lap Belt Used,75050,No,No,Daylight,Clear,52,19,24,1,7,19,1529096400,0.42,4.7,31,3,0,93.75,9.83,0.4,91.48,65.18,6.193,,partly-cloudy-day,partly cloudy,0,1,0,0,0,0
,35.015629,-85.293894,2727 Rossville Blvd,,E 28th st,7/15/2018 10:00,2018-07-15,10,1531663200,,,,Possible Injury,Angle,Yes,No,No,No,25,2,No,No,Unknown,Unknown,Unknown,37407,,,Daylight,Clear,52,19,24,1,7,19,1531659600,0.77,4.03,181,3,0,83.94,7.3,0.68,80.07,72.14,6.884,,partly-cloudy-day,humid and mostly cloudy,0,1,0,0,0,0
,35.020614,-85.296841,Interstate 24 east,I-24,,8/15/2018 20:00,2018-08-15,20,1534377600,,,,Property Damage,Not Collision with Motor Vehicle in Transport,No,No,No,No,55,1,No,No,Shoulder and Lap Belt Used,30736,,,No,No,Daylight,Clear,52,19,24,1,7,19,1534374000,0.68,3.07,118,0,0,89.58,6.92,0.68,83.81,72.29,4.395,,partly-cloudy-day,humid and mostly cloudy,0,1,0,0,0,0
,35.015941,-85.293068,E 27th St,,Rossville Blvd,8/30/2018 14:00,2018-08-30,14,1535652000,,,,Property Damage,Angle,No,No,No,No,45,2,No,No,Shoulder and Lap Belt Used,37338,Shoulder and Lap Belt Used,37379,No,No,Daylight,Clear,52,19,24,1,7,19,1535648400,0.5,4.33,147,6,0,93.79,8.67,0.68,89.62,68.39,5.183,,partly-cloudy-day,mostly cloudy,0,1,0,0,0,0
,35.017208,-85.293226,Rossville Blvd,SR-2600,E. 28th st,8/30/2018 22:00,2018-08-30,22,1535680800,,,,Property Damage,Not Collision with Motor Vehicle in Transport,Yes,No,No,No,40,1,No,No,,37363,Unknown,37407,,,Dark - Lighted,Rain,52,19,24,1,7,19,1535677200,0.72,3.65,66,0,0.009,79.74,5.27,0.93,78.78,69,3.768,rain,cloudy,overcast,0,1,0,0,0,0
,35.020518,-85.296484,18010 I 24 Rd,I-24,I 24 WB,9/9/2018 20:00,2018-09-09,20,1536537600,,,,Property Damage,Not Collision with Motor Vehicle in Transport,No,No,No,No,55,1,No,No,Shoulder and Lap Belt Used,30741,,,No,Yes,Dark - Lighted,Clear,52,19,24,1,7,19,1536534000,0.76,5.34,263,0,0.006,78.32,7.68,0.98,77.3,69.29,5.81,rain,cloudy,overcast,0,1,0,0,0,0
,35.02156,-85.297411,180 I24w Interstate,I-24,Market St,9/10/2018 15:00,2018-09-10,15,1536606000,,,,Property Damage,Not Collision with Motor Vehicle in Transport,No,No,No,No,55,2,No,No,,37421,Shoulder and Lap Belt Used,37419,No,No,Daylight,Clear,52,19,24,1,7,19,1536602400,0.88,2.79,282,5,0.071,74.56,6.48,0.77,73.4,69.48,6.119,rain,rain,light rain,1,0,0,0,0,1
,35.020202,-85.293614,2500 Rossville Blvd,,Cannon Ave,9/13/2018 14:00,2018-09-13,14,1536861600,,,,Property Damage,"Sideswipe, Same Direction",Yes,No,No,No,45,3,No,No,Unknown,37302,Unknown,30725,No,No,Daylight,Clear,52,19,24,1,7,19,1536858000,0.55,4.13,32,7,0,94.82,9.26,0.44,88.91,70.74,3.472,,partly-cloudy-day,partly cloudy,0,1,0,0,0,0
,35.02156,-85.297411,18000 Interstate,I-24,18000 Interstate,9/27/2018 19:00,2018-09-27,19,1538089200,,,,Property Damage,Not Collision with Motor Vehicle in Transport,No,No,No,No,55,1,No,No,,37243,Shoulder and Lap Belt Used,37347,No,No,Dark - Lighted,Rain,52,19,24,1,7,19,1538085600,0.92,3.33,295,0,0.198,72.87,4.77,0.77,71.66,69.29,2.243,rain,rain,rain,1,0,0,0,0,1
,35.02156,-85.297411,1800 Hwy 24,I-24,Exit 178,9/28/2018 5:00,2018-09-28,5,1538125200,,,,Property Damage,Unknown,No,No,No,No,55,1,No,No,,37347,,,,,Dark - Not Lighted,Unknown,52,19,24,1,7,19,1538121600,0.94,1.85,45,0,0,66.97,4.45,1,66.23,64.45,5.633,,cloudy,overcast,0,1,0,0,0,0
,35.015629,-85.293894,2727 Rossville Blvd,US-2727,Unknown,11/3/2018 0:00,2018-11-03,0,1541217600,,,,Property Damage,Unknown,Yes,No,No,No,,2,No,No,Unknown,Unknown,,37409,,,Unknown,Unknown,52,19,24,1,7,19,1541214000,0.91,1.59,258,0,0,43.25,4.2,0.77,43.25,40.7,6.323,,partly-cloudy-night,mostly cloudy,0,1,0,0,0,0
,35.019215,-85.298212,2707 Cannon Ave,,Prayer Ln,11/14/2018 21:00,2018-11-14,21,1542247200,,,,Suspected Minor Injury,"Sideswipe, Same Direction",No,No,Yes,No,30,3,No,No,Shoulder and Lap Belt Used,37410,,37407,No,No,Dark - Lighted,Rain,52,19,24,1,7,19,1542243600,0.93,5.32,89,0,0.073,38.09,5.65,0.98,41.58,39.84,1.914,rain,rain,light rain,1,0,0,0,0,1
,35.018681,-85.291531,18040 Interstate 24 Wb rd,I-24,Rossville Blvd,12/5/2018 7:00,2018-12-05,7,1544011200,,,,Property Damage Under,Front to Rear,No,No,No,No,55,2,No,No,Shoulder and Lap Belt Used,37830,None Used MV Occupant,37404,No,No,Dawn,Clear,52,19,24,1,7,19,1544007600,0.68,4.29,294,0,0,28.82,7.71,0.72,32.91,23.39,2.992,,partly-cloudy-night,mostly cloudy,0,1,0,0,0,0
,35.018474,-85.293175,18000 Interstate 24 Eb rd,I-24,Rossville Blvd,12/28/2018 15:00,2018-12-28,15,1546027200,,,,Property Damage,Front to Rear,No,No,No,No,55,2,No,No,Shoulder and Lap Belt Used,37380,Shoulder and Lap Belt Used,27565,No,No,Daylight,Clear,52,19,24,1,7,19,1546023600,0.83,2.94,217,1,0,60.95,7.68,0.77,60.95,55.82,3.833,,partly-cloudy-day,mostly cloudy,0,1,0,0,0,0
,35.02156,-85.297411,1800 INTERSTATE,I-24,4th Avenue exit,1/3/2019 0:00,2019-01-03,0,1546491600,,,,Property Damage,"Sideswipe, Same Direction",No,No,No,No,55,2,No,No,Unknown,37411,Unknown,30643,No,No,Dark - Lighted,Rain,52,19,24,1,7,19,1546488000,0.98,1.12,332,0,0.068,48.2,6.07,1,48.2,47.62,2.944,rain,rain,light rain,1,0,0,0,0,1
,35.02156,-85.297411,1800 INTERSTATE,I-24,4th Avenue exit,1/3/2019 0:00,2019-01-03,0,1546491600,,,,Property Damage,"Sideswipe, Same Direction",No,No,No,No,55,2,No,No,Unknown,37411,Unknown,30643,No,No,Dark - Lighted,Rain,52,19,24,1,7,19,1546488000,0.98,1.12,332,0,0.068,48.2,6.07,1,48.2,47.62,2.944,rain,rain,light rain,1,0,0,0,0,1
,35.02156,-85.297411,1800 INTERSTATE,I-24,4th Avenue exit,1/3/2019 0:00,2019-01-03,0,1546491600,,,,Property Damage,"Sideswipe, Same Direction",No,No,No,No,55,2,No,No,Unknown,37411,Unknown,30643,No,No,Dark - Lighted,Rain,52,19,24,1,7,19,1546488000,0.98,1.12,332,0,0.068,48.2,6.07,1,48.2,47.62,2.944,rain,rain,light rain,1,0,0,0,0,1
,35.02156,-85.297411,1800 INTERSTATE,I-24,4th Avenue exit,1/3/2019 0:00,2019-01-03,0,1546491600,,,,Property Damage,"Sideswipe, Same Direction",No,No,No,No,55,2,No,No,Unknown,37411,Unknown,30643,No,No,Dark - Lighted,Rain,52,19,24,1,7,19,1546488000,0.98,1.12,332,0,0.068,48.2,6.07,1,48.2,47.62,2.944,rain,rain,light rain,1,0,0,0,0,1
,35.018486,-85.293777,1800 Interstate,I-24,18100 Interstate,1/3/2019 16:00,2019-01-03,16,1546549200,,,,Property Damage,Front to Rear,No,No,No,No,55,2,No,No,Shoulder and Lap Belt Used,55330,Shoulder and Lap Belt Used,37412,No,No,Daylight,Cloudy,52,19,24,1,7,19,1546545600,0.84,2.86,51,1,0,53.55,5.77,0.98,53.55,48.74,3.119,,cloudy,overcast,0,1,0,0,0,0
,35.018486,-85.293777,1800 Interstate,I-24,18100 Interstate,1/3/2019 16:00,2019-01-03,16,1546549200,,,,Property Damage,Front to Rear,No,No,No,No,55,2,No,No,Shoulder and Lap Belt Used,55330,Shoulder and Lap Belt Used,37412,No,No,Daylight,Cloudy,52,19,24,1,7,19,1546545600,0.84,2.86,51,1,0,53.55,5.77,0.98,53.55,48.74,3.119,,cloudy,overcast,0,1,0,0,0,0
,35.018486,-85.293777,1800 Interstate,I-24,18100 Interstate,1/3/2019 16:00,2019-01-03,16,1546549200,,,,Property Damage,Front to Rear,No,No,No,No,55,2,No,No,Shoulder and Lap Belt Used,55330,Shoulder and Lap Belt Used,37412,No,No,Daylight,Cloudy,52,19,24,1,7,19,1546545600,0.84,2.86,51,1,0,53.55,5.77,0.98,53.55,48.74,3.119,,cloudy,overcast,0,1,0,0,0,0
,35.018486,-85.293777,1800 Interstate,I-24,18100 Interstate,1/3/2019 16:00,2019-01-03,16,1546549200,,,,Property Damage,Front to Rear,No,No,No,No,55,2,No,No,Shoulder and Lap Belt Used,55330,Shoulder and Lap Belt Used,37412,No,No,Daylight,Cloudy,52,19,24,1,7,19,1546545600,0.84,2.86,51,1,0,53.55,5.77,0.98,53.55,48.74,3.119,,cloudy,overcast,0,1,0,0,0,0
,35.015093,-85.293499,2800 Rossville Blvd,SR-1,E 28th st,1/4/2019 19:00,2019-01-04,19,1546646400,,,,Property Damage,"Sideswipe, Opposite Direction",Yes,No,No,No,40,2,No,No,Shoulder and Lap Belt Used,37415,Unknown,Unknown,No,No,Dark - Unknown Lighting,Rain,52,19,24,1,7,19,1546642800,0.7,8.07,248,0,0,43.99,18.05,0.75,47.74,38.26,5.403,,partly-cloudy-night,mostly cloudy,0,1,0,0,0,0
,35.015093,-85.293499,2800 Rossville Blvd,SR-1,E 28th st,1/4/2019 19:00,2019-01-04,19,1546646400,,,,Property Damage,"Sideswipe, Opposite Direction",Yes,No,No,No,40,2,No,No,Shoulder and Lap Belt Used,37415,Unknown,Unknown,No,No,Dark - Unknown Lighting,Rain,52,19,24,1,7,19,1546642800,0.7,8.07,248,0,0,43.99,18.05,0.75,47.74,38.26,5.403,,partly-cloudy-night,mostly cloudy,0,1,0,0,0,0
,35.015093,-85.293499,2800 Rossville Blvd,SR-1,E 28th st,1/4/2019 19:00,2019-01-04,19,1546646400,,,,Property Damage,"Sideswipe, Opposite Direction",Yes,No,No,No,40,2,No,No,Shoulder and Lap Belt Used,37415,Unknown,Unknown,No,No,Dark - Unknown Lighting,Rain,52,19,24,1,7,19,1546642800,0.7,8.07,248,0,0,43.99,18.05,0.75,47.74,38.26,5.403,,partly-cloudy-night,mostly cloudy,0,1,0,0,0,0