Accident,Latitude,Longitude,Street,AltStreet,Intersection,DateTime,Date,Hour,Unix,WeekDay,WeekEnd,DayFrame,AccidentType,CollisionType,HaR,FatalInjury,MedicalTransport,InvolvedPlacardedTruck,PostedSpeed,TotalVehiclesInvolved,PedestrianInvolved,BicycleInvolved,DriverOneSafetyEquipment,DriverOneZip,DriverTwoSafetyEquipment,DriverTwoZip,Drug,Alcohol,LightCondition,Weather,Grid_Block,Grid_Col,Grid_Row,Highway,Land_Use_Mode,Road_Count,HourBefore,humidity,windSpeed,windBearing,uvIndex,precipIntensity,apparentTemperature,windGust,cloudCover,temperature,dewPoint,visibility,precipType,Event,Conditions,Rain,Cloudy,Foggy,Snow,Clear,RainBefore
,35.015093,-85.293499,2800 Rossville Blvd,SR-1,E 28th st,1/4/2019 19:00,2019-01-04,19,1546646400,,,,Property Damage,"Sideswipe, Opposite Direction",Yes,No,No,No,40,2,No,No,Shoulder and Lap Belt Used,37415,Unknown,Unknown,No,No,Dark - Unknown Lighting,Rain,52,19,24,1,7,19,1546642800,0.7,8.07,248,0,0,43.99,18.05,0.75,47.74,38.26,5.403,,partly-cloudy-night,mostly cloudy,0,1,0,0,0,0
,35.020202,-85.293614,Rossville Blvd,,Lindberg Ave,1/28/2019 6:00,2019-01-28,6,1548673200,,,,Property Damage,Angle,No,No,No,No,40,2,No,No,Shoulder and Lap Belt Used,30728,Shoulder and Lap Belt Used,37404,No,No,Dawn,Clear,52,19,24,1,7,19,1548669600,0.89,1.66,165,0,0,31.83,3.04,0.17,31.83,28.89,3.088,,partly-cloudy-night,partly cloudy,0,1,0,0,0,0
,35.020202,-85.293614,Rossville Blvd,,Lindberg Ave,1/28/2019 6:00,2019-01-28,6,1548673200,,,,Property Damage,Angle,No,No,No,No,40,2,No,No,Shoulder and Lap Belt Used,30728,Shoulder and Lap Belt Used,37404,No,No,Dawn,Clear,52,19,24,1,7,19,1548669600,0.89,1.66,165,0,0,31.83,3.04,0.17,31.83,28.89,3.088,,partly-cloudy-night,partly cloudy,0,1,0,0,0,0
,35.020202,-85.293614,Rossville Blvd,,Lindberg Ave,1/28/2019 6:00,2019-01-28,6,1548673200,,,,Property Damage,Angle,No,No,No,No,40,2,No,No,Shoulder and Lap Belt Used,30728,Shoulder and Lap Belt Used,37404,No,No,Dawn,Clear,52,19,24,1,7,19,1548669600,0.89,1.66,165,0,0,31.83,3.04,0.17,31.83,28.89,3.088,,partly-cloudy-night,partly cloudy,0,1,0,0,0,0
,35.020202,-85.293614,Rossville Blvd,,Lindberg Ave,1/28/2019 6:00,2019-01-28,6,1548673200,,,,Property Damage,Angle,No,No,No,No,40,2,No,No,Shoulder and Lap Belt Used,30728,Shoulder and Lap Belt Used,37404,No,No,Dawn,Clear,52,19,24,1,7,19,1548669600,0.89,1.66,165,0,0,31.83,3.04,0.17,31.83,28.89,3.088,,partly-cloudy-night,partly cloudy,0,1,0,0,0,0
,35.015629,-85.293894,2727 Rossville Blvd,,28th st,2/22/2019 15:00,2019-02-22,15,1550865600,,,,Property Damage,Other,No,No,No,No,35,2,No,No,Shoulder and Lap Belt Used,30728,Shoulder and Lap Belt Used,37347,No,No,Daylight,Rain,52,19,24,1,7,19,1550862000,0.95,4.62,48,3,0.019,51.01,10.07,1,51.01,49.55,1.197,rain,rain,light rain,1,0,0,0,0,1
,35.015629,-85.293894,2727 Rossville Blvd,,28th st,2/22/2019 15:00,2019-02-22,15,1550865600,,,,Property Damage,Other,No,No,No,No,35,2,No,No,Shoulder and Lap Belt Used,30728,Shoulder and Lap Belt Used,37347,No,No,Daylight,Rain,52,19,24,1,7,19,1550862000,0.95,4.62,48,3,0.019,51.01,10.07,1,51.01,49.55,1.197,rain,rain,light rain,1,0,0,0,0,1
,35.015629,-85.293894,2727 Rossville Blvd,,28th st,2/22/2019 15:00,2019-02-22,15,1550865600,,,,Property Damage,Other,No,No,No,No,35,2,No,No,Shoulder and Lap Belt Used,30728,Shoulder and Lap Belt Used,37347,No,No,Daylight,Rain,52,19,24,1,7,19,1550862000,0.95,4.62,48,3,0.019,51.01,10.07,1,51.01,49.55,1.197,rain,rain,light rain,1,0,0,0,0,1
,35.015629,-85.293894,2727 Rossville Blvd,,28th st,2/22/2019 15:00,2019-02-22,15,1550865600,,,,Property Damage,Other,No,No,No,No,35,2,No,No,Shoulder and Lap Belt Used,30728,Shoulder and Lap Belt Used,37347,No,No,Daylight,Rain,52,19,24,1,7,19,1550862000,0.95,4.62,48,3,0.019,51.01,10.07,1,51.01,49.55,1.197,rain,rain,light rain,1,0,0,0,0,1
,35.021809,-85.297892,18000 Interstate 24 Eb St,,Rossville Blvd,2/26/2019 10:00,2019-02-26,10,1551193200,,,,Property Damage,"Sideswipe, Same Direction",No,No,No,No,55,2,No,No,Shoulder and Lap Belt Used,35772,Shoulder and Lap Belt Used,30707,No,No,Daylight,Clear,52,19,24,1,7,19,1551189600,0.5,3.07,58,2,0,47.92,7.29,0.68,48.5,30.83,6.567,,partly-cloudy-day,mostly cloudy,0,1,0,0,0,0
,35.021809,-85.297892,18000 Interstate 24 Eb St,,Rossville Blvd,2/26/2019 10:00,2019-02-26,10,1551193200,,,,Property Damage,"Sideswipe, Same Direction",No,No,No,No,55,2,No,No,Shoulder and Lap Belt Used,35772,Shoulder and Lap Belt Used,30707,No,No,Daylight,Clear,52,19,24,1,7,19,1551189600,0.5,3.07,58,2,0,47.92,7.29,0.68,48.5,30.83,6.567,,partly-cloudy-day,mostly cloudy,0,1,0,0,0,0
,35.021809,-85.297892,18000 Interstate 24 Eb St,,Rossville Blvd,2/26/2019 10:00,2019-02-26,10,1551193200,,,,Property Damage,"Sideswipe, Same Direction",No,No,No,No,55,2,No,No,Shoulder and Lap Belt Used,35772,Shoulder and Lap Belt Used,30707,No,No,Daylight,Clear,52,19,24,1,7,19,1551189600,0.5,3.07,58,2,0,47.92,7.29,0.68,48.5,30.83,6.567,,partly-cloudy-day,mostly cloudy,0,1,0,0,0,0
,35.021809,-85.297892,18000 Interstate 24 Eb St,,Rossville Blvd,2/26/2019 10:00,2019-02-26,10,1551193200,,,,Property Damage,"Sideswipe, Same Direction",No,No,No,No,55,2,No,No,Shoulder and Lap Belt Used,35772,Shoulder and Lap Belt Used,30707,No,No,Daylight,Clear,52,19,24,1,7,19,1551189600,0.5,3.07,58,2,0,47.92,7.29,0.68,48.5,30.83,6.567,,partly-cloudy-day,mostly cloudy,0,1,0,0,0,0
,35.02156,-85.297411,18000 Interstate 24 Wb Rd,I-24,Broad St,3/9/2019 1:00,2019-03-09,1,1552111200,,,,Possible Injury,Front to Rear,No,No,No,No,60,2,No,No,Shoulder and Lap Belt Used,35769,Shoulder and Lap Belt Used,30707,No,No,Daylight,Rain,52,19,24,1,7,19,1552107600,0.97,3.37,55,0,0.119,46.63,6.91,1,47.61,46.84,3.205,rain,rain,rain,1,0,0,0,0,1
,35.02156,-85.297411,18000 Interstate 24 Wb Rd,I-24,Broad St,3/9/2019 1:00,2019-03-09,1,1552111200,,,,Possible Injury,Front to Rear,No,No,No,No,60,2,No,No,Shoulder and Lap Belt Used,35769,Shoulder and Lap Belt Used,30707,No,No,Daylight,Rain,52,19,24,1,7,19,1552107600,0.97,3.37,55,0,0.119,46.63,6.91,1,47.61,46.84,3.205,rain,rain,rain,1,0,0,0,0,1
,35.02156,-85.297411,18000 Interstate 24 Wb Rd,I-24,Broad St,3/9/2019 1:00,2019-03-09,1,1552111200,,,,Possible Injury,Front to Rear,No,No,No,No,60,2,No,No,Shoulder and Lap Belt Used,35769,Shoulder and Lap Belt Used,30707,No,No,Daylight,Rain,52,19,24,1,7,19,1552107600,0.97,3.37,55,0,0.119,46.63,6.91,1,47.61,46.84,3.205,rain,rain,rain,1,0,0,0,0,1
,35.02156,-85.297411,18000 Interstate 24 Wb Rd,I-24,Broad St,3/9/2019 1:00,2019-03-09,1,1552111200,,,,Possible Injury,Front to Rear,No,No,No,No,60,2,No,No,Shoulder and Lap Belt Used,35769,Shoulder and Lap Belt Used,30707,No,No,Daylight,Rain,52,19,24,1,7,19,1552107600,0.97,3.37,55,0,0.119,46.63,6.91,1,47.61,46.84,3.205,rain,rain,rain,1,0,0,0,0,1
,35.018786,-85.29416,24 WB Highway,I-24,Exit 180 b,3/15/2019 6:00,2019-03-15,6,1552644000,,,,Property Damage,"Sideswipe, Same Direction",Yes,No,No,No,55,3,No,No,Unknown,Unknown,Shoulder and Lap Belt Used,37363,No,No,Dark - Lighted,Clear,52,19,24,1,7,19,1552640400,0.67,5.01,269,0,0.002,59.95,9.03,0.43,59.95,48.83,10,rain,partly-cloudy-night,partly cloudy,0,1,0,0,0,0
,35.018786,-85.29416,24 WB Highway,I-24,Exit 180 b,3/15/2019 6:00,2019-03-15,6,1552644000,,,,Property Damage,"Sideswipe, Same Direction",Yes,No,No,No,55,3,No,No,Unknown,Unknown,Shoulder and Lap Belt Used,37363,No,No,Dark - Lighted,Clear,52,19,24,1,7,19,1552640400,0.67,5.01,269,0,0.002,59.95,9.03,0.43,59.95,48.83,10,rain,partly-cloudy-night,partly cloudy,0,1,0,0,0,0
,35.018786,-85.29416,24 WB Highway,I-24,Exit 180 b,3/15/2019 6:00,2019-03-15,6,1552644000,,,,Property Damage,"Sideswipe, Same Direction",Yes,No,No,No,55,3,No,No,Unknown,Unknown,Shoulder and Lap Belt Used,37363,No,No,Dark - Lighted,Clear,52,19,24,1,7,19,1552640400,0.67,5.01,269,0,0.002,59.95,9.03,0.43,59.95,48.83,10,rain,partly-cloudy-night,partly cloudy,0,1,0,0,0,0
,35.018786,-85.29416,24 WB Highway,I-24,Exit 180 b,3/15/2019 6:00,2019-03-15,6,1552644000,,,,Property Damage,"Sideswipe, Same Direction",Yes,No,No,No,55,3,No,No,Unknown,Unknown,Shoulder and Lap Belt Used,37363,No,No,Dark - Lighted,Clear,52,19,24,1,7,19,1552640400,0.67,5.01,269,0,0.002,59.95,9.03,0.43,59.95,48.83,10,rain,partly-cloudy-night,partly cloudy,0,1,0,0,0,0
,35.015629,-85.293894,Rossville Blvd,,Rossville Blvd,3/19/2019 21:00,2019-03-19,21,1553043600,,,,Possible Injury,Front to Rear,Yes,No,Yes,No,40,2,No,No,Unknown,Unknown,Shoulder and Lap Belt Used,37321,No,No,Dark - Not Lighted,Clear,52,19,24,1,7,19,1553040000,0.36,2.73,71,0,0,49.05,7.42,0,49.05,22.92,6.235,,clear-night,clear,0,0,0,0,1,0
,35.015629,-85.293894,Rossville Blvd,,Rossville Blvd,3/19/2019 21:00,2019-03-19,21,1553043600,,,,Possible Injury,Front to Rear,Yes,No,Yes,No,40,2,No,No,Unknown,Unknown,Shoulder and Lap Belt Used,37321,No,No,Dark - Not Lighted,Clear,52,19,24,1,7,19,1553040000,0.36,2.73,71,0,0,49.05,7.42,0,49.05,22.92,6.235,,clear-night,clear,0,0,0,0,1,0
,35.015629,-85.293894,Rossville Blvd,,Rossville Blvd,3/19/2019 21:00,2019-03-19,21,1553043600,,,,Possible Injury,Front to Rear,Yes,No,Yes,No,40,2,No,No,Unknown,Unknown,Shoulder and Lap Belt Used,37321,No,No,Dark - Not Lighted,Clear,52,19,24,1,7,19,1553040000,0.36,2.73,71,0,0,49.05,7.42,0,49.05,22.92,6.235,,clear-night,clear,0,0,0,0,1,0
,35.015629,-85.293894,Rossville Blvd,,Rossville Blvd,3/19/2019 21:00,2019-03-19,21,1553043600,,,,Possible Injury,Front to Rear,Yes,No,Yes,No,40,2,No,No,Unknown,Unknown,Shoulder and Lap Belt Used,37321,No,No,Dark - Not Lighted,Clear,52,19,24,1,7,19,1553040000,0.36,2.73,71,0,0,49.05,7.42,0,49.05,22.92,6.235,,clear-night,clear,0,0,0,0,1,0
,35.019365,-85.295337,18020 Interstate 24 Wb Hwy,US-18020,Rossvile Blvd,4/6/2019 2:00,2019-04-06,2,1554530400,,,,Property Damage,Not Collision with Motor Vehicle in Transport,No,No,No,No,55,1,No,No,Shoulder and Lap Belt Used,37406,,,No,Yes,Dark - Lighted,Clear,52,19,24,1,7,19,1554526800,0.88,1.06,40,0,0,57.98,4.58,0.77,57.98,54.33,4.053,,partly-cloudy-night,mostly cloudy,0,1,0,0,0,0
,35.019365,-85.295337,18020 Interstate 24 Wb Hwy,US-18020,Rossvile Blvd,4/6/2019 2:00,2019-04-06,2,1554530400,,,,Property Damage,Not Collision with Motor Vehicle in Transport,No,No,No,No,55,1,No,No,Shoulder and Lap Belt Used,37406,,,No,Yes,Dark - Lighted,Clear,52,19,24,1,7,19,1554526800,0.88,1.06,40,0,0,57.98,4.58,0.77,57.98,54.33,4.053,,partly-cloudy-night,mostly cloudy,0,1,0,0,0,0
,35.019365,-85.295337,18020 Interstate 24 Wb Hwy,US-18020,Rossvile Blvd,4/6/2019 2:00,2019-04-06,2,1554530400,,,,Property Damage,Not Collision with Motor Vehicle in Transport,No,No,No,No,55,1,No,No,Shoulder and Lap Belt Used,37406,,,No,Yes,Dark - Lighted,Clear,52,19,24,1,7,19,1554526800,0.88,1.06,40,0,0,57.98,4.58,0.77,57.98,54.33,4.053,,partly-cloudy-night,mostly cloudy,0,1,0,0,0,0
,35.019365,-85.295337,18020 Interstate 24 Wb Hwy,US-18020,Rossvile Blvd,4/6/2019 2:00,2019-04-06,2,1554530400,,,,Property Damage,Not Collision with Motor Vehicle in Transport,No,No,No,No,55,1,No,No,Shoulder and Lap Belt Used,37406,,,No,Yes,Dark - Lighted,Clear,52,19,24,1,7,19,1554526800,0.88,1.06,40,0,0,57.98,4.58,0.77,57.98,54.33,4.053,,partly-cloudy-night,mostly cloudy,0,1,0,0,0,0
,35.018733,-85.294022,18030 Interstate,I-24,18130 Interstate,4/11/2019 21:00,2019-04-11,21,1555030800,,,,Property Damage Under,Front to Rear,No,No,No,No,55,2,No,No,Shoulder and Lap Belt Used,44095,Shoulder and Lap Belt Used,30224,No,No,Dark - Lighted,Clear,52,19,24,1,7,19,1555027200,0.35,9.22,146,0,0,78.7,19.06,0.75,78.7,48.46,6.055,,partly-cloudy-night,mostly cloudy,0,1,0,0,0,0
,35.018733,-85.294022,18030 Interstate,I-24,18130 Interstate,4/11/2019 21:00,2019-04-11,21,1555030800,,,,Property Damage Under,Front to Rear,No,No,No,No,55,2,No,No,Shoulder and Lap Belt Used,44095,Shoulder and Lap Belt Used,30224,No,No,Dark - Lighted,Clear,52,19,24,1,7,19,1555027200,0.35,9.22,146,0,0,78.7,19.06,0.75,78.7,48.46,6.055,,partly-cloudy-night,mostly cloudy,0,1,0,0,0,0
,35.018733,-85.294022,18030 Interstate,I-24,18130 Interstate,4/11/2019 21:00,2019-04-11,21,1555030800,,,,Property Damage Under,Front to Rear,No,No,No,No,55,2,No,No,Shoulder and Lap Belt Used,44095,Shoulder and Lap Belt Used,30224,No,No,Dark - Lighted,Clear,52,19,24,1,7,19,1555027200,0.35,9.22,146,0,0,78.7,19.06,0.75,78.7,48.46,6.055,,partly-cloudy-night,mostly cloudy,0,1,0,0,0,0
,35.018733,-85.294022,18030 Interstate,I-24,18130 Interstate,4/11/2019 21:00,2019-04-11,21,1555030800,,,,Property Damage Under,Front to Rear,No,No,No,No,55,2,No,No,Shoulder and Lap Belt Used,44095,Shoulder and Lap Belt Used,30224,No,No,Dark - Lighted,Clear,52,19,24,1,7,19,1555027200,0.35,9.22,146,0,0,78.7,19.06,0.75,78.7,48.46,6.055,,partly-cloudy-night,mostly cloudy,0,1,0,0,0,0
,35.021809,-85.297892,Interstate 24 East Bound,I-24,Rossville Blvd,4/24/2019 18:00,2019-04-24,18,1556143200,,,,Possible Injury,Unknown,Yes,No,No,No,50,2,No,No,Unknown,Unknown,Unknown,30127,No,No,Daylight,Clear,52,19,24,1,7,19,1556139600,0.29,7.55,204,2,0,83.59,13.1,0,83.59,48.14,6.987,,clear-day,clear,0,0,0,0,1,0
,35.021809,-85.297892,Interstate 24 East Bound,I-24,Rossville Blvd,4/24/2019 18:00,2019-04-24,18,1556143200,,,,Possible Injury,Unknown,Yes,No,No,No,50,2,No,No,Unknown,Unknown,Unknown,30127,No,No,Daylight,Clear,52,19,24,1,7,19,1556139600,0.29,7.55,204,2,0,83.59,13.1,0,83.59,48.14,6.987,,clear-day,clear,0,0,0,0,1,0
,35.021809,-85.297892,Interstate 24 East Bound,I-24,Rossville Blvd,4/24/2019 18:00,2019-04-24,18,1556143200,,,,Possible Injury,Unknown,Yes,No,No,No,50,2,No,No,Unknown,Unknown,Unknown,30127,No,No,Daylight,Clear,52,19,24,1,7,19,1556139600,0.29,7.55,204,2,0,83.59,13.1,0,83.59,48.14,6.987,,clear-day,clear,0,0,0,0,1,0
,35.021809,-85.297892,Interstate 24 East Bound,I-24,Rossville Blvd,4/24/2019 18:00,2019-04-24,18,1556143200,,,,Possible Injury,Unknown,Yes,No,No,No,50,2,No,No,Unknown,Unknown,Unknown,30127,No,No,Daylight,Clear,52,19,24,1,7,19,1556139600,0.29,7.55,204,2,0,83.59,13.1,0,83.59,48.14,6.987,,clear-day,clear,0,0,0,0,1,0
,35.021809,-85.297892,18000 Interstate,I-24,18030 Interstate,5/1/2019 16:00,2019-05-01,16,1556740800,,,,Property Damage,Front to Rear,No,No,No,No,55,2,No,No,Shoulder and Lap Belt Used,30114,Shoulder and Lap Belt Used,37421,No,No,Daylight,Clear,52,19,24,1,7,19,1556737200,0.38,8.34,211,6,0,86.03,16.18,0.44,86.03,57.23,6.593,,partly-cloudy-day,partly cloudy,0,1,0,0,0,0
,35.021809,-85.297892,18000 Interstate,I-24,18030 Interstate,5/1/2019 16:00,2019-05-01,16,1556740800,,,,Property Damage,Front to Rear,No,No,No,No,55,2,No,No,Shoulder and Lap Belt Used,30114,Shoulder and Lap Belt Used,37421,No,No,Daylight,Clear,52,19,24,1,7,19,1556737200,0.38,8.34,211,6,0,86.03,16.18,0.44,86.03,57.23,6.593,,partly-cloudy-day,partly cloudy,0,1,0,0,0,0
,35.021809,-85.297892,18000 Interstate,I-24,18030 Interstate,5/1/2019 16:00,2019-05-01,16,1556740800,,,,Property Damage,Front to Rear,No,No,No,No,55,2,No,No,Shoulder and Lap Belt Used,30114,Shoulder and Lap Belt Used,37421,No,No,Daylight,Clear,52,19,24,1,7,19,1556737200,0.38,8.34,211,6,0,86.03,16.18,0.44,86.03,57.23,6.593,,partly-cloudy-day,partly cloudy,0,1,0,0,0,0
,35.021809,-85.297892,18000 Interstate,I-24,18030 Interstate,5/1/2019 16:00,2019-05-01,16,1556740800,,,,Property Damage,Front to Rear,No,No,No,No,55,2,No,No,Shoulder and Lap Belt Used,30114,Shoulder and Lap Belt Used,37421,No,No,Daylight,Clear,52,19,24,1,7,19,1556737200,0.38,8.34,211,6,0,86.03,16.18,0.44,86.03,57.23,6.593,,partly-cloudy-day,partly cloudy,0,1,0,0,0,0
,35.016236,-85.293568,2717 Rossville Blvd,,E 28th,5/4/2019 5:00,2019-05-04,5,1556960400,,,,Property Damage Under,Angle,Yes,No,No,No,15,2,No,No,Unknown,Unknown,Shoulder and Lap Belt Used,37408,No,No,Dusk,Clear,52,19,24,1,7,19,1556956800,0.91,1.75,7,0,0,64.89,3.18,0,64.46,61.83,3.663,,clear-night,clear,0,0,0,0,1,0
,35.016236,-85.293568,2717 Rossville Blvd,,E 28th,5/4/2019 5:00,2019-05-04,5,1556960400,,,,Property Damage Under,Angle,Yes,No,No,No,15,2,No,No,Unknown,Unknown,Shoulder and Lap Belt Used,37408,No,No,Dusk,Clear,52,19,24,1,7,19,1556956800,0.91,1.75,7,0,0,64.89,3.18,0,64.46,61.83,3.663,,clear-night,clear,0,0,0,0,1,0
,35.016236,-85.293568,2717 Rossville Blvd,,E 28th,5/4/2019 5:00,2019-05-04,5,1556960400,,,,Property Damage Under,Angle,Yes,No,No,No,15,2,No,No,Unknown,Unknown,Shoulder and Lap Belt Used,37408,No,No,Dusk,Clear,52,19,24,1,7,19,1556956800,0.91,1.75,7,0,0,64.89,3.18,0,64.46,61.83,3.663,,clear-night,clear,0,0,0,0,1,0
,35.016236,-85.293568,2717 Rossville Blvd,,E 28th,5/4/2019 5:00,2019-05-04,5,1556960400,,,,Property Damage Under,Angle,Yes,No,No,No,15,2,No,No,Unknown,Unknown,Shoulder and Lap Belt Used,37408,No,No,Dusk,Clear,52,19,24,1,7,19,1556956800,0.91,1.75,7,0,0,64.89,3.18,0,64.46,61.83,3.663,,clear-night,clear,0,0,0,0,1,0
,35.015639,-85.293809,2727 Rossville Blvd,,East 28th Street,5/16/2019 0:00,2019-05-16,0,1557979200,,,,Property Damage Under,Angle,Yes,No,No,No,15,2,No,No,Unknown,Unknown,Shoulder and Lap Belt Used,37171,No,No,Dark - Not Lighted,Clear,52,19,24,1,7,19,1557975600,0.84,1.26,194,0,0,61.73,3.87,0.77,61.73,56.82,3.464,,partly-cloudy-night,mostly cloudy,0,1,0,0,0,0
,35.015639,-85.293809,2727 Rossville Blvd,,East 28th Street,5/16/2019 0:00,2019-05-16,0,1557979200,,,,Property Damage Under,Angle,Yes,No,No,No,15,2,No,No,Unknown,Unknown,Shoulder and Lap Belt Used,37171,No,No,Dark - Not Lighted,Clear,52,19,24,1,7,19,1557975600,0.84,1.26,194,0,0,61.73,3.87,0.77,61.73,56.82,3.464,,partly-cloudy-night,mostly cloudy,0,1,0,0,0,0
,35.015639,-85.293809,2727 Rossville Blvd,,East 28th Street,5/16/2019 0:00,2019-05-16,0,1557979200,,,,Property Damage Under,Angle,Yes,No,No,No,15,2,No,No,Unknown,Unknown,Shoulder and Lap Belt Used,37171,No,No,Dark - Not Lighted,Clear,52,19,24,1,7,19,1557975600,0.84,1.26,194,0,0,61.73,3.87,0.77,61.73,56.82,3.464,,partly-cloudy-night,mostly cloudy,0,1,0,0,0,0
,35.015639,-85.293809,2727 Rossville Blvd,,East 28th Street,5/16/2019 0:00,2019-05-16,0,1557979200,,,,Property Damage Under,Angle,Yes,No,No,No,15,2,No,No,Unknown,Unknown,Shoulder and Lap Belt Used,37171,No,No,Dark - Not Lighted,Clear,52,19,24,1,7,19,1557975600,0.84,1.26,194,0,0,61.73,3.87,0.77,61.73,56.82,3.464,,partly-cloudy-night,mostly cloudy,0,1,0,0,0,0
,35.02156,-85.297411,180 Interstate 24 Wb St,,Rossville Blvd,5/19/2019 16:00,2019-05-19,16,1558296000,,,,Property Damage,Angle,Yes,No,No,No,55,2,No,No,Unknown,Unknown,Shoulder and Lap Belt Used,30032,No,No,Daylight,Clear,52,19,24,1,7,19,1558292400,0.37,13.31,209,5,0,87.34,22.48,0.72,87.34,57.68,5.323,,partly-cloudy-day,mostly cloudy,0,1,0,0,0,0
,35.02156,-85.297411,180 Interstate 24 Wb St,,Rossville Blvd,5/19/2019 16:00,2019-05-19,16,1558296000,,,,Property Damage,Angle,Yes,No,No,No,55,2,No,No,Unknown,Unknown,Shoulder and Lap Belt Used,30032,No,No,Daylight,Clear,52,19,24,1,7,19,1558292400,0.37,13.31,209,5,0,87.34,22.48,0.72,87.34,57.68,5.323,,partly-cloudy-day,mostly cloudy,0,1,0,0,0,0
,35.02156,-85.297411,180 Interstate 24 Wb St,,Rossville Blvd,5/19/2019 16:00,2019-05-19,16,1558296000,,,,Property Damage,Angle,Yes,No,No,No,55,2,No,No,Unknown,Unknown,Shoulder and Lap Belt Used,30032,No,No,Daylight,Clear,52,19,24,1,7,19,1558292400,0.37,13.31,209,5,0,87.34,22.48,0.72,87.34,57.68,5.323,,partly-cloudy-day,mostly cloudy,0,1,0,0,0,0
,35.02156,-85.297411,180 Interstate 24 Wb St,,Rossville Blvd,5/19/2019 16:00,2019-05-19,16,1558296000,,,,Property Damage,Angle,Yes,No,No,No,55,2,No,No,Unknown,Unknown,Shoulder and Lap Belt Used,30032,No,No,Daylight,Clear,52,19,24,1,7,19,1558292400,0.37,13.31,209,5,0,87.34,22.48,0.72,87.34,57.68,5.323,,partly-cloudy-day,mostly cloudy,0,1,0,0,0,0
,35.02156,-85.297411,18000 Interstate,I-24,18000 Interstate,5/24/2019 17:00,2019-05-24,17,1558731600,,,,Property Damage Under,Front to Rear,No,No,No,No,55,2,No,No,Shoulder and Lap Belt Used,42104,Shoulder and Lap Belt Used,30080,No,No,Daylight,Clear,52,19,24,1,7,19,1558728000,0.43,3.25,277,4,0,94.25,8.03,0.72,91.58,65.8,2.984,,partly-cloudy-day,mostly cloudy,0,1,0,0,0,0
,35.02156,-85.297411,18000 Interstate,I-24,18000 Interstate,5/24/2019 17:00,2019-05-24,17,1558731600,,,,Property Damage Under,Front to Rear,No,No,No,No,55,2,No,No,Shoulder and Lap Belt Used,42104,Shoulder and Lap Belt Used,30080,No,No,Daylight,Clear,52,19,24,1,7,19,1558728000,0.43,3.25,277,4,0,94.25,8.03,0.72,91.58,65.8,2.984,,partly-cloudy-day,mostly cloudy,0,1,0,0,0,0
,35.02156,-85.297411,18000 Interstate,I-24,18000 Interstate,5/24/2019 17:00,2019-05-24,17,1558731600,,,,Property Damage Under,Front to Rear,No,No,No,No,55,2,No,No,Shoulder and Lap Belt Used,42104,Shoulder and Lap Belt Used,30080,No,No,Daylight,Clear,52,19,24,1,7,19,1558728000,0.43,3.25,277,4,0,94.25,8.03,0.72,91.58,65.8,2.984,,partly-cloudy-day,mostly cloudy,0,1,0,0,0,0
,35.02156,-85.297411,18000 Interstate,I-24,18000 Interstate,5/24/2019 17:00,2019-05-24,17,1558731600,,,,Property Damage Under,Front to Rear,No,No,No,No,55,2,No,No,Shoulder and Lap Belt Used,42104,Shoulder and Lap Belt Used,30080,No,No,Daylight,Clear,52,19,24,1,7,19,1558728000,0.43,3.25,277,4,0,94.25,8.03,0.72,91.58,65.8,2.984,,partly-cloudy-day,mostly cloudy,0,1,0,0,0,0
,35.021218,-85.297354,1800 Interstate,I-24,18000 Interstate,6/6/2019 18:00,2019-06-06,18,1559858400,,,,Possible Injury,Angle,No,No,No,No,55,2,No,No,Shoulder and Lap Belt Used,37347,Shoulder and Lap Belt Used,40962,No,No,Daylight,Cloudy,52,19,24,1,7,19,1559854800,0.86,2.94,196,2,0.006,74.94,5.25,0.95,73.84,69.24,4.888,rain,rain,possible drizzle,1,0,0,0,0,1
,35.021218,-85.297354,1800 Interstate,I-24,18000 Interstate,6/6/2019 18:00,2019-06-06,18,1559858400,,,,Possible Injury,Angle,No,No,No,No,55,2,No,No,Shoulder and Lap Belt Used,37347,Shoulder and Lap Belt Used,40962,No,No,Daylight,Cloudy,52,19,24,1,7,19,1559854800,0.86,2.94,196,2,0.006,74.94,5.25,0.95,73.84,69.24,4.888,rain,rain,possible drizzle,1,0,0,0,0,1
,35.021218,-85.297354,1800 Interstate,I-24,18000 Interstate,6/6/2019 18:00,2019-06-06,18,1559858400,,,,Possible Injury,Angle,No,No,No,No,55,2,No,No,Shoulder and Lap Belt Used,37347,Shoulder and Lap Belt Used,40962,No,No,Daylight,Cloudy,52,19,24,1,7,19,1559854800,0.86,2.94,196,2,0.006,74.94,5.25,0.95,73.84,69.24,4.888,rain,rain,possible drizzle,1,0,0,0,0,1
,35.021218,-85.297354,1800 Interstate,I-24,18000 Interstate,6/6/2019 18:00,2019-06-06,18,1559858400,,,,Possible Injury,Angle,No,No,No,No,55,2,No,No,Shoulder and Lap Belt Used,37347,Shoulder and Lap Belt Used,40962,No,No,Daylight,Cloudy,52,19,24,1,7,19,1559854800,0.86,2.94,196,2,0.006,74.94,5.25,0.95,73.84,69.24,4.888,rain,rain,possible drizzle,1,0,0,0,0,1