Accident,Latitude,Longitude,Street,AltStreet,Intersection,DateTime,Date,Hour,Unix,WeekDay,WeekEnd,DayFrame,AccidentType,CollisionType,HaR,FatalInjury,MedicalTransport,InvolvedPlacardedTruck,PostedSpeed,TotalVehiclesInvolved,PedestrianInvolved,BicycleInvolved,DriverOneSafetyEquipment,DriverOneZip,DriverTwoSafetyEquipment,DriverTwoZip,Drug,Alcohol,LightCondition,Weather,Grid_Block,Grid_Col,Grid_Row,Highway,Land_Use_Mode,Road_Count,HourBefore,humidity,windSpeed,windBearing,uvIndex,precipIntensity,apparentTemperature,windGust,cloudCover,temperature,dewPoint,visibility,precipType,Event,Conditions,Rain,Cloudy,Foggy,Snow,Clear,RainBefore
,35.02156,-85.297411,18000 Interstate,I-24,Rossville Blvd,6/12/2019 19:00,2019-06-12,19,1560380400,,,,Property Damage,Front to Rear,Yes,No,No,No,55,2,No,No,Unknown,Unknown,Shoulder and Lap Belt Used,42134,No,No,Dusk,Cloudy,52,19,24,1,7,19,1560376800,0.68,4.92,172,1,0,75.16,12.52,0.98,74.78,63.56,5.021,,cloudy,overcast,0,1,0,0,0,0
,35.02156,-85.297411,18000 Interstate,I-24,Rossville Blvd,6/12/2019 19:00,2019-06-12,19,1560380400,,,,Property Damage,Front to Rear,Yes,No,No,No,55,2,No,No,Unknown,Unknown,Shoulder and Lap Belt Used,42134,No,No,Dusk,Cloudy,52,19,24,1,7,19,1560376800,0.68,4.92,172,1,0,75.16,12.52,0.98,74.78,63.56,5.021,,cloudy,overcast,0,1,0,0,0,0
,35.02156,-85.297411,18000 Interstate,I-24,Rossville Blvd,6/12/2019 19:00,2019-06-12,19,1560380400,,,,Property Damage,Front to Rear,Yes,No,No,No,55,2,No,No,Unknown,Unknown,Shoulder and Lap Belt Used,42134,No,No,Dusk,Cloudy,52,19,24,1,7,19,1560376800,0.68,4.92,172,1,0,75.16,12.52,0.98,74.78,63.56,5.021,,cloudy,overcast,0,1,0,0,0,0
,35.02156,-85.297411,18000 Interstate,I-24,Rossville Blvd,6/12/2019 19:00,2019-06-12,19,1560380400,,,,Property Damage,Front to Rear,Yes,No,No,No,55,2,No,No,Unknown,Unknown,Shoulder and Lap Belt Used,42134,No,No,Dusk,Cloudy,52,19,24,1,7,19,1560376800,0.68,4.92,172,1,0,75.16,12.52,0.98,74.78,63.56,5.021,,cloudy,overcast,0,1,0,0,0,0
,35.015639,-85.293809,Rossville Blvd,SR-2900,E 29th St,6/19/2019 18:00,2019-06-19,18,1560981600,,,,Property Damage,Unknown,Yes,No,No,No,40,2,No,No,Unknown,Unknown,Unknown,37421,No,No,Dawn,Clear,52,19,24,1,7,19,1560978000,0.54,6.11,226,2,0,92.02,12.4,0.75,87.76,68.9,7.41,,partly-cloudy-day,mostly cloudy,0,1,0,0,0,0
,35.015639,-85.293809,Rossville Blvd,SR-2900,E 29th St,6/19/2019 18:00,2019-06-19,18,1560981600,,,,Property Damage,Unknown,Yes,No,No,No,40,2,No,No,Unknown,Unknown,Unknown,37421,No,No,Dawn,Clear,52,19,24,1,7,19,1560978000,0.54,6.11,226,2,0,92.02,12.4,0.75,87.76,68.9,7.41,,partly-cloudy-day,mostly cloudy,0,1,0,0,0,0
,35.015639,-85.293809,Rossville Blvd,SR-2900,E 29th St,6/19/2019 18:00,2019-06-19,18,1560981600,,,,Property Damage,Unknown,Yes,No,No,No,40,2,No,No,Unknown,Unknown,Unknown,37421,No,No,Dawn,Clear,52,19,24,1,7,19,1560978000,0.54,6.11,226,2,0,92.02,12.4,0.75,87.76,68.9,7.41,,partly-cloudy-day,mostly cloudy,0,1,0,0,0,0
,35.015639,-85.293809,Rossville Blvd,SR-2900,E 29th St,6/19/2019 18:00,2019-06-19,18,1560981600,,,,Property Damage,Unknown,Yes,No,No,No,40,2,No,No,Unknown,Unknown,Unknown,37421,No,No,Dawn,Clear,52,19,24,1,7,19,1560978000,0.54,6.11,226,2,0,92.02,12.4,0.75,87.76,68.9,7.41,,partly-cloudy-day,mostly cloudy,0,1,0,0,0,0
,35.025485,-85.279574,S Beech St,,Holtzclaw Ave,1/10/2018 15:00,2018-01-10,15,1515614400,,,,Property Damage,Angle,No,No,No,No,35,2,No,No,Unknown,37406,Unknown,37416,No,No,Daylight,Clear,103,20,22,0,7,23,1515610800,0.63,3.77,159,1,0,63.45,9.75,1,63.45,50.67,5.536,,cloudy,overcast,0,1,0,0,0,0
,35.0275941,-85.278702,2001 S Lyerly St,,E 20th,1/18/2018 17:00,2018-01-18,17,1516312800,,,,Property Damage Under,Angle,No,No,No,No,15,2,No,No,,37404,Shoulder and Lap Belt Used,37410,No,No,Dusk,Clear,103,20,22,0,7,23,1516309200,0.38,0.92,356,0,0,37.06,2.71,0,37.06,13.86,7.559,,clear-day,clear,0,0,0,0,1,0
,35.027461,-85.280777,S. Hawthrone st,US-1800,E 14th St,4/21/2018 12:00,2018-04-21,12,1524326400,,,,Suspected Minor Injury,"Sideswipe, Same Direction",No,No,Yes,No,30,5,No,No,,37402,Shoulder and Lap Belt Used,37404,No,No,Daylight,Clear,103,20,22,0,7,23,1524322800,0.34,3.92,132,8,0,65.87,9.56,0,65.87,36.52,5.536,,clear-day,clear,0,0,0,0,1,0
,35.026064,-85.280753,1800 E Main St,,S Willow,6/11/2018 16:00,2018-06-11,16,1528747200,,,,Property Damage,"Sideswipe, Same Direction",Yes,No,No,No,40,2,No,No,Shoulder and Lap Belt Used,37411,Unknown,Unknown,No,No,Daylight,Rain,103,20,22,0,7,23,1528743600,0.74,4.02,59,5,0.079,75.65,8.32,0.75,74.99,66.01,3.279,rain,rain,light rain,1,0,0,0,0,1
,35.030804,-85.281927,1605 Bennett Ave,,Holly St,6/18/2018 0:00,2018-06-18,0,1529294400,,,,Property Damage,Unknown,Yes,No,No,No,25,2,No,No,Unknown,Unknown,,37404,,,Unknown,Unknown,103,20,22,0,7,23,1529290800,0.85,1.77,241,0,0,73.07,5.08,0.44,72.16,67.39,5.582,,partly-cloudy-night,partly cloudy,0,1,0,0,0,0
,35.029534,-85.279645,1000 S Hawthorne St,,Bennett Ave,10/27/2018 10:00,2018-10-27,10,1540648800,,,,Possible Injury,Not Collision with Motor Vehicle in Transport,No,No,No,No,30,1,No,No,Unknown,37404,,,No,No,Daylight,Clear,103,20,22,0,7,23,1540645200,0.83,4.84,296,1,0,51.92,10.92,1,51.92,46.92,3.4,,cloudy,overcast,0,1,0,0,0,0
,35.027537,-85.284234,1600 E Main St,,S Holly,11/11/2018 20:00,2018-11-11,20,1541984400,,,,Property Damage,Angle,Yes,No,No,No,25,2,No,No,Unknown,Unknown,Shoulder and Lap Belt Used,37411,No,No,Dark - Lighted,Clear,103,20,22,0,7,23,1541980800,0.73,1.67,65,0,0,44.8,5.8,0.72,44.8,36.7,6.161,,partly-cloudy-night,mostly cloudy,0,1,0,0,0,0
,35.02651,-85.27945,1902 E 14th St,,S. Hawthorne St,12/8/2018 0:00,2018-12-08,0,1544245200,,,,Property Damage,Not Collision with Motor Vehicle in Transport,Yes,No,No,No,25,2,No,No,,37404,Unknown,Unknown,,,Unknown,Unknown,103,20,22,0,7,23,1544241600,0.68,1.22,15,0,0,43.59,5.59,1,43.59,33.58,4.021,,cloudy,overcast,0,1,0,0,0,0
,35.029214,-85.281475,E 12th St,US-1700,S. Hawthrone,1/2/2019 14:00,2019-01-02,14,1546455600,,,,Possible Injury,"Sideswipe, Opposite Direction",No,No,No,No,30,2,No,No,Shoulder and Lap Belt Used,37412,Shoulder and Lap Belt Used,30606,No,No,Daylight,Rain,103,20,22,0,7,23,1546452000,0.94,3.29,259,2,0.005,46.94,9.22,0.94,47.82,46.09,2.897,rain,rain,possible drizzle,1,0,0,0,0,1
,35.029835,-85.27781,Anderson Ave,SR-1900,S Orchard Knob Ave,1/28/2019 0:00,2019-01-28,0,1548651600,,,,Property Damage,Angle,Yes,No,No,No,30,2,No,No,Unknown,Unknown,,Unknown,,,Dark - Lighted,Clear,103,20,22,0,7,23,1548648000,0.76,1.34,240,0,0,37.5,4.23,0.78,37.5,30.53,6.405,,partly-cloudy-night,mostly cloudy,0,1,0,0,0,0
,35.026384,-85.280956,1800 E Main St,,Lynnbrook Ave,2/9/2019 3:00,2019-02-09,3,1549699200,,,,Property Damage,Not Collision with Motor Vehicle in Transport,Yes,No,No,No,35,1,No,No,Unknown,Unknown,,,,,Dark - Lighted,Clear,103,20,22,0,7,23,1549695600,0.52,9.08,17,0,0,25.58,16.22,0,33.11,17.52,6.469,,clear-night,clear,0,0,0,0,1,0
,35.030848,-85.280536,Anderson Ave,,S Hickory,5/4/2019 21:00,2019-05-04,21,1557018000,,,,Property Damage Under,Not Collision with Motor Vehicle in Transport,No,No,No,No,25,1,No,No,Shoulder and Lap Belt Used,37363,,,,,Dark - Not Lighted,Rain,103,20,22,0,7,23,1557014400,0.92,3.8,253,0,0.026,70.06,5.69,1,69.13,66.62,1.706,rain,rain,light rain,1,0,0,0,0,1
,35.028036,-85.285625,E Main St,SR-1500,S Highland Park Ave,6/14/2019 17:00,2019-06-14,17,1560546000,,,,Property Damage,"Sideswipe, Same Direction",No,No,No,No,30,2,No,No,Shoulder and Lap Belt Used,37408,Shoulder and Lap Belt Used,37377,No,No,Daylight,Clear,103,20,22,0,7,23,1560542400,0.28,3.66,166,5,0,81.15,8.96,0,81.15,44.49,3.566,,clear-day,clear,0,0,0,0,1,0
,35.0141397,-85.231027,5637 Brainerd Rd,,5600 Brainerd Rd,1/10/2018 19:00,2018-01-10,19,1515628800,,,,Property Damage,"Sideswipe, Opposite Direction",No,No,No,No,35,3,No,No,Shoulder and Lap Belt Used,37412,Shoulder and Lap Belt Used,37411,No,No,Dark - Lighted,Clear,138,27,21,0,7,21,1515625200,0.68,4.5,164,0,0,60.47,10.17,0.91,60.47,49.79,5.828,,cloudy,overcast,0,1,0,0,0,0
,35.012954,-85.228277,4900 Brainerd Rd,SR-4900,N Moore Rd,1/12/2018 13:00,2018-01-12,13,1515780000,,,,Property Damage,Unknown,Yes,No,No,No,35,2,No,No,Shoulder and Lap Belt Used,37411,Unknown,Unknown,No,No,Daylight,Clear,138,27,21,0,7,21,1515776400,0.85,3.26,209,2,0.001,58.04,7.16,0.8,58.04,53.45,5.755,rain,partly-cloudy-day,mostly cloudy,0,1,0,0,0,0
,35.012088,-85.227019,5000 Brainerd Rd,SR-5000,N Moore Road,2/3/2018 15:00,2018-02-03,15,1517688000,,,,Property Damage,Unknown,Yes,No,No,No,15,2,No,No,Unknown,Unknown,,37917,,,Daylight,Clear,138,27,21,0,7,21,1517684400,0.33,2.74,158,3,0,45.77,8.14,0,45.77,18.14,6.177,,clear-day,clear,0,0,0,0,1,0
,35.013535,-85.22846,Brainerd Rd,,N Moore Rd,2/7/2018 15:00,2018-02-07,15,1518033600,,,,Property Damage,Angle,No,No,No,No,35,2,No,No,Shoulder and Lap Belt Used,37421,Shoulder and Lap Belt Used,30742,No,No,Daylight,Clear,138,27,21,0,7,21,1518030000,0.82,3.8,348,2,0,45.22,8.85,1,46.7,41.5,6.177,,cloudy,overcast,0,1,0,0,0,0
,35.012235,-85.227894,Brainerd Rd,,N Moore Rd,2/20/2018 16:00,2018-02-20,16,1519160400,,,,Property Damage,Angle,No,No,No,No,35,2,No,No,Shoulder and Lap Belt Used,37411,Shoulder and Lap Belt Used,37421,No,No,Daylight,Clear,138,27,21,0,7,21,1519156800,0.69,6.37,161,2,0,73.44,11.81,0.75,73.18,62.34,5.828,,partly-cloudy-day,mostly cloudy,0,1,0,0,0,0
,35.012954,-85.228277,100 S Moore Rd,SR-1,4900 Brainerd Rd,3/31/2018 20:00,2018-03-31,20,1522540800,,,,Property Damage,Angle,Yes,No,No,No,35,2,No,No,Unknown,37411,Unknown,Unknown,No,No,Dark - Lighted,Clear,138,27,21,0,7,21,1522537200,0.35,1.24,197,0,0,65.01,3.92,0,65.01,36.68,5.828,,clear-night,clear,0,0,0,0,1,0
,35.012915,-85.227459,4900 Brainerd Rd,,N MOORE RD,6/13/2018 14:00,2018-06-13,14,1528912800,,,,Property Damage Under,Front to Rear,No,No,No,No,40,2,No,No,Unknown,37380,Unknown,37312,No,No,Daylight,Rain,138,27,21,0,7,21,1528909200,0.78,4.5,179,6,0.028,77.53,8.96,0.75,76.5,69.22,6.178,rain,rain,possible light rain,1,0,0,0,0,1
,35.012748,-85.228911,Brainerd Rd,,Brainerd Rd,8/12/2018 0:00,2018-08-12,0,1534046400,,,,Property Damage,Unknown,Yes,No,No,No,,2,No,No,Unknown,Unknown,,37363,,,Unknown,Clear,138,27,21,0,7,21,1534042800,0.84,0.66,266,0,0,77.15,3.45,0,75.91,70.72,9.554,,clear-night,clear,0,0,0,0,1,0
,35.012954,-85.228277,4900 Brainerd Rd,US-11,S Moore Rd,8/17/2018 15:00,2018-08-17,15,1534532400,,,,Property Damage Under,Front to Rear,No,No,No,No,35,2,No,No,Shoulder and Lap Belt Used,37411,Shoulder and Lap Belt Used,37338,No,No,Daylight,Clear,138,27,21,0,7,21,1534528800,0.63,5.73,183,7,0,92.95,12.17,0.44,86.39,72.22,2.654,,partly-cloudy-day,humid and partly cloudy,0,1,0,0,0,0
,35.016005,-85.226201,120 N Moore Rd,,Old Mission Rd,8/24/2018 11:00,2018-08-24,11,1535122800,,,,Property Damage,Front to Rear,No,No,No,No,35,2,No,No,Shoulder and Lap Belt Used,37379,Shoulder and Lap Belt Used,37411,No,No,Daylight,Clear,138,27,21,0,7,21,1535119200,0.51,4.85,151,5,0,74.56,12.23,0,74.56,55.36,5.065,,clear-day,clear,0,0,0,0,1,0
,35.012915,-85.227459,4903 Brainerd Rd,,N Moore Rd,8/24/2018 12:00,2018-08-24,12,1535126400,,,,Possible Injury,Angle,No,No,No,No,40,2,No,No,Shoulder and Lap Belt Used,37411,Shoulder and Lap Belt Used,37412,No,No,Daylight,Clear,138,27,21,0,7,21,1535122800,0.49,7.11,141,8,0,77.2,14.77,0,77.2,56.39,7.498,,clear-day,clear,0,0,0,0,1,0
,35.012943,-85.228253,4922 Brainerd Rd,,North Moore Road,8/30/2018 22:00,2018-08-30,22,1535680800,,,,Property Damage,Front to Rear,No,No,No,No,35,2,No,No,Unknown,37406,Unknown,37415,No,No,Dark - Unknown Lighting,Rain,138,27,21,0,7,21,1535677200,0.77,4.15,77,0,0.006,77.9,6.92,1,76.9,69.07,2.937,rain,cloudy,overcast,0,1,0,0,0,0
,35.012799,-85.229883,Brainerd Rd,,S Moore Rd,9/7/2018 17:00,2018-09-07,17,1536354000,,,,Property Damage Under,Front to Rear,No,No,No,No,40,2,No,No,Shoulder and Lap Belt Used,37415,Shoulder and Lap Belt Used,37327,No,No,Daylight,Clear,138,27,21,0,7,21,1536350400,0.46,3.96,88,3,0,94.68,8.15,0.44,90.96,67.48,6.112,,partly-cloudy-day,partly cloudy,0,1,0,0,0,0
,35.016665,-85.22623,N Moore Rd/Old Mission Rd,,Old Mission Rd,9/8/2018 20:00,2018-09-08,20,1536451200,,,,Possible Injury,Angle,No,No,No,No,35,2,No,No,Shoulder and Lap Belt Used,37421,Shoulder and Lap Belt Used,37421,No,No,Dusk,Cloudy,138,27,21,0,7,21,1536447600,0.67,2.89,113,0,0,86.61,5.59,0,82.46,70.4,6.99,,clear-night,clear,0,0,0,0,1,0
,35.016665,-85.22623,4800 Old Mission Rd,,N Moore Rd,9/26/2018 12:00,2018-09-26,12,1537977600,,,,Property Damage,Angle,Yes,No,No,No,35,2,No,No,Unknown,Unknown,Shoulder and Lap Belt Used,37411,No,No,Daylight,Rain,138,27,21,0,7,21,1537974000,0.92,2.74,220,4,0.048,74.48,3.56,1,73.12,70.81,2.731,rain,rain,light rain,1,0,0,0,0,1
,35.012954,-85.228277,Brainerd Rd,,N Moore Rd,10/18/2018 17:00,2018-10-18,17,1539896400,,,,Property Damage,Front to Rear,No,No,No,No,40,2,No,No,Unknown,37421,Unknown,30738,No,No,Daylight,Clear,138,27,21,0,7,21,1539892800,0.42,5.04,38,1,0,67.23,9.2,0,67.23,43.08,7.95,,clear-day,clear,0,0,0,0,1,0
,35.016665,-85.22623,N Moore Rd,,Old Mission Rd,10/22/2018 16:00,2018-10-22,16,1540238400,,,,Property Damage,Angle,No,No,No,No,30,2,No,No,Shoulder and Lap Belt Used,37416,Shoulder and Lap Belt Used,33880,No,No,Daylight,Clear,138,27,21,0,7,21,1540234800,0.34,3.61,172,3,0,64.82,9.04,0,64.82,35.75,6.309,,clear-day,clear,0,0,0,0,1,0
,35.016665,-85.22623,N Moore Rd,,Old Mission Rd,12/2/2018 12:00,2018-12-02,12,1543770000,,,,Possible Injury,Angle,No,No,No,No,35,2,No,No,,37411,Shoulder and Lap Belt Used,37411,No,No,Daylight,Clear,138,27,21,0,7,21,1543766400,0.43,8.55,199,3,0,68.63,15.59,0,68.63,45.51,6.98,,clear-day,clear,0,0,0,0,1,0
,35.012954,-85.228277,Brainerd Rd,,N Moore Rd,12/21/2018 19:00,2018-12-21,19,1545436800,,,,Property Damage,Angle,Yes,No,No,No,40,2,No,No,Unknown,37411,Shoulder and Lap Belt Used,37421,No,No,Dark - Lighted,Rain,138,27,21,0,7,21,1545433200,0.81,9.1,291,0,0,35.04,19.13,1,40.81,35.52,7.771,,cloudy,overcast,0,1,0,0,0,0
,35.0127832,-85.228156,4211 Rossville,,Rossville Blvd,3/2/2019 17:00,2019-03-02,17,1551564000,,,,Property Damage,"Sideswipe, Same Direction",No,No,No,No,35,2,No,No,Shoulder and Lap Belt Used,37421,Shoulder and Lap Belt Used,30757,No,No,Daylight,Rain,138,27,21,0,7,21,1551560400,0.57,2.81,1,1,0,57.86,6.94,0.44,57.86,42.61,6.021,,partly-cloudy-day,partly cloudy,0,1,0,0,0,0
,35.013535,-85.22846,4829 Brainerd Rd,SR-1,N. Moore Rd.,3/2/2019 19:00,2019-03-02,19,1551571200,,,,Property Damage Under,Front to Rear,No,No,No,No,40,2,No,No,Shoulder and Lap Belt Used,37421,Shoulder and Lap Belt Used,37404,No,No,Dusk,Clear,138,27,21,0,7,21,1551567600,0.62,5.71,10,0,0,55.21,10.44,1,55.21,42.31,5.715,,cloudy,overcast,0,1,0,0,0,0
,35.0127775,-85.22821,24 East,I-24,,3/28/2019 18:00,2019-03-28,18,1553810400,,,,Property Damage,Front to Rear,No,No,No,No,50,2,No,No,Shoulder and Lap Belt Used,37415,Shoulder and Lap Belt Used,30741,No,No,Daylight,Clear,138,27,21,0,7,21,1553806800,0.24,5.98,204,1,0,70.61,12.23,0,70.61,31.95,7.876,,clear-day,clear,0,0,0,0,1,0
,35.012235,-85.227894,4900 Brainerd Rd,,Brainerd Rd,4/4/2019 1:00,2019-04-04,1,1554354000,,,,Property Damage,"Sideswipe, Opposite Direction",No,No,No,No,,2,No,No,Shoulder and Lap Belt Used,35958,,37421,No,No,Dark - Lighted,Clear,138,27,21,0,7,21,1554350400,0.59,0.51,298,0,0,53.24,3.08,0,53.24,39.14,5.009,,clear-night,clear,0,0,0,0,1,0
,35.012799,-85.229883,4808 Brainerd Rd,,N Moore Rd.,4/9/2019 13:00,2019-04-09,13,1554829200,,,,Possible Injury,Not Collision with Motor Vehicle in Transport,No,No,No,No,15,1,No,Yes,Unknown,37421,Shoulder and Lap Belt Used,37323,No,No,Daylight,Clear,138,27,21,0,7,21,1554825600,0.66,8.47,26,5,0,72.29,15.09,0.75,72.28,60.15,5.823,,partly-cloudy-day,mostly cloudy,0,1,0,0,0,0
,35.012695,-85.227026,4921 Brainerd Rd,,N Moore Rd,4/25/2019 17:00,2019-04-25,17,1556226000,,,,Property Damage,Head On,No,No,No,No,40,2,No,No,Unknown,31024,Unknown,37406,No,No,Daylight,Clear,138,27,21,0,7,21,1556222400,0.52,9.77,185,3,0,75.37,17.98,0.44,75.37,56.43,5.916,,partly-cloudy-day,partly cloudy,0,1,0,0,0,0
,35.012954,-85.228277,N Moore Rd,,Brainerd Rd,5/8/2019 21:00,2019-05-08,21,1557363600,,,,Property Damage Under,Front to Rear,No,No,No,No,30,2,No,No,Shoulder and Lap Belt Used,37416,Shoulder and Lap Belt Used,37323,No,No,Dark - Lighted,Clear,138,27,21,0,7,21,1557360000,0.61,4.83,154,0,0,78.58,8.82,0.44,78.19,63.77,3.276,,partly-cloudy-night,partly cloudy,0,1,0,0,0,0
,35.082213,-85.184828,4505 Haynes Ln,,Jersey Pike,1/11/2018 0:00,2018-01-11,0,1515646800,,,,Property Damage Under,Rear to Side,Yes,No,No,No,25,2,No,No,Unknown,Unknown,,37402,,,Unknown,Clear,634,28,9,0,7,14,1515643200,0.72,4.35,170,0,0,58.25,10.4,1,58.25,49.39,6.312,,cloudy,overcast,0,1,0,0,0,0
,35.084723,-85.184283,Jersey Pike,,Tricia Dr,1/31/2018 19:00,2018-01-31,19,1517443200,,,,Property Damage,Angle,No,No,No,No,25,2,No,No,Shoulder and Lap Belt Used,37416,Shoulder and Lap Belt Used,37416,No,No,Dark - Not Lighted,Clear,634,28,9,0,7,14,1517439600,0.3,3.03,183,0,0,50.1,5.06,0,50.1,19.83,6.723,,clear-night,clear,0,0,0,0,1,0
,35.085607,-85.183806,4400Jersey Pike,,Terra Vista Dr,4/16/2018 18:00,2018-04-16,18,1523916000,,,,Property Damage,Front to Rear,No,No,No,No,25,2,No,No,Shoulder and Lap Belt Used,37404,Shoulder and Lap Belt Used,37416,No,No,Dusk,Clear,634,28,9,0,7,14,1523912400,0.5,4.62,307,2,0,47.2,10.72,0.75,48.93,31.12,6.312,,partly-cloudy-day,mostly cloudy,0,1,0,0,0,0
,35.0846851,-85.185057,4609 Beverly Kay Dr,US-11,4800 hal dr,5/24/2018 23:00,2018-05-24,23,1527217200,,,,Property Damage,Not Collision with Motor Vehicle in Transport,Yes,No,No,No,25,1,No,No,Unknown,37416,None Used MV Occupant,37406,No,No,Dark - Lighted,Clear,634,28,9,0,7,14,1527213600,0.72,4.13,163,0,0,77.95,7.71,0.75,77.14,67.48,6.458,,partly-cloudy-night,mostly cloudy,0,1,0,0,0,0
,35.082096,-85.186962,Hancock Rd,,Jersey Pike,7/28/2018 2:00,2018-07-28,2,1532757600,,,,Property Damage,Not Collision with Motor Vehicle in Transport,Yes,No,No,No,25,1,No,No,,37416,Unknown,Unknown,,,Dark - Lighted,Clear,634,28,9,0,7,14,1532754000,0.8,3.63,356,0,0,72.05,8.34,0,71.43,65.04,4.725,,clear-night,clear,0,0,0,0,1,0
,35.084723,-85.184283,Jersey Pike,,Tricia Dr,9/10/2018 12:00,2018-09-10,12,1536595200,,,,Possible Injury,Angle,No,No,Yes,No,30,2,No,No,Shoulder and Lap Belt Used,37416,Shoulder and Lap Belt Used,37416,No,No,Daylight,Rain,634,28,9,0,7,14,1536591600,0.88,5.87,214,5,0.034,76.06,10.96,0.75,74.76,70.9,2.572,rain,rain,possible light rain,1,0,0,0,0,1
,35.10079,-85.341737,Suck Creek Rd,,US-127,1/11/2018 0:00,2018-01-11,0,1515646800,,,,Property Damage,Not Collision with Motor Vehicle in Transport,Yes,No,No,No,45,1,No,No,Unknown,Unknown,,,,,Unknown,Unknown,348,9,15,0,7,5,1515643200,0.72,4.99,156,0,0,58.54,10.77,1,58.54,49.47,2.978,,cloudy,overcast,0,1,0,0,0,0
,35.024099,-85.281427,S Orchard Knob Ave,US-1815,S Hawthorne St,1/11/2018 9:00,2018-01-11,9,1515679200,,,,Property Damage,Not Collision with Motor Vehicle in Transport,No,No,No,No,15,1,No,No,,37402,Shoulder and Lap Belt Used,38583,No,No,Daylight,Rain,77,20,23,1,7,19,1515675600,0.91,3.03,185,0,0.013,55.83,9.22,1,55.83,53.17,1.755,rain,rain,drizzle,1,0,0,0,0,1
,35.024099,-85.281427,S Orchard Knob Ave,US-1815,S Hawthorne St,1/11/2018 9:00,2018-01-11,9,1515679200,,,,Property Damage,Not Collision with Motor Vehicle in Transport,No,No,No,No,15,1,No,No,,37402,Shoulder and Lap Belt Used,38583,No,No,Daylight,Rain,77,20,23,1,7,19,1515675600,0.91,3.03,185,0,0.013,55.83,9.22,1,55.83,53.17,1.755,rain,rain,drizzle,1,0,0,0,0,1
,35.024099,-85.281427,S Orchard Knob Ave,US-1815,S Hawthorne St,1/11/2018 9:00,2018-01-11,9,1515679200,,,,Property Damage,Not Collision with Motor Vehicle in Transport,No,No,No,No,15,1,No,No,,37402,Shoulder and Lap Belt Used,38583,No,No,Daylight,Rain,77,20,23,1,7,19,1515675600,0.91,3.03,185,0,0.013,55.83,9.22,1,55.83,53.17,1.755,rain,rain,drizzle,1,0,0,0,0,1
,35.024099,-85.281427,S Orchard Knob Ave,US-1815,S Hawthorne St,1/11/2018 9:00,2018-01-11,9,1515679200,,,,Property Damage,Not Collision with Motor Vehicle in Transport,No,No,No,No,15,1,No,No,,37402,Shoulder and Lap Belt Used,38583,No,No,Daylight,Rain,77,20,23,1,7,19,1515675600,0.91,3.03,185,0,0.013,55.83,9.22,1,55.83,53.17,1.755,rain,rain,drizzle,1,0,0,0,0,1
,35.020989,-85.287506,1707 E 23rd St,,Huff Pl,1/23/2018 12:00,2018-01-23,12,1516726800,,,,Property Damage,Angle,No,No,No,No,,2,No,No,,37404,,37412,,,Daylight,Unknown,77,20,23,1,7,19,1516723200,0.49,4.73,274,3,0,47.99,10.09,0.4,49.66,31.17,7.634,,partly-cloudy-day,partly cloudy,0,1,0,0,0,0
,35.020989,-85.287506,1707 E 23rd St,,Huff Pl,1/23/2018 12:00,2018-01-23,12,1516726800,,,,Property Damage,Angle,No,No,No,No,,2,No,No,,37404,,37412,,,Daylight,Unknown,77,20,23,1,7,19,1516723200,0.49,4.73,274,3,0,47.99,10.09,0.4,49.66,31.17,7.634,,partly-cloudy-day,partly cloudy,0,1,0,0,0,0
,35.020989,-85.287506,1707 E 23rd St,,Huff Pl,1/23/2018 12:00,2018-01-23,12,1516726800,,,,Property Damage,Angle,No,No,No,No,,2,No,No,,37404,,37412,,,Daylight,Unknown,77,20,23,1,7,19,1516723200,0.49,4.73,274,3,0,47.99,10.09,0.4,49.66,31.17,7.634,,partly-cloudy-day,partly cloudy,0,1,0,0,0,0
,35.020989,-85.287506,1707 E 23rd St,,Huff Pl,1/23/2018 12:00,2018-01-23,12,1516726800,,,,Property Damage,Angle,No,No,No,No,,2,No,No,,37404,,37412,,,Daylight,Unknown,77,20,23,1,7,19,1516723200,0.49,4.73,274,3,0,47.99,10.09,0.4,49.66,31.17,7.634,,partly-cloudy-day,partly cloudy,0,1,0,0,0,0
,35.019991,-85.285318,1800 E 23rd St,,S Hickory St,2/1/2018 15:00,2018-02-01,15,1517515200,,,,Property Damage Under,Not Collision with Motor Vehicle in Transport,No,No,No,No,35,3,No,No,Shoulder and Lap Belt Used,30736,Shoulder and Lap Belt Used,37411,No,No,Daylight,Clear,77,20,23,1,7,19,1517511600,0.6,4.27,198,2,0,60.43,9.79,0.75,60.43,46.69,7.139,,partly-cloudy-day,mostly cloudy,0,1,0,0,0,0
,35.019991,-85.285318,1800 E 23rd St,,S Hickory St,2/1/2018 15:00,2018-02-01,15,1517515200,,,,Property Damage Under,Not Collision with Motor Vehicle in Transport,No,No,No,No,35,3,No,No,Shoulder and Lap Belt Used,30736,Shoulder and Lap Belt Used,37411,No,No,Daylight,Clear,77,20,23,1,7,19,1517511600,0.6,4.27,198,2,0,60.43,9.79,0.75,60.43,46.69,7.139,,partly-cloudy-day,mostly cloudy,0,1,0,0,0,0