Accident,Latitude,Longitude,Street,AltStreet,Intersection,DateTime,Date,Hour,Unix,WeekDay,WeekEnd,DayFrame,AccidentType,CollisionType,HaR,FatalInjury,MedicalTransport,InvolvedPlacardedTruck,PostedSpeed,TotalVehiclesInvolved,PedestrianInvolved,BicycleInvolved,DriverOneSafetyEquipment,DriverOneZip,DriverTwoSafetyEquipment,DriverTwoZip,Drug,Alcohol,LightCondition,Weather,Grid_Block,Grid_Col,Grid_Row,Highway,Land_Use_Mode,Road_Count,HourBefore,humidity,windSpeed,windBearing,uvIndex,precipIntensity,apparentTemperature,windGust,cloudCover,temperature,dewPoint,visibility,precipType,Event,Conditions,Rain,Cloudy,Foggy,Snow,Clear,RainBefore
,35.019991,-85.285318,1800 E 23rd St,,S Hickory St,2/1/2018 15:00,2018-02-01,15,1517515200,,,,Property Damage Under,Not Collision with Motor Vehicle in Transport,No,No,No,No,35,3,No,No,Shoulder and Lap Belt Used,30736,Shoulder and Lap Belt Used,37411,No,No,Daylight,Clear,77,20,23,1,7,19,1517511600,0.6,4.27,198,2,0,60.43,9.79,0.75,60.43,46.69,7.139,,partly-cloudy-day,mostly cloudy,0,1,0,0,0,0
,35.019991,-85.285318,1800 E 23rd St,,S Hickory St,2/1/2018 15:00,2018-02-01,15,1517515200,,,,Property Damage Under,Not Collision with Motor Vehicle in Transport,No,No,No,No,35,3,No,No,Shoulder and Lap Belt Used,30736,Shoulder and Lap Belt Used,37411,No,No,Daylight,Clear,77,20,23,1,7,19,1517511600,0.6,4.27,198,2,0,60.43,9.79,0.75,60.43,46.69,7.139,,partly-cloudy-day,mostly cloudy,0,1,0,0,0,0
,35.019274,-85.284125,1826 E 23rd St,,S Orchard Knob Ave,2/22/2018 16:00,2018-02-22,16,1519333200,,,,Property Damage Under,Angle,No,No,No,No,15,2,No,No,Shoulder and Lap Belt Used,30705,Shoulder and Lap Belt Used,37402,No,No,Daylight,Clear,77,20,23,1,7,19,1519329600,0.61,2.62,210,2,0.003,77.18,7.65,0.81,76.93,62.28,5.668,rain,partly-cloudy-day,mostly cloudy,0,1,0,0,0,0
,35.019274,-85.284125,1826 E 23rd St,,S Orchard Knob Ave,2/22/2018 16:00,2018-02-22,16,1519333200,,,,Property Damage Under,Angle,No,No,No,No,15,2,No,No,Shoulder and Lap Belt Used,30705,Shoulder and Lap Belt Used,37402,No,No,Daylight,Clear,77,20,23,1,7,19,1519329600,0.61,2.62,210,2,0.003,77.18,7.65,0.81,76.93,62.28,5.668,rain,partly-cloudy-day,mostly cloudy,0,1,0,0,0,0
,35.019274,-85.284125,1826 E 23rd St,,S Orchard Knob Ave,2/22/2018 16:00,2018-02-22,16,1519333200,,,,Property Damage Under,Angle,No,No,No,No,15,2,No,No,Shoulder and Lap Belt Used,30705,Shoulder and Lap Belt Used,37402,No,No,Daylight,Clear,77,20,23,1,7,19,1519329600,0.61,2.62,210,2,0.003,77.18,7.65,0.81,76.93,62.28,5.668,rain,partly-cloudy-day,mostly cloudy,0,1,0,0,0,0
,35.019274,-85.284125,1826 E 23rd St,,S Orchard Knob Ave,2/22/2018 16:00,2018-02-22,16,1519333200,,,,Property Damage Under,Angle,No,No,No,No,15,2,No,No,Shoulder and Lap Belt Used,30705,Shoulder and Lap Belt Used,37402,No,No,Daylight,Clear,77,20,23,1,7,19,1519329600,0.61,2.62,210,2,0.003,77.18,7.65,0.81,76.93,62.28,5.668,rain,partly-cloudy-day,mostly cloudy,0,1,0,0,0,0
,35.020399,-85.28579,1805 E 23rd St,,Tinsley Pl,3/9/2018 17:00,2018-03-09,17,1520632800,,,,Property Damage,"Sideswipe, Opposite Direction",No,No,No,No,35,2,No,No,Shoulder and Lap Belt Used,37343,Shoulder and Lap Belt Used,37343,No,No,Daylight,Clear,77,20,23,1,7,19,1520629200,0.34,2.86,207,1,0,57.48,8.81,0,57.48,29.18,6.321,,clear-day,clear,0,0,0,0,1,0
,35.020399,-85.28579,1805 E 23rd St,,Tinsley Pl,3/9/2018 17:00,2018-03-09,17,1520632800,,,,Property Damage,"Sideswipe, Opposite Direction",No,No,No,No,35,2,No,No,Shoulder and Lap Belt Used,37343,Shoulder and Lap Belt Used,37343,No,No,Daylight,Clear,77,20,23,1,7,19,1520629200,0.34,2.86,207,1,0,57.48,8.81,0,57.48,29.18,6.321,,clear-day,clear,0,0,0,0,1,0
,35.020399,-85.28579,1805 E 23rd St,,Tinsley Pl,3/9/2018 17:00,2018-03-09,17,1520632800,,,,Property Damage,"Sideswipe, Opposite Direction",No,No,No,No,35,2,No,No,Shoulder and Lap Belt Used,37343,Shoulder and Lap Belt Used,37343,No,No,Daylight,Clear,77,20,23,1,7,19,1520629200,0.34,2.86,207,1,0,57.48,8.81,0,57.48,29.18,6.321,,clear-day,clear,0,0,0,0,1,0
,35.020399,-85.28579,1805 E 23rd St,,Tinsley Pl,3/9/2018 17:00,2018-03-09,17,1520632800,,,,Property Damage,"Sideswipe, Opposite Direction",No,No,No,No,35,2,No,No,Shoulder and Lap Belt Used,37343,Shoulder and Lap Belt Used,37343,No,No,Daylight,Clear,77,20,23,1,7,19,1520629200,0.34,2.86,207,1,0,57.48,8.81,0,57.48,29.18,6.321,,clear-day,clear,0,0,0,0,1,0
,35.020486,-85.286719,2300 S Hickory St,,S Hickory St,3/12/2018 9:00,2018-03-12,9,1520859600,,,,Property Damage,Front to Rear,No,No,No,No,30,2,No,No,Shoulder and Lap Belt Used,37404,Shoulder and Lap Belt Used,37311,No,No,Daylight,Cloudy,77,20,23,1,7,19,1520856000,0.79,5.34,348,0,0,33,13.52,1,37.27,31.52,4.57,,cloudy,overcast,0,1,0,0,0,0
,35.020486,-85.286719,2300 S Hickory St,,S Hickory St,3/12/2018 9:00,2018-03-12,9,1520859600,,,,Property Damage,Front to Rear,No,No,No,No,30,2,No,No,Shoulder and Lap Belt Used,37404,Shoulder and Lap Belt Used,37311,No,No,Daylight,Cloudy,77,20,23,1,7,19,1520856000,0.79,5.34,348,0,0,33,13.52,1,37.27,31.52,4.57,,cloudy,overcast,0,1,0,0,0,0
,35.020486,-85.286719,2300 S Hickory St,,S Hickory St,3/12/2018 9:00,2018-03-12,9,1520859600,,,,Property Damage,Front to Rear,No,No,No,No,30,2,No,No,Shoulder and Lap Belt Used,37404,Shoulder and Lap Belt Used,37311,No,No,Daylight,Cloudy,77,20,23,1,7,19,1520856000,0.79,5.34,348,0,0,33,13.52,1,37.27,31.52,4.57,,cloudy,overcast,0,1,0,0,0,0
,35.020486,-85.286719,2300 S Hickory St,,S Hickory St,3/12/2018 9:00,2018-03-12,9,1520859600,,,,Property Damage,Front to Rear,No,No,No,No,30,2,No,No,Shoulder and Lap Belt Used,37404,Shoulder and Lap Belt Used,37311,No,No,Daylight,Cloudy,77,20,23,1,7,19,1520856000,0.79,5.34,348,0,0,33,13.52,1,37.27,31.52,4.57,,cloudy,overcast,0,1,0,0,0,0
,35.020775,-85.286397,E 23rd St,,Hickory St,3/19/2018 18:00,2018-03-19,18,1521496800,,,,Property Damage,Angle,No,No,No,No,35,2,No,No,Shoulder and Lap Belt Used,21703,Shoulder and Lap Belt Used,37040,No,No,Dusk,Rain,77,20,23,1,7,19,1521493200,0.92,2.71,152,1,0.021,59.13,6.71,1,59.13,56.89,2.66,rain,rain,light rain,1,0,0,0,0,1
,35.020775,-85.286397,E 23rd St,,Hickory St,3/19/2018 18:00,2018-03-19,18,1521496800,,,,Property Damage,Angle,No,No,No,No,35,2,No,No,Shoulder and Lap Belt Used,21703,Shoulder and Lap Belt Used,37040,No,No,Dusk,Rain,77,20,23,1,7,19,1521493200,0.92,2.71,152,1,0.021,59.13,6.71,1,59.13,56.89,2.66,rain,rain,light rain,1,0,0,0,0,1
,35.020775,-85.286397,E 23rd St,,Hickory St,3/19/2018 18:00,2018-03-19,18,1521496800,,,,Property Damage,Angle,No,No,No,No,35,2,No,No,Shoulder and Lap Belt Used,21703,Shoulder and Lap Belt Used,37040,No,No,Dusk,Rain,77,20,23,1,7,19,1521493200,0.92,2.71,152,1,0.021,59.13,6.71,1,59.13,56.89,2.66,rain,rain,light rain,1,0,0,0,0,1
,35.020775,-85.286397,E 23rd St,,Hickory St,3/19/2018 18:00,2018-03-19,18,1521496800,,,,Property Damage,Angle,No,No,No,No,35,2,No,No,Shoulder and Lap Belt Used,21703,Shoulder and Lap Belt Used,37040,No,No,Dusk,Rain,77,20,23,1,7,19,1521493200,0.92,2.71,152,1,0.021,59.13,6.71,1,59.13,56.89,2.66,rain,rain,light rain,1,0,0,0,0,1
,35.020674,-85.288894,1600 E 23rd St,US-1600,S. Hickory,5/21/2018 14:00,2018-05-21,14,1526925600,,,,Property Damage,"Sideswipe, Same Direction",Yes,No,No,No,15,2,No,No,Unknown,Unknown,,37412,,,Daylight,Cloudy,77,20,23,1,7,19,1526922000,0.51,5.48,204,8,0,82.74,11.23,0.44,81.78,62.15,6.322,,partly-cloudy-day,partly cloudy,0,1,0,0,0,0
,35.020674,-85.288894,1600 E 23rd St,US-1600,S. Hickory,5/21/2018 14:00,2018-05-21,14,1526925600,,,,Property Damage,"Sideswipe, Same Direction",Yes,No,No,No,15,2,No,No,Unknown,Unknown,,37412,,,Daylight,Cloudy,77,20,23,1,7,19,1526922000,0.51,5.48,204,8,0,82.74,11.23,0.44,81.78,62.15,6.322,,partly-cloudy-day,partly cloudy,0,1,0,0,0,0
,35.020674,-85.288894,1600 E 23rd St,US-1600,S. Hickory,5/21/2018 14:00,2018-05-21,14,1526925600,,,,Property Damage,"Sideswipe, Same Direction",Yes,No,No,No,15,2,No,No,Unknown,Unknown,,37412,,,Daylight,Cloudy,77,20,23,1,7,19,1526922000,0.51,5.48,204,8,0,82.74,11.23,0.44,81.78,62.15,6.322,,partly-cloudy-day,partly cloudy,0,1,0,0,0,0
,35.020674,-85.288894,1600 E 23rd St,US-1600,S. Hickory,5/21/2018 14:00,2018-05-21,14,1526925600,,,,Property Damage,"Sideswipe, Same Direction",Yes,No,No,No,15,2,No,No,Unknown,Unknown,,37412,,,Daylight,Cloudy,77,20,23,1,7,19,1526922000,0.51,5.48,204,8,0,82.74,11.23,0.44,81.78,62.15,6.322,,partly-cloudy-day,partly cloudy,0,1,0,0,0,0
,35.021851,-85.288195,2145 S Holly St,US-2145,1700 E. 21st.,5/29/2018 7:00,2018-05-29,7,1527591600,,,,Property Damage,"Sideswipe, Opposite Direction",Yes,No,No,No,30,2,No,No,Unknown,Unknown,,37411,,,Daylight,Rain,77,20,23,1,7,19,1527588000,0.9,6.07,80,0,0,71.62,11.49,1,70.61,67.68,6.322,,cloudy,overcast,0,1,0,0,0,0
,35.021851,-85.288195,2145 S Holly St,US-2145,1700 E. 21st.,5/29/2018 7:00,2018-05-29,7,1527591600,,,,Property Damage,"Sideswipe, Opposite Direction",Yes,No,No,No,30,2,No,No,Unknown,Unknown,,37411,,,Daylight,Rain,77,20,23,1,7,19,1527588000,0.9,6.07,80,0,0,71.62,11.49,1,70.61,67.68,6.322,,cloudy,overcast,0,1,0,0,0,0
,35.021851,-85.288195,2145 S Holly St,US-2145,1700 E. 21st.,5/29/2018 7:00,2018-05-29,7,1527591600,,,,Property Damage,"Sideswipe, Opposite Direction",Yes,No,No,No,30,2,No,No,Unknown,Unknown,,37411,,,Daylight,Rain,77,20,23,1,7,19,1527588000,0.9,6.07,80,0,0,71.62,11.49,1,70.61,67.68,6.322,,cloudy,overcast,0,1,0,0,0,0
,35.021851,-85.288195,2145 S Holly St,US-2145,1700 E. 21st.,5/29/2018 7:00,2018-05-29,7,1527591600,,,,Property Damage,"Sideswipe, Opposite Direction",Yes,No,No,No,30,2,No,No,Unknown,Unknown,,37411,,,Daylight,Rain,77,20,23,1,7,19,1527588000,0.9,6.07,80,0,0,71.62,11.49,1,70.61,67.68,6.322,,cloudy,overcast,0,1,0,0,0,0
,35.020313,-85.286225,2300 Tinsley Pl,,E 23rd St,6/15/2018 17:00,2018-06-15,17,1529096400,,,,Property Damage Under,Front to Rear,Yes,No,No,No,25,2,No,No,Shoulder and Lap Belt Used,37404,Shoulder and Lap Belt Used,37415,No,No,Dawn,Clear,77,20,23,1,7,19,1529092800,0.44,5.66,27,5,0,93.69,9.85,0,91.06,65.84,6.322,,clear-day,clear,0,0,0,0,1,0
,35.020313,-85.286225,2300 Tinsley Pl,,E 23rd St,6/15/2018 17:00,2018-06-15,17,1529096400,,,,Property Damage Under,Front to Rear,Yes,No,No,No,25,2,No,No,Shoulder and Lap Belt Used,37404,Shoulder and Lap Belt Used,37415,No,No,Dawn,Clear,77,20,23,1,7,19,1529092800,0.44,5.66,27,5,0,93.69,9.85,0,91.06,65.84,6.322,,clear-day,clear,0,0,0,0,1,0
,35.020313,-85.286225,2300 Tinsley Pl,,E 23rd St,6/15/2018 17:00,2018-06-15,17,1529096400,,,,Property Damage Under,Front to Rear,Yes,No,No,No,25,2,No,No,Shoulder and Lap Belt Used,37404,Shoulder and Lap Belt Used,37415,No,No,Dawn,Clear,77,20,23,1,7,19,1529092800,0.44,5.66,27,5,0,93.69,9.85,0,91.06,65.84,6.322,,clear-day,clear,0,0,0,0,1,0
,35.020313,-85.286225,2300 Tinsley Pl,,E 23rd St,6/15/2018 17:00,2018-06-15,17,1529096400,,,,Property Damage Under,Front to Rear,Yes,No,No,No,25,2,No,No,Shoulder and Lap Belt Used,37404,Shoulder and Lap Belt Used,37415,No,No,Dawn,Clear,77,20,23,1,7,19,1529092800,0.44,5.66,27,5,0,93.69,9.85,0,91.06,65.84,6.322,,clear-day,clear,0,0,0,0,1,0
,35.019679,-85.282975,,I-24,4th Ave,7/6/2018 14:00,2018-07-06,14,1530900000,,,,Property Damage,Front to Rear,Yes,No,No,No,55,2,No,No,Shoulder and Lap Belt Used,37402,Unknown,Unknown,No,No,Daylight,Clear,77,20,23,1,7,19,1530896400,0.57,3.76,352,8,0,100.41,7.96,0.44,91.04,73.7,1.461,,fog,humid and foggy,0,0,1,0,0,0
,35.019679,-85.282975,,I-24,4th Ave,7/6/2018 14:00,2018-07-06,14,1530900000,,,,Property Damage,Front to Rear,Yes,No,No,No,55,2,No,No,Shoulder and Lap Belt Used,37402,Unknown,Unknown,No,No,Daylight,Clear,77,20,23,1,7,19,1530896400,0.57,3.76,352,8,0,100.41,7.96,0.44,91.04,73.7,1.461,,fog,humid and foggy,0,0,1,0,0,0
,35.019679,-85.282975,,I-24,4th Ave,7/6/2018 14:00,2018-07-06,14,1530900000,,,,Property Damage,Front to Rear,Yes,No,No,No,55,2,No,No,Shoulder and Lap Belt Used,37402,Unknown,Unknown,No,No,Daylight,Clear,77,20,23,1,7,19,1530896400,0.57,3.76,352,8,0,100.37,7.96,0.44,91.02,73.7,1.461,,fog,humid and foggy,0,0,1,0,0,0
,35.019679,-85.282975,,I-24,4th Ave,7/6/2018 14:00,2018-07-06,14,1530900000,,,,Property Damage,Front to Rear,Yes,No,No,No,55,2,No,No,Shoulder and Lap Belt Used,37402,Unknown,Unknown,No,No,Daylight,Clear,77,20,23,1,7,19,1530896400,0.57,3.76,352,8,0,100.37,7.96,0.44,91.02,73.7,1.461,,fog,humid and foggy,0,0,1,0,0,0
,35.020674,-85.288894,1600 E 23rd St,,S Hickory St,8/7/2018 13:00,2018-08-07,13,1533661200,,,,Property Damage,Unknown,Yes,No,No,No,15,2,No,No,Unknown,Unknown,,37343,,,Daylight,Clear,77,20,23,1,7,19,1533657600,0.52,1.93,236,10,0,94.72,7.52,0,89.58,69.65,2.778,,clear-day,clear,0,0,0,0,1,0
,35.020674,-85.288894,1600 E 23rd St,,S Hickory St,8/7/2018 13:00,2018-08-07,13,1533661200,,,,Property Damage,Unknown,Yes,No,No,No,15,2,No,No,Unknown,Unknown,,37343,,,Daylight,Clear,77,20,23,1,7,19,1533657600,0.52,1.93,236,10,0,94.72,7.52,0,89.58,69.65,2.778,,clear-day,clear,0,0,0,0,1,0
,35.020674,-85.288894,1600 E 23rd St,,S Hickory St,8/7/2018 13:00,2018-08-07,13,1533661200,,,,Property Damage,Unknown,Yes,No,No,No,15,2,No,No,Unknown,Unknown,,37343,,,Daylight,Clear,77,20,23,1,7,19,1533657600,0.52,1.93,236,10,0,94.79,7.52,0,89.64,69.65,2.778,rain,clear-day,clear,0,0,0,0,1,0
,35.020674,-85.288894,1600 E 23rd St,,S Hickory St,8/7/2018 13:00,2018-08-07,13,1533661200,,,,Property Damage,Unknown,Yes,No,No,No,15,2,No,No,Unknown,Unknown,,37343,,,Daylight,Clear,77,20,23,1,7,19,1533657600,0.52,1.93,236,10,0,94.79,7.52,0,89.64,69.65,2.778,rain,clear-day,clear,0,0,0,0,1,0
,35.019142,-85.284488,1820 E 23rd St,,S Orchard Knobb Ave,8/13/2018 8:00,2018-08-13,8,1534161600,,,,Property Damage,Head On,Yes,No,No,No,40,2,No,No,Unknown,Unknown,Shoulder and Lap Belt Used,37404,No,No,Daylight,Clear,77,20,23,1,7,19,1534158000,0.94,0.56,302,0,0,68.46,4.66,0,67.57,65.91,6.987,,clear-day,clear,0,0,0,0,1,0
,35.019142,-85.284488,1820 E 23rd St,,S Orchard Knobb Ave,8/13/2018 8:00,2018-08-13,8,1534161600,,,,Property Damage,Head On,Yes,No,No,No,40,2,No,No,Unknown,Unknown,Shoulder and Lap Belt Used,37404,No,No,Daylight,Clear,77,20,23,1,7,19,1534158000,0.94,0.56,302,0,0,68.46,4.66,0,67.57,65.91,6.987,,clear-day,clear,0,0,0,0,1,0
,35.019142,-85.284488,1820 E 23rd St,,S Orchard Knobb Ave,8/13/2018 8:00,2018-08-13,8,1534161600,,,,Property Damage,Head On,Yes,No,No,No,40,2,No,No,Unknown,Unknown,Shoulder and Lap Belt Used,37404,No,No,Daylight,Clear,77,20,23,1,7,19,1534158000,0.94,0.56,302,0,0,68.46,4.66,0,67.57,65.91,6.987,,clear-day,clear,0,0,0,0,1,0
,35.019142,-85.284488,1820 E 23rd St,,S Orchard Knobb Ave,8/13/2018 8:00,2018-08-13,8,1534161600,,,,Property Damage,Head On,Yes,No,No,No,40,2,No,No,Unknown,Unknown,Shoulder and Lap Belt Used,37404,No,No,Daylight,Clear,77,20,23,1,7,19,1534158000,0.94,0.56,302,0,0,68.46,4.66,0,67.57,65.91,6.987,,clear-day,clear,0,0,0,0,1,0
,35.019679,-85.282975,2000 E 23rd St,,S Orchard Knob Ave,9/5/2018 17:00,2018-09-05,17,1536181200,,,,Property Damage Under,Angle,No,No,No,No,35,2,No,No,Shoulder and Lap Belt Used,37407,Shoulder and Lap Belt Used,37356,No,No,Daylight,Clear,77,20,23,1,7,19,1536177600,0.65,3.17,120,4,0,89.49,7.76,0,84.23,71.37,3.243,,clear-day,clear,0,0,0,0,1,0
,35.019679,-85.282975,2000 E 23rd St,,S Orchard Knob Ave,9/5/2018 17:00,2018-09-05,17,1536181200,,,,Property Damage Under,Angle,No,No,No,No,35,2,No,No,Shoulder and Lap Belt Used,37407,Shoulder and Lap Belt Used,37356,No,No,Daylight,Clear,77,20,23,1,7,19,1536177600,0.65,3.17,120,4,0,89.49,7.76,0,84.23,71.37,3.243,,clear-day,clear,0,0,0,0,1,0
,35.019679,-85.282975,2000 E 23rd St,,S Orchard Knob Ave,9/5/2018 17:00,2018-09-05,17,1536181200,,,,Property Damage Under,Angle,No,No,No,No,35,2,No,No,Shoulder and Lap Belt Used,37407,Shoulder and Lap Belt Used,37356,No,No,Daylight,Clear,77,20,23,1,7,19,1536177600,0.65,3.17,120,4,0,89.58,7.76,0,84.3,71.37,3.243,,clear-day,clear,0,0,0,0,1,0
,35.019679,-85.282975,2000 E 23rd St,,S Orchard Knob Ave,9/5/2018 17:00,2018-09-05,17,1536181200,,,,Property Damage Under,Angle,No,No,No,No,35,2,No,No,Shoulder and Lap Belt Used,37407,Shoulder and Lap Belt Used,37356,No,No,Daylight,Clear,77,20,23,1,7,19,1536177600,0.65,3.17,120,4,0,89.58,7.76,0,84.3,71.37,3.243,,clear-day,clear,0,0,0,0,1,0
,35.0204363,-85.288438,700 Interstate 75 Rd,I-700,Volkswagen Exit,10/13/2018 10:00,2018-10-13,10,1539439200,,,,Property Damage Under,Not Collision with Motor Vehicle in Transport,No,No,No,No,65,1,No,No,Shoulder and Lap Belt Used,37411,,,No,No,Daylight,Clear,77,20,23,1,7,19,1539435600,0.7,5.9,352,2,0,55.36,12.31,0.75,55.36,45.79,3.169,,partly-cloudy-day,mostly cloudy,0,1,0,0,0,0
,35.0204363,-85.288438,700 Interstate 75 Rd,I-700,Volkswagen Exit,10/13/2018 10:00,2018-10-13,10,1539439200,,,,Property Damage Under,Not Collision with Motor Vehicle in Transport,No,No,No,No,65,1,No,No,Shoulder and Lap Belt Used,37411,,,No,No,Daylight,Clear,77,20,23,1,7,19,1539435600,0.7,5.9,352,2,0,55.36,12.31,0.75,55.36,45.79,3.169,,partly-cloudy-day,mostly cloudy,0,1,0,0,0,0
,35.0204363,-85.288438,700 Interstate 75 Rd,I-700,Volkswagen Exit,10/13/2018 10:00,2018-10-13,10,1539439200,,,,Property Damage Under,Not Collision with Motor Vehicle in Transport,No,No,No,No,65,1,No,No,Shoulder and Lap Belt Used,37411,,,No,No,Daylight,Clear,77,20,23,1,7,19,1539435600,0.7,5.9,352,2,0,55.32,12.31,0.75,55.32,45.79,3.169,,partly-cloudy-day,mostly cloudy,0,1,0,0,0,0
,35.0204363,-85.288438,700 Interstate 75 Rd,I-700,Volkswagen Exit,10/13/2018 10:00,2018-10-13,10,1539439200,,,,Property Damage Under,Not Collision with Motor Vehicle in Transport,No,No,No,No,65,1,No,No,Shoulder and Lap Belt Used,37411,,,No,No,Daylight,Clear,77,20,23,1,7,19,1539435600,0.7,5.9,352,2,0,55.32,12.31,0.75,55.32,45.79,3.169,,partly-cloudy-day,mostly cloudy,0,1,0,0,0,0
,35.0203,-85.287334,1300 E 23rd St,US-1300,Holtzclaw,10/22/2018 12:00,2018-10-22,12,1540224000,,,,Property Damage,"Sideswipe, Opposite Direction",Yes,No,No,No,35,2,No,No,Shoulder and Lap Belt Used,30741,Unknown,Unknown,No,No,Daylight,Clear,77,20,23,1,7,19,1540220400,0.56,4.14,178,4,0,54.69,8.5,0,54.69,39.24,3.743,,clear-day,clear,0,0,0,0,1,0
,35.0203,-85.287334,1300 E 23rd St,US-1300,Holtzclaw,10/22/2018 12:00,2018-10-22,12,1540224000,,,,Property Damage,"Sideswipe, Opposite Direction",Yes,No,No,No,35,2,No,No,Shoulder and Lap Belt Used,30741,Unknown,Unknown,No,No,Daylight,Clear,77,20,23,1,7,19,1540220400,0.56,4.14,178,4,0,54.69,8.5,0,54.69,39.24,3.743,,clear-day,clear,0,0,0,0,1,0
,35.0203,-85.287334,1300 E 23rd St,US-1300,Holtzclaw,10/22/2018 12:00,2018-10-22,12,1540224000,,,,Property Damage,"Sideswipe, Opposite Direction",Yes,No,No,No,35,2,No,No,Shoulder and Lap Belt Used,30741,Unknown,Unknown,No,No,Daylight,Clear,77,20,23,1,7,19,1540220400,0.56,4.14,178,4,0,54.69,8.5,0,54.69,39.24,3.743,,clear-day,clear,0,0,0,0,1,0
,35.0203,-85.287334,1300 E 23rd St,US-1300,Holtzclaw,10/22/2018 12:00,2018-10-22,12,1540224000,,,,Property Damage,"Sideswipe, Opposite Direction",Yes,No,No,No,35,2,No,No,Shoulder and Lap Belt Used,30741,Unknown,Unknown,No,No,Daylight,Clear,77,20,23,1,7,19,1540220400,0.56,4.14,178,4,0,54.69,8.5,0,54.69,39.24,3.743,,clear-day,clear,0,0,0,0,1,0
,35.02042,-85.283197,2100 S Orchard Knob Ave,,E 23rd St,11/14/2018 16:00,2018-11-14,16,1542229200,,,,Property Damage,Front to Rear,No,No,No,No,35,2,No,No,Shoulder and Lap Belt Used,37407,Shoulder and Lap Belt Used,30741,No,No,Daylight,Rain,77,20,23,1,7,19,1542225600,0.93,6.26,34,1,0.003,36.5,12.91,1,40.76,38.93,1.611,rain,rain,possible drizzle,1,0,0,0,0,1
,35.02042,-85.283197,2100 S Orchard Knob Ave,,E 23rd St,11/14/2018 16:00,2018-11-14,16,1542229200,,,,Property Damage,Front to Rear,No,No,No,No,35,2,No,No,Shoulder and Lap Belt Used,37407,Shoulder and Lap Belt Used,30741,No,No,Daylight,Rain,77,20,23,1,7,19,1542225600,0.93,6.26,34,1,0.003,36.5,12.91,1,40.76,38.93,1.611,rain,rain,possible drizzle,1,0,0,0,0,1
,35.02042,-85.283197,2100 S Orchard Knob Ave,,E 23rd St,11/14/2018 16:00,2018-11-14,16,1542229200,,,,Property Damage,Front to Rear,No,No,No,No,35,2,No,No,Shoulder and Lap Belt Used,37407,Shoulder and Lap Belt Used,30741,No,No,Daylight,Rain,77,20,23,1,7,19,1542225600,0.94,6.26,34,1,0.003,36.2,12.91,1,40.51,38.93,1.611,rain,rain,possible drizzle,1,0,0,0,0,1
,35.02042,-85.283197,2100 S Orchard Knob Ave,,E 23rd St,11/14/2018 16:00,2018-11-14,16,1542229200,,,,Property Damage,Front to Rear,No,No,No,No,35,2,No,No,Shoulder and Lap Belt Used,37407,Shoulder and Lap Belt Used,30741,No,No,Daylight,Rain,77,20,23,1,7,19,1542225600,0.94,6.26,34,1,0.003,36.2,12.91,1,40.51,38.93,1.611,rain,rain,possible drizzle,1,0,0,0,0,1
,35.019274,-85.284125,1826 E 23rd St,,1900 E 23rd st,2/1/2019 13:00,2019-02-01,13,1549044000,,,,Property Damage Under,Angle,Yes,No,No,No,15,2,No,No,Unknown,37411,Unknown,37416,,,Daylight,Clear,77,20,23,1,7,19,1549040400,0.29,3.44,175,3,0,54.64,8.32,0.69,54.64,23.04,6.914,,partly-cloudy-day,mostly cloudy,0,1,0,0,0,0
,35.020195,-85.285896,E 23rd St,,Tinsley Pl,2/12/2019 11:00,2019-02-12,11,1549987200,,,,Property Damage,Angle,No,No,No,No,35,2,No,No,Shoulder and Lap Belt Used,37406,Shoulder and Lap Belt Used,37343,No,No,Daylight,Rain,77,20,23,1,7,19,1549983600,0.95,3.67,287,3,0.228,57.93,11.29,1,57.93,56.47,1.459,rain,rain,rain,1,0,0,0,0,1
,35.020674,-85.288894,1600 E 23rd St,,E 23rd St,6/13/2019 14:00,2019-06-13,14,1560448800,,,,Property Damage Under,Unknown,Yes,No,No,No,15,2,No,No,Unknown,Unknown,,40769,,,Daylight,Clear,77,20,23,1,7,19,1560445200,0.42,7.03,311,7,0,75.64,17.2,0.44,75.64,51.2,5.371,,partly-cloudy-day,partly cloudy,0,1,0,0,0,0
,35.042146,-85.257769,796 Glenwood Dr,SR-796,Citico Ave,1/11/2018 13:00,2018-01-11,13,1515693600,,,,Property Damage,"Sideswipe, Same Direction",No,No,No,No,35,2,No,No,Unknown,30741,Restraint Used Type Unknown,37421,,,Daylight,Unknown,197,22,19,0,7,13,1515690000,0.89,3.63,175,2,0,59,7.79,1,59,55.9,2.756,,cloudy,overcast,0,1,0,0,0,0
,35.041707,-85.260666,De Sales Ave,,Citico Ave,1/22/2018 14:00,2018-01-22,14,1516647600,,,,Property Damage Under,Angle,No,No,No,No,,2,No,No,Shoulder and Lap Belt Used,35226,,74134,No,No,Daylight,Rain,197,22,19,0,7,13,1516644000,0.89,3.43,179,2,0.023,52.48,6.23,1,52.48,49.23,5.676,rain,rain,light rain,1,0,0,0,0,1
,35.041707,-85.260666,2525 De Sales Ave,SR-2525,Kilmer Street,1/25/2018 10:00,2018-01-25,10,1516892400,,,,Property Damage,Unknown,Yes,No,No,No,,2,No,No,Unknown,Unknown,,37347,,,Daylight,Unknown,197,22,19,0,7,13,1516888800,0.68,1.26,5,1,0,38.02,2.93,0,38.02,28.34,5.428,,clear-day,clear,0,0,0,0,1,0