Accident,Latitude,Longitude,Street,AltStreet,Intersection,DateTime,Date,Hour,Unix,WeekDay,WeekEnd,DayFrame,AccidentType,CollisionType,HaR,FatalInjury,MedicalTransport,InvolvedPlacardedTruck,PostedSpeed,TotalVehiclesInvolved,PedestrianInvolved,BicycleInvolved,DriverOneSafetyEquipment,DriverOneZip,DriverTwoSafetyEquipment,DriverTwoZip,Drug,Alcohol,LightCondition,Weather,Grid_Block,Grid_Col,Grid_Row,Highway,Land_Use_Mode,Road_Count,HourBefore,humidity,windSpeed,windBearing,uvIndex,precipIntensity,apparentTemperature,windGust,cloudCover,temperature,dewPoint,visibility,precipType,Event,Conditions,Rain,Cloudy,Foggy,Snow,Clear,RainBefore
,35.041707,-85.260666,De Sales Ave,SR-2525,Derby St,1/26/2018 0:00,2018-01-26,0,1516942800,,,,Property Damage,Unknown,Yes,No,No,No,,2,No,No,,37421,Unknown,Unknown,,,Unknown,Unknown,197,22,19,0,7,13,1516939200,0.69,0.06,,0,0,33.62,0.38,0,33.62,24.5,9.997,,clear-night,clear,0,0,0,0,1,0
,35.041357,-85.259892,721 Glenwood Dr,,Citico Ave,2/2/2018 8:00,2018-02-02,8,1517576400,,,,Property Damage Under,Front to Rear,No,No,No,No,35,2,No,No,Shoulder and Lap Belt Used,37343,Shoulder and Lap Belt Used,35958,No,No,Daylight,Clear,197,22,19,0,7,13,1517572800,0.7,4.95,351,0,0,18.39,9.49,0,24.57,16.12,6.312,,clear-day,clear,0,0,0,0,1,0
,35.042,-85.258155,Glenwood Dr,,Citico Ave,2/2/2018 9:00,2018-02-02,9,1517580000,,,,Property Damage Under,Front to Rear,No,No,No,No,30,2,No,No,Shoulder and Lap Belt Used,37311,Shoulder and Lap Belt Used,30736,No,No,Daylight,Other,197,22,19,0,7,13,1517576400,0.67,5.06,357,0,0,18.1,10.41,0,24.42,15.02,6.312,,clear-day,clear,0,0,0,0,1,0
,35.039157,-85.257754,2700 Parkwood Ave,,Glenwood Dr,3/5/2018 13:00,2018-03-05,13,1520272800,,,,Property Damage,Angle,Yes,No,No,No,,2,No,No,,37404,Unknown,Unknown,,,Daylight,Cloudy,197,22,19,0,7,13,1520269200,0.45,0.75,190,4,0,52.78,2.47,1,52.78,31.97,5.79,,cloudy,overcast,0,1,0,0,0,0
,35.041977,-85.259372,Glenwood Dr,,Parking Lot,3/20/2018 11:00,2018-03-20,11,1521558000,,,,Property Damage,"Sideswipe, Opposite Direction",Yes,No,No,No,,2,No,No,,37404,Unknown,Unknown,,,Daylight,Cloudy,197,22,19,0,7,13,1521554400,0.91,2.34,260,3,0,55.22,5.98,0.77,55.22,52.74,5.79,,partly-cloudy-day,mostly cloudy,0,1,0,0,0,0
,35.041707,-85.260666,2525 De Sales Ave,,Derby Street,3/26/2018 0:00,2018-03-26,0,1522036800,,,,Property Damage,Unknown,Yes,No,No,No,15,2,No,No,,37421,Unknown,Unknown,,,Unknown,Clear,197,22,19,0,7,13,1522033200,0.82,3.74,188,0,0,48.61,7.08,1,49.6,44.18,5.79,,cloudy,overcast,0,1,0,0,0,0
,35.041707,-85.260666,De Sales Ave,,De Sales Ave,4/6/2018 15:00,2018-04-06,15,1523041200,,,,Property Damage,Front to Rear,No,No,No,No,25,2,No,No,Shoulder and Lap Belt Used,37312,Shoulder and Lap Belt Used,37403,No,No,Daylight,Rain,197,22,19,0,7,13,1523037600,0.85,0.83,10,5,0.009,52.89,2.13,0.75,52.89,48.37,6.664,rain,rain,drizzle,1,0,0,0,0,1
,35.041788,-85.256397,1000 Mission Ave,,Glenwood Dr,4/20/2018 22:00,2018-04-20,22,1524276000,,,,Property Damage,"Sideswipe, Opposite Direction",Yes,No,No,No,25,2,No,No,Shoulder and Lap Belt Used,37406,Shoulder and Lap Belt Used,37404,No,No,Dark - Not Lighted,Clear,197,22,19,0,7,13,1524272400,0.37,0.6,23,0,0,57.04,1.55,0,57.04,31.14,5.627,,clear-night,clear,0,0,0,0,1,0
,35.041707,-85.260666,2525 De Sales Ave,,De Sales Ave,4/25/2018 12:00,2018-04-25,12,1524672000,,,,Property Damage,Angle,No,No,No,No,,2,No,No,,37416,Shoulder and Lap Belt Used,37363,No,No,Daylight,Clear,197,22,19,0,7,13,1524668400,0.73,9.18,346,4,0,60.6,16.1,1,60.6,51.79,9.997,,cloudy,overcast,0,1,0,0,0,0
,35.041707,-85.260666,2525 De Sales Ave,SR-2525,N Chamberlain Avenue,5/5/2018 11:00,2018-05-05,11,1525532400,,,,Property Damage,Angle,No,No,No,No,,2,No,No,,37312,Shoulder and Lap Belt Used,30707,No,No,Daylight,Clear,197,22,19,0,7,13,1525528800,0.77,0.36,29,6,0,70.98,0.82,0,70.6,63,5.341,,clear-day,clear,0,0,0,0,1,0
,35.041707,-85.260666,600 Derby Street,,Citico Ave.,5/10/2018 15:00,2018-05-10,15,1525978800,,,,Property Damage,Not Collision with Motor Vehicle in Transport,Yes,No,No,No,30,1,No,No,Unknown,Unknown,,,,,Daylight,Rain,197,22,19,0,7,13,1525975200,0.45,2.68,270,8,0,83.9,9.06,0.19,83.72,60.37,6.152,,partly-cloudy-day,partly cloudy,0,1,0,0,0,0
,35.04172,-85.258316,CITICO AVE,,Citico Ave,5/15/2018 17:00,2018-05-15,17,1526418000,,,,Property Damage,Front to Rear,No,No,No,No,25,2,No,No,Shoulder and Lap Belt Used,30736,Shoulder and Lap Belt Used,37406,No,No,Daylight,Rain,197,22,19,0,7,13,1526414400,0.62,2.37,207,4,0,79.77,5.12,0.61,79.22,65.23,5.44,,partly-cloudy-day,mostly cloudy,0,1,0,0,0,0
,35.041707,-85.260666,De Sales Ave,,De Sales Ave,5/16/2018 0:00,2018-05-16,0,1526443200,,,,Property Damage Under,Unknown,No,No,No,No,15,1,No,No,None Used MV Occupant,37374,,,No,No,Unknown,Unknown,197,22,19,0,7,13,1526439600,0.9,0.36,69,0,0,67.64,1.09,0.26,67.01,63.97,2.558,,partly-cloudy-night,partly cloudy,0,1,0,0,0,0
,35.040372,-85.260081,Glenwood Dr,,Parking lot,5/31/2018 0:00,2018-05-31,0,1527739200,,,,Property Damage,Unknown,Yes,No,No,No,,2,No,No,Shoulder and Lap Belt Used,37411,Unknown,Unknown,No,No,Unknown,Unknown,197,22,19,0,7,13,1527735600,0.87,3.46,219,0,0,73.37,7.44,0.75,72.35,68.24,5.798,,partly-cloudy-night,mostly cloudy,0,1,0,0,0,0
,35.039157,-85.257754,2700 Parkwood Ave,,Glenwood Avenue,6/2/2018 20:00,2018-06-02,20,1527984000,,,,Property Damage,Unknown,Yes,No,No,No,15,2,No,No,Unknown,Unknown,,37405,,,Daylight,Clear,197,22,19,0,7,13,1527980400,0.59,2.36,315,0,0,89.74,6.11,0,85.42,69.54,3.586,,clear-day,clear,0,0,0,0,1,0
,35.041707,-85.260666,2525 De Sales Ave,SR-2525,De Sales Ave,6/11/2018 7:00,2018-06-11,7,1528714800,,,,Property Damage,Front to Rear,No,No,No,No,,2,No,No,Shoulder and Lap Belt Used,37312,Shoulder and Lap Belt Used,30705,No,No,Dark - Lighted,Clear,197,22,19,0,7,13,1528711200,0.89,2.68,230,0,0,71.1,5.96,0.75,70.19,66.88,3.058,,partly-cloudy-day,mostly cloudy,0,1,0,0,0,0
,35.041707,-85.260666,2525 De Sales Ave,,Glenwood Dr,6/13/2018 0:00,2018-06-13,0,1528862400,,,,Property Damage Under,Not Collision with Motor Vehicle in Transport,Yes,No,No,No,15,1,No,No,,37421,,,,,Unknown,Unknown,197,22,19,0,7,13,1528858800,0.8,4.03,176,0,0,75.45,9.91,0.44,74.56,67.84,4.078,,partly-cloudy-night,partly cloudy,0,1,0,0,0,0
,35.040805,-85.256397,Citico Ave,,Glenwood Dr,6/15/2018 11:00,2018-06-15,11,1529074800,,,,Property Damage Under,Angle,No,No,No,No,15,2,No,No,,37404,Shoulder and Lap Belt Used,37406,No,No,Daylight,Clear,197,22,19,0,7,13,1529071200,0.65,3.78,58,7,0,88.23,7.49,0,83.64,70.58,5.512,,clear-day,clear,0,0,0,0,1,0
,35.041357,-85.259892,764 Glenwood Dr,,Citico Ave,7/5/2018 11:00,2018-07-05,11,1530802800,,,,Property Damage,Angle,No,No,No,No,,2,No,No,Shoulder and Lap Belt Used,37419,,37336,No,No,Daylight,Clear,197,22,19,0,7,13,1530799200,0.66,2.11,128,5,0,89.67,6.4,0.44,84.29,71.5,7.417,,partly-cloudy-day,partly cloudy,0,1,0,0,0,0
,35.041707,-85.260666,2525 De Sales Ave,,E 3rd St,7/18/2018 14:00,2018-07-18,14,1531936800,,,,Property Damage,Unknown,Yes,No,No,No,,2,No,No,,37415,Unknown,Unknown,,,Daylight,Unknown,197,22,19,0,7,13,1531933200,0.52,4.55,37,8,0,90.22,9.66,0.4,87.1,67.32,7.083,,partly-cloudy-day,partly cloudy,0,1,0,0,0,0
,35.039157,-85.257754,2700 Parkwood Ave,,Parkwood Ave,8/20/2018 13:00,2018-08-20,13,1534784400,,,,Property Damage,Unknown,Yes,No,No,No,,2,No,No,Unknown,Unknown,,37416,,,Daylight,Unknown,197,22,19,0,7,13,1534780800,0.75,6.01,181,5,0,85.11,9.55,1,80.8,72.13,6.996,,cloudy,humid and overcast,0,1,0,0,0,0
,35.041707,-85.260666,2525 De Sales Ave,SR-2525,N. Chamberlain Avenue,8/25/2018 8:00,2018-08-25,8,1535198400,,,,Property Damage,Unknown,Yes,No,No,No,,2,No,No,,37303,Unknown,Unknown,,,Daylight,Cloudy,197,22,19,0,7,13,1535194800,0.79,2.08,117,0,0,67.48,7.19,0.75,67.33,60.61,6.365,,partly-cloudy-day,mostly cloudy,0,1,0,0,0,0
,35.041707,-85.260666,2525 De Sales Ave,SR-2525,De Sales Ave,8/28/2018 10:00,2018-08-28,10,1535464800,,,,Property Damage,Unknown,Yes,No,No,No,,2,No,No,Unknown,Unknown,,37406,,,Daylight,Clear,197,22,19,0,7,13,1535461200,0.73,1.16,31,3,0,82.92,6.06,0,79.79,70.22,5.589,,clear-day,clear,0,0,0,0,1,0
,35.041707,-85.260666,De Sales Ave,SR-2525,Derby St,9/5/2018 0:00,2018-09-05,0,1536120000,,,,Property Damage,Unknown,Yes,No,No,No,,2,No,No,,30720,Unknown,Unknown,,,Unknown,Unknown,197,22,19,0,7,13,1536116400,0.86,1.56,41,0,0,77,5.7,0,75.7,71.1,6.5,,clear-night,clear,0,0,0,0,1,0
,35.041707,-85.260666,2525 De Sales Ave,,Glenwood Dr,9/20/2018 16:00,2018-09-20,16,1537473600,,,,Property Damage,"Sideswipe, Same Direction",No,No,No,No,20,2,No,No,,30707,Shoulder and Lap Belt Used,37343,No,No,Daylight,Clear,197,22,19,0,7,13,1537470000,0.39,3.55,124,4,0,95.11,7.94,0.44,93.09,64.43,3.402,,partly-cloudy-day,partly cloudy,0,1,0,0,0,0
,35.041707,-85.260666,2525 De Sales Ave,,Citico Ave,9/26/2018 16:00,2018-09-26,16,1537992000,,,,Property Damage,Unknown,Yes,No,No,No,25,2,No,No,Unknown,Unknown,,37404,,,Daylight,Clear,197,22,19,0,7,13,1537988400,0.96,2.15,35,3,0.039,73.02,4.38,1,71.67,70.31,3.473,rain,rain,light rain,1,0,0,0,0,1
,35.041707,-85.260666,2525 De Sales Ave,,Citico Ave,10/10/2018 14:00,2018-10-10,14,1539194400,,,,Property Damage Under,"Sideswipe, Same Direction",No,No,No,No,,2,No,No,Shoulder and Lap Belt Used,30757,,30757,,,Daylight,Cloudy,197,22,19,0,7,13,1539190800,0.76,4.05,164,4,0,82.01,8.98,1,79.08,70.87,2.162,,cloudy,overcast,0,1,0,0,0,0
,35.040372,-85.260081,Glenwood Dr,SR-605,Derby Cir,10/25/2018 0:00,2018-10-25,0,1540440000,,,,Property Damage,Unknown,Yes,No,No,No,15,2,No,No,Unknown,Unknown,,37311,,,Unknown,Clear,197,22,19,0,7,13,1540436400,0.72,3.07,4,0,0,50.2,10.74,0,50.2,41.43,5.753,,clear-night,clear,0,0,0,0,1,0
,35.041707,-85.260666,2525 De Sales Ave,,Healthy Way,11/9/2018 0:00,2018-11-09,0,1541739600,,,,Property Damage,Unknown,Yes,No,No,No,15,2,No,No,Unknown,Unknown,,30741,,,Unknown,Rain,197,22,19,0,7,13,1541736000,1,0.79,216,0,0,50.93,1.8,1,50.93,50.93,3.754,,cloudy,overcast,0,1,0,0,0,0
,35.041788,-85.256397,2709 Citico Ave,,Lattimore St,12/31/2018 1:00,2018-12-31,1,1546236000,,,,Property Damage,Unknown,Yes,No,No,No,,2,No,No,Unknown,Unknown,,37406,,,Dark - Not Lighted,Rain,197,22,19,0,7,13,1546232400,0.99,2.03,236,0,0,51.49,3.9,1,51.49,51.32,0.245,,fog,foggy,0,0,1,0,0,0
,35.037941,-85.255832,Latimore St,,Fisher Ave,1/25/2019 8:00,2019-01-25,8,1548421200,,,,Possible Injury,Head On,No,No,Yes,No,30,2,No,No,Shoulder and Lap Belt Used,37407,Shoulder and Lap Belt Used,37406,No,No,Daylight,Clear,197,22,19,0,7,13,1548417600,0.73,4.75,335,0,0,26.12,9.31,0.44,30.98,23.42,7.188,,partly-cloudy-day,partly cloudy,0,1,0,0,0,0
,35.041707,-85.260666,2525 De Sales Ave,,2525 De Sales,2/4/2019 0:00,2019-02-04,0,1549256400,,,,Property Damage,Unknown,Yes,No,No,No,,2,No,No,Unknown,Unknown,None Used MV Occupant,37347,No,No,Daylight,Clear,197,22,19,0,7,13,1549252800,0.97,0.41,269,0,0,42.95,2.81,0.17,42.95,42.15,4.564,,partly-cloudy-night,partly cloudy,0,1,0,0,0,0
,35.041707,-85.260666,2525 De Sales Ave,SR-2500,Derby Street,2/6/2019 0:00,2019-02-06,0,1549429200,,,,Property Damage,Angle,Yes,No,No,No,,2,No,No,,37343,,37421,,,Unknown,Rain,197,22,19,0,7,13,1549425600,0.79,3.45,178,0,0,62.49,6.58,0.66,62.49,56,10,,partly-cloudy-night,mostly cloudy,0,1,0,0,0,0
,35.041707,-85.260666,2525 De Sales Ave,,N Chamberlain Avenue,2/8/2019 0:00,2019-02-08,0,1549602000,,,,Property Damage,Angle,Yes,No,No,No,15,2,No,No,,32210,Unknown,Unknown,,,Unknown,Unknown,197,22,19,0,7,13,1549598400,0.83,8.88,348,0,0.02,62.09,20.72,0.65,62.09,57.02,9.708,rain,rain,possible light rain,1,0,0,0,0,1
,35.041788,-85.256397,2709 Citico Ave,,Citico Ave,3/5/2019 7:00,2019-03-05,7,1551787200,,,,Property Damage,Not Collision with Motor Vehicle in Transport,No,No,No,No,,1,No,No,Shoulder and Lap Belt Used,37406,,,No,No,Daylight,Other,197,22,19,0,7,13,1551783600,0.58,5.76,337,0,0,15.73,10.43,0.69,23,10.22,6.905,,partly-cloudy-night,mostly cloudy,0,1,0,0,0,0
,35.041707,-85.260666,2525 De Sales Ave,,Parking Garage,5/21/2019 15:00,2019-05-21,15,1558465200,,,,Property Damage,Angle,No,No,No,No,,2,No,No,Shoulder and Lap Belt Used,37421,,37412,No,No,Daylight,Clear,197,22,19,0,7,13,1558461600,0.43,5.97,199,10,0,87.16,10.82,0,86.8,61.75,5.695,,clear-day,clear,0,0,0,0,1,0
,35.041707,-85.260666,Glenwood Dr,,De Sales Ave,5/31/2019 12:00,2019-05-31,12,1559318400,,,,Property Damage,Head On,Yes,No,No,No,15,2,No,No,Unknown,Unknown,Shoulder and Lap Belt Used,37343,No,No,Daylight,Clear,197,22,19,0,7,13,1559314800,0.5,5.57,282,7,0,79.27,13.73,0.44,79.27,59.25,7.556,,partly-cloudy-day,partly cloudy,0,1,0,0,0,0
,35.0414961,-85.258512,700 Glenwood Drive,,Robbins,5/31/2019 16:00,2019-05-31,16,1559332800,,,,Property Damage,Angle,No,No,No,No,25,2,No,No,Shoulder and Lap Belt Used,37404,Shoulder and Lap Belt Used,37341,No,No,Daylight,Clear,197,22,19,0,7,13,1559329200,0.36,8.56,288,5,0,83.48,16.1,0.44,83.48,53.75,5.585,,partly-cloudy-day,partly cloudy,0,1,0,0,0,0
,35.041977,-85.259372,Glenwood Dr,,Dwight,6/5/2019 7:00,2019-06-05,7,1559732400,,,,Property Damage Under,Unknown,Yes,No,No,No,15,2,No,No,Unknown,Unknown,,37321,,,Daylight,Clear,197,22,19,0,7,13,1559728800,0.85,1.47,219,0,0,69.27,2.35,0.75,68.72,63.87,2.226,,partly-cloudy-day,mostly cloudy,0,1,0,0,0,0
,35.041707,-85.260666,De Sales Ave,,Kilmer St,6/20/2019 0:00,2019-06-20,0,1561003200,,,,Property Damage Under,Angle,Yes,No,No,No,15,2,No,No,Unknown,Unknown,,37380,,,Unknown,Clear,197,22,19,0,7,13,1560999600,0.8,5.15,208,0,0,79.38,10.33,0.44,78.1,71.5,6.767,,partly-cloudy-night,partly cloudy,0,1,0,0,0,0
,35.041707,-85.260666,De Sales Ave,,Glenwood Dr,6/20/2019 19:00,2019-06-20,19,1561071600,,,,Property Damage Under,Unknown,Yes,No,No,No,15,2,No,No,None Used MV Occupant,30741,Unknown,Unknown,No,No,Daylight,Clear,197,22,19,0,7,13,1561068000,0.58,8.02,257,1,0,85.74,15.85,0.44,83.22,66.76,5.696,,partly-cloudy-day,partly cloudy,0,1,0,0,0,0
,35.041707,-85.260666,2525 De Sales Ave,,De Sales Ave,6/21/2019 0:00,2019-06-21,0,1561089600,,,,Property Damage,Angle,Yes,No,No,No,15,2,No,No,,30736,Unknown,Unknown,,,Unknown,Clear,197,22,19,0,7,13,1561086000,0.8,2.6,288,0,0,74.51,7.3,0.19,73.68,67.17,6.152,,partly-cloudy-night,partly cloudy,0,1,0,0,0,0
,35.042826,-85.293329,863 Mccallie Ave,,Park Ave,1/11/2018 15:00,2018-01-11,15,1515700800,,,,Property Damage Under,Angle,No,No,No,No,25,2,No,No,Shoulder and Lap Belt Used,37404,Shoulder and Lap Belt Used,37027,No,No,Daylight,Cloudy,160,18,20,0,2,14,1515697200,0.89,2.45,190,1,0.001,59.46,6.47,1,59.46,56.21,2.888,rain,cloudy,overcast,0,1,0,0,0,0
,35.043994,-85.289804,Central Ave,,Vine St,1/19/2018 9:00,2018-01-19,9,1516370400,,,,Property Damage,Angle,No,No,No,No,25,2,No,No,Shoulder and Lap Belt Used,37342,Shoulder and Lap Belt Used,37211,No,No,Daylight,Clear,160,18,20,0,2,14,1516366800,0.68,0.07,,0,0,23.49,0.23,0,23.49,14.41,9.188,,clear-day,clear,0,0,0,0,1,0
,35.048368,-85.290591,975 E 3rd St,,Wiehl St,1/25/2018 14:00,2018-01-25,14,1516906800,,,,Property Damage,Angle,No,No,No,No,35,2,No,No,,37388,Shoulder and Lap Belt Used,37404,No,No,Daylight,Clear,160,18,20,0,2,14,1516903200,0.4,2.18,63,3,0,51.24,4.72,0,51.24,27.67,9.167,,clear-day,clear,0,0,0,0,1,0
,35.046375,-85.285984,E 3rd St,SR-1100,Oneal St,1/30/2018 16:00,2018-01-30,16,1517346000,,,,Property Damage,Angle,No,No,No,No,35,2,No,No,Shoulder and Lap Belt Used,37411,Shoulder and Lap Belt Used,37411,No,No,Daylight,Clear,160,18,20,0,2,14,1517342400,0.36,3.28,16,1,0,40.25,9.66,0,41.93,17.13,9.167,,clear-day,clear,0,0,0,0,1,0
,35.046907,-85.288194,300 Central Ave,,East 3rd St,2/1/2018 8:00,2018-02-01,8,1517490000,,,,Property Damage Under,Front to Rear,No,No,No,No,25,2,No,No,Shoulder and Lap Belt Used,37042,Shoulder and Lap Belt Used,37404,No,No,Daylight,Clear,160,18,20,0,2,14,1517486400,0.66,1.3,195,0,0,47.41,4.08,1,47.41,36.61,3.038,,cloudy,overcast,0,1,0,0,0,0
,35.047957,-85.289321,979 E 3rd St,,Parking garage,2/9/2018 8:00,2018-02-09,8,1518181200,,,,Property Damage,Not Collision with Motor Vehicle in Transport,No,No,No,No,,1,No,No,Shoulder and Lap Belt Used,37404,,,No,No,Daylight,Clear,160,18,20,0,2,14,1518177600,0.79,0.24,171,0,0,31.9,1.12,0,31.9,26.22,3.742,,clear-day,clear,0,0,0,0,1,0
,35.043283,-85.293892,837 Mccallie Ave,,Palmetto St,2/23/2018 0:00,2018-02-23,0,1519362000,,,,Property Damage Under,Unknown,Yes,No,No,No,,2,No,No,Unknown,Unknown,,37931,,,Unknown,Clear,160,18,20,0,2,14,1519358400,0.77,0.35,174,0,0,65.99,2.49,0.15,65.99,58.52,3.038,,partly-cloudy-night,partly cloudy,0,1,0,0,0,0
,35.04765,-85.291018,E 3rd St,US-960,Blackford St,2/28/2018 16:00,2018-02-28,16,1519851600,,,,Property Damage,Unknown,Yes,No,No,No,,2,No,No,,37421,Unknown,Unknown,,,Daylight,Rain,160,18,20,0,2,14,1519848000,0.94,0.55,164,2,0.038,53.01,2.33,1,53.01,51.22,1.853,rain,rain,light rain,1,0,0,0,0,1
,35.041926,-85.290932,Central Ave,SR-700,McCallie Ave,3/20/2018 10:00,2018-03-20,10,1521554400,,,,Property Damage Under,"Sideswipe, Same Direction",No,No,No,No,40,2,No,No,Shoulder and Lap Belt Used,35968,Shoulder and Lap Belt Used,37404,No,No,Daylight,Clear,160,18,20,0,2,14,1521550800,0.92,0.82,263,1,0,54.7,2.86,1,54.7,52.49,1.297,,fog,foggy,0,0,1,0,0,0
,35.044753,-85.287796,500 O Neal St,,E 5th St,4/27/2018 9:00,2018-04-27,9,1524834000,,,,Property Damage,Angle,No,No,No,No,25,2,No,No,,37343,,37406,No,No,Daylight,Clear,160,18,20,0,2,14,1524830400,0.9,0.61,306,1,0,51.79,2.83,0.44,51.79,49.07,2.423,,partly-cloudy-day,partly cloudy,0,1,0,0,0,0
,35.041926,-85.290932,700 Central Ave,,Mccallie Ave,5/8/2018 15:00,2018-05-08,15,1525806000,,,,Property Damage,Angle,No,No,No,No,35,2,No,No,Shoulder and Lap Belt Used,30741,Shoulder and Lap Belt Used,30741,No,No,Daylight,Clear,160,18,20,0,2,14,1525802400,0.43,0.99,202,7,0,79.91,5.62,0.44,79.91,55.56,6.267,,partly-cloudy-day,partly cloudy,0,1,0,0,0,0
,35.0476353,-85.288839,975 E 3rd St,,Central Ave,6/21/2018 0:00,2018-06-21,0,1529553600,,,,Property Damage,Unknown,Yes,No,No,No,15,2,No,No,,37411,Unknown,Unknown,,,Unknown,Clear,160,18,20,0,2,14,1529550000,0.69,2.15,253,0,0,79.97,4.78,0.94,79.11,68.11,3.378,,cloudy,overcast,0,1,0,0,0,0
,35.047882,-85.291449,946 E 3rd St,,Hampton St,7/13/2018 0:00,2018-07-13,0,1531454400,,,,Property Damage,Unknown,Yes,No,No,No,,2,No,No,,37343,Unknown,Unknown,,,Unknown,Clear,160,18,20,0,2,14,1531450800,0.81,2.87,24,0,0,84.29,5.85,0.47,79.96,73.66,6.425,,partly-cloudy-night,humid and partly cloudy,0,1,0,0,0,0
,35.046753,-85.286955,1117 E 3rd St,,E 3rd St,7/20/2018 14:00,2018-07-20,14,1532109600,,,,Property Damage,Angle,No,No,No,No,15,2,No,No,None Used MV Occupant,30165,Shoulder and Lap Belt Used,37407,No,No,Daylight,Clear,160,18,20,0,2,14,1532106000,0.58,6.42,175,6,0,90.38,13.06,0.75,86.05,69.4,6.968,,partly-cloudy-day,mostly cloudy,0,1,0,0,0,0
,35.047378,-85.292393,Hampton St,,E 4th St,8/12/2018 0:00,2018-08-12,0,1534046400,,,,Property Damage,Unknown,Yes,No,No,No,15,2,No,No,Unknown,Unknown,Shoulder and Lap Belt Used,37363,No,No,Unknown,Clear,160,18,20,0,2,14,1534042800,0.81,1.57,276,0,0,77.55,3.92,0,76.42,70,10,,clear-night,clear,0,0,0,0,1,0
,35.047347,-85.28939,E 3rd St,SR-1048,Central Ave,8/19/2018 16:00,2018-08-19,16,1534708800,,,,Property Damage,Angle,Yes,No,No,No,,2,No,No,Unknown,Unknown,,30752,,,Daylight,Cloudy,160,18,20,0,2,14,1534705200,0.68,5.27,177,5,0.005,88.92,9.52,0.75,83.48,71.99,2.077,rain,partly-cloudy-day,mostly cloudy,0,1,0,0,0,0
,35.046419,-85.28689,300 O Neal St,,O'Neal St,8/30/2018 9:00,2018-08-30,9,1535634000,,,,Property Damage,Angle,No,No,No,No,25,2,No,No,Shoulder and Lap Belt Used,37411,Shoulder and Lap Belt Used,37416,No,No,Daylight,Clear,160,18,20,0,2,14,1535630400,0.87,1.04,181,1,0,75.04,5.14,0.17,73.85,69.81,2.092,,partly-cloudy-day,partly cloudy,0,1,0,0,0,0
,35.041926,-85.290932,700 Central Ave St,,Non intersection,9/19/2018 10:00,2018-09-19,10,1537365600,,,,Property Damage Under,Angle,Yes,No,No,No,35,2,No,No,Unknown,Unknown,Shoulder and Lap Belt Used,37381,No,No,Daylight,Clear,160,18,20,0,2,14,1537362000,0.75,1.17,54,2,0,76.72,4.87,0.41,75.91,67.35,4.022,,partly-cloudy-day,partly cloudy,0,1,0,0,0,0
,35.047957,-85.289321,E 3rd St,,Wiehl St,10/12/2018 15:00,2018-10-12,15,1539370800,,,,Property Damage,Front to Rear,No,No,No,No,15,2,No,No,,37406,Shoulder and Lap Belt Used,30736,No,No,Daylight,Clear,160,18,20,0,2,14,1539367200,0.35,4.36,335,4,0,68.1,10.2,0.67,68.1,39.47,7.338,,partly-cloudy-day,mostly cloudy,0,1,0,0,0,0
,35.04594,-85.289181,1048 E 4th St,,Wiehl Street,10/13/2018 14:00,2018-10-13,14,1539453600,,,,Property Damage Under,Unknown,Yes,No,No,No,15,2,No,No,Unknown,Unknown,,37370,,,Daylight,Clear,160,18,20,0,2,14,1539450000,0.57,4.52,38,5,0,60.5,9.28,0.78,60.5,45.39,3.111,,partly-cloudy-day,mostly cloudy,0,1,0,0,0,0
,35.047957,-85.289321,979 E 3rd St,,E 3rd St,10/20/2018 5:00,2018-10-20,5,1540026000,,,,Property Damage Under,Unknown,Yes,No,No,No,15,2,No,No,,37379,Unknown,Unknown,,,Dark - Not Lighted,Rain,160,18,20,0,2,14,1540022400,0.87,0.83,323,0,0.006,61.68,6.59,0.97,61.68,57.9,5.961,rain,rain,drizzle,1,0,0,0,0,1
,35.043695,-85.289757,Central Ave,SR-600,Vine St,12/9/2018 15:00,2018-12-09,15,1544385600,,,,Property Damage,Angle,Yes,No,No,No,,2,No,No,,30004,Unknown,Unknown,,,Daylight,Rain,160,18,20,0,2,14,1544382000,0.88,5.76,18,1,0,37.27,12.15,1,41.13,37.93,1.864,,fog,foggy,0,0,1,0,0,0
,35.0439,-85.2922,2801 E 48th st,,Rossville Blvd,1/31/2019 16:00,2019-01-31,16,1548968400,,,,Possible Injury,Angle,No,No,Yes,No,30,2,No,No,Shoulder and Lap Belt Used,37410,Shoulder and Lap Belt Used,30740,Yes,No,Daylight,Clear,160,18,20,0,2,14,1548964800,0.3,4.06,250,1,0,45.37,9.9,0.39,47.01,16.89,7.091,,partly-cloudy-day,partly cloudy,0,1,0,0,0,0
,35.046017,-85.288095,Central Ave,,E 3rd St,2/6/2019 0:00,2019-02-06,0,1549429200,,,,Property Damage,Angle,Yes,No,No,No,15,2,No,No,,37408,Unknown,Unknown,,,Daylight,Clear,160,18,20,0,2,14,1549425600,0.79,3.56,178,0,0,62.75,7,0.67,62.75,56.07,10,,partly-cloudy-night,mostly cloudy,0,1,0,0,0,0
,35.048026,-85.291788,E 3rd St,,Hampton St,2/13/2019 7:00,2019-02-13,7,1550059200,,,,Property Damage,Angle,No,No,No,No,30,2,No,No,Shoulder and Lap Belt Used,37404,Shoulder and Lap Belt Used,37404,No,No,Dawn,Clear,160,18,20,0,2,14,1550055600,0.65,6.06,306,0,0,30.47,10.11,0,35.59,25.15,6.768,,clear-night,clear,0,0,0,0,1,0