Accident,Latitude,Longitude,Street,AltStreet,Intersection,DateTime,Date,Hour,Unix,WeekDay,WeekEnd,DayFrame,AccidentType,CollisionType,HaR,FatalInjury,MedicalTransport,InvolvedPlacardedTruck,PostedSpeed,TotalVehiclesInvolved,PedestrianInvolved,BicycleInvolved,DriverOneSafetyEquipment,DriverOneZip,DriverTwoSafetyEquipment,DriverTwoZip,Drug,Alcohol,LightCondition,Weather,Grid_Block,Grid_Col,Grid_Row,Highway,Land_Use_Mode,Road_Count,HourBefore,humidity,windSpeed,windBearing,uvIndex,precipIntensity,apparentTemperature,windGust,cloudCover,temperature,dewPoint,visibility,precipType,Event,Conditions,Rain,Cloudy,Foggy,Snow,Clear,RainBefore
,35.046084,-85.291424,E 5th St,,Fortwood Pl,2/21/2019 15:00,2019-02-21,15,1550779200,,,,Property Damage,Angle,Yes,No,No,No,25,2,No,No,Unknown,Unknown,,37343,,,Daylight,Unknown,160,18,20,0,2,14,1550775600,0.88,5.74,24,3,0.001,53.65,10.28,1,53.65,50.14,2.777,rain,cloudy,overcast,0,1,0,0,0,0
,35.0471858,-85.288705,Highway 27 SB,,Manufactures RD,2/27/2019 16:00,2019-02-27,16,1551301200,,,,Possible Injury,Front to Rear,Yes,No,Yes,No,55,2,No,No,Unknown,Unknown,Shoulder and Lap Belt Used,37415,No,,Daylight,Clear,160,18,20,0,2,14,1551297600,0.37,4.32,176,2,0,71.82,12.07,0.44,71.82,44.06,6.824,,partly-cloudy-day,partly cloudy,0,1,0,0,0,0
,35.046753,-85.286955,E 3rd St,,Central Ave,3/1/2019 8:00,2019-03-01,8,1551445200,,,,Property Damage,Front to Rear,Yes,No,No,No,30,2,No,No,Shoulder and Lap Belt Used,37924,Unknown,Unknown,No,No,Daylight,Rain,160,18,20,0,2,14,1551441600,0.96,1.15,332,0,0.024,55.61,1.54,1,55.61,54.57,2.63,rain,rain,light rain,1,0,0,0,0,1
,35.0439,-85.2945,174 I24 E interstate,I-24,,3/1/2019 17:00,2019-03-01,17,1551477600,,,,Possible Injury,Front to Rear,No,No,No,No,55,2,No,No,Shoulder and Lap Belt Used,35989,Shoulder and Lap Belt Used,37128,No,No,Daylight,Clear,160,18,20,0,2,14,1551474000,0.74,8.96,258,1,0,58.01,18.11,1,58.01,49.87,5.549,,cloudy,overcast,0,1,0,0,0,0
,35.042576,-85.292668,910 Mccallie Ave,,Fortwood St,3/25/2019 17:00,2019-03-25,17,1553547600,,,,Property Damage Under,Front to Rear,No,No,No,No,25,2,No,No,Shoulder and Lap Belt Used,37402,Shoulder and Lap Belt Used,37405,No,No,Daylight,Rain,160,18,20,0,2,14,1553544000,0.69,5.34,257,2,0,64.27,13.41,0.97,64.27,53.97,7.666,,cloudy,overcast,0,1,0,0,0,0
,35.046907,-85.288194,E 3rd St,,Central Ave,3/30/2019 11:00,2019-03-30,11,1553958000,,,,Property Damage,Front to Rear,No,No,No,No,30,3,No,No,Shoulder and Lap Belt Used,37067,Shoulder and Lap Belt Used,37352,No,No,Daylight,Clear,160,18,20,0,2,14,1553954400,0.51,9.21,187,3,0,69.14,14.87,0.67,69.14,50.28,5.362,,partly-cloudy-day,mostly cloudy,0,1,0,0,0,0
,35.047957,-85.289321,E 3rd St,,Central Ave,4/18/2019 0:00,2019-04-18,0,1555560000,,,,Property Damage,Angle,Yes,No,No,No,15,2,No,No,,30721,Unknown,Unknown,,,Unknown,Clear,160,18,20,0,2,14,1555556400,0.51,6.63,192,0,0,70.49,20.54,0.94,70.49,51.38,10,,cloudy,overcast,0,1,0,0,0,0
,35.0439,-85.2945,N Holly St,,5th street,5/2/2019 10:00,2019-05-02,10,1556805600,,,,Property Damage,Front to Rear,No,No,No,No,25,2,No,No,Shoulder and Lap Belt Used,37415,Shoulder and Lap Belt Used,37405,No,No,Daylight,Clear,160,18,20,0,2,14,1556802000,0.8,5.9,157,3,0,72.84,9.36,0.44,72.17,65.58,5.906,,partly-cloudy-day,partly cloudy,0,1,0,0,0,0
,35.104861,-85.159074,5400-5515 Highway 58,,Hickory Valley Road,1/11/2018 17:00,2018-01-11,17,1515708000,,,,Property Damage Under,Front to Rear,No,No,No,No,45,2,No,No,Shoulder and Lap Belt Used,37321,Shoulder and Lap Belt Used,37363,No,No,Dusk,Rain,781,29,5,0,0,2,1515704400,0.9,1.2,169,0,0,59.42,3.82,1,59.42,56.37,4.292,,cloudy,overcast,0,1,0,0,0,0
,35.1049242,-85.160402,5201 Hwy 58,,Champion Road,4/11/2018 0:00,2018-04-11,0,1523419200,,,,Property Damage,Not Collision with Motor Vehicle in Transport,No,No,No,No,50,1,No,No,Shoulder and Lap Belt Used,37322,,,No,No,Unknown,Unknown,781,29,5,0,0,2,1523415600,0.56,1.62,359,0,0,50.57,3.84,0,50.57,35.59,1.24,,fog,foggy,0,0,1,0,0,0
,35.104728,-85.159644,Highway 58,,Clark Rd,9/11/2018 7:00,2018-09-11,7,1536663600,,,,Property Damage Under,Front to Rear,No,No,No,No,25,2,No,No,Shoulder and Lap Belt Used,37341,Shoulder and Lap Belt Used,37341,No,No,Dawn,Cloudy,781,29,5,0,0,2,1536660000,0.9,3.34,21,0,0,67.79,6.73,1,67.12,64.24,6.56,,cloudy,overcast,0,1,0,0,0,0
,35.104648,-85.159983,8600 Hickory Valley Rd,,Hwy 58,11/30/2018 3:00,2018-11-30,3,1543564800,,,,Property Damage,Not Collision with Motor Vehicle in Transport,Yes,No,No,No,35,1,No,No,Unknown,37363,,,,,Unknown,Unknown,781,29,5,0,0,2,1543561200,0.92,1.78,184,0,0,46.47,7.95,1,46.47,44.15,4.956,,cloudy,overcast,0,1,0,0,0,0
,35.104417,-85.160984,Highway 58,,N Hickory Valley Rd,11/30/2018 18:00,2018-11-30,18,1543618800,,,,Property Damage Under,Front to Rear,No,No,No,No,45,2,No,No,Shoulder and Lap Belt Used,37363,Shoulder and Lap Belt Used,37341,No,No,Dark - Lighted,Rain,781,29,5,0,0,2,1543615200,0.93,3.85,203,0,0.068,59.58,7.13,1,59.53,57.62,1.355,rain,rain,light rain,1,0,0,0,0,1
,35.121975,-85.239625,Highway 153,,Highway 153,1/12/2018 0:00,2018-01-12,0,1515733200,,,,Property Damage Under,Unknown,Yes,No,No,No,,2,No,No,Unknown,37343,Unknown,Unknown,,,Unknown,Clear,703,19,7,1,7,6,1515729600,0.91,0.54,179,0,0,58.22,3.18,1,58.22,55.48,1.451,,fog,foggy,0,0,1,0,0,0
,35.121052,-85.237366,Highway 153,,Hamill Rd,1/29/2018 0:00,2018-01-29,0,1517202000,,,,Property Damage,Unknown,Yes,No,No,No,35,2,No,No,Unknown,Unknown,,37379,,,Unknown,Unknown,703,19,7,1,7,6,1517198400,0.86,0.79,12,0,0,48.26,2.82,1,48.26,44.18,9.997,,cloudy,overcast,0,1,0,0,0,0
,35.121507,-85.23827,153 Hwy,,Dupont Pkwy Sb,2/20/2018 13:00,2018-02-20,13,1519149600,,,,Property Damage,Angle,No,No,No,No,25,2,No,No,Shoulder and Lap Belt Used,37336,Shoulder and Lap Belt Used,37379,No,No,Daylight,Cloudy,703,19,7,1,7,6,1519146000,0.77,4.16,161,4,0,70.81,9.26,0.75,70.46,62.78,6.694,,partly-cloudy-day,mostly cloudy,0,1,0,0,0,0
,35.121975,-85.239625,5113 Highway 153,,Hamill Rd,3/1/2018 17:00,2018-03-01,17,1519941600,,,,Property Damage,Front to Rear,No,No,No,No,50,2,No,No,Shoulder and Lap Belt Used,37405,Shoulder and Lap Belt Used,30740,No,No,Daylight,Rain,703,19,7,1,7,6,1519938000,0.89,4.05,244,1,0.005,58.32,8.92,0.75,58.32,55.16,2.328,rain,rain,drizzle,1,0,0,0,0,1
,35.122739,-85.241061,Hamill Rd,,Highway 153,6/22/2018 18:00,2018-06-22,18,1529704800,,,,Property Damage Under,Front to Rear,Yes,No,No,No,40,2,No,No,Unknown,Unknown,Shoulder and Lap Belt Used,37377,No,No,Daylight,Clear,703,19,7,1,7,6,1529701200,0.88,5.19,65,2,0.165,74.04,9.69,1,72.92,69.04,7.966,rain,rain,rain,1,0,0,0,0,1
,35.122772,-85.240947,1906 Hamill Rd,,Highway 153,7/3/2018 17:00,2018-07-03,17,1530651600,,,,Property Damage,"Sideswipe, Same Direction",No,No,No,No,35,2,No,No,Shoulder and Lap Belt Used,37343,Shoulder and Lap Belt Used,37343,No,No,Daylight,Clear,703,19,7,1,7,6,1530648000,0.51,4.4,160,5,0,99.39,8.76,0.36,92.2,71.34,8.151,,partly-cloudy-day,partly cloudy,0,1,0,0,0,0
,35.120512,-85.242399,1790 Hamill Rd,US-1790,Highway 153,8/13/2018 10:00,2018-08-13,10,1534168800,,,,Property Damage,Angle,No,No,No,No,,2,No,No,Shoulder and Lap Belt Used,37415,Shoulder and Lap Belt Used,37421,No,No,Daylight,Clear,703,19,7,1,7,6,1534165200,0.75,4.18,16,3,0,76.94,4.58,0,76.09,67.69,10,,clear-day,clear,0,0,0,0,1,0
,35.121052,-85.237366,5100 Highway 153,,Hamill Rd,11/17/2018 18:00,2018-11-17,18,1542495600,,,,Property Damage,Front to Rear,No,No,No,No,45,2,No,No,Shoulder and Lap Belt Used,37343,Shoulder and Lap Belt Used,37343,No,No,Dark - Lighted,Clear,703,19,7,1,7,6,1542492000,0.67,1.82,141,0,0,52.7,5,0.62,52.7,42.15,3.755,,partly-cloudy-night,mostly cloudy,0,1,0,0,0,0
,35.120077,-85.23696,5100 - 5109 Highway 153,US-5100,Dupont Parkway,11/27/2018 15:00,2018-11-27,15,1543348800,,,,Property Damage,Angle,No,No,No,No,45,2,No,No,Shoulder and Lap Belt Used,38501,Shoulder and Lap Belt Used,37343,No,No,Daylight,Clear,703,19,7,1,7,6,1543345200,0.47,8.73,309,1,0,29.46,16.02,0.23,36.12,17.73,7.159,,partly-cloudy-day,partly cloudy,0,1,0,0,0,0
,35.1209811,-85.237037,5100 Highway 153,,Dupont Parkway,11/29/2018 17:00,2018-11-29,17,1543528800,,,,Property Damage,Front to Rear,No,No,No,No,45,2,No,No,Shoulder and Lap Belt Used,37341,Shoulder and Lap Belt Used,37343,No,No,Dark - Lighted,Rain,703,19,7,1,7,6,1543525200,0.87,3.19,56,0,0.005,38.03,7.82,1,39.9,36.36,5.519,rain,cloudy,overcast,0,1,0,0,0,0
,35.120465,-85.240927,5000 New Country Dr,,Hamill Rd,12/3/2018 20:00,2018-12-03,20,1543885200,,,,Property Damage,Unknown,Yes,No,No,No,,2,No,No,Unknown,Unknown,,,,,Dark - Not Lighted,Clear,703,19,7,1,7,6,1543881600,0.58,8.83,343,0,0,40.51,15.1,0.65,45.16,31.14,5.785,,partly-cloudy-night,mostly cloudy,0,1,0,0,0,0
,35.12111,-85.23781,5100-5108 Highway 153,,Hamill Rd,12/7/2018 16:00,2018-12-07,16,1544216400,,,,Suspected Minor Injury,Angle,No,No,Yes,No,45,2,No,No,Shoulder and Lap Belt Used,37379,Shoulder and Lap Belt Used,37343,No,No,Daylight,Clear,703,19,7,1,7,6,1544212800,0.54,4.1,39,0,0,45.68,6.55,0.96,47.31,31.32,8.476,,cloudy,overcast,0,1,0,0,0,0
,35.120039,-85.236934,5100 Highway 153 Sb,,Dupont Parkway,1/11/2019 9:00,2019-01-11,9,1547215200,,,,Property Damage,Angle,No,No,No,No,45,2,No,No,Shoulder and Lap Belt Used,37404,Shoulder and Lap Belt Used,37343,No,No,Daylight,Clear,703,19,7,1,7,6,1547211600,0.59,6.92,32,0,0,21.53,11.47,0.36,28.65,16.11,8.299,,partly-cloudy-day,partly cloudy,0,1,0,0,0,0
,35.121975,-85.239625,5113 Highway 153,,Hamill Rd,4/11/2019 13:00,2019-04-11,13,1555002000,,,,Possible Injury,Angle,No,No,No,No,45,2,No,No,,37343,Shoulder and Lap Belt Used,37415,No,No,Daylight,Clear,703,19,7,1,7,6,1554998400,0.47,12.81,161,6,0,79.96,24.57,0.65,79.96,57.64,5.278,,partly-cloudy-day,mostly cloudy,0,1,0,0,0,0
,35.122205,-85.23967,5113 Hwy 153,,Hamill Rd,4/17/2019 0:00,2019-04-17,0,1555473600,,,,Property Damage,Angle,Yes,No,No,No,,2,No,No,Unknown,Unknown,,37343,,,Dark - Lighted,Clear,703,19,7,1,7,6,1555470000,0.6,4.11,205,0,0,59.63,7.51,0,59.63,45.9,6.265,,clear-night,clear,0,0,0,0,1,0
,35.121145,-85.243615,1800 Hamill Rd,,Bagwell,5/24/2019 12:00,2019-05-24,12,1558713600,,,,Property Damage,Angle,Yes,No,No,No,35,2,No,No,Shoulder and Lap Belt Used,30755,Unknown,Unknown,No,No,Daylight,Clear,703,19,7,1,7,6,1558710000,0.53,1.18,205,6,0,91.75,5.97,0.75,87.84,68.39,2.944,,partly-cloudy-day,mostly cloudy,0,1,0,0,0,0
,35.128532,-85.245334,Hixson Pike,,Greendale Way,1/12/2018 17:00,2018-01-12,17,1515794400,,,,Property Damage,Unknown,Yes,No,No,No,,2,No,No,,37321,Unknown,Unknown,,,Unknown,Unknown,737,18,6,1,2,9,1515790800,0.8,5.16,301,0,0,29.7,12.87,1,34.36,28.92,9.997,,cloudy,overcast,0,1,0,0,0,0
,35.131244,-85.247006,Cloverdale Cir,,Hixson Pike,1/27/2018 20:00,2018-01-27,20,1517101200,,,,Property Damage,Angle,No,No,No,No,20,2,No,No,None Used MV Occupant,37343,,37406,No,No,Dark - Lighted,Clear,737,18,6,1,2,9,1517097600,0.87,0.15,185,0,0,52.59,1.81,1,52.59,48.98,5.499,,cloudy,overcast,0,1,0,0,0,0
,35.126114,-85.248293,Hixson Pike,,Hixson Pike,2/9/2018 19:00,2018-02-09,19,1518220800,,,,Property Damage,Front to Rear,Yes,No,No,No,15,2,No,No,,37343,,37343,No,No,Dark - Lighted,Clear,737,18,6,1,2,9,1518217200,0.39,0.63,163,0,0,58.12,3.97,0.25,58.12,33.41,6.932,,partly-cloudy-night,partly cloudy,0,1,0,0,0,0
,35.127346,-85.242192,5300 Hwy153,,Hixson Pike,3/15/2018 8:00,2018-03-15,8,1521115200,,,,Property Damage,Front to Rear,No,No,No,No,25,2,No,No,Shoulder and Lap Belt Used,37343,Shoulder and Lap Belt Used,37421,No,No,Daylight,Clear,737,18,6,1,2,9,1521111600,0.58,0.23,229,0,0,34.31,1.78,0,34.31,20.98,7.089,,clear-day,clear,0,0,0,0,1,0
,35.126114,-85.248293,Hixson Pike,,Williams Rd,3/22/2018 16:00,2018-03-22,16,1521748800,,,,Property Damage,Head On,No,No,No,No,40,2,No,No,Shoulder and Lap Belt Used,37419,Shoulder and Lap Belt Used,37379,No,No,Daylight,Clear,737,18,6,1,2,9,1521745200,0.32,4.64,327,5,0,54.99,12,0,54.99,25.82,7.089,,clear-day,clear,0,0,0,0,1,0
,35.128636,-85.246472,4850 - 4899 Hixson Pike,SR-4850,Cloverdale loop,4/4/2018 6:00,2018-04-04,6,1522836000,,,,Property Damage,"Sideswipe, Opposite Direction",No,No,No,No,45,2,No,No,Shoulder and Lap Belt Used,37379,Shoulder and Lap Belt Used,37407,No,No,Dark - Lighted,Clear,737,18,6,1,2,9,1522832400,0.81,4.7,328,0,0.001,51.84,13.19,1,51.84,46.21,6.932,rain,rain,possible drizzle,1,0,0,0,0,1
,35.125764,-85.246405,4810 Hixson Pike,,Williams Rd,4/5/2018 14:00,2018-04-05,14,1522951200,,,,Property Damage,Front to Rear,Yes,No,No,No,40,2,No,No,Unknown,Unknown,Shoulder and Lap Belt Used,37379,No,No,Daylight,Clear,737,18,6,1,2,9,1522947600,0.29,2.33,51,9,0,56.94,5.54,0,56.94,24.79,6.932,,clear-day,clear,0,0,0,0,1,0
,35.1258253,-85.247347,6100 hwy 153,,Dayton Blvd,4/13/2018 10:00,2018-04-13,10,1523628000,,,,Property Damage,Angle,No,No,No,No,45,2,No,No,Shoulder and Lap Belt Used,37321,Shoulder and Lap Belt Used,37379,No,No,Daylight,Clear,737,18,6,1,2,9,1523624400,0.62,1.77,201,3,0,64.56,6.27,0,64.56,51.19,6.731,,clear-day,clear,0,0,0,0,1,0
,35.126072,-85.247258,4445 Hixson Pike,,Hamill Rd,5/3/2018 12:00,2018-05-03,12,1525363200,,,,Property Damage,"Sideswipe, Same Direction",No,No,No,No,40,2,No,No,Shoulder and Lap Belt Used,37415,Shoulder and Lap Belt Used,37363,No,No,Daylight,Clear,737,18,6,1,2,9,1525359600,0.48,2.12,172,9,0,79.13,6.87,0,79.13,57.92,6.731,,clear-day,clear,0,0,0,0,1,0
,35.127013,-85.244893,1664 Greendale Way,,Hixson Pk,6/2/2018 19:00,2018-06-02,19,1527980400,,,,Property Damage,Angle,Yes,No,No,No,15,2,No,No,,37343,Unknown,Unknown,,,Daylight,Clear,737,18,6,1,2,9,1527976800,0.52,5.38,340,1,0,91.38,10.77,0.36,87.87,67.78,7.07,,partly-cloudy-day,partly cloudy,0,1,0,0,0,0
,35.128897,-85.243827,5323 Highway 153,,Hixson Pike,6/7/2018 0:00,2018-06-07,0,1528344000,,,,Property Damage Under,"Sideswipe, Same Direction",Yes,No,No,No,45,2,No,No,Unknown,Unknown,Shoulder and Lap Belt Used,37421,No,No,Unknown,Unknown,737,18,6,1,2,9,1528340400,0.65,0.97,338,0,0,74.01,4.49,0.13,73.86,61.36,6.17,,partly-cloudy-night,partly cloudy,0,1,0,0,0,0
,35.128434,-85.247114,4849 Hixson Pike,SR-1,Hixson Pk,7/7/2018 23:00,2018-07-07,23,1531018800,,,,Property Damage,Angle,Yes,No,No,No,,2,No,No,,37343,Unknown,Unknown,,,Dark - Lighted,Clear,737,18,6,1,2,9,1531015200,0.87,3.15,82,0,0,76.18,3.15,0.65,74.91,70.71,7.054,,partly-cloudy-night,mostly cloudy,0,1,0,0,0,0
,35.129603,-85.246022,4900 Hixson Pike,,Hwy 153,7/27/2018 14:00,2018-07-27,14,1532714400,,,,Property Damage,Front to Rear,No,No,No,No,45,2,No,No,Shoulder and Lap Belt Used,37343,Shoulder and Lap Belt Used,37405,No,No,Daylight,Clear,737,18,6,1,2,9,1532710800,0.51,4.45,274,6,0,88.58,9.44,0.79,86.34,65.88,7.095,,partly-cloudy-day,mostly cloudy,0,1,0,0,0,0
,35.128246,-85.243412,5311 Highway 153,US-5311,Hixson Pike,8/28/2018 8:00,2018-08-28,8,1535457600,,,,Possible Injury,Angle,No,No,No,No,45,3,No,No,,37415,Shoulder and Lap Belt Used,37373,No,No,Daylight,Clear,737,18,6,1,2,9,1535454000,0.86,1.35,194,0,0,74.7,3.69,0.69,73.6,69.15,5.082,,partly-cloudy-day,mostly cloudy,0,1,0,0,0,0
,35.126449,-85.24526,Greendale Way,,Hixson Pike,9/17/2018 10:00,2018-09-17,10,1537192800,,,,Property Damage,Angle,No,No,No,No,15,2,No,No,Shoulder and Lap Belt Used,37343,Shoulder and Lap Belt Used,37130,No,No,Daylight,Clear,737,18,6,1,2,9,1537189200,0.83,4.26,242,2,0,75.66,9.8,0.79,74.61,69,7.078,,partly-cloudy-day,mostly cloudy,0,1,0,0,0,0
,35.128532,-85.245334,Hixson Pike,,Greendale Way,10/3/2018 13:00,2018-10-03,13,1538586000,,,,Property Damage,Front to Rear,Yes,No,No,No,,2,No,No,Unknown,Unknown,,,,,Daylight,Clear,737,18,6,1,2,9,1538582400,0.56,2.46,190,6,0,86.31,9.32,0.39,83.91,66.42,7.832,,partly-cloudy-day,partly cloudy,0,1,0,0,0,0
,35.130947,-85.244455,5336 Hwy 153,,Hixson Pike,11/29/2018 16:00,2018-11-29,16,1543525200,,,,Property Damage,Front to Rear,No,No,No,No,45,2,No,No,Shoulder and Lap Belt Used,37421,Shoulder and Lap Belt Used,30736,No,No,Daylight,Rain,737,18,6,1,2,9,1543521600,0.9,1.58,128,1,0.015,39.51,5.32,1,39.51,36.72,5.598,rain,rain,possible drizzle,1,0,0,0,0,1
,35.12895,-85.24281,3810 Cuscowilla Trail,,Cuscowilla Trail,12/23/2018 13:00,2018-12-23,13,1545588000,,,,Property Damage,Front to Rear,No,No,No,No,,2,No,No,,37415,Shoulder and Lap Belt Used,37405,No,No,Daylight,Rain,737,18,6,1,2,9,1545584400,0.89,2.67,198,2,0.002,43.49,4.18,1,43.49,40.56,1.49,rain,rain,foggy,1,0,1,0,0,1
,35.1276251,-85.24507,Hamill Rd,,Hwy 153,2/20/2019 7:00,2019-02-20,7,1550664000,,,,Property Damage,"Sideswipe, Same Direction",No,No,No,No,40,2,No,No,Shoulder and Lap Belt Used,44076,Shoulder and Lap Belt Used,37412,No,No,Daylight,Clear,737,18,6,1,2,9,1550660400,0.88,11.41,199,0,0,36.94,27.09,1,43.09,39.66,6.452,,cloudy,overcast,0,1,0,0,0,0
,35.127119,-85.246274,4820 Hixson Pike,,Hixson Pike,2/23/2019 11:00,2019-02-23,11,1550937600,,,,Property Damage,Unknown,Yes,No,No,No,15,2,No,No,,37327,Unknown,Unknown,,,Daylight,Clear,737,18,6,1,2,9,1550934000,0.97,3.21,143,3,0.147,51.34,12.05,1,51.34,50.42,1.827,rain,rain,rain,1,0,0,0,0,1
,35.1295098,-85.243935,Hwy 153,,Hixson Pike,3/11/2019 0:00,2019-03-11,0,1552276800,,,,Possible Injury,Not Collision with Motor Vehicle in Transport,Yes,No,Yes,No,40,1,Yes,No,Unknown,37405,Unknown,Unknown,,,Unknown,Rain,737,18,6,1,2,9,1552273200,0.52,5.58,343,0,0,58.18,11.08,0.44,58.18,40.74,9.167,,partly-cloudy-night,partly cloudy,0,1,0,0,0,0
,35.0449042,-85.162437,6951 Lee Highway,,Shallowford Road,1/12/2018 22:00,2018-01-12,22,1515812400,,,,Property Damage,"Sideswipe, Opposite Direction",No,No,No,No,40,3,No,No,Shoulder and Lap Belt Used,37421,,37407,No,Yes,Dark - Lighted,Clear,462,33,13,1,2,10,1515808800,0.78,5.31,325,0,0,20.34,13.37,1,26.53,20.51,8.658,,cloudy,overcast,0,1,0,0,0,0
,35.043326,-85.158111,Shallowford Village Dr,,Shallowford Rd,2/1/2018 17:00,2018-02-01,17,1517522400,,,,Property Damage,Angle,No,No,No,No,40,2,No,No,Shoulder and Lap Belt Used,37363,Shoulder and Lap Belt Used,37412,No,No,Daylight,Cloudy,462,33,13,1,2,10,1517518800,0.6,3.81,195,0,0,60.69,7.53,0.78,60.69,46.55,6.14,,partly-cloudy-day,mostly cloudy,0,1,0,0,0,0
,35.049543,-85.158591,2431 Bridge Cir,,Lee Hwy,2/20/2018 0:00,2018-02-20,0,1519102800,,,,Property Damage Under,Unknown,Yes,No,No,No,15,2,No,No,Unknown,Unknown,,37406,,,Unknown,Clear,462,33,13,1,2,10,1519099200,0.9,2.02,183,0,0,58.73,5.27,0.39,58.73,55.82,5.569,,partly-cloudy-night,partly cloudy,0,1,0,0,0,0
,35.043539,-85.157656,2304 Shallowford Village Dr,,Shallowford Rd,3/5/2018 18:00,2018-03-05,18,1520290800,,,,Property Damage,Front to Rear,No,No,No,No,30,2,No,No,,37421,,37421,No,No,Dusk,Rain,462,33,13,1,2,10,1520287200,0.71,1.16,131,0,0.003,52.18,2.13,1,52.18,42.94,6.14,rain,rain,possible drizzle,1,0,0,0,0,1
,35.044677,-85.160265,6925 Shallowford Rd,,Center St,3/10/2018 23:00,2018-03-10,23,1520740800,,,,Property Damage,Angle,Yes,No,No,No,25,2,No,No,Shoulder and Lap Belt Used,37416,Unknown,Unknown,No,No,Dark - Lighted,Rain,462,33,13,1,2,10,1520737200,0.93,0.2,177,0,0.001,51.54,0.67,1,51.54,49.61,1.927,rain,fog,foggy,0,0,1,0,0,0
,35.043326,-85.158111,7019 Shallowford Rd,,Amin Dr,4/12/2018 12:00,2018-04-12,12,1523548800,,,,Property Damage,Angle,No,No,No,No,45,2,No,No,Shoulder and Lap Belt Used,37379,Shoulder and Lap Belt Used,30736,No,No,Daylight,Clear,462,33,13,1,2,10,1523545200,0.34,6.13,170,7,0,70.39,10.4,0,70.39,40.91,6.14,,clear-day,clear,0,0,0,0,1,0
,35.044885,-85.162464,6900 Lee Hwy,US-64,6900 Shallowford Rd,4/24/2018 14:00,2018-04-24,14,1524592800,,,,Property Damage Under,Front to Rear,No,No,No,No,40,2,No,No,Shoulder and Lap Belt Used,37363,Shoulder and Lap Belt Used,37363,No,No,Daylight,Cloudy,462,33,13,1,2,10,1524589200,0.68,2.12,318,5,0,66.62,6.44,1,66.62,55.57,3.117,,cloudy,overcast,0,1,0,0,0,0
,35.044088,-85.160208,7000 Shallowford Rd,,Shallowford Rd,5/7/2018 11:00,2018-05-07,11,1525705200,,,,Property Damage,Front to Rear,No,No,No,No,40,2,No,No,Shoulder and Lap Belt Used,37421,Shoulder and Lap Belt Used,37407,No,No,Daylight,Clear,462,33,13,1,2,10,1525701600,0.54,1.97,2,6,0,73.12,5.9,0,73.12,55.42,5.775,,clear-day,clear,0,0,0,0,1,0
,35.044177,-85.158575,7015 Shallowford Rd,,Shallowford Village Dr,5/17/2018 14:00,2018-05-17,14,1526580000,,,,Property Damage,Angle,No,No,No,No,35,2,No,No,Shoulder and Lap Belt Used,37416,Shoulder and Lap Belt Used,37421,No,No,Daylight,Clear,462,33,13,1,2,10,1526576400,0.68,0.9,54,6,0,83,3.46,0.75,80.23,68.5,6.04,,partly-cloudy-day,mostly cloudy,0,1,0,0,0,0
,35.04402,-85.159525,8005 Volkswagen Drive,,Main Street,5/23/2018 0:00,2018-05-23,0,1527048000,,,,Property Damage,Unknown,Yes,No,No,No,15,2,No,No,,30707,,37406,,,Unknown,Unknown,462,33,13,1,2,10,1527044400,0.9,0.61,263,0,0,70.55,6.25,0.44,69.67,66.49,6.135,,partly-cloudy-night,partly cloudy,0,1,0,0,0,0
,35.043539,-85.157656,7000 Shallowford Rd,,Shallowford Village Rd,5/23/2018 17:00,2018-05-23,17,1527109200,,,,Property Damage,Front to Rear,No,No,No,No,40,2,No,No,Shoulder and Lap Belt Used,30736,Shoulder and Lap Belt Used,37421,No,No,Daylight,Clear,462,33,13,1,2,10,1527105600,0.51,4.69,16,5,0,88.47,10.02,0,86.11,66.12,6.135,,clear-day,clear,0,0,0,0,1,0
,35.044885,-85.162464,7000 Lee Hwy,,Center Street,6/8/2018 11:00,2018-06-08,11,1528470000,,,,Possible Injury,Angle,No,No,No,No,35,2,No,No,Shoulder and Lap Belt Used,37421,Shoulder and Lap Belt Used,37323,No,No,Daylight,Clear,462,33,13,1,2,10,1528466400,0.6,3.25,339,7,0,83.12,7.21,0,81.01,65.96,5.8,,clear-day,clear,0,0,0,0,1,0
,35.047333,-85.160077,7047 Lee Hwy,,McCutcheon rd,6/14/2018 0:00,2018-06-14,0,1528948800,,,,Property Damage,Unknown,Yes,No,No,No,15,2,No,No,,37310,Unknown,Unknown,,,Unknown,Unknown,462,33,13,1,2,10,1528945200,0.94,1.34,193,0,0,72.58,4.32,0,71.32,69.56,5.486,,clear-night,clear,0,0,0,0,1,0
,35.045351,-85.162467,Lee Hwy,SR-7001,Shallowford Rd,6/18/2018 11:00,2018-06-18,11,1529334000,,,,Property Damage,Rear to Side,Yes,No,No,No,15,2,No,No,Unknown,Unknown,Shoulder and Lap Belt Used,30736,No,No,Daylight,Clear,462,33,13,1,2,10,1529330400,0.59,1.01,338,6,0,86.91,4.93,0,83.73,68.06,8.05,,clear-day,clear,0,0,0,0,1,0
,35.047261,-85.157493,9300 Lee Highway,,Ooltewah/Georgetown Road,8/2/2018 12:00,2018-08-02,12,1533225600,,,,Suspected Minor Injury,Angle,No,No,Yes,No,45,3,No,No,,37343,Shoulder and Lap Belt Used,37421,No,No,Daylight,Clear,462,33,13,1,2,10,1533222000,0.94,3.39,68,4,0.062,72.31,7.35,1,71.1,69.18,6.873,rain,rain,light rain,1,0,0,0,0,1