Accident,Latitude,Longitude,Street,AltStreet,Intersection,DateTime,Date,Hour,Unix,WeekDay,WeekEnd,DayFrame,AccidentType,CollisionType,HaR,FatalInjury,MedicalTransport,InvolvedPlacardedTruck,PostedSpeed,TotalVehiclesInvolved,PedestrianInvolved,BicycleInvolved,DriverOneSafetyEquipment,DriverOneZip,DriverTwoSafetyEquipment,DriverTwoZip,Drug,Alcohol,LightCondition,Weather,Grid_Block,Grid_Col,Grid_Row,Highway,Land_Use_Mode,Road_Count,HourBefore,humidity,windSpeed,windBearing,uvIndex,precipIntensity,apparentTemperature,windGust,cloudCover,temperature,dewPoint,visibility,precipType,Event,Conditions,Rain,Cloudy,Foggy,Snow,Clear,RainBefore
,35.048332,-85.154888,7134 Lee Hwy,,McCutcheon Road,8/9/2018 8:00,2018-08-09,8,1533816000,,,,Suspected Minor Injury,Head On,No,No,Yes,No,45,3,No,No,Shoulder and Lap Belt Used,37421,Shoulder and Lap Belt Used,37312,No,No,Daylight,Rain,462,33,13,1,2,10,1533812400,0.96,1.7,172,0,0.003,72.15,6.43,1,70.83,69.78,0.775,rain,fog,foggy,0,0,1,0,0,0
,35.044575,-85.161567,6918 Shallowford Rd,,Lee Hwy,9/14/2018 14:00,2018-09-14,14,1536948000,,,,Property Damage,Front to Rear,No,No,No,No,45,2,No,No,Shoulder and Lap Belt Used,37341,Shoulder and Lap Belt Used,37363,No,No,Daylight,Clear,462,33,13,1,2,10,1536944400,0.5,7.66,31,9,0,93.86,15.75,0,89.69,68.37,4.032,,clear-day,clear,0,0,0,0,1,0
,35.046194,-85.16271,105 Lee Parkway Dr,,Shallowford Rd,10/2/2018 14:00,2018-10-02,14,1538503200,,,,Property Damage,"Sideswipe, Opposite Direction",No,No,No,No,,2,No,No,,37421,Shoulder and Lap Belt Used,30741,No,No,Daylight,Clear,462,33,13,1,2,10,1538499600,0.57,4.31,184,5,0,83.79,8.09,0.75,81.92,65.21,3.754,,partly-cloudy-day,mostly cloudy,0,1,0,0,0,0
,35.049371,-85.157057,7127 Lee Hwy,,7100 Lee Hwy,10/15/2018 0:00,2018-10-15,0,1539576000,,,,Property Damage,Angle,No,No,No,No,45,2,No,No,Shoulder and Lap Belt Used,37416,Shoulder and Lap Belt Used,37421,No,No,Unknown,Clear,462,33,13,1,2,10,1539572400,0.72,6.33,186,0,0,68.73,24.34,0.18,68.73,59.35,10,,partly-cloudy-night,partly cloudy,0,1,0,0,0,0
,35.048741,-85.160721,Bridge Cir,,Lee Hwy,12/10/2018 0:00,2018-12-10,0,1544418000,,,,Property Damage Under,Unknown,Yes,No,No,No,,2,No,No,Unknown,Unknown,,37379,,,Unknown,Clear,462,33,13,1,2,10,1544414400,0.92,6.26,23,0,0,33.96,13.17,1,38.64,36.41,4.016,,cloudy,overcast,0,1,0,0,0,0
,35.04941,-85.160132,2439 Bridge Cirle,SR-2400,McCutcheon Road,12/22/2018 0:00,2018-12-22,0,1545454800,,,,Property Damage,Unknown,Yes,No,No,No,15,2,No,No,,37421,Unknown,Unknown,,,Unknown,Unknown,462,33,13,1,2,10,1545451200,0.85,5.24,279,0,0,35.05,11.65,1,38.95,34.89,6.324,,cloudy,overcast,0,1,0,0,0,0
,35.044604,-85.160235,6925 Shallowford Rd,,Center St.,12/24/2018 11:00,2018-12-24,11,1545667200,,,,Property Damage,"Sideswipe, Same Direction",No,No,No,No,40,2,No,No,Unknown,37377,Unknown,30066,No,No,Daylight,Clear,462,33,13,1,2,10,1545663600,0.65,8.13,27,2,0,34.69,13.29,0,40.14,29.25,5.914,,clear-day,clear,0,0,0,0,1,0
,35.044885,-85.162464,Shallowford Rd,,Lee Hwy,1/22/2019 12:00,2019-01-22,12,1548176400,,,,Property Damage,"Sideswipe, Same Direction",No,No,No,No,40,2,No,No,Shoulder and Lap Belt Used,37415,Shoulder and Lap Belt Used,37415,No,No,Daylight,Clear,462,33,13,1,2,10,1548172800,0.25,8.56,174,3,0,36.48,19.42,0.75,41.78,8.26,8.746,,partly-cloudy-day,mostly cloudy,0,1,0,0,0,0
,35.043326,-85.158111,2300 Shallowford Rd,,Amin Dr,2/12/2019 0:00,2019-02-12,0,1549947600,,,,Property Damage,Front to Rear,No,No,No,No,25,2,No,No,Shoulder and Lap Belt Used,37363,Shoulder and Lap Belt Used,30075,No,No,Unknown,Unknown,462,33,13,1,2,10,1549944000,0.99,1.07,158,0,0.01,49.6,7.76,1,49.6,49.4,2.563,rain,rain,drizzle,1,0,0,0,0,1
,35.043326,-85.158111,Lee Hwy,,Shallowford Rd,2/12/2019 11:00,2019-02-12,11,1549987200,,,,Property Damage,Angle,No,No,No,No,30,2,No,No,Shoulder and Lap Belt Used,37421,Shoulder and Lap Belt Used,37322,No,No,Daylight,Rain,462,33,13,1,2,10,1549983600,0.93,4.47,263,3,0.23,58.88,13.12,1,58.88,56.94,1.234,rain,rain,rain,1,0,0,0,0,1
,35.049953,-85.160008,2447 Bridge Cir,,McCutcheon Rd.,2/26/2019 17:00,2019-02-26,17,1551218400,,,,Property Damage,Not Collision with Motor Vehicle in Transport,No,No,No,No,15,1,No,No,,37415,,,,,Unknown,Unknown,462,33,13,1,2,10,1551214800,0.29,6.11,171,1,0,65.71,13.36,0.75,65.71,32.31,7.031,,partly-cloudy-day,mostly cloudy,0,1,0,0,0,0
,35.044885,-85.162464,6900 Shallowford Rd,,Lee Hwy,3/1/2019 9:00,2019-03-01,9,1551448800,,,,Property Damage,Front to Rear,No,No,No,No,40,2,No,No,Shoulder and Lap Belt Used,37421,Shoulder and Lap Belt Used,37416,No,No,Daylight,Rain,462,33,13,1,2,10,1551445200,0.98,2.54,307,1,0.01,56.24,4.44,1,56.24,55.61,1.982,rain,rain,drizzle,1,0,0,0,0,1
,35.04505,-85.16327,6850-6888 Shallowford Rd,,Lee Hwy,4/11/2019 20:00,2019-04-11,20,1555027200,,,,Property Damage,Front to Rear,Yes,No,No,No,45,3,No,No,Shoulder and Lap Belt Used,37308,Shoulder and Lap Belt Used,37353,No,No,Daylight,Clear,462,33,13,1,2,10,1555023600,0.3,8.66,152,0,0,80.15,17.68,0.31,80.15,45.79,6.523,,partly-cloudy-day,partly cloudy,0,1,0,0,0,0
,35.044088,-85.160208,7000 Shallowford Rd,,Shallowford Rd,4/26/2019 12:00,2019-04-26,12,1556294400,,,,Property Damage Under,Front to Rear,No,No,No,No,40,2,No,No,Shoulder and Lap Belt Used,37377,Shoulder and Lap Belt Used,37421,No,No,Daylight,Clear,462,33,13,1,2,10,1556290800,0.52,13.29,338,4,0,65.66,24.76,0.75,65.66,47.6,7.75,,partly-cloudy-day,mostly cloudy,0,1,0,0,0,0
,35.044177,-85.158575,7015 Shallowford Rd,,Lee Hwy,5/1/2019 0:00,2019-05-01,0,1556683200,,,,Property Damage,Unknown,Yes,No,No,No,15,2,No,No,Unknown,Unknown,,38117,,,Unknown,Clear,462,33,13,1,2,10,1556679600,0.74,3.96,212,0,0,70.7,7.74,0.44,70.5,61.62,3.516,,partly-cloudy-night,partly cloudy,0,1,0,0,0,0
,35.044088,-85.160208,7000 Shallowford Rd,,Center Street,5/3/2019 19:00,2019-05-03,19,1556924400,,,,Property Damage,Angle,No,No,No,No,35,2,No,No,Shoulder and Lap Belt Used,28712,Shoulder and Lap Belt Used,35640,No,No,Daylight,Clear,462,33,13,1,2,10,1556920800,0.49,5.06,283,1,0,81.81,13.38,0.28,81.23,60.1,5.386,,partly-cloudy-day,partly cloudy,0,1,0,0,0,0
,35.043371,-85.157213,7100 Shallowford Rd,,I 75,5/11/2019 1:00,2019-05-11,1,1557550800,,,,Property Damage,Angle,No,No,No,No,40,2,No,No,Unknown,37415,Unknown,37363,No,No,Dark - Lighted,Rain,462,33,13,1,2,10,1557547200,0.97,0.68,296,0,0.027,70.17,3.77,1,68.99,68.23,2.808,rain,rain,light rain,1,0,0,0,0,1
,35.049311,-85.158922,2431 Bridge Cir,SR-2431,St. Stephens Place,5/15/2019 23:00,2019-05-15,23,1557975600,,,,Property Damage,Angle,Yes,No,No,No,15,2,No,No,,37421,,37363,,,Dark - Lighted,Clear,462,33,13,1,2,10,1557972000,0.79,1.36,259,0,0,62.16,4.09,0.75,62.16,55.59,4.062,,partly-cloudy-night,mostly cloudy,0,1,0,0,0,0
,35.050298,-85.161123,2463 Bridge Cir,SR-2463,McCutheon Road,5/28/2019 15:00,2019-05-28,15,1559070000,,,,Property Damage Under,Angle,No,No,No,No,15,2,No,No,,37421,Shoulder and Lap Belt Used,37421,No,No,Daylight,Clear,462,33,13,1,2,10,1559066400,0.43,6.68,221,7,0,93.28,11.81,0.44,90.99,65.31,5.499,,partly-cloudy-day,partly cloudy,0,1,0,0,0,0
,35.045478,-85.303114,528 E 8th St,,Douglas St,1/13/2018 0:00,2018-01-13,0,1515819600,,,,Property Damage Under,"Sideswipe, Same Direction",Yes,No,No,No,,2,No,No,,37403,Unknown,Unknown,,,Unknown,Unknown,127,16,21,0,2,17,1515816000,0.77,2.83,311,0,0,27.31,8.32,1,27.31,21.04,9.209,,cloudy,overcast,0,1,0,0,0,0
,35.044816,-85.310359,W 10th St,SR-100,Broad St,1/20/2018 0:00,2018-01-20,0,1516424400,,,,Property Damage,Unknown,Yes,No,No,No,,2,No,No,,37421,Unknown,Unknown,,,Unknown,Unknown,127,16,21,0,2,17,1516420800,0.51,0.29,223,0,0,32.44,0.39,0.44,32.44,16.34,9.209,,partly-cloudy-night,partly cloudy,0,1,0,0,0,0
,35.0426,-85.305847,300 E 11th St,,King St,1/22/2018 11:00,2018-01-22,11,1516636800,,,,Property Damage,Rear to Rear,No,No,No,No,,2,No,No,Shoulder and Lap Belt Used,37353,Shoulder and Lap Belt Used,37302,No,No,Daylight,Rain,127,16,21,0,2,17,1516633200,0.65,1.77,158,2,0,55,6.49,0.75,55,43.56,9.209,,partly-cloudy-day,mostly cloudy,0,1,0,0,0,0
,35.042712,-85.308558,Market St,SR-1110,Houston St,1/31/2018 17:00,2018-01-31,17,1517436000,,,,Property Damage,"Sideswipe, Same Direction",Yes,No,No,No,30,2,No,No,Shoulder and Lap Belt Used,37363,Unknown,Unknown,No,No,Daylight,Clear,127,16,21,0,2,17,1517432400,0.26,5.23,185,0,0,54.5,11.97,0,54.5,20.12,7.404,,clear-day,clear,0,0,0,0,1,0
,35.044197,-85.304523,E Martin Luther King Blvd,,King St,2/17/2018 8:00,2018-02-17,8,1518872400,,,,Property Damage,Angle,Yes,No,No,No,35,2,No,No,Shoulder and Lap Belt Used,37129,Unknown,Unknown,No,No,Daylight,Rain,127,16,21,0,2,17,1518868800,0.84,0.35,88,0,0,45.69,1.44,1,45.69,41.06,6.316,,cloudy,overcast,0,1,0,0,0,0
,35.043014,-85.308186,1111 Market St,SR-1111,Houston St,2/20/2018 0:00,2018-02-20,0,1519102800,,,,Property Damage Under,Angle,No,No,No,No,30,2,No,No,Shoulder and Lap Belt Used,37064,,37347,No,No,Unknown,Clear,127,16,21,0,2,17,1519099200,0.89,1.13,186,0,0,59.05,4.02,0.19,59.05,55.87,4.942,,partly-cloudy-night,partly cloudy,0,1,0,0,0,0
,35.045767,-85.308262,E Martin Luther King Blvd,,Georgia Avenue,2/27/2018 12:00,2018-02-27,12,1519750800,,,,Possible Injury,Not Collision with Motor Vehicle in Transport,Yes,No,No,No,25,1,Yes,No,Unknown,37377,,,No,No,Daylight,Clear,127,16,21,0,2,17,1519747200,0.57,3.67,127,5,0,56.83,8.48,0,56.83,41.73,5.518,,clear-day,clear,0,0,0,0,1,0
,35.042947,-85.312144,Carter St,,W 12th St,2/27/2018 13:00,2018-02-27,13,1519754400,,,,Property Damage Under,"Sideswipe, Same Direction",No,No,No,No,25,2,No,No,Shoulder and Lap Belt Used,37303,Shoulder and Lap Belt Used,30736,No,No,Daylight,Clear,127,16,21,0,2,17,1519750800,0.48,2.26,130,6,0,60.88,7.57,0,60.88,40.83,5.518,,clear-day,clear,0,0,0,0,1,0
,35.042947,-85.312144,1150 Carter St,,None,4/12/2018 13:00,2018-04-12,13,1523552400,,,,Property Damage,Angle,No,No,No,No,25,2,No,No,Unknown,37343,Shoulder and Lap Belt Used,37135,No,No,Daylight,Clear,127,16,21,0,2,17,1523548800,0.3,5.19,185,9,0,73.86,12.64,0,73.86,40.44,5.518,,clear-day,clear,0,0,0,0,1,0
,35.041634,-85.307743,1200 Market St,,Houston St,5/5/2018 16:00,2018-05-05,16,1525550400,,,,Property Damage Under,"Sideswipe, Same Direction",No,No,No,No,30,2,No,No,None Used MV Occupant,75056,Shoulder and Lap Belt Used,30705,No,No,Daylight,Clear,127,16,21,0,2,17,1525546800,0.59,1.63,173,5,0,76.55,4.58,0.75,76.44,60.92,6.316,,partly-cloudy-day,mostly cloudy,0,1,0,0,0,0
,35.047002,-85.310116,800 Broad St,,W Martin Luther King Blvd,5/8/2018 13:00,2018-05-08,13,1525798800,,,,Property Damage Under,Unknown,Yes,No,No,No,30,2,No,No,Unknown,Unknown,,30741,,,Daylight,Clear,127,16,21,0,2,17,1525795200,0.5,2.81,155,9,0,77.43,7.37,0.19,77.43,57.45,6.316,,partly-cloudy-day,partly cloudy,0,1,0,0,0,0
,35.04306,-85.305256,E 10th St,,King St,5/9/2018 9:00,2018-05-09,9,1525870800,,,,Property Damage Under,Angle,Yes,No,No,No,15,2,No,No,,30736,Unknown,Unknown,,,Daylight,Clear,127,16,21,0,2,17,1525867200,0.73,0.55,184,2,0,66.45,2.04,0,66.45,57.55,6.316,,clear-day,clear,0,0,0,0,1,0
,35.04353,-85.312074,1100 Carter St,,East 11th St,5/16/2018 0:00,2018-05-16,0,1526443200,,,,Property Damage,Other,Yes,No,No,No,15,2,No,No,Unknown,Unknown,,37377,,,Unknown,Clear,127,16,21,0,2,17,1526439600,0.88,0.37,66,0,0,68.2,1.1,0.44,67.61,63.9,2.031,,partly-cloudy-night,partly cloudy,0,1,0,0,0,0
,35.044935,-85.308381,1010 Georgia Ave,,E 10th St,5/20/2018 12:00,2018-05-20,12,1526832000,,,,Property Damage,Unknown,Yes,No,No,No,25,2,No,No,Unknown,Unknown,,37343,,,Daylight,Unknown,127,16,21,0,2,17,1526828400,0.63,2.67,223,6,0,86.79,5.79,0.7,83.16,69.09,6.613,,partly-cloudy-day,mostly cloudy,0,1,0,0,0,0
,35.045353,-85.310839,100 W Martin Luther King Blvd,,100 West MLK,6/1/2018 13:00,2018-06-01,13,1527872400,,,,Property Damage,Angle,No,No,No,No,25,2,No,No,Shoulder and Lap Belt Used,37405,Shoulder and Lap Belt Used,37379,No,No,Daylight,Clear,127,16,21,0,2,17,1527868800,0.62,5.02,272,6,0,86.63,10.35,0.7,83.12,68.87,6.315,,partly-cloudy-day,mostly cloudy,0,1,0,0,0,0
,35.045214,-85.311396,200 W Martin Luther King Blvd,SR-200,E 10th St,6/6/2018 11:00,2018-06-06,11,1528297200,,,,Property Damage,Angle,No,No,No,No,25,2,No,No,Shoulder and Lap Belt Used,37343,,37421,No,No,Daylight,Clear,127,16,21,0,2,17,1528293600,0.49,5.73,7,7,0,79.06,8.38,0,79.06,58.4,5.517,,clear-day,clear,0,0,0,0,1,0
,35.046036,-85.310107,820 Broad St,,Market Str,6/18/2018 0:00,2018-06-18,0,1529294400,,,,Property Damage,Unknown,Yes,No,No,No,15,2,No,No,,30132,Unknown,Unknown,,,Unknown,Unknown,127,16,21,0,2,17,1529290800,0.85,1.82,242,0,0,73.03,5.1,0.44,72.12,67.4,5.745,,partly-cloudy-night,partly cloudy,0,1,0,0,0,0
,35.0424,-85.3094,1240 Interstate 75 Sb Rd,,Lee Highway,6/22/2018 8:00,2018-06-22,8,1529668800,,,,Property Damage,"Sideswipe, Same Direction",No,No,No,No,65,2,No,No,Shoulder and Lap Belt Used,37312,Shoulder and Lap Belt Used,37303,No,No,Daylight,Clear,127,16,21,0,2,17,1529665200,0.85,3.82,231,1,0,70.79,9.93,0.41,70.09,65.33,6.699,,partly-cloudy-day,partly cloudy,0,1,0,0,0,0
,35.041634,-85.307743,1200 Market St,,Warehouse row,7/18/2018 13:00,2018-07-18,13,1531933200,,,,Property Damage,Front to Rear,No,No,No,No,35,2,No,No,Shoulder and Lap Belt Used,37363,Shoulder and Lap Belt Used,37350,No,No,Daylight,Clear,127,16,21,0,2,17,1531929600,0.51,5.33,51,8,0,90.87,5.33,0.44,87.77,67.16,5.955,,partly-cloudy-day,partly cloudy,0,1,0,0,0,0
,35.04757,-85.308522,725 Cherry St,,W 8th St,8/4/2018 0:00,2018-08-04,0,1533355200,,,,Property Damage,"Sideswipe, Same Direction",Yes,No,No,No,30,2,No,No,,37407,Unknown,Unknown,,,Dark - Lighted,Clear,127,16,21,0,2,17,1533351600,0.86,1.26,355,0,0,75.82,4.45,0.41,74.64,70.02,3.411,,partly-cloudy-night,partly cloudy,0,1,0,0,0,0
,35.043,-85.3093,Hixson Pike,SR-2627,Hixson Pike,8/14/2018 0:00,2018-08-14,0,1534219200,,,,Property Damage Under,Angle,Yes,No,No,No,15,2,No,No,,37415,Unknown,Unknown,,,Unknown,Clear,127,16,21,0,2,17,1534215600,0.79,2.06,330,0,0,74.05,4.67,0.19,73.3,66.5,2.923,,partly-cloudy-night,partly cloudy,0,1,0,0,0,0
,35.042947,-85.312144,1150 Carter St,,W Martin Luther King Blvd,8/18/2018 0:00,2018-08-18,0,1534564800,,,,Property Damage,Front to Rear,No,No,No,No,35,2,No,No,Shoulder and Lap Belt Used,37701,Shoulder and Lap Belt Used,37777,No,No,Unknown,Clear,127,16,21,0,2,17,1534561200,0.95,3.03,176,0,0.099,73.43,5.28,0.77,72.08,70.43,6.62,rain,rain,rain,1,0,0,0,0,1
,35.044747,-85.305556,301 E Martin Luther King Blvd,,Houston St,8/22/2018 19:00,2018-08-22,19,1534978800,,,,Property Damage,Unknown,Yes,No,No,No,30,2,No,No,Unknown,Unknown,,37343,,,Daylight,Clear,127,16,21,0,2,17,1534975200,0.58,4.02,327,0,0,82.17,9.05,0.68,80.49,64.39,2.971,,partly-cloudy-day,mostly cloudy,0,1,0,0,0,0
,35.042802,-85.308762,Market St,SR-1110,E. 11th St,8/27/2018 9:00,2018-08-27,9,1535374800,,,,Property Damage,Unknown,Yes,No,No,No,,2,No,No,Unknown,Unknown,,30720,,,Daylight,Unknown,127,16,21,0,2,17,1535371200,0.83,2.13,97,1,0,75.26,3.54,0.02,74.21,68.88,4.008,,clear-day,clear,0,0,0,0,1,0
,35.045353,-85.310839,100 W Martin Luther King Blvd,,Broad St,8/31/2018 0:00,2018-08-31,0,1535688000,,,,Property Damage,Unknown,Yes,No,No,No,15,2,No,No,,37363,Unknown,Unknown,,,Unknown,Clear,127,16,21,0,2,17,1535684400,0.87,3.85,50,0,0.061,73.94,9.88,0.98,72.87,68.76,5.043,rain,rain,light rain,1,0,0,0,0,1
,35.042138,-85.307223,1156 Houston St,,Market St,9/12/2018 10:00,2018-09-12,10,1536760800,,,,Property Damage,Angle,No,No,No,No,,2,No,No,,37405,Shoulder and Lap Belt Used,30736,No,No,Daylight,Clear,127,16,21,0,2,17,1536757200,0.83,3.05,43,2,0,74.37,7.47,0.7,73.42,67.98,6.898,,partly-cloudy-day,mostly cloudy,0,1,0,0,0,0
,35.042802,-85.308762,1110 Market St,,E 11th St,9/14/2018 0:00,2018-09-14,0,1536897600,,,,Property Damage,Unknown,Yes,No,No,No,15,2,No,No,Unknown,Unknown,,30741,,,Unknown,Clear,127,16,21,0,2,17,1536894000,0.8,1.72,332,0,0,77.76,6.07,0.4,76.63,70.04,7.355,,partly-cloudy-night,partly cloudy,0,1,0,0,0,0
,35.044563,-85.306585,E Martin Luther King Blvd,,Lindsay St,9/27/2018 8:00,2018-09-27,8,1538049600,,,,Property Damage,Angle,No,No,No,No,25,3,No,No,Shoulder and Lap Belt Used,37405,Shoulder and Lap Belt Used,37341,No,No,Daylight,Rain,127,16,21,0,2,17,1538046000,0.95,2.8,178,0,0.016,70.82,3.7,1,69.69,68.21,0.849,rain,rain,light rain,1,0,0,0,0,1
,35.046119,-85.303254,540 Mccallie Ave,,E 8th St,10/5/2018 13:00,2018-10-05,13,1538758800,,,,Property Damage,Angle,No,No,No,No,25,2,No,No,Shoulder and Lap Belt Used,38313,Shoulder and Lap Belt Used,37341,No,No,Daylight,Clear,127,16,21,0,2,17,1538755200,0.54,2.48,308,6,0,88.61,7.16,0.47,85.71,67.15,6.918,,partly-cloudy-day,partly cloudy,0,1,0,0,0,0
,35.04353,-85.312074,1100 Carter St,,Non intersection,10/9/2018 8:00,2018-10-09,8,1539086400,,,,Property Damage,Unknown,Yes,No,No,No,15,2,No,No,Unknown,Unknown,,36801,,,Daylight,Clear,127,16,21,0,2,17,1539082800,0.72,3.46,90,0,0,73.36,7.99,0.95,72.97,63.49,4.125,,cloudy,overcast,0,1,0,0,0,0
,35.04362,-85.309076,Market St,,E 11th St,11/23/2018 14:00,2018-11-23,14,1542999600,,,,Property Damage,Angle,No,No,No,No,30,2,No,No,Shoulder and Lap Belt Used,30707,Shoulder and Lap Belt Used,37411,No,No,Daylight,Cloudy,127,16,21,0,2,17,1542996000,0.5,4.84,154,2,0,51.89,14.1,0.72,51.89,33.82,7.223,,partly-cloudy-day,mostly cloudy,0,1,0,0,0,0
,35.046368,-85.309941,Broad St,,W Martin Luther King Blvd,12/5/2018 18:00,2018-12-05,18,1544050800,,,,Property Damage,Angle,No,No,No,No,30,2,No,No,Shoulder and Lap Belt Used,37402,Shoulder and Lap Belt Used,30750,No,No,Dark - Lighted,Clear,127,16,21,0,2,17,1544047200,0.52,3.45,335,0,0,31.06,7.73,0.49,34.05,18.08,6.41,,partly-cloudy-night,partly cloudy,0,1,0,0,0,0
,35.041241,-85.308138,1206 Market St,,E Main St,12/11/2018 0:00,2018-12-11,0,1544504400,,,,Property Damage Under,"Sideswipe, Same Direction",Yes,No,No,No,30,2,No,No,Unknown,Unknown,,37409,,,Dark - Unknown Lighting,Clear,127,16,21,0,2,17,1544500800,0.87,3.15,329,0,0,30.66,7.68,0.75,33.37,29.86,3.07,,partly-cloudy-night,mostly cloudy,0,1,0,0,0,0
,35.042138,-85.307223,Houston St,SR-1156,11th St,12/24/2018 0:00,2018-12-24,0,1545627600,,,,Property Damage,Angle,Yes,No,No,No,,2,No,No,,37343,Unknown,Unknown,,,Daylight,Clear,127,16,21,0,2,17,1545624000,0.83,3.89,323,0,0,36.27,8.13,0.75,39.01,34.2,5.676,,partly-cloudy-night,mostly cloudy,0,1,0,0,0,0
,35.0439659,-85.309188,820 Broadstreet,,MLK Blvd,1/21/2019 0:00,2019-01-21,0,1548046800,,,,Property Damage,Unknown,Yes,No,No,No,25,2,No,No,Unknown,Unknown,,37327,,,Unknown,Unknown,127,16,21,0,2,17,1548043200,0.54,7.11,357,0,0,16.18,12.52,0.47,24.34,10.08,2.531,,partly-cloudy-night,partly cloudy,0,1,0,0,0,0
,35.04829,-85.309096,Market St,,E 7th St,1/28/2019 0:00,2019-01-28,0,1548651600,,,,Property Damage,"Sideswipe, Same Direction",No,No,No,No,35,2,No,No,Shoulder and Lap Belt Used,37416,,37421,No,No,Daylight,Clear,127,16,21,0,2,17,1548648000,0.74,1.43,236,0,0,37.65,4.34,0.77,37.65,30.27,6.986,,partly-cloudy-night,mostly cloudy,0,1,0,0,0,0
,35.046588,-85.307659,Georgia Ave,SR-818,Patten Parkway,2/4/2019 0:00,2019-02-04,0,1549256400,,,,Property Damage,"Sideswipe, Same Direction",No,No,No,No,30,2,No,No,Shoulder and Lap Belt Used,37405,,37379,No,No,Daylight,Clear,127,16,21,0,2,17,1549252800,0.94,0.74,172,0,0,43.93,3.02,0.19,43.93,42.37,5.083,,partly-cloudy-night,partly cloudy,0,1,0,0,0,0
,35.045763,-85.309399,Market St,,E Martin Luther King Blvd,3/1/2019 16:00,2019-03-01,16,1551474000,,,,Property Damage,Front to Rear,No,No,No,No,30,2,No,No,Shoulder and Lap Belt Used,37412,Shoulder and Lap Belt Used,37122,No,No,Daylight,Clear,127,16,21,0,2,17,1551470400,0.76,7.96,249,2,0,60.27,13.81,1,60.27,52.79,7.697,,cloudy,overcast,0,1,0,0,0,0
,35.04574,-85.31046,800 Broad St,,Ml King,3/23/2019 12:00,2019-03-23,12,1553356800,,,,Property Damage Under,"Sideswipe, Same Direction",No,No,No,No,35,2,No,No,,41016,Shoulder and Lap Belt Used,37341,No,No,Daylight,Clear,127,16,21,0,2,17,1553353200,0.3,6.18,46,6,0,53.25,11.92,0,53.25,22.31,2.174,,clear-day,clear,0,0,0,0,1,0
,35.042802,-85.308762,1110 Market St,,E 12th St,3/28/2019 16:00,2019-03-28,16,1553803200,,,,Property Damage,Rear to Side,No,No,No,No,15,2,No,No,Shoulder and Lap Belt Used,30324,,30736,No,No,Daylight,Clear,127,16,21,0,2,17,1553799600,0.27,7.19,208,5,0,69.17,13.07,0.17,69.17,33.62,2.211,,partly-cloudy-day,partly cloudy,0,1,0,0,0,0
,35.042326,-85.30775,1150 Houston St,,E 12th St,4/19/2019 15:00,2019-04-19,15,1555700400,,,,Property Damage,Unknown,Yes,No,No,No,15,2,No,No,,37421,Shoulder and Lap Belt Used,37377,No,No,Daylight,Clear,127,16,21,0,2,17,1555696800,0.73,9.14,237,5,0,62.15,17.55,0.75,62.15,53.37,5.136,,rain,possible drizzle,1,0,0,0,0,1
,35.04574,-85.31046,W Martin Luther King Blvd,,Broad St,5/1/2019 18:00,2019-05-01,18,1556748000,,,,Property Damage Under,Angle,Yes,No,No,No,30,2,No,No,Unknown,37343,Unknown,Unknown,,,Daylight,Unknown,127,16,21,0,2,17,1556744400,0.41,6.2,215,2,0,84.75,16.27,0.44,84.75,58.61,7.349,,partly-cloudy-day,partly cloudy,0,1,0,0,0,0
,35.04574,-85.31046,Broad St,,E Martin Luther King Blvd,5/3/2019 9:00,2019-05-03,9,1556888400,,,,Property Damage,Angle,No,No,No,No,35,2,No,No,Shoulder and Lap Belt Used,37408,Shoulder and Lap Belt Used,37421,No,No,Daylight,Clear,127,16,21,0,2,17,1556884800,0.89,3.85,182,1,0.003,67.78,7.12,0.75,67.19,63.76,2.689,rain,partly-cloudy-day,mostly cloudy,0,1,0,0,0,0
,35.04504,-85.30597,E Martin Luther King Blvd,,Houston St,5/18/2019 17:00,2019-05-18,17,1558213200,,,,Property Damage,Front to Rear,No,No,No,No,30,2,No,No,Shoulder and Lap Belt Used,37402,Shoulder and Lap Belt Used,37129,No,No,Daylight,Clear,127,16,21,0,2,17,1558209600,0.46,7.87,193,4,0,87.47,14.9,0.4,86.39,63.44,4.708,,partly-cloudy-day,partly cloudy,0,1,0,0,0,0
,35.0452676,-85.309211,2100 Market St,,W 20th St,5/30/2019 12:00,2019-05-30,12,1559232000,,,,Property Damage Under,"Sideswipe, Same Direction",No,No,No,No,35,2,No,No,Shoulder and Lap Belt Used,37412,Shoulder and Lap Belt Used,37411,No,No,Daylight,Clear,127,16,21,0,2,17,1559228400,0.44,10.11,214,6,0,86.27,16.98,0.68,85.98,61.43,5.254,,partly-cloudy-day,mostly cloudy,0,1,0,0,0,0
,35.046107,-85.304804,800 Houston St,,8th St,6/3/2019 9:00,2019-06-03,9,1559566800,,,,Property Damage,Unknown,Yes,No,No,No,,2,No,No,,37421,Unknown,Unknown,,,Daylight,Clear,127,16,21,0,2,17,1559563200,0.73,4.54,1,2,0,71.6,7.19,0.19,71.36,62.07,6.545,,partly-cloudy-day,partly cloudy,0,1,0,0,0,0