Accident,Latitude,Longitude,Street,AltStreet,Intersection,DateTime,Date,Hour,Unix,WeekDay,WeekEnd,DayFrame,AccidentType,CollisionType,HaR,FatalInjury,MedicalTransport,InvolvedPlacardedTruck,PostedSpeed,TotalVehiclesInvolved,PedestrianInvolved,BicycleInvolved,DriverOneSafetyEquipment,DriverOneZip,DriverTwoSafetyEquipment,DriverTwoZip,Drug,Alcohol,LightCondition,Weather,Grid_Block,Grid_Col,Grid_Row,Highway,Land_Use_Mode,Road_Count,HourBefore,humidity,windSpeed,windBearing,uvIndex,precipIntensity,apparentTemperature,windGust,cloudCover,temperature,dewPoint,visibility,precipType,Event,Conditions,Rain,Cloudy,Foggy,Snow,Clear,RainBefore
,35.044355,-85.31126,104 W 10th St,,Non intersection,6/3/2019 13:00,2019-06-03,13,1559581200,,,,Property Damage,Unknown,Yes,No,No,No,,2,No,No,,37419,Unknown,Unknown,,,Daylight,Clear,127,16,21,0,2,17,1559577600,0.42,6.46,8,7,0,82.87,13.01,0.44,82.87,57.36,4.117,,partly-cloudy-day,partly cloudy,0,1,0,0,0,0
,35.045986,-85.314082,110 Highway 27 Nb,,W Martin Luther King Blvd,1/13/2018 17:00,2018-01-13,17,1515880800,,,,Property Damage,Front to Rear,No,No,No,No,45,2,No,No,Shoulder and Lap Belt Used,37803,Shoulder and Lap Belt Used,37377,No,No,Daylight,Clear,126,15,21,0,2,28,1515877200,0.64,4.92,352,0,0,20.74,11.78,0.75,26.54,16.07,7.351,,partly-cloudy-day,mostly cloudy,0,1,0,0,0,0
,35.044272,-85.314039,100 Highway 27 Nb,,MLK,1/19/2018 0:00,2018-01-19,0,1516338000,,,,Property Damage,Front to Rear,No,No,No,No,45,2,No,No,Shoulder and Lap Belt Used,37379,Shoulder and Lap Belt Used,37405,No,No,Unknown,Clear,126,15,21,0,2,28,1516334400,0.66,0.04,,0,0,24.6,0.28,0,24.6,14.74,7.351,,clear-night,clear,0,0,0,0,1,0
,35.047754,-85.314691,1 Hwy 27 Sb @ M L King Blvd Wb - On Ramp,,ML King Blvd,2/4/2018 12:00,2018-02-04,12,1517763600,,,,Property Damage,Angle,No,No,No,No,45,2,No,No,Shoulder and Lap Belt Used,37377,Shoulder and Lap Belt Used,37416,No,No,Daylight,Rain,126,15,21,0,2,28,1517760000,0.9,0.88,241,3,0.006,43.98,4.4,1,43.98,41.16,1.347,rain,rain,possible drizzle,1,0,0,0,0,1
,35.047257,-85.31203,729 Chestnut St,SR-729,E 7th Street,2/27/2018 0:00,2018-02-27,0,1519707600,,,,Property Damage,Front to Rear,Yes,No,No,No,15,2,No,No,,,,37377,,,Unknown,Unknown,126,15,21,0,2,28,1519704000,0.86,0.37,335,0,0,44.9,1.77,0,44.9,40.94,1.898,,fog,foggy,0,0,1,0,0,0
,35.046902,-85.314689,1 Hwy 27 Sb @ M L King Blvd Wb - On Ramp,,W MLk Blvd,3/4/2018 17:00,2018-03-04,17,1520200800,,,,Property Damage,Front to Rear,No,No,No,No,45,2,No,No,Shoulder and Lap Belt Used,37416,Shoulder and Lap Belt Used,37412,No,No,Dusk,Clear,126,15,21,0,2,28,1520197200,0.21,3.38,55,1,0,63.31,7.72,0,63.31,23.13,6.347,,clear-day,clear,0,0,0,0,1,0
,35.048363,-85.310543,Broad St,,W 7th St,4/3/2018 13:00,2018-04-03,13,1522774800,,,,Property Damage,"Sideswipe, Same Direction",No,No,No,No,25,2,No,No,Shoulder and Lap Belt Used,30152,Shoulder and Lap Belt Used,37405,No,No,Daylight,Clear,126,15,21,0,2,28,1522771200,0.7,4.35,195,5,0,70.16,9.05,0.75,70.15,59.96,2.608,,partly-cloudy-day,mostly cloudy,0,1,0,0,0,0
,35.046268,-85.313163,Pine St,,MLK Blvd,4/7/2018 23:00,2018-04-07,23,1523156400,,,,Property Damage Under,"Sideswipe, Same Direction",Yes,No,No,No,40,2,No,No,Unknown,Unknown,Shoulder and Lap Belt Used,37377,No,No,Dark - Lighted,Rain,126,15,21,0,2,28,1523152800,0.78,4.11,348,0,0,34.98,9.93,1,38.07,31.97,5.506,,cloudy,overcast,0,1,0,0,0,0
,35.046047,-85.312571,300 W Martin Luther King Blvd,,HWY 27 North,4/8/2018 10:00,2018-04-08,10,1523196000,,,,Property Damage Under,"Sideswipe, Same Direction",No,No,No,No,35,2,No,No,Shoulder and Lap Belt Used,37027,Shoulder and Lap Belt Used,37174,No,No,Daylight,Clear,126,15,21,0,2,28,1523192400,0.66,4.15,39,3,0,35.49,9.66,0,38.53,28.06,5.506,,clear-day,clear,0,0,0,0,1,0
,35.0444207,-85.313301,E Martin Luther King Blvd,,Huston St,4/26/2018 0:00,2018-04-26,0,1524715200,,,,Possible Injury,Not Collision with Motor Vehicle in Transport,Yes,No,Yes,No,25,1,Yes,No,,37923,Unknown,37406,No,No,Dark - Lighted,Clear,126,15,21,0,2,28,1524711600,0.8,0.21,18,0,0,57.27,0.93,0.44,57.27,51.16,5.506,,partly-cloudy-night,partly cloudy,0,1,0,0,0,0
,35.046473,-85.31425,1 Hwy 27 Sb,,W. MLK Blvd,5/5/2018 14:00,2018-05-05,14,1525543200,,,,Property Damage,Angle,No,No,No,No,30,2,No,No,Shoulder and Lap Belt Used,37013,Shoulder and Lap Belt Used,37411,No,No,Daylight,Cloudy,126,15,21,0,2,28,1525539600,0.63,1.2,172,8,0,76.6,3.34,0.44,76.31,62.81,6.347,,partly-cloudy-day,partly cloudy,0,1,0,0,0,0
,35.0456519,-85.314072,1 Highway 27 SB,US-27,4th St,5/18/2018 13:00,2018-05-18,13,1526662800,,,,Property Damage,Front to Rear,No,No,No,No,45,2,No,No,Shoulder and Lap Belt Used,22655,Shoulder and Lap Belt Used,37350,No,No,Daylight,Clear,126,15,21,0,2,28,1526659200,0.76,1.19,160,6,0,77.82,3.74,0.75,76.88,68.57,6.347,,partly-cloudy-day,mostly cloudy,0,1,0,0,0,0
,35.047501,-85.314411,1 Highway 27 SB,SR-1,Highway 27 SB,5/18/2018 15:00,2018-05-18,15,1526670000,,,,Property Damage,Front to Rear,No,No,No,No,45,2,No,No,Shoulder and Lap Belt Used,31535,Shoulder and Lap Belt Used,30736,No,No,Daylight,Clear,126,15,21,0,2,28,1526666400,0.68,2.97,170,7,0.002,82.44,7.26,0.44,79.79,68.44,6.347,rain,partly-cloudy-day,partly cloudy,0,1,0,0,0,0
,35.046387,-85.313481,W. Martin LutherKing Blvd,SR-1000,W Martin,5/19/2018 21:00,2018-05-19,21,1526778000,,,,Property Damage,Unknown,Yes,No,No,No,35,2,No,No,Unknown,Unknown,Shoulder and Lap Belt Used,37421,,,Dark - Lighted,Unknown,126,15,21,0,2,28,1526774400,0.64,1.91,237,0,0,82.17,5.25,0.44,79.91,66.79,3.117,,partly-cloudy-night,partly cloudy,0,1,0,0,0,0
,35.045297,-85.312411,Carter St,,W 10th St,5/23/2018 19:00,2018-05-23,19,1527116400,,,,Property Damage Under,Not Collision with Motor Vehicle in Transport,No,No,No,No,15,1,No,No,,37402,Shoulder and Lap Belt Used,42378,No,No,Daylight,Clear,126,15,21,0,2,28,1527112800,0.51,4.24,57,1,0,87.5,8.41,0.75,85.48,65.49,3.117,,partly-cloudy-day,mostly cloudy,0,1,0,0,0,0
,35.04952,-85.316003,Hwy 27 Sb @ W 4th St,,West 4th St,6/5/2018 17:00,2018-06-05,17,1528232400,,,,Property Damage,Front to Rear,Yes,No,No,No,45,2,No,No,Shoulder and Lap Belt Used,30752,,35971,No,No,Daylight,Clear,126,15,21,0,2,28,1528228800,0.4,4.75,322,4,0,82.76,8.61,0.44,82.76,55.78,3.117,,partly-cloudy-day,partly cloudy,0,1,0,0,0,0
,35.049871,-85.314338,,US-27,Highway 27 NB,6/8/2018 20:00,2018-06-08,20,1528502400,,,,Property Damage,Not Collision with Motor Vehicle in Transport,No,No,No,No,45,1,No,No,Shoulder and Lap Belt Used,47135,,,No,No,Dusk,Clear,126,15,21,0,2,28,1528498800,0.52,4,130,0,0,88.22,6.39,0.75,85.85,66.16,3.117,,partly-cloudy-day,mostly cloudy,0,1,0,0,0,0
,35.04437,-85.314195,Highway 27 SB,,W Martin Luther King Blvd,6/13/2018 14:00,2018-06-13,14,1528912800,,,,Property Damage,Angle,No,No,No,No,40,2,No,No,Shoulder and Lap Belt Used,30152,Shoulder and Lap Belt Used,37412,No,No,Daylight,Rain,126,15,21,0,2,28,1528909200,0.81,4.38,162,6,0.029,76.72,8.75,0.75,75.65,69.36,3.117,rain,rain,possible light rain,1,0,0,0,0,1
,35.049927,-85.31419,140 Highway 27 Sb,SR-27,4th St,6/17/2018 0:00,2018-06-17,0,1529208000,,,,Property Damage,Front to Rear,No,No,No,No,45,2,No,No,Shoulder and Lap Belt Used,30728,Shoulder and Lap Belt Used,30736,No,No,Dark - Unknown Lighting,Clear,126,15,21,0,2,28,1529204400,0.68,3.51,205,0,0,77.7,5.68,0.19,77.08,65.78,2.475,,partly-cloudy-night,partly cloudy,0,1,0,0,0,0
,35.045297,-85.312411,Carter St,,W 10th St,6/22/2018 9:00,2018-06-22,9,1529672400,,,,Property Damage,Not Collision with Motor Vehicle in Transport,No,No,No,No,,1,No,No,,37402,Shoulder and Lap Belt Used,37415,No,No,Daylight,Clear,126,15,21,0,2,28,1529668800,0.73,4.65,226,2,0,72.94,8.42,0.44,72.54,63.55,7.207,,partly-cloudy-day,partly cloudy,0,1,0,0,0,0
,35.045297,-85.312411,Highway 27 NB,,W Martin Luther King Blvd,6/30/2018 11:00,2018-06-30,11,1530370800,,,,Property Damage,Angle,No,No,No,No,30,2,No,No,Shoulder and Lap Belt Used,37406,Shoulder and Lap Belt Used,30058,No,No,Daylight,Clear,126,15,21,0,2,28,1530367200,0.67,3.76,163,5,0,90.09,7.3,0.44,84.3,72.09,6.946,,partly-cloudy-day,humid and partly cloudy,0,1,0,0,0,0
,35.047807,-85.31414,120 Highway 27 Nb,,Martin Luther King,7/5/2018 1:00,2018-07-05,1,1530766800,,,,Property Damage,Front to Rear,Yes,No,No,No,45,2,No,No,Unknown,Unknown,Shoulder and Lap Belt Used,30721,No,No,Dark - Lighted,Clear,126,15,21,0,2,28,1530763200,0.84,1.51,74,0,0,77.78,4.51,0.44,76.46,71.43,0,,fog,foggy,0,0,1,0,0,0
,35.046026,-85.311709,841 Chestnut St,,West MLK Blvd,7/9/2018 0:00,2018-07-09,0,1531108800,,,,Property Damage,Unknown,Yes,No,No,No,30,2,No,No,Unknown,Unknown,,37412,,,Unknown,Clear,126,15,21,0,2,28,1531105200,0.8,1.94,181,0,0,77.16,4.07,0.44,76.09,69.49,2.686,,partly-cloudy-night,partly cloudy,0,1,0,0,0,0
,35.049113,-85.314339,130 Highway 27 Sb,,MLK BLVD,7/15/2018 15:00,2018-07-15,15,1531681200,,,,Property Damage,"Sideswipe, Same Direction",Yes,No,No,No,45,2,No,No,Shoulder and Lap Belt Used,30705,Unknown,Unknown,No,No,Daylight,Cloudy,126,15,21,0,2,28,1531677600,0.66,3.77,359,6,0.002,91,7.3,0.75,84.94,72.17,4.396,rain,partly-cloudy-day,humid and mostly cloudy,0,1,0,0,0,0
,35.049986,-85.31434,140 Highway 27 SB,,Martin Luther King Blvd,7/17/2018 0:00,2018-07-17,0,1531800000,,,,Property Damage,Front to Rear,No,No,No,No,25,2,No,No,Shoulder and Lap Belt Used,30736,Shoulder and Lap Belt Used,37377,No,No,Unknown,Rain,126,15,21,0,2,28,1531796400,0.87,2.8,276,0,0,77.69,5.29,0.19,76.26,72.18,4.378,,partly-cloudy-night,humid and partly cloudy,0,1,0,0,0,0
,35.04452,-85.311967,110 W 10th St,,W 11th St,7/19/2018 0:00,2018-07-19,0,1531972800,,,,Property Damage,Unknown,Yes,No,No,No,15,2,No,No,,,Unknown,Unknown,,,Unknown,Unknown,126,15,21,0,2,28,1531969200,0.73,2.34,355,0,0,76.67,6.7,0.75,75.94,66.67,3.133,,partly-cloudy-night,mostly cloudy,0,1,0,0,0,0
,35.046473,-85.31425,100 Highway 27 Sb,,W Martin Luther King Blvd,7/25/2018 13:00,2018-07-25,13,1532538000,,,,Property Damage,Front to Rear,No,No,No,No,35,2,No,No,Shoulder and Lap Belt Used,37363,Shoulder and Lap Belt Used,37343,No,No,Daylight,Clear,126,15,21,0,2,28,1532534400,0.53,4.47,356,8,0,86.44,12.01,0.44,84.52,65.34,6.685,,partly-cloudy-day,partly cloudy,0,1,0,0,0,0
,35.049113,-85.314339,130 Highway 27 Sb,,Martin Luther King Blvd,8/2/2018 0:00,2018-08-02,0,1533182400,,,,Property Damage Under,Front to Rear,No,No,No,No,45,2,No,No,Shoulder and Lap Belt Used,30265,Unknown,30736,No,No,Unknown,Rain,126,15,21,0,2,28,1533178800,0.92,1.51,145,0,0,71.97,6.6,0.98,70.88,68.31,3.893,,cloudy,overcast,0,1,0,0,0,0
,35.049329,-85.311948,Chestnut St,,W 6th St,8/2/2018 10:00,2018-08-02,10,1533218400,,,,Property Damage,Unknown,Yes,No,No,No,,2,No,No,,37327,Unknown,Unknown,,,Daylight,Clear,126,15,21,0,2,28,1533214800,0.94,4.23,45,2,0.024,71.02,7.59,1,69.93,68.02,1.32,rain,rain,light rain,1,0,0,0,0,1
,35.0456519,-85.314072,17820 Interstate 24 Eb Rd,,Hwy 27 Nb,8/17/2018 17:00,2018-08-17,17,1534539600,,,,Property Damage,Angle,No,No,No,No,55,2,No,No,Shoulder and Lap Belt Used,37405,Shoulder and Lap Belt Used,37066,No,No,Daylight,Clear,126,15,21,0,2,28,1534536000,0.6,6.06,190,3,0,94.64,12.6,0.72,87.7,72.24,2.323,,partly-cloudy-day,humid and mostly cloudy,0,1,0,0,0,0
,35.044647,-85.314195,100 Highway 27 Sb,,Martin Luther King Blvd,8/27/2018 17:00,2018-08-27,17,1535403600,,,,Property Damage,Front to Rear,No,No,No,No,35,2,No,No,Shoulder and Lap Belt Used,30736,Shoulder and Lap Belt Used,30739,No,No,Daylight,Clear,126,15,21,0,2,28,1535400000,0.48,4.59,127,3,0,93.89,7.87,0.47,90.14,67.71,5.29,,partly-cloudy-day,partly cloudy,0,1,0,0,0,0
,35.0465672,-85.311519,526 E Martin Luther King Blvd,,E Martin Luther King Blvd,9/7/2018 0:00,2018-09-07,0,1536292800,,,,Property Damage,Rear to Side,Yes,No,No,No,25,2,No,No,Unknown,Unknown,,37027,,,Unknown,Clear,126,15,21,0,2,28,1536289200,0.87,1.37,341,0,0,74.62,4.3,0.17,73.47,69.46,3.665,,partly-cloudy-night,partly cloudy,0,1,0,0,0,0
,35.046902,-85.314689,W Martin Luther King Blvd,,Hwy 27 SB,9/18/2018 0:00,2018-09-18,0,1537243200,,,,Possible Injury,Front to Rear,No,No,Yes,No,40,2,No,No,Shoulder and Lap Belt Used,37404,Shoulder and Lap Belt Used,37412,No,No,Unknown,Clear,126,15,21,0,2,28,1537239600,0.86,2.52,339,0,0,74.75,4.08,0.4,73.65,69.16,2.469,,partly-cloudy-night,partly cloudy,0,1,0,0,0,0
,35.047332,-85.313128,801 Pine St,,W 8TH ST,9/18/2018 0:00,2018-09-18,0,1537243200,,,,Property Damage,Unknown,Yes,No,No,No,,2,No,No,Unknown,Unknown,,30736,,,Unknown,Clear,126,15,21,0,2,28,1537239600,0.86,2.52,339,0,0,74.75,4.08,0.4,73.65,69.16,2.469,,partly-cloudy-night,partly cloudy,0,1,0,0,0,0
,35.045972,-85.311054,107 W Martin Luther King Blvd,,Broad St,9/19/2018 0:00,2018-09-19,0,1537329600,,,,Property Damage Under,Unknown,Yes,No,No,No,,2,No,No,,37403,Unknown,Unknown,,,Unknown,Unknown,126,15,21,0,2,28,1537326000,0.81,2.43,0,0,0,76.14,6.48,0.4,75.1,69.05,3.029,,partly-cloudy-night,partly cloudy,0,1,0,0,0,0
,35.046902,-85.314689,Martin Luther King Blvd on ramp,,240 - 309 Highway 27 Sb,10/8/2018 15:00,2018-10-08,15,1539025200,,,,Property Damage,Front to Rear,No,No,No,No,20,2,No,No,Shoulder and Lap Belt Used,37419,Shoulder and Lap Belt Used,35768,No,No,Daylight,Clear,126,15,21,0,2,28,1539021600,0.56,6.81,118,4,0,87.08,13.33,0.77,84.35,67.03,7.08,,partly-cloudy-day,mostly cloudy,0,1,0,0,0,0
,35.047692,-85.310894,Broad St,,W 7th St,10/29/2018 0:00,2018-10-29,0,1540785600,,,,Property Damage,Unknown,Yes,No,No,No,25,2,No,No,Unknown,Unknown,,37402,,,Unknown,Clear,126,15,21,0,2,28,1540782000,0.49,4.96,331,0,0,60.24,11.36,0.4,60.24,41.05,7.353,,partly-cloudy-night,partly cloudy,0,1,0,0,0,0
,35.045297,-85.312411,901 Carter St,,W Martin Luther King Blvd,11/4/2018 0:00,2018-11-04,0,1541304000,,,,Property Damage Under,Unknown,Yes,No,No,No,,2,No,No,,37421,Unknown,Unknown,,,Unknown,Unknown,126,15,21,0,2,28,1541300400,0.89,2.32,34,0,0,45.18,2.65,0.17,45.18,42.24,6.794,,partly-cloudy-night,partly cloudy,0,1,0,0,0,0
,35.046884,-85.311731,805 Chestnut St,,W 8th St,11/7/2018 9:00,2018-11-07,9,1541599200,,,,Property Damage,Angle,No,No,No,No,30,3,No,No,,37323,Shoulder and Lap Belt Used,37405,No,No,Daylight,Clear,126,15,21,0,2,28,1541595600,0.78,2.35,40,1,0,52.34,11.3,0.4,52.34,45.54,4.739,,partly-cloudy-day,partly cloudy,0,1,0,0,0,0
,35.047032,-85.312599,Pine St,,Chestnut St,11/21/2018 12:00,2018-11-21,12,1542819600,,,,Property Damage,Angle,No,No,No,No,35,2,No,No,Shoulder and Lap Belt Used,37404,Shoulder and Lap Belt Used,37336,No,No,Daylight,Clear,126,15,21,0,2,28,1542816000,0.46,3.8,346,3,0,45.7,8.38,0,47.12,27.39,6.657,,clear-day,clear,0,0,0,0,1,0
,35.047317,-85.310841,Broad St,,Chestnut St,12/20/2018 0:00,2018-12-20,0,1545282000,,,,Property Damage,Unknown,Yes,No,No,No,25,2,No,No,,37402,Unknown,Unknown,,,Unknown,Unknown,126,15,21,0,2,28,1545278400,0.7,4.45,147,0,0.013,51.44,21.11,1,51.44,41.9,10,rain,cloudy,overcast,0,1,0,0,0,0
,35.049113,-85.314339,130 Highway 27 Sb,,130 Hwy 27 SB,12/28/2018 0:00,2018-12-28,0,1545973200,,,,Property Damage,"Sideswipe, Same Direction",Yes,No,No,No,45,2,No,No,Shoulder and Lap Belt Used,37419,Unknown,Unknown,,,Unknown,Rain,126,15,21,0,2,28,1545969600,0.97,5.95,123,0,0.167,50.7,10.57,1,50.7,49.75,2.239,rain,rain,rain,1,0,0,0,0,1
,35.045986,-85.314082,Highway 27 NB,,Exit W M L King Blvd E On Ramp Nb,1/16/2019 0:00,2019-01-16,0,1547614800,,,,Property Damage,Front to Rear,No,No,No,No,35,2,No,No,None Used MV Occupant,37801,Shoulder and Lap Belt Used,37377,No,No,Daylight,Clear,126,15,21,0,2,28,1547611200,0.8,2.45,342,0,0,34.13,4.87,0.77,34.13,28.71,6.931,,partly-cloudy-night,mostly cloudy,0,1,0,0,0,0
,35.045297,-85.312411,100 Highway 27,,100 Highway 27,1/21/2019 15:00,2019-01-21,15,1548100800,,,,Property Damage,Angle,Yes,No,No,No,45,2,No,No,Shoulder and Lap Belt Used,38242,Unknown,Unknown,No,No,Daylight,Clear,126,15,21,0,2,28,1548097200,0.3,6.05,30,2,0,24.98,12.12,0.17,30.98,2.98,3.565,,partly-cloudy-day,partly cloudy,0,1,0,0,0,0
,35.04913,-85.314174,Hwy 27 Sb,,W Martin Luther King,1/25/2019 13:00,2019-01-25,13,1548439200,,,,Property Damage,Front to Rear,No,No,No,No,45,2,No,No,Shoulder and Lap Belt Used,37419,Shoulder and Lap Belt Used,37409,No,No,Daylight,Clear,126,15,21,0,2,28,1548435600,0.37,1.9,278,3,0,38.5,7.61,0.4,38.5,14.31,7.299,,partly-cloudy-day,partly cloudy,0,1,0,0,0,0
,35.048003,-85.312323,700 Pine St,,Pine St,2/4/2019 14:00,2019-02-04,14,1549306800,,,,Possible Injury,Other,No,No,No,No,15,2,No,No,Shoulder and Lap Belt Used,63385,,37862,No,No,Daylight,Cloudy,126,15,21,0,2,28,1549303200,0.73,4.79,178,3,0,60.52,10.29,1,60.52,51.78,5.321,,cloudy,overcast,0,1,0,0,0,0
,35.045297,-85.312411,Carter St,,W Martin Luther King Blvd,2/6/2019 19:00,2019-02-06,19,1549497600,,,,Property Damage,Angle,Yes,No,No,No,15,2,No,No,,37404,Unknown,Unknown,,,Dark - Lighted,Clear,126,15,21,0,2,28,1549494000,0.82,8.2,201,0,0.004,70.12,19.47,0.75,69.62,63.75,2.08,rain,partly-cloudy-night,mostly cloudy,0,1,0,0,0,0
,35.049871,-85.314338,4th ST,,Highway 27 SB,2/11/2019 19:00,2019-02-11,19,1549929600,,,,Possible Injury,Front to Rear,Yes,No,No,No,30,2,No,No,Shoulder and Lap Belt Used,37419,Unknown,Unknown,No,No,Dark - Not Lighted,Clear,126,15,21,0,2,28,1549926000,0.96,2.36,37,0,0.011,48.79,2.82,1,48.79,47.83,1.322,rain,rain,drizzle,1,0,0,0,0,1
,35.044272,-85.314039,100 Highway 27 Nb,US-27,200 W Martin Luther King Blvd,2/14/2019 12:00,2019-02-14,12,1550163600,,,,Property Damage Under,Front to Rear,No,No,No,No,45,2,No,No,Shoulder and Lap Belt Used,37411,Shoulder and Lap Belt Used,7676,No,No,Daylight,Clear,126,15,21,0,2,28,1550160000,0.34,9.62,184,3,0,53.51,17.41,0.87,53.51,25.87,6.17,,partly-cloudy-day,mostly cloudy,0,1,0,0,0,0
,35.046773,-85.314258,Highway 27 SB,US-110,W MLk Blvd,2/19/2019 15:00,2019-02-19,15,1550606400,,,,Property Damage,Angle,Yes,No,No,No,45,2,No,No,Unknown,Unknown,Shoulder and Lap Belt Used,37174,No,No,Daylight,Rain,126,15,21,0,2,28,1550602800,0.88,6.22,49,3,0.07,31.12,13.12,1,36.24,33.08,5.066,rain,rain,light rain,1,0,0,0,0,1
,35.046208,-85.316756,Grove St,,Grove St,2/23/2019 0:00,2019-02-23,0,1550898000,,,,Property Damage Under,"Sideswipe, Opposite Direction",Yes,No,No,No,15,2,No,No,Unknown,37402,Unknown,37402,No,No,Dark - Not Lighted,Rain,126,15,21,0,2,28,1550894400,0.98,2.49,58,0,0.001,50.48,2.74,1,50.48,49.88,0.481,rain,rain,possible drizzle,1,0,0,0,0,1
,35.045297,-85.312411,901 Carter St,,W MLK Blvd,3/3/2019 19:00,2019-03-03,19,1551657600,,,,Property Damage,Unknown,Yes,No,No,No,15,2,No,No,,37066,Unknown,Unknown,,,Dark - Lighted,Clear,126,15,21,0,2,28,1551654000,0.82,9.23,342,0,0,36.93,16.13,1,42.39,37.14,7.755,,cloudy,overcast,0,1,0,0,0,0
,35.04452,-85.311967,MLK. On Ramp hwy 27 SB,US-27,,3/10/2019 10:00,2019-03-10,10,1552226400,,,,Property Damage,Front to Rear,No,No,No,No,15,2,No,No,Shoulder and Lap Belt Used,29601,Shoulder and Lap Belt Used,29609,No,No,Daylight,Cloudy,126,15,21,0,2,28,1552222800,0.88,3.52,219,1,0,56.69,8.13,0.75,56.69,53.25,3.259,,partly-cloudy-day,mostly cloudy,0,1,0,0,0,0
,35.047692,-85.310894,721 Broad St,,W 7th St,3/17/2019 0:00,2019-03-17,0,1552795200,,,,Property Damage Under,Unknown,Yes,No,No,No,25,2,No,No,Unknown,Unknown,None Used MV Occupant,37143,No,No,Dark - Lighted,Clear,126,15,21,0,2,28,1552791600,0.39,4.26,348,0,0,42.01,5.97,0,44.25,20.56,7.368,,clear-night,clear,0,0,0,0,1,0
,35.04791,-85.310856,Broad St,,W 8th St,3/23/2019 0:00,2019-03-23,0,1553313600,,,,Property Damage Under,Unknown,Yes,No,No,No,35,2,No,No,Unknown,Unknown,,30741,,,Unknown,Clear,126,15,21,0,2,28,1553310000,0.4,5.67,331,0,0,51.65,11.43,0,51.65,28.17,7.009,,clear-night,clear,0,0,0,0,1,0
,35.045972,-85.311054,W Martin Luther King Blvd,SR-107,Broad St,4/20/2019 22:00,2019-04-20,22,1555812000,,,,Property Damage,Not Collision with Motor Vehicle in Transport,No,No,No,No,,1,No,No,Shoulder and Lap Belt Used,37406,,,No,No,Dark - Lighted,Clear,126,15,21,0,2,28,1555808400,0.88,2.19,268,0,0,47.43,4.9,1,47.43,44.1,3.874,,cloudy,overcast,0,1,0,0,0,0
,35.048363,-85.310543,Broad St,,E 7th St,5/9/2019 8:00,2019-05-09,8,1557403200,,,,Property Damage,Front to Rear,No,No,No,No,25,2,No,No,Shoulder and Lap Belt Used,37421,Shoulder and Lap Belt Used,37411,No,No,Daylight,Cloudy,126,15,21,0,2,28,1557399600,0.74,6.33,188,0,0,71.56,11.27,1,71.25,62.62,6.741,,cloudy,overcast,0,1,0,0,0,0
,35.045297,-85.312411,901 Carter St,,MLK Blvd,5/18/2019 20:00,2019-05-18,20,1558224000,,,,Property Damage,Unknown,Yes,No,No,No,,2,No,No,,37379,Unknown,Unknown,,,Dark - Lighted,Clear,126,15,21,0,2,28,1558220400,0.53,3.95,195,0,0,85.48,9.27,0.68,83.74,64.93,4.874,,partly-cloudy-day,mostly cloudy,0,1,0,0,0,0
,35.04742,-85.316057,400 W Martin Luther King Blvd,US-27,Boynton Dr,5/25/2019 22:00,2019-05-25,22,1558836000,,,,Property Damage,Front to Rear,No,No,No,No,30,2,No,No,Shoulder and Lap Belt Used,30736,Shoulder and Lap Belt Used,37415,No,No,Dark - Lighted,Clear,126,15,21,0,2,28,1558832400,0.63,1.39,310,0,0,83.3,4.56,0.4,80.89,66.97,5.98,,partly-cloudy-night,partly cloudy,0,1,0,0,0,0
,35.045739,-85.311631,100 W Martin Luther King Blvd,,Broad St,6/3/2019 11:00,2019-06-03,11,1559574000,,,,Property Damage,"Sideswipe, Same Direction",No,No,No,No,25,2,No,No,Shoulder and Lap Belt Used,37067,None Used MV Occupant,37421,No,No,Daylight,Clear,126,15,21,0,2,28,1559570400,0.54,4.26,45,6,0,79.07,7.92,0,78.93,60.99,6.609,,clear-day,clear,0,0,0,0,1,0
,35.017383,-85.174009,E Brainerd Rd,,I-75,1/13/2018 18:00,2018-01-13,18,1515884400,,,,Property Damage Under,"Sideswipe, Same Direction",Yes,No,No,No,45,2,No,No,Shoulder and Lap Belt Used,30736,Unknown,Unknown,No,No,Dusk,Clear,243,33,18,0,7,12,1515880800,0.66,5.34,2,0,0,18.7,10.33,0.49,25.16,15.25,8.765,,partly-cloudy-night,partly cloudy,0,1,0,0,0,0
,35.017727,-85.174648,6900 E Brainerd Rd,I-75,Exit 3b On Ramp Nb,3/26/2018 16:00,2018-03-26,16,1522094400,,,,Property Damage,Front to Rear,No,No,No,No,40,2,No,No,Shoulder and Lap Belt Used,37387,Shoulder and Lap Belt Used,30736,No,No,Daylight,Cloudy,243,33,18,0,7,12,1522090800,0.49,5.09,155,3,0,51.82,10.96,1,51.82,33.29,5.963,,cloudy,overcast,0,1,0,0,0,0
,35.017861,-85.173899,E Brainerd Rd,,Phils Dr,3/29/2018 14:00,2018-03-29,14,1522346400,,,,Property Damage,Front to Rear,No,No,No,No,40,2,No,No,Shoulder and Lap Belt Used,37363,Shoulder and Lap Belt Used,30742,No,No,Daylight,Clear,243,33,18,0,7,12,1522342800,0.58,6.75,187,5,0,74.43,14.56,0.75,74.43,58.45,7.627,,partly-cloudy-day,mostly cloudy,0,1,0,0,0,0