Accident,Latitude,Longitude,Street,AltStreet,Intersection,DateTime,Date,Hour,Unix,WeekDay,WeekEnd,DayFrame,AccidentType,CollisionType,HaR,FatalInjury,MedicalTransport,InvolvedPlacardedTruck,PostedSpeed,TotalVehiclesInvolved,PedestrianInvolved,BicycleInvolved,DriverOneSafetyEquipment,DriverOneZip,DriverTwoSafetyEquipment,DriverTwoZip,Drug,Alcohol,LightCondition,Weather,Grid_Block,Grid_Col,Grid_Row,Highway,Land_Use_Mode,Road_Count,HourBefore,humidity,windSpeed,windBearing,uvIndex,precipIntensity,apparentTemperature,windGust,cloudCover,temperature,dewPoint,visibility,precipType,Event,Conditions,Rain,Cloudy,Foggy,Snow,Clear,RainBefore
,35.017884,-85.173781,7000-7099 E Brainerd Rd,,N Concord,4/3/2018 17:00,2018-04-03,17,1522789200,,,,Property Damage,Front to Rear,No,No,No,No,40,2,No,No,Shoulder and Lap Belt Used,37341,Shoulder and Lap Belt Used,37421,No,No,Daylight,Clear,243,33,18,0,7,12,1522785600,0.5,6.5,205,3,0,78.57,12.48,0.69,78.57,58.43,6.077,,partly-cloudy-day,mostly cloudy,0,1,0,0,0,0
,35.018176,-85.171794,E Brainerd Rd,,N Concord Rd,5/8/2018 14:00,2018-05-08,14,1525802400,,,,Property Damage,Front to Rear,No,No,No,No,40,2,No,No,Shoulder and Lap Belt Used,37421,Shoulder and Lap Belt Used,37421,No,No,Daylight,Clear,243,33,18,0,7,12,1525798800,0.45,2.58,176,8,0,78.54,7.02,0.44,78.54,55.66,6.077,,partly-cloudy-day,partly cloudy,0,1,0,0,0,0
,35.016659,-85.179377,340 Hwy 75 Sb,,340 Hwy 75 Sb,6/18/2018 17:00,2018-06-18,17,1529355600,,,,Property Damage Under,Front to Rear,No,No,No,No,55,2,No,No,Shoulder and Lap Belt Used,50644,Shoulder and Lap Belt Used,30736,No,No,Daylight,Clear,243,33,18,0,7,12,1529352000,0.46,2.08,345,4,0,97.36,6.89,0.75,92.58,68.51,5.924,,partly-cloudy-day,mostly cloudy,0,1,0,0,0,0
,35.017308,-85.174701,E Brainerd Rd,,Interstate 75 Off ramp,7/24/2018 8:00,2018-07-24,8,1532433600,,,,Property Damage Under,Front to Rear,No,No,No,No,25,2,No,No,Shoulder and Lap Belt Used,37377,Shoulder and Lap Belt Used,37135,No,No,Daylight,Cloudy,243,33,18,0,7,12,1532430000,0.88,3.1,32,0,0.002,72.41,7.18,0.79,71.44,67.63,10,rain,partly-cloudy-day,mostly cloudy,0,1,0,0,0,0
,35.018842,-85.177607,Interstate 75 hwy,I-360,Exit 4,8/26/2018 9:00,2018-08-26,9,1535288400,,,,Property Damage,Not Collision with Motor Vehicle in Transport,No,No,No,No,55,1,No,No,Shoulder and Lap Belt Used,37407,,,No,No,Daylight,Clear,243,33,18,0,7,12,1535284800,0.8,1,189,1,0,73.05,2.49,0,72.37,65.7,3.282,,clear-day,clear,0,0,0,0,1,0
,35.017727,-85.174648,6900-6998 E Brainerd Rd,,N Concord Rd,11/9/2018 16:00,2018-11-09,16,1541797200,,,,Property Damage,Front to Rear,No,No,No,No,40,2,No,No,Shoulder and Lap Belt Used,37421,Shoulder and Lap Belt Used,37421,No,No,Daylight,Clear,243,33,18,0,7,12,1541793600,0.88,5.42,325,1,0.018,47.14,12.11,1,49.29,45.78,6.587,rain,rain,light rain,1,0,0,0,0,1
,35.016236,-85.174087,Interstate Highway 75,,E Brainerd Rd,11/19/2018 10:00,2018-11-19,10,1542639600,,,,Property Damage,Not Collision with Motor Vehicle in Transport,No,No,No,No,65,2,No,No,Shoulder and Lap Belt Used,37363,Shoulder and Lap Belt Used,60140,No,No,Daylight,Clear,243,33,18,0,7,12,1542636000,0.82,4,189,2,0,50.86,6.9,0.44,50.86,45.42,4.344,,partly-cloudy-day,partly cloudy,0,1,0,0,0,0
,35.017383,-85.174009,6990 E Brainerd Rd,,N Concord Rd,12/14/2018 18:00,2018-12-14,18,1544828400,,,,Property Damage,"Sideswipe, Same Direction",No,No,No,No,45,2,No,No,Shoulder and Lap Belt Used,35650,Shoulder and Lap Belt Used,37421,No,No,Dark - Not Lighted,Rain,243,33,18,0,7,12,1544824800,0.95,2.91,1,0,0.019,51.99,4.32,1,51.99,50.58,2.516,rain,rain,light rain,1,0,0,0,0,1
,35.018514,-85.171181,7103 E Brainerd Rd,,N Concord Rd,12/14/2018 18:00,2018-12-14,18,1544828400,,,,Property Damage,"Sideswipe, Same Direction",No,No,No,No,40,2,No,No,Shoulder and Lap Belt Used,37379,Shoulder and Lap Belt Used,37914,No,No,Dark - Lighted,Rain,243,33,18,0,7,12,1544824800,0.95,2.91,1,0,0.019,51.99,4.32,1,51.99,50.58,2.516,rain,rain,light rain,1,0,0,0,0,1
,35.016659,-85.179377,300 I75 South Interstate,I-75,Exit 3 On Ramp,12/15/2018 15:00,2018-12-15,15,1544904000,,,,Property Damage,Not Collision with Motor Vehicle in Transport,No,No,No,No,55,1,No,No,Shoulder and Lap Belt Used,37421,,,No,No,Daylight,Cloudy,243,33,18,0,7,12,1544900400,0.78,4.71,215,1,0,51.11,8.37,1,51.11,44.35,3.79,,cloudy,overcast,0,1,0,0,0,0
,35.019094,-85.177674,360 Hwy 75 Sb,,360 Hwy 75 Sb,12/22/2018 19:00,2018-12-22,19,1545523200,,,,Property Damage,Front to Rear,No,No,No,No,55,2,No,No,Shoulder and Lap Belt Used,30736,Shoulder and Lap Belt Used,37909,No,No,Dark - Lighted,Clear,243,33,18,0,7,12,1545519600,0.72,1.46,184,0,0,41.17,5.97,0,41.17,32.94,5.847,,clear-night,clear,0,0,0,0,1,0
,35.01759,-85.17345,E Brainerd Rd,,N Concord Rd,2/1/2019 16:00,2019-02-01,16,1549054800,,,,Property Damage,Angle,No,No,No,No,40,2,No,No,Shoulder and Lap Belt Used,37421,Shoulder and Lap Belt Used,37343,No,No,Daylight,Clear,243,33,18,0,7,12,1549051200,0.25,2.66,304,1,0,60.16,9.68,0.75,60.16,24.62,6.501,,partly-cloudy-day,mostly cloudy,0,1,0,0,0,0
,35.017884,-85.173781,E Brainerd Rd,,N Concord Rd,3/9/2019 2:00,2019-03-09,2,1552114800,,,,Property Damage,Not Collision with Motor Vehicle in Transport,No,No,No,No,40,1,No,No,Shoulder and Lap Belt Used,37421,,,No,No,Dark - Lighted,Rain,243,33,18,0,7,12,1552111200,0.98,2.18,101,0,0.032,47.69,5.57,0.99,47.69,47.2,5.083,rain,rain,possible light rain,1,0,0,0,0,1
,35.017611,-85.178462,250 I-75  North Interstate,,E Brainerd Rd,5/14/2019 10:00,2019-05-14,10,1557842400,,,,Property Damage,Not Collision with Motor Vehicle in Transport,No,No,No,No,55,1,No,No,Shoulder and Lap Belt Used,30741,,,No,No,Daylight,Clear,243,33,18,0,7,12,1557838800,0.65,7.11,37,3,0,58.06,12.05,0.19,58.06,46.53,6.051,,partly-cloudy-day,partly cloudy,0,1,0,0,0,0
,35.016151,-85.175832,1321 Durham Dr,,Parking Lot,5/21/2019 20:00,2019-05-21,20,1558483200,,,,Property Damage,Angle,No,No,No,No,,2,No,No,,37421,Shoulder and Lap Belt Used,37363,No,No,Dawn,Clear,243,33,18,0,7,12,1558479600,0.47,2.62,151,0,0,87.13,6.56,0.19,86.08,63.38,8.019,,partly-cloudy-day,partly cloudy,0,1,0,0,0,0
,35.017551,-85.173294,7020 E Brainerd Rd,,Phils Dr,6/21/2019 13:00,2019-06-21,13,1561136400,,,,Property Damage,Front to Rear,No,No,No,No,50,2,No,No,Shoulder and Lap Belt Used,37363,Shoulder and Lap Belt Used,37340,No,No,Daylight,Clear,243,33,18,0,7,12,1561132800,0.54,1.71,154,7,0,87.08,6.84,0.44,84.64,66.42,5.951,,partly-cloudy-day,partly cloudy,0,1,0,0,0,0
,35.037485,-85.149705,2288 Gunbarrel Rd,US-11,2288 Gunbarrel Rd.,1/13/2018 19:00,2018-01-13,19,1515888000,,,,Property Damage Under,Angle,No,No,No,No,25,2,No,No,Shoulder and Lap Belt Used,37363,Shoulder and Lap Belt Used,37421,No,No,Dark - Lighted,Clear,419,35,14,0,7,6,1515884400,0.68,5.31,359,0,0,16.66,10.46,0.48,23.4,14.31,8.778,,partly-cloudy-night,partly cloudy,0,1,0,0,0,0
,35.034098,-85.150106,2132 Gunbarrel Rd,,Commons blvd,1/27/2018 0:00,2018-01-27,0,1517029200,,,,Property Damage,Unknown,Yes,No,No,No,15,2,No,No,Unknown,Unknown,,30294,,,Unknown,Clear,419,35,14,0,7,6,1517025600,0.38,1.89,170,0,0,49.74,4.53,0.44,49.74,25.27,8.546,,partly-cloudy-night,partly cloudy,0,1,0,0,0,0
,35.039946,-85.150198,2288 Gunbarrel Rd,,Gunbarrel,1/29/2018 12:00,2018-01-29,12,1517245200,,,,Property Damage,Angle,No,No,No,No,40,2,No,No,Shoulder and Lap Belt Used,30721,Shoulder and Lap Belt Used,35661,No,No,Daylight,Clear,419,35,14,0,7,6,1517241600,0.42,5.93,22,3,0,51.62,11.94,0,51.62,29.07,8.801,,clear-day,clear,0,0,0,0,1,0
,35.034913,-85.152397,Gunbarrel Rd,SR-2124,Commons Blvd,2/19/2018 14:00,2018-02-19,14,1519066800,,,,Possible Injury,Angle,No,No,No,No,30,2,No,No,Shoulder and Lap Belt Used,37416,Shoulder and Lap Belt Used,37421,No,No,Daylight,Clear,419,35,14,0,7,6,1519063200,0.83,4.2,171,3,0,63.92,10.4,1,63.91,58.76,4.859,,cloudy,overcast,0,1,0,0,0,0
,35.0370214,-85.151804,Gunbarrel Rd,,Commons Blvd,3/24/2018 7:00,2018-03-24,7,1521889200,,,,Property Damage,Unknown,Yes,No,No,No,25,2,No,No,,37412,Unknown,Unknown,,,Daylight,Clear,419,35,14,0,7,6,1521885600,0.68,0.46,71,0,0,46.73,1.44,1,46.73,36.77,6.045,,cloudy,overcast,0,1,0,0,0,0
,35.034913,-85.152397,Gunbarrel Rd,,2094 Gunbarrel Rd,5/5/2018 11:00,2018-05-05,11,1525532400,,,,Property Damage Under,Front to Rear,No,No,No,No,45,2,No,No,Shoulder and Lap Belt Used,37421,Shoulder and Lap Belt Used,37416,No,No,Daylight,Clear,419,35,14,0,7,6,1525528800,0.76,0.38,25,6,0,71.35,0.8,0,70.97,63.09,5.481,,clear-day,clear,0,0,0,0,1,0
,35.038,-85.147349,Shallowford Rd,,Ogletree Ave,5/5/2018 17:00,2018-05-05,17,1525554000,,,,Property Damage Under,Unknown,Yes,No,No,No,15,2,No,No,,37421,Unknown,Unknown,,,Unknown,Clear,419,35,14,0,7,6,1525550400,0.6,2.46,186,4,0,76.62,6.98,0.44,76.46,61.47,7.586,,partly-cloudy-day,partly cloudy,0,1,0,0,0,0
,35.036959,-85.151823,2200 Gunbarrel Rd,,Shallowford Rd,5/5/2018 21:00,2018-05-05,21,1525568400,,,,Property Damage,Unknown,Yes,No,No,No,15,2,No,No,,30736,Unknown,Unknown,,,Dark - Lighted,Rain,419,35,14,0,7,6,1525564800,0.84,0.75,237,0,0,64.58,2.44,0.75,64.51,59.4,5.786,,partly-cloudy-night,mostly cloudy,0,1,0,0,0,0
,35.036959,-85.151823,Gunbarrel Rd,,Commons Blvd,5/14/2018 13:00,2018-05-14,13,1526317200,,,,Property Damage,Angle,No,No,No,No,40,2,No,No,Shoulder and Lap Belt Used,37416,Shoulder and Lap Belt Used,30736,No,No,Daylight,Clear,419,35,14,0,7,6,1526313600,0.52,2.26,18,9,0,89.6,5.47,0.29,86.75,66.91,6.084,,partly-cloudy-day,partly cloudy,0,1,0,0,0,0
,35.036959,-85.151823,Commons Blvd,,Gunbarrel Rd,5/19/2018 10:00,2018-05-19,10,1526738400,,,,Possible Injury,Angle,No,No,Yes,No,30,2,No,No,Shoulder and Lap Belt Used,37421,Shoulder and Lap Belt Used,37363,No,No,Daylight,Clear,419,35,14,0,7,6,1526734800,0.89,1.62,181,3,0,73.7,3.48,0.75,72.58,69.05,5.836,,partly-cloudy-day,mostly cloudy,0,1,0,0,0,0
,35.034718,-85.149653,2180 Gunbarrel Rd,,Commons blvd,5/22/2018 0:00,2018-05-22,0,1526961600,,,,Property Damage,Angle,Yes,No,No,No,15,2,No,No,,37363,Unknown,Unknown,,,Unknown,Clear,419,35,14,0,7,6,1526958000,0.68,3.7,175,0,0,75.06,8.18,1,74.69,63.53,6.081,,cloudy,overcast,0,1,0,0,0,0
,35.034718,-85.149653,2180 Gunbarrel Rd,,Commons Blvd,5/26/2018 9:00,2018-05-26,9,1527339600,,,,Property Damage Under,Unknown,Yes,No,No,No,15,2,No,No,None Used MV Occupant,30736,Unknown,Unknown,No,No,Daylight,Cloudy,419,35,14,0,7,6,1527336000,0.91,2.42,177,2,0,72.07,4.37,1,71,68.18,5.63,,cloudy,overcast,0,1,0,0,0,0
,35.037485,-85.149705,Gunbarrel Rd,,Gunbarrel Rd,5/28/2018 19:00,2018-05-28,19,1527548400,,,,Property Damage,"Sideswipe, Same Direction",Yes,No,No,No,,2,No,No,,37312,Unknown,Unknown,,,Daylight,Clear,419,35,14,0,7,6,1527544800,0.85,6.66,39,1,0,76.88,13.84,0.75,75.63,70.73,6.081,,partly-cloudy-day,mostly cloudy,0,1,0,0,0,0
,35.034462,-85.152569,2122 Gunbarrel Rd,,Gunbarrel Rd,6/19/2018 14:00,2018-06-19,14,1529431200,,,,Property Damage,Front to Rear,No,No,No,No,35,2,No,No,Shoulder and Lap Belt Used,37421,Shoulder and Lap Belt Used,37363,No,No,Daylight,Clear,419,35,14,0,7,6,1529427600,0.54,4.9,339,8,0,94.84,9.06,0.44,89.23,70.31,3.826,,partly-cloudy-day,partly cloudy,0,1,0,0,0,0
,35.035045,-85.152893,2124-2199 Gunbarrel Rd,,Gunbarrel Rd,6/26/2018 13:00,2018-06-26,13,1530032400,,,,Property Damage,Front to Rear,No,No,No,No,35,2,No,No,Shoulder and Lap Belt Used,37302,Shoulder and Lap Belt Used,37363,No,No,Daylight,Clear,419,35,14,0,7,6,1530028800,0.66,4.26,186,8,0,92.41,8.94,0.44,85.49,72.99,6.294,,partly-cloudy-day,humid and partly cloudy,0,1,0,0,0,0
,35.036411,-85.15147,2128 Gunbarrel,,Commons Blvd,7/3/2018 0:00,2018-07-03,0,1530590400,,,,Property Damage,Front to Rear,No,No,No,No,20,2,No,No,Shoulder and Lap Belt Used,37421,Shoulder and Lap Belt Used,37415,No,No,Unknown,Unknown,419,35,14,0,7,6,1530586800,0.9,2.25,103,0,0.011,78.94,4.11,0,77.31,73.98,3.635,rain,clear-night,humid,0,0,0,0,1,0
,35.038149,-85.145245,Shallowford Rd,,Ogletree Ave,7/11/2018 13:00,2018-07-11,13,1531328400,,,,Property Damage,Unknown,Yes,No,No,No,15,2,No,No,Unknown,Unknown,,37363,,,Daylight,Clear,419,35,14,0,7,6,1531324800,0.55,3.27,26,8,0,94.78,9.84,0.44,88.91,70.7,6.605,,partly-cloudy-day,partly cloudy,0,1,0,0,0,0
,35.034718,-85.149653,2180 Gunbarrel Rd,,Commons Blvd,7/14/2018 0:00,2018-07-14,0,1531540800,,,,Property Damage,Front to Rear,No,No,No,No,35,2,No,No,Shoulder and Lap Belt Used,37353,Unknown,37421,No,No,Unknown,Clear,419,35,14,0,7,6,1531537200,0.76,3.56,196,0,0,83.79,4.34,0.75,80.02,71.92,6.417,,partly-cloudy-night,mostly cloudy,0,1,0,0,0,0
,35.034718,-85.149653,2180 Gunbarrel Rd,,Gunbarrel Rd,10/15/2018 0:00,2018-10-15,0,1539576000,,,,Property Damage,Unknown,Yes,No,No,No,,2,No,No,Unknown,Unknown,,37421,,,Unknown,Unknown,419,35,14,0,7,6,1539572400,0.72,6.43,185,0,0,68.65,24.25,0.18,68.65,59.34,10,,partly-cloudy-night,partly cloudy,0,1,0,0,0,0
,35.037323,-85.147534,2290 Ogletree Ave,,Shallowford Rd,10/16/2018 21:00,2018-10-16,21,1539738000,,,,Suspected Minor Injury,Angle,No,No,No,No,30,2,No,No,Shoulder and Lap Belt Used,37411,Shoulder and Lap Belt Used,93065,No,No,Dark - Lighted,Rain,419,35,14,0,7,6,1539734400,0.97,1.02,69,0,0.046,61.57,2.94,1,61.19,60.38,2.163,rain,rain,light rain,1,0,0,0,0,1
,35.034913,-85.152397,Gunbarrel Rd,,Commons Blvd,10/29/2018 8:00,2018-10-29,8,1540814400,,,,Property Damage,Angle,Yes,No,No,No,35,2,No,No,Shoulder and Lap Belt Used,37421,Unknown,Unknown,No,No,Daylight,Clear,419,35,14,0,7,6,1540810800,0.82,1.91,341,0,0,43.45,6.26,0,43.45,38.17,5.874,,clear-night,clear,0,0,0,0,1,0
,35.034718,-85.149653,2180 Gunbarrel Rd,,,10/30/2018 0:00,2018-10-30,0,1540872000,,,,Property Damage Under,Front to Rear,No,No,No,No,15,2,No,No,Shoulder and Lap Belt Used,37404,Shoulder and Lap Belt Used,37363,No,No,Unknown,Unknown,419,35,14,0,7,6,1540868400,0.84,1.26,1,0,0,46.23,3.15,0,46.23,41.63,5.644,,clear-night,clear,0,0,0,0,1,0
,35.039818,-85.149705,2296 Gunbarrel Rd,,Shallowfrord Rd,10/30/2018 18:00,2018-10-30,18,1540936800,,,,Property Damage,Angle,No,No,No,No,40,2,No,No,Shoulder and Lap Belt Used,30337,Shoulder and Lap Belt Used,30736,No,No,Daylight,Clear,419,35,14,0,7,6,1540933200,0.5,2.32,185,0,0,67,8.11,0,67,47.52,7.751,,clear-day,clear,0,0,0,0,1,0
,35.036959,-85.151823,7400 Commons Blvd,,Gunbarrel Rd,11/11/2018 18:00,2018-11-11,18,1541977200,,,,Property Damage Under,Front to Rear,No,No,No,No,30,2,No,No,Shoulder and Lap Belt Used,37363,Shoulder and Lap Belt Used,37302,No,No,Dark - Lighted,Clear,419,35,14,0,7,6,1541973600,0.61,0.81,12,0,0,48.98,4.04,1,48.98,36.08,5.992,,cloudy,overcast,0,1,0,0,0,0
,35.039946,-85.150198,2288 Gunbarrel Rd,,Shallowford Rd,11/14/2018 20:00,2018-11-14,20,1542243600,,,,Property Damage Under,Unknown,Yes,No,No,No,15,2,No,No,Shoulder and Lap Belt Used,37421,Unknown,Unknown,No,No,Dark - Lighted,Rain,419,35,14,0,7,6,1542240000,0.95,0.87,23,0,0.077,41.06,0.87,1,41.06,39.83,2.639,rain,rain,light rain,1,0,0,0,0,1
,35.038,-85.147349,7430 Shallowford Rd,US-7430,Ogletree Ave,11/15/2018 11:00,2018-11-15,11,1542297600,,,,Property Damage,Head On,No,No,No,No,15,2,No,No,Shoulder and Lap Belt Used,37404,,37363,No,No,Daylight,Cloudy,419,35,14,0,7,6,1542294000,0.9,5.6,277,2,0.001,36.08,11.3,1,40.04,37.43,5.005,rain,cloudy,overcast,0,1,0,0,0,0
,35.034462,-85.152569,2122 Gunbarrel Rd,,Commons Blvd,11/30/2018 16:00,2018-11-30,16,1543611600,,,,Property Damage,Unknown,Yes,No,No,No,15,2,No,No,,37411,Unknown,Unknown,,,Daylight,Clear,419,35,14,0,7,6,1543608000,0.9,3.53,209,1,0.044,60.82,11.9,1,60.82,57.74,2.629,rain,rain,light rain,1,0,0,0,0,1
,35.037485,-85.149705,Gunbarrel Rd,SR-2288,Commons Blvd,12/11/2018 13:00,2018-12-11,13,1544551200,,,,Property Damage,Rear to Side,No,No,No,No,,2,No,No,Shoulder and Lap Belt Used,37421,Shoulder and Lap Belt Used,37411,No,No,Daylight,Clear,419,35,14,0,7,6,1544547600,0.47,2.37,204,3,0,43.88,6.7,0,43.88,24.94,3.937,,clear-day,clear,0,0,0,0,1,0
,35.03845,-85.150489,2280 Gunbarrel Rd,,Shallowford,2/19/2019 17:00,2019-02-19,17,1550613600,,,,Property Damage Under,Front to Rear,No,No,No,No,40,2,No,No,Shoulder and Lap Belt Used,37421,Shoulder and Lap Belt Used,30736,No,No,Daylight,Rain,419,35,14,0,7,6,1550610000,0.96,6.48,3,1,0.128,30.73,10.6,1,36.07,35.06,2.267,rain,rain,rain,1,0,0,0,0,1
,35.0357056,-85.151892,2126 Gunbarrel Rd,,Goodqin rd,3/5/2019 11:00,2019-03-05,11,1551801600,,,,Property Damage,Angle,No,No,No,No,20,2,No,No,Shoulder and Lap Belt Used,37421,Shoulder and Lap Belt Used,37323,No,No,Daylight,Clear,419,35,14,0,7,6,1551798000,0.41,5.17,319,4,0,23.79,12.86,0,29.35,8.62,6.179,,clear-day,clear,0,0,0,0,1,0
,35.034718,-85.149653,2180 Gunbarrel Road,,Commons Blvd,3/20/2019 19:00,2019-03-20,19,1553122800,,,,Property Damage,"Sideswipe, Same Direction",No,No,No,No,40,2,No,No,Shoulder and Lap Belt Used,57701,Shoulder and Lap Belt Used,37421,No,No,Daylight,Clear,419,35,14,0,7,6,1553119200,0.22,3.87,216,0,0,63.01,9.28,0,63.01,23.73,6.396,,clear-day,clear,0,0,0,0,1,0
,35.03703,-85.15159,Commons Blvd,,Gunbarrel Rd,3/26/2019 13:00,2019-03-26,13,1553619600,,,,Property Damage,Front to Rear,No,No,No,No,30,2,No,No,Shoulder and Lap Belt Used,37421,Shoulder and Lap Belt Used,37406,No,No,Daylight,Clear,419,35,14,0,7,6,1553616000,0.68,9.64,30,4,0,51.19,17.72,1,51.19,41.08,7.951,,cloudy,overcast,0,1,0,0,0,0
,35.034718,-85.14965,Gunbarrel Rd,SR-2100,Commons Blvd,4/9/2019 0:00,2019-04-09,0,1554782400,,,,Property Damage,"Sideswipe, Opposite Direction",Yes,No,No,No,15,2,No,No,,37363,Unknown,Unknown,,,Unknown,Clear,419,35,14,0,7,6,1554778800,0.97,0.82,283,0,0,64.67,1.72,0.75,64.01,63.18,1.67,,fog,foggy,0,0,1,0,0,0
,35.036959,-85.151823,Gunbarrel Rd,,Commons Blvd,5/8/2019 21:00,2019-05-08,21,1557363600,,,,Possible Injury,Other,No,No,No,No,45,2,No,No,Lap Belt Only,37343,Shoulder and Lap Belt Used,30721,No,No,Dark - Lighted,Clear,419,35,14,0,7,6,1557360000,0.6,5.16,151,0,0,78.78,9.57,0.44,78.43,63.35,4.19,,partly-cloudy-night,partly cloudy,0,1,0,0,0,0
,35.037485,-85.149705,2288 Gunbarrel Rd,,Commons Blvd,5/9/2019 0:00,2019-05-09,0,1557374400,,,,Property Damage,Angle,Yes,No,No,No,25,2,No,No,Shoulder and Lap Belt Used,30736,Unknown,Unknown,No,No,Unknown,Unknown,419,35,14,0,7,6,1557370800,0.66,5.67,159,0,0,74.74,12.64,0.59,74.48,62.51,5.998,,partly-cloudy-night,mostly cloudy,0,1,0,0,0,0
,35.034718,-85.149653,2180 Gunbarrel Rd,,Commons Blvd,5/31/2019 18:00,2019-05-31,18,1559340000,,,,Property Damage,"Sideswipe, Same Direction",No,No,No,No,45,2,No,No,Shoulder and Lap Belt Used,37421,Shoulder and Lap Belt Used,37421,No,No,Daylight,Clear,419,35,14,0,7,6,1559336400,0.35,6.35,307,2,0,84.59,15.73,0.44,84.59,53.64,3.487,,partly-cloudy-day,partly cloudy,0,1,0,0,0,0
,35.034718,-85.149653,2180 Gunbarrel Rd,SR-2180,Gunbarrel Rd,6/22/2019 11:00,2019-06-22,11,1561215600,,,,Property Damage,"Sideswipe, Same Direction",Yes,No,No,No,15,2,No,No,,37421,Unknown,Unknown,,,Daylight,Clear,419,35,14,0,7,6,1561212000,0.72,4.69,192,5,0,78.2,4.69,0.68,77.36,67.76,6.042,,partly-cloudy-day,mostly cloudy,0,1,0,0,0,0
,35.037485,-85.149705,2288 Gunbarrel Rd,,Shallowford Rd.,6/24/2019 12:00,2019-06-24,12,1561392000,,,,Property Damage,"Sideswipe, Same Direction",No,No,No,No,15,2,No,No,Unknown,37421,,37363,No,No,Daylight,Clear,419,35,14,0,7,6,1561388400,0.72,7.97,194,6,0,87.26,17.79,0.75,82.19,72.26,4.518,,partly-cloudy-day,humid and mostly cloudy,0,1,0,0,0,0
,35.039818,-85.149705,2296 Gunbarrel Rd,,Gunbarrel,6/25/2019 18:00,2019-06-25,18,1561500000,,,,Property Damage Under,Rear to Rear,Yes,No,No,No,15,2,No,No,,30735,Unknown,37412,No,No,Daylight,Clear,419,35,14,0,7,6,1561496400,0.48,5.51,281,2,0,88.13,11.39,0.44,86.61,64.43,7.834,,partly-cloudy-day,partly cloudy,0,1,0,0,0,0
,35.063944,-85.309655,109 N Market St,,100 Cherokee Blvd,1/13/2018 19:00,2018-01-13,19,1515888000,,,,Property Damage,Unknown,Yes,No,No,No,,2,No,No,Unknown,Unknown,,37404,,,Dark - Unknown Lighting,Clear,225,15,18,0,7,21,1515884400,0.69,5.18,0,0,0,15.9,9.17,0.44,22.65,14.08,4.749,,partly-cloudy-night,partly cloudy,0,1,0,0,0,0
,35.065283,-85.301017,Tremont St,,East Manning,1/15/2018 0:00,2018-01-15,0,1515992400,,,,Property Damage,Unknown,Yes,No,No,No,25,3,No,No,,37405,Unknown,Unknown,,,Unknown,Unknown,225,15,18,0,7,21,1515988800,0.7,0.07,,0,0,22.8,0.27,0,22.8,14.64,9.296,,clear-night,clear,0,0,0,0,1,0
,35.063955,-85.308762,134 N Market St,,Kent St,2/5/2018 9:00,2018-02-05,9,1517839200,,,,Property Damage,Angle,No,No,No,No,,2,No,No,Shoulder and Lap Belt Used,37405,Shoulder and Lap Belt Used,37377,No,No,Daylight,Clear,225,15,18,0,7,21,1517835600,0.75,2.94,15,0,0,29.17,8.52,1,29.17,22.32,5.595,,cloudy,overcast,0,1,0,0,0,0
,35.065196,-85.308341,400 N Market St,,West Manning St,2/17/2018 21:00,2018-02-17,21,1518919200,,,,Possible Injury,Angle,No,No,No,No,30,2,No,No,,37405,Shoulder and Lap Belt Used,37363,No,No,Dark - Lighted,Cloudy,225,15,18,0,7,21,1518915600,0.91,2.16,294,0,0.023,52.02,5.74,1,52.02,49.36,4.927,rain,rain,light rain,1,0,0,0,0,1
,35.064085,-85.309349,125 N Market St,,Frazier Ave,3/13/2018 0:00,2018-03-13,0,1520913600,,,,Property Damage,Unknown,Yes,No,No,No,,2,No,No,,37343,Unknown,Unknown,,,Unknown,Clear,225,15,18,0,7,21,1520910000,0.64,5.65,336,0,0,35.92,12.42,1,39.94,28.66,3.058,,cloudy,overcast,0,1,0,0,0,0
,35.06244,-85.30803,16 Frazier Ave,,North Market St,3/22/2018 17:00,2018-03-22,17,1521752400,,,,Property Damage,"Sideswipe, Same Direction",No,No,No,No,30,2,No,No,Shoulder and Lap Belt Used,37403,Shoulder and Lap Belt Used,37405,No,No,Daylight,Clear,225,15,18,0,7,21,1521748800,0.32,4.69,348,3,0,55.13,11.93,0,55.13,25.87,9.997,,clear-day,clear,0,0,0,0,1,0
,35.0626821,-85.308524,109 North Market St,,Cherokee Blvd,4/27/2018 0:00,2018-04-27,0,1524801600,,,,Property Damage,Unknown,Yes,No,No,No,,2,No,No,Unknown,Unknown,,37064,,,Unknown,Clear,225,15,18,0,7,21,1524798000,0.91,0.52,12,0,0,51.32,1.27,0.75,51.32,48.8,2.543,,partly-cloudy-night,mostly cloudy,0,1,0,0,0,0
,35.062539,-85.307741,100 Frazier Ave,,Forest Ave.,6/18/2018 0:00,2018-06-18,0,1529294400,,,,Possible Injury,Not Collision with Motor Vehicle in Transport,No,No,No,No,35,1,No,Yes,None Used MV Occupant,46055,Shoulder and Lap Belt Used,37405,No,No,Unknown,Clear,225,15,18,0,7,21,1529290800,0.85,1.79,243,0,0,72.95,5.08,0.44,72.03,67.43,5.878,,partly-cloudy-night,partly cloudy,0,1,0,0,0,0