Accident,Latitude,Longitude,Street,AltStreet,Intersection,DateTime,Date,Hour,Unix,WeekDay,WeekEnd,DayFrame,AccidentType,CollisionType,HaR,FatalInjury,MedicalTransport,InvolvedPlacardedTruck,PostedSpeed,TotalVehiclesInvolved,PedestrianInvolved,BicycleInvolved,DriverOneSafetyEquipment,DriverOneZip,DriverTwoSafetyEquipment,DriverTwoZip,Drug,Alcohol,LightCondition,Weather,Grid_Block,Grid_Col,Grid_Row,Highway,Land_Use_Mode,Road_Count,HourBefore,humidity,windSpeed,windBearing,uvIndex,precipIntensity,apparentTemperature,windGust,cloudCover,temperature,dewPoint,visibility,precipType,Event,Conditions,Rain,Cloudy,Foggy,Snow,Clear,RainBefore
,35.062143,-85.305754,330 Frazier Ave,,Tremont St.,6/29/2018 0:00,2018-06-29,0,1530244800,,,,Property Damage Under,"Sideswipe, Same Direction",Yes,No,No,No,35,2,No,No,Unknown,Unknown,,30736,,,Daylight,Clear,225,15,18,0,7,21,1530241200,0.96,2.2,318,0,0,68.83,4.08,0.49,67.82,66.77,6.119,,partly-cloudy-night,partly cloudy,0,1,0,0,0,0
,35.063944,-85.309655,109 N Market St,,Cherokee Blvd,7/10/2018 0:00,2018-07-10,0,1531195200,,,,Property Damage,Unknown,Yes,No,No,No,,2,No,No,,37363,Unknown,Unknown,,,Unknown,Unknown,225,15,18,0,7,21,1531191600,0.73,1.83,305,0,0,77.82,4.99,0.1,76.98,67.8,6.137,,clear-night,clear,0,0,0,0,1,0
,35.061996,-85.305865,Frazier Ave,SR-300,Treemont St,8/5/2018 19:00,2018-08-05,19,1533510000,,,,Property Damage,"Sideswipe, Same Direction",Yes,No,No,No,30,2,No,No,Unknown,Unknown,,37405,,,Daylight,Clear,225,15,18,0,7,21,1533506400,0.6,2.96,157,1,0,94.48,4.71,0.72,87.72,72.04,4.097,,partly-cloudy-day,humid and mostly cloudy,0,1,0,0,0,0
,35.062458,-85.307106,120 Frazier Ave,,North Market St,8/10/2018 17:00,2018-08-10,17,1533934800,,,,Property Damage,"Sideswipe, Same Direction",No,No,No,No,35,2,No,No,Shoulder and Lap Belt Used,37377,,37082,No,No,Daylight,Rain,225,15,18,0,7,21,1533931200,0.56,3.84,243,3,0,89.02,9.38,0.75,85.61,68.07,4.94,,partly-cloudy-day,mostly cloudy,0,1,0,0,0,0
,35.063722,-85.308356,N Market St,,Kent St,8/12/2018 0:00,2018-08-12,0,1534046400,,,,Property Damage,Angle,No,No,No,No,25,2,No,No,Shoulder and Lap Belt Used,37919,Shoulder and Lap Belt Used,37363,No,No,Unknown,Clear,225,15,18,0,7,21,1534042800,0.8,1.69,280,0,0,77.4,4.02,0,76.31,69.69,10,,clear-night,clear,0,0,0,0,1,0
,35.062246,-85.304339,Tremont St,,Frazier Ave,8/12/2018 0:00,2018-08-12,0,1534046400,,,,Property Damage,"Sideswipe, Same Direction",Yes,No,No,No,25,2,No,No,,37415,Unknown,Unknown,,,Unknown,Clear,225,15,18,0,7,21,1534042800,0.8,1.69,280,0,0,77.4,4.02,0,76.31,69.69,10,,clear-night,clear,0,0,0,0,1,0
,35.0623033,-85.305334,1100 Grove St,SR-1100,W 12th St,9/14/2018 0:00,2018-09-14,0,1536897600,,,,Property Damage,"Sideswipe, Same Direction",Yes,No,No,No,15,2,No,No,,37402,Unknown,Unknown,,,Unknown,Clear,225,15,18,0,7,21,1536894000,0.79,1.85,336,0,0,77.81,6.28,0.39,76.71,69.86,7.549,,partly-cloudy-night,partly cloudy,0,1,0,0,0,0
,35.062645,-85.306972,121 Frazier Ave,,Woodland Ave,9/15/2018 8:00,2018-09-15,8,1537012800,,,,Property Damage,Angle,No,No,No,No,,2,No,No,Shoulder and Lap Belt Used,37043,Shoulder and Lap Belt Used,37415,No,No,Daylight,Clear,225,15,18,0,7,21,1537009200,0.82,4.24,18,0,0,74.77,8.69,0.39,73.81,68.13,7.566,,partly-cloudy-day,partly cloudy,0,1,0,0,0,0
,35.062458,-85.307106,120 Frazier Ave,,N Market St,9/21/2018 0:00,2018-09-21,0,1537502400,,,,Property Damage,"Sideswipe, Same Direction",Yes,No,No,No,35,2,No,No,,37343,Unknown,Unknown,,,Dark - Lighted,Clear,225,15,18,0,7,21,1537498800,0.69,2.07,134,0,0,77.78,4.49,0,77.13,66.12,7.181,,clear-night,clear,0,0,0,0,1,0
,35.064223,-85.309394,N Market St,SR-147,Frazier Ave,9/21/2018 0:00,2018-09-21,0,1537502400,,,,Property Damage,Unknown,Yes,No,No,No,,2,No,No,Unknown,Unknown,,37343,,,Unknown,Unknown,225,15,18,0,7,21,1537498800,0.69,2.07,134,0,0,77.78,4.49,0,77.13,66.12,7.181,,clear-night,clear,0,0,0,0,1,0
,35.063057,-85.309725,N Market St,,Cherokee Blvd,9/22/2018 12:00,2018-09-22,12,1537632000,,,,Property Damage,Front to Rear,No,No,No,No,25,2,No,No,Shoulder and Lap Belt Used,37363,Shoulder and Lap Belt Used,37411,No,No,Daylight,Clear,225,15,18,0,7,21,1537628400,0.58,3.52,172,6,0,87.74,8.23,0.39,84.44,68.11,2.881,,partly-cloudy-day,partly cloudy,0,1,0,0,0,0
,35.063253,-85.3083,110 N Market St,,Woodland Rd,10/2/2018 13:00,2018-10-02,13,1538499600,,,,Property Damage,"Sideswipe, Opposite Direction",Yes,No,No,No,20,2,No,No,Shoulder and Lap Belt Used,37421,Shoulder and Lap Belt Used,37405,No,No,Daylight,Clear,225,15,18,0,7,21,1538496000,0.58,6.96,173,5,0,83.87,10.08,0.75,81.9,65.48,3.072,,partly-cloudy-day,mostly cloudy,0,1,0,0,0,0
,35.0632531,-85.308712,30 N Market St,,Frazier Ave,10/16/2018 18:00,2018-10-16,18,1539727200,,,,Property Damage,Front to Rear,No,No,No,No,30,3,No,No,Shoulder and Lap Belt Used,37343,Shoulder and Lap Belt Used,30004,No,No,Daylight,Rain,225,15,18,0,7,21,1539723600,0.92,2.78,53,0,0.11,62.16,4.63,1,61.94,59.58,1.393,rain,rain,rain,1,0,0,0,0,1
,35.062458,-85.307106,120 Frazier Ave,,Market St,10/17/2018 9:00,2018-10-17,9,1539781200,,,,Property Damage Under,"Sideswipe, Same Direction",Yes,No,No,No,30,2,No,No,Unknown,Unknown,Shoulder and Lap Belt Used,30736,No,No,Daylight,Clear,225,15,18,0,7,21,1539777600,0.82,3.98,8,0,0,56.52,8.44,0.72,56.52,51.14,7.233,,partly-cloudy-day,mostly cloudy,0,1,0,0,0,0
,35.062383,-85.305591,305 Frazier Ave,,Tremont St,10/19/2018 9:00,2018-10-19,9,1539954000,,,,Property Damage,Angle,No,No,No,No,,2,No,No,Shoulder and Lap Belt Used,37412,Shoulder and Lap Belt Used,37379,No,No,Daylight,Clear,225,15,18,0,7,21,1539950400,0.85,2.68,104,0,0,48.77,6.32,0.67,48.77,44.36,6.839,,partly-cloudy-day,mostly cloudy,0,1,0,0,0,0
,35.066366,-85.307704,501 Woodland Ave,,Abernathy St,11/8/2018 15:00,2018-11-08,15,1541707200,,,,Property Damage,Rear to Rear,Yes,No,No,No,25,2,No,No,Unknown,37405,,37343,No,No,Daylight,Rain,225,15,18,0,7,21,1541703600,0.87,4.55,31,2,0.004,52.46,9.69,0.97,52.46,48.62,2.773,rain,rain,possible drizzle,1,0,0,0,0,1
,35.062143,-85.305754,330 Frazier Ave,,Tremont St,11/29/2018 14:00,2018-11-29,14,1543518000,,,,Property Damage,"Sideswipe, Same Direction",Yes,No,No,No,35,2,No,No,,30736,Unknown,Unknown,,,Daylight,Clear,225,15,18,0,7,21,1543514400,0.85,1.57,132,2,0.001,36.77,6.85,1,36.77,32.6,5.008,rain,cloudy,overcast,0,1,0,0,0,0
,35.062644,-85.308526,10 Cherokee Blvd,,N Market St,12/9/2018 13:00,2018-12-09,13,1544378400,,,,Property Damage,Front to Rear,No,No,No,No,25,2,No,No,Shoulder and Lap Belt Used,37405,Shoulder and Lap Belt Used,37411,No,No,Daylight,Clear,225,15,18,0,7,21,1544374800,0.96,6.1,22,2,0,34.95,11.26,0.97,39.38,38.3,1.58,,fog,foggy,0,0,1,0,0,0
,35.0618859,-85.305844,Hixson Pike,SR-4514,Hixson Pike,12/17/2018 11:00,2018-12-17,11,1545062400,,,,Property Damage Under,Front to Rear,No,No,No,No,40,2,No,No,Shoulder and Lap Belt Used,37415,Shoulder and Lap Belt Used,37087,No,No,Daylight,Clear,225,15,18,0,7,21,1545058800,0.78,2.02,267,2,0,47.18,4.39,0.78,47.18,40.54,2.517,,partly-cloudy-day,mostly cloudy,0,1,0,0,0,0
,35.0617273,-85.306059,Water St,SR-205,Water St,12/18/2018 0:00,2018-12-18,0,1545109200,,,,Property Damage,Angle,Yes,No,No,No,15,2,No,No,Unknown,Unknown,,37410,,,Unknown,Clear,225,15,18,0,7,21,1545105600,0.77,2.21,350,0,0,39.79,6.7,0,39.79,33.23,7.283,,clear-night,clear,0,0,0,0,1,0
,35.0617667,-85.305655,Walnut St,SR-601,Walnut St,12/18/2018 0:00,2018-12-18,0,1545109200,,,,Property Damage Under,Angle,Yes,No,No,No,25,2,No,No,Unknown,Unknown,,37405,,,Unknown,Clear,225,15,18,0,7,21,1545105600,0.77,2.21,350,0,0,39.79,6.7,0,39.79,33.23,7.283,,clear-night,clear,0,0,0,0,1,0
,35.0611769,-85.303105,Highway 27 NB,SR-200,Highway 27 NB,12/18/2018 0:00,2018-12-18,0,1545109200,,,,Property Damage Under,Angle,Yes,No,No,No,40,2,No,No,Shoulder and Lap Belt Used,37405,Unknown,Unknown,No,No,Unknown,Clear,225,15,18,0,7,21,1545105600,0.77,2.21,350,0,0,39.79,6.7,0,39.79,33.23,7.283,,clear-night,clear,0,0,0,0,1,0
,35.061751,-85.30483,Frazier Ave,,Tremont St,12/19/2018 13:00,2018-12-19,13,1545242400,,,,Property Damage,Other,No,No,No,No,15,2,No,No,Shoulder and Lap Belt Used,37403,None Used MV Occupant,37353,No,No,Daylight,Clear,225,15,18,0,7,21,1545238800,0.59,4.11,177,2,0,51.74,10.27,0.67,51.74,37.65,3.504,,partly-cloudy-day,mostly cloudy,0,1,0,0,0,0
,35.065196,-85.308341,400 N Market St,,Bush St,12/31/2018 14:00,2018-12-31,14,1546282800,,,,Property Damage,Angle,Yes,No,No,No,,2,No,No,Unknown,Unknown,Shoulder and Lap Belt Used,37408,No,No,Daylight,Cloudy,225,15,18,0,7,21,1546279200,0.77,11.85,168,2,0,68.57,21.6,1,68.41,60.93,3.083,,cloudy,overcast,0,1,0,0,0,0
,35.061996,-85.305865,Frazier Ave,,Frazier Ave,1/11/2019 0:00,2019-01-11,0,1547182800,,,,Property Damage,Unknown,Yes,No,No,No,25,2,No,No,,37405,Unknown,Unknown,,,Unknown,Unknown,225,15,18,0,7,21,1547179200,0.57,4.84,21,0,0,25.79,6.87,0,30.78,17.53,3.501,,clear-night,clear,0,0,0,0,1,0
,35.063253,-85.3083,110 N Market St,,Frazier Ave,1/14/2019 16:00,2019-01-14,16,1547499600,,,,Property Damage,Angle,No,No,No,No,30,2,No,No,Shoulder and Lap Belt Used,37405,Shoulder and Lap Belt Used,30731,No,No,Daylight,Clear,225,15,18,0,7,21,1547496000,0.75,5.56,319,1,0,35.86,10.45,1,39.83,32.48,7.244,,cloudy,overcast,0,1,0,0,0,0
,35.063626,-85.308693,N Market St,,Bush St,2/8/2019 0:00,2019-02-08,0,1549602000,,,,Property Damage Under,Not Collision with Motor Vehicle in Transport,No,No,No,No,30,1,No,No,Shoulder and Lap Belt Used,37338,,,No,No,Daylight,Clear,225,15,18,0,7,21,1549598400,0.8,9.31,347,0,0.02,62.4,22.15,0.67,62.4,56.23,9.73,rain,rain,possible light rain,1,0,0,0,0,1
,35.06275,-85.30921,6 Cherokee Blvd,,N Market St,2/16/2019 1:00,2019-02-16,1,1550296800,,,,Property Damage,Angle,Yes,No,No,No,35,2,No,No,Unknown,28150,Unknown,Unknown,,,Dark - Lighted,Rain,225,15,18,0,7,21,1550293200,0.95,6.6,23,0,0.075,46.94,12.42,0.97,49.64,48.25,2.043,rain,rain,light rain,1,0,0,0,0,1
,35.061673,-85.305079,346 Frazier Ave,,Tremont Street,4/5/2019 11:00,2019-04-05,11,1554476400,,,,Property Damage Under,"Sideswipe, Same Direction",No,No,No,No,30,2,No,No,Shoulder and Lap Belt Used,37363,Shoulder and Lap Belt Used,37405,No,No,Daylight,Cloudy,225,15,18,0,7,21,1554472800,0.91,2.48,60,3,0,56.25,5.44,1,56.25,53.79,3.873,,cloudy,overcast,0,1,0,0,0,0
,35.063004,-85.309849,20 Cherokee Blvd,,Frazier,4/16/2019 14:00,2019-04-16,14,1555437600,,,,Property Damage,Angle,No,No,No,No,,2,No,No,Shoulder and Lap Belt Used,37421,Shoulder and Lap Belt Used,32110,No,No,Daylight,Clear,225,15,18,0,7,21,1555434000,0.29,5.1,178,10,0,73.92,11.78,0,73.92,39.49,6.579,,clear-day,clear,0,0,0,0,1,0
,35.06456,-85.307767,E Kent St,,Woodland Ave,4/18/2019 18:00,2019-04-18,18,1555624800,,,,Property Damage,Head On,No,No,No,No,25,2,No,No,Shoulder and Lap Belt Used,37341,Shoulder and Lap Belt Used,37343,No,No,Daylight,Clear,225,15,18,0,7,21,1555621200,0.4,9.44,174,2,0,78.75,20.83,0.44,78.75,52.2,2.329,,partly-cloudy-day,partly cloudy,0,1,0,0,0,0
,35.06542,-85.309054,400 N Market St,,Bush St,4/19/2019 13:00,2019-04-19,13,1555693200,,,,Property Damage,Angle,Yes,No,No,No,,2,No,No,Unknown,37405,,30087,No,No,Daylight,Clear,225,15,18,0,7,21,1555689600,0.82,4,221,6,0.007,66.57,7.03,0.75,66.37,60.8,3.41,rain,rain,possible drizzle,1,0,0,0,0,1
,35.064681,-85.307596,Woodland Ave,,E Kent St,5/2/2019 0:00,2019-05-02,0,1556769600,,,,Property Damage,Unknown,Yes,No,No,No,25,2,No,No,,37405,Unknown,Unknown,,,Unknown,Unknown,225,15,18,0,7,21,1556766000,0.87,3.94,206,0,0.003,69.96,10.02,1,69.24,65.25,3.067,rain,rain,possible drizzle,1,0,0,0,0,1
,35.062827,-85.30853,120 N Market St,,W Kent St,5/26/2019 20:00,2019-05-26,20,1558915200,,,,Property Damage,Angle,No,No,No,No,35,2,No,No,,37382,Shoulder and Lap Belt Used,37421,No,Yes,Dusk,Clear,225,15,18,0,7,21,1558911600,0.4,4.52,251,0,0,88.56,9.04,0.39,88.41,61.32,5.49,,partly-cloudy-day,partly cloudy,0,1,0,0,0,0
,35.064237,-85.308567,142 N Market St,,E. Kent Street,5/28/2019 14:00,2019-05-28,14,1559066400,,,,Property Damage,Angle,No,No,No,No,,2,No,No,Shoulder and Lap Belt Used,33050,,37405,No,No,Daylight,Clear,225,15,18,0,7,21,1559062800,0.44,6.93,220,8,0,92.16,12.12,0.44,89.95,65.36,5.238,,partly-cloudy-day,partly cloudy,0,1,0,0,0,0
,35.063509,-85.309611,23 Cherokee Blvd,,Velma St,6/8/2019 0:00,2019-06-08,0,1559966400,,,,Property Damage,Angle,Yes,No,No,No,,2,No,No,,30263,Shoulder and Lap Belt Used,37221,,,Unknown,Unknown,225,15,18,0,7,21,1559962800,0.87,1.7,129,0,0,72.7,4.8,0.75,71.74,67.62,3.033,,partly-cloudy-night,mostly cloudy,0,1,0,0,0,0
,35.062472,-85.307217,100 Frazier Ave,,Forest Ave,6/15/2019 11:00,2019-06-15,11,1560610800,,,,Property Damage,Front to Rear,No,No,No,No,25,2,No,No,Shoulder and Lap Belt Used,37405,Shoulder and Lap Belt Used,37013,No,No,Daylight,Clear,225,15,18,0,7,21,1560607200,0.55,7.5,183,6,0,74.5,10.64,0,74.5,57.05,6.895,,clear-day,clear,0,0,0,0,1,0
,35.065196,-85.308341,400 N Market St,SR-1,Cherokee Blvd,6/18/2019 17:00,2019-06-18,17,1560891600,,,,Property Damage,Angle,No,No,No,No,15,2,No,No,Unknown,37405,Unknown,37403,No,No,Daylight,Clear,225,15,18,0,7,21,1560888000,0.72,4.01,182,4,0.006,86.98,8.22,0.75,82.05,72.13,5.946,rain,partly-cloudy-day,humid and mostly cloudy,0,1,0,0,0,0
,35.062628,-85.305025,Frazier Ave,,Tremont St,6/20/2019 0:00,2019-06-20,0,1561003200,,,,Property Damage,Angle,Yes,No,No,No,,2,No,No,,37377,Unknown,Unknown,,,Unknown,Unknown,225,15,18,0,7,21,1560999600,0.77,5.7,211,0,0,81.95,10.41,0.47,78.98,71.31,3.674,,partly-cloudy-night,partly cloudy,0,1,0,0,0,0
,35.072778,-85.233044,3621 Sapulpa St,,Tugaloo,1/14/2018 17:00,2018-01-14,17,1515967200,,,,Property Damage Under,Rear to Rear,No,No,No,No,15,2,No,No,Unknown,37406,,37406,No,,Daylight,Clear,452,23,13,0,7,2,1515963600,0.41,1.01,44,0,0,33.5,2.91,0,33.5,12.45,8.133,,clear-day,clear,0,0,0,0,1,0
,35.075846,-85.231008,Talatha Trl,SR-3000,Sapulpa St,6/16/2018 11:00,2018-06-16,11,1529161200,,,,Property Damage,Head On,No,No,No,No,30,2,No,No,Shoulder and Lap Belt Used,37406,Shoulder and Lap Belt Used,37341,No,No,Daylight,Clear,452,23,13,0,7,2,1529157600,0.56,3.05,38,6,0,87.04,6.88,0.37,84.34,67,6.208,,partly-cloudy-day,partly cloudy,0,1,0,0,0,0
,35.073473,-85.232054,Sapulpa St,SR-3652,Tugaloo St,1/6/2019 2:00,2019-01-06,2,1546758000,,,,Property Damage,Not Collision with Motor Vehicle in Transport,No,No,No,No,25,1,No,No,Unknown,37411,,,No,No,Dark - Lighted,Clear,452,23,13,0,7,2,1546754400,0.88,2.01,252,0,0,39.7,4.84,0,39.7,36.57,3.477,,clear-night,clear,0,0,0,0,1,0
,35.05854,-85.275747,Riverside Dr,SR-2000,Wilcox Blvd,1/15/2018 11:00,2018-01-15,11,1516032000,,,,Property Damage Under,Front to Rear,No,No,No,No,50,2,No,No,Shoulder and Lap Belt Used,37343,Shoulder and Lap Belt Used,37406,No,No,Daylight,Clear,268,19,17,0,7,17,1516028400,0.5,5.38,166,2,0,32.78,9.15,0.44,37.11,20.32,7.761,,partly-cloudy-day,partly cloudy,0,1,0,0,0,0
,35.05854,-85.275747,2000 Riverside Dr,SR-2000,Wilcox Blvd,2/12/2018 9:00,2018-02-12,9,1518444000,,,,Property Damage,Angle,No,No,No,No,50,2,No,No,,37377,Shoulder and Lap Belt Used,37405,No,No,Daylight,Cloudy,268,19,17,0,7,17,1518440400,0.86,3.77,1,1,0,36.78,6.68,1,39.34,35.55,6.277,,cloudy,overcast,0,1,0,0,0,0
,35.05854,-85.275747,1500 Wilcox Blvd,,Riverside Dr,2/15/2018 16:00,2018-02-15,16,1518728400,,,,Property Damage Under,Front to Rear,No,No,No,No,40,2,No,No,Shoulder and Lap Belt Used,30728,Shoulder and Lap Belt Used,37323,No,No,Daylight,Clear,268,19,17,0,7,17,1518724800,0.76,5,202,1,0,69.76,10.76,1,69.55,61.57,5.66,,cloudy,overcast,0,1,0,0,0,0
,35.060863,-85.273526,2000 Amnicola Hwy,,Riverside Drive,3/23/2018 15:00,2018-03-23,15,1521831600,,,,Possible Injury,"Sideswipe, Opposite Direction",No,No,No,No,50,3,No,No,,37405,Shoulder and Lap Belt Used,37416,No,No,Daylight,Clear,268,19,17,0,7,17,1521828000,0.37,1.53,78,5,0,57.42,5.12,0.75,57.42,31.65,5.66,,partly-cloudy-day,mostly cloudy,0,1,0,0,0,0
,35.05854,-85.275747,1600 Wilcox Blvd,,Riverside Dr,5/2/2018 0:00,2018-05-02,0,1525233600,,,,Property Damage,Unknown,No,No,No,No,40,1,No,No,Unknown,37415,,,No,Yes,Unknown,Unknown,268,19,17,0,7,17,1525230000,0.63,0.09,,0,0,64.64,0.79,0,64.64,51.87,6.277,,clear-night,clear,0,0,0,0,1,0
,35.05854,-85.275747,1500 Wilcox Blvd,SR-1500,Amnicola Hwy,9/10/2018 10:00,2018-09-10,10,1536588000,,,,Property Damage Under,Front to Rear,No,No,No,No,35,2,No,No,,37406,Shoulder and Lap Belt Used,37415,No,No,Daylight,Rain,268,19,17,0,7,17,1536584400,0.92,3.76,195,2,0.014,74.97,7.23,0.97,73.61,70.99,4.36,rain,cloudy,overcast,0,1,0,0,0,0
,35.05854,-85.275747,Wilcox Blvd,US-11,Riverside Dr,12/2/2018 6:00,2018-12-02,6,1543748400,,,,Property Damage,Not Collision with Motor Vehicle in Transport,No,No,No,No,35,1,No,No,Shoulder and Lap Belt Used,37410,,,,No,Dawn,Rain,268,19,17,0,7,17,1543744800,0.9,2.23,252,0,0.001,54.77,8.81,0.5,54.77,51.8,3.966,rain,partly-cloudy-night,mostly cloudy,0,1,0,0,0,0
,35.05854,-85.275747,2000 Riverside Dr,,Wilcox Blvd,12/31/2018 15:00,2018-12-31,15,1546286400,,,,Property Damage,Front to Rear,No,No,No,No,50,2,No,No,Shoulder and Lap Belt Used,37343,Shoulder and Lap Belt Used,37406,No,No,Daylight,Clear,268,19,17,0,7,17,1546282800,0.67,11.87,186,2,0,71.31,22.49,0.78,71.31,59.9,3.458,,partly-cloudy-day,mostly cloudy,0,1,0,0,0,0
,35.05854,-85.275747,1600 Wilcox Blvd,,N. Holtzclaw Avenue,4/15/2019 12:00,2019-04-15,12,1555344000,,,,Property Damage Under,Not Collision with Motor Vehicle in Transport,No,No,No,No,35,1,No,No,Shoulder and Lap Belt Used,37343,,,No,No,Daylight,Clear,268,19,17,0,7,17,1555340400,0.47,8.23,327,5,0,54.04,18.74,0.44,54.04,34.48,2.776,,partly-cloudy-day,partly cloudy,0,1,0,0,0,0
,35.05854,-85.275747,Wilcox Blvd,,Riverside Dr,5/18/2019 21:00,2019-05-18,21,1558227600,,,,Property Damage,Not Collision with Motor Vehicle in Transport,No,No,No,No,35,1,No,No,Shoulder and Lap Belt Used,37404,,,No,No,Dark - Lighted,Clear,268,19,17,0,7,17,1558224000,0.59,3.49,170,0,0,82.03,6.82,0.19,80.29,64.58,2.559,,partly-cloudy-night,partly cloudy,0,1,0,0,0,0
,35.05854,-85.275747,1500 Wilcox Blvd,,Riverside Dr,6/19/2019 20:00,2019-06-19,20,1560988800,,,,Property Damage,Not Collision with Motor Vehicle in Transport,No,No,No,No,35,1,No,No,Shoulder and Lap Belt Used,37336,,,No,No,Daylight,Clear,268,19,17,0,7,17,1560985200,0.59,5.55,212,0,0,90.49,9.65,0,85.85,69.9,6.65,,clear-day,clear,0,0,0,0,1,0
,35.073963,-85.175675,6238 Bonny Oaks Dr,,Wimberly,1/15/2018 21:00,2018-01-15,21,1516068000,,,,Property Damage,Front to Rear,No,No,No,No,40,2,No,No,Shoulder and Lap Belt Used,37405,Shoulder and Lap Belt Used,37404,No,No,Daylight,Clear,593,29,10,0,7,13,1516064400,0.63,0.38,227,0,0,35.7,1.37,0,35.7,24.29,9.105,,clear-night,clear,0,0,0,0,1,0
,35.074945,-85.17846,Laguana Dr,,Bonny Oaks Dr,9/3/2018 10:00,2018-09-03,10,1535983200,,,,Property Damage,Front to Rear,No,No,No,No,25,2,No,No,,37921,Shoulder and Lap Belt Used,37416,No,No,Daylight,Clear,593,29,10,0,7,13,1535979600,0.72,1.19,64,3,0,82.65,5.75,0,79.7,69.71,3.941,,clear-day,clear,0,0,0,0,1,0
,35.07425,-85.17583,Bonny Oaks Dr,,Canyon Dr,1/17/2019 16:00,2019-01-17,16,1547758800,,,,Property Damage Under,Front to Rear,Yes,No,No,No,45,2,No,No,Shoulder and Lap Belt Used,37416,Unknown,Unknown,No,No,Daylight,Clear,593,29,10,0,7,13,1547755200,0.93,7.77,177,1,0.037,36.89,14.71,1,41.8,40,2.143,rain,rain,light rain,1,0,0,0,0,1
,35.077602,-85.17585,7720 Colemere Dr,,Canyon Dr,5/28/2019 0:00,2019-05-28,0,1559016000,,,,Property Damage,Not Collision with Motor Vehicle in Transport,Yes,No,No,No,,1,No,No,,37421,Unknown,Unknown,,,Unknown,Unknown,593,29,10,0,7,13,1559012400,0.72,2.12,198,0,0,78.44,2.18,0,77.58,67.93,3.458,,clear-night,clear,0,0,0,0,1,0
,35.0368671,-85.316714,1100 Carter St,,Chestnut St,1/16/2018 0:00,2018-01-16,0,1516078800,,,,Property Damage Under,Unknown,Yes,No,No,No,,2,No,No,,37379,Unknown,Unknown,,,Unknown,Clear,72,15,23,1,2,15,1516075200,0.69,1.02,174,0,0,33.31,2.28,0.16,33.31,24.25,7.191,,partly-cloudy-night,partly cloudy,0,1,0,0,0,0
,35.0368671,-85.316714,1100 Carter St,,Chestnut St,1/16/2018 0:00,2018-01-16,0,1516078800,,,,Property Damage Under,Unknown,Yes,No,No,No,,2,No,No,,37379,Unknown,Unknown,,,Unknown,Clear,72,15,23,1,2,15,1516075200,0.69,1.02,174,0,0,33.31,2.28,0.16,33.31,24.25,7.191,,partly-cloudy-night,partly cloudy,0,1,0,0,0,0
,35.0368671,-85.316714,1100 Carter St,,Chestnut St,1/16/2018 0:00,2018-01-16,0,1516078800,,,,Property Damage Under,Unknown,Yes,No,No,No,,2,No,No,,37379,Unknown,Unknown,,,Unknown,Clear,72,15,23,1,2,15,1516075200,0.69,1.02,174,0,0,33.31,2.28,0.16,33.31,24.25,7.191,,partly-cloudy-night,partly cloudy,0,1,0,0,0,0
,35.0368671,-85.316714,1100 Carter St,,Chestnut St,1/16/2018 0:00,2018-01-16,0,1516078800,,,,Property Damage Under,Unknown,Yes,No,No,No,,2,No,No,,37379,Unknown,Unknown,,,Unknown,Clear,72,15,23,1,2,15,1516075200,0.69,1.02,174,0,0,33.31,2.28,0.16,33.31,24.25,7.191,,partly-cloudy-night,partly cloudy,0,1,0,0,0,0
,35.0368052,-85.316784,Highway 27 NB,US-27,Highway 27 NB,2/6/2018 10:00,2018-02-06,10,1517929200,,,,Property Damage Under,Not Collision with Motor Vehicle in Transport,No,No,No,No,50,1,No,No,Shoulder and Lap Belt Used,37043,,,No,No,Daylight,Clear,72,15,23,1,2,15,1517925600,0.8,0.09,90,1,0,43.25,0.98,1,43.25,37.4,2.159,,cloudy,overcast,0,1,0,0,0,0
,35.0368052,-85.316784,Highway 27 NB,US-27,Highway 27 NB,2/6/2018 10:00,2018-02-06,10,1517929200,,,,Property Damage Under,Not Collision with Motor Vehicle in Transport,No,No,No,No,50,1,No,No,Shoulder and Lap Belt Used,37043,,,No,No,Daylight,Clear,72,15,23,1,2,15,1517925600,0.8,0.09,90,1,0,43.25,0.98,1,43.25,37.4,2.159,,cloudy,overcast,0,1,0,0,0,0
,35.0368052,-85.316784,Highway 27 NB,US-27,Highway 27 NB,2/6/2018 10:00,2018-02-06,10,1517929200,,,,Property Damage Under,Not Collision with Motor Vehicle in Transport,No,No,No,No,50,1,No,No,Shoulder and Lap Belt Used,37043,,,No,No,Daylight,Clear,72,15,23,1,2,15,1517925600,0.8,0.09,90,1,0,43.25,0.98,1,43.25,37.4,2.159,,cloudy,overcast,0,1,0,0,0,0
,35.0368052,-85.316784,Highway 27 NB,US-27,Highway 27 NB,2/6/2018 10:00,2018-02-06,10,1517929200,,,,Property Damage Under,Not Collision with Motor Vehicle in Transport,No,No,No,No,50,1,No,No,Shoulder and Lap Belt Used,37043,,,No,No,Daylight,Clear,72,15,23,1,2,15,1517925600,0.8,0.09,90,1,0,43.25,0.98,1,43.25,37.4,2.159,,cloudy,overcast,0,1,0,0,0,0