Accident,Latitude,Longitude,Street,AltStreet,Intersection,DateTime,Date,Hour,Unix,WeekDay,WeekEnd,DayFrame,AccidentType,CollisionType,HaR,FatalInjury,MedicalTransport,InvolvedPlacardedTruck,PostedSpeed,TotalVehiclesInvolved,PedestrianInvolved,BicycleInvolved,DriverOneSafetyEquipment,DriverOneZip,DriverTwoSafetyEquipment,DriverTwoZip,Drug,Alcohol,LightCondition,Weather,Grid_Block,Grid_Col,Grid_Row,Highway,Land_Use_Mode,Road_Count,HourBefore,humidity,windSpeed,windBearing,uvIndex,precipIntensity,apparentTemperature,windGust,cloudCover,temperature,dewPoint,visibility,precipType,Event,Conditions,Rain,Cloudy,Foggy,Snow,Clear,RainBefore
,35.0367215,-85.31633,200 West Main Street,,Williams St,4/14/2018 0:00,2018-04-14,0,1523678400,,,,Property Damage,Unknown,Yes,No,No,No,15,2,No,No,Unknown,Unknown,,30736,,,Unknown,Clear,72,15,23,1,2,15,1523674800,0.47,1.33,181,0,0,68.88,4.75,0.59,68.88,47.8,2.678,,partly-cloudy-night,mostly cloudy,0,1,0,0,0,0
,35.0367215,-85.31633,200 West Main Street,,Williams St,4/14/2018 0:00,2018-04-14,0,1523678400,,,,Property Damage,Unknown,Yes,No,No,No,15,2,No,No,Unknown,Unknown,,30736,,,Unknown,Clear,72,15,23,1,2,15,1523674800,0.47,1.33,181,0,0,68.88,4.75,0.59,68.88,47.8,2.678,,partly-cloudy-night,mostly cloudy,0,1,0,0,0,0
,35.0367215,-85.31633,200 West Main Street,,Williams St,4/14/2018 0:00,2018-04-14,0,1523678400,,,,Property Damage,Unknown,Yes,No,No,No,15,2,No,No,Unknown,Unknown,,30736,,,Unknown,Clear,72,15,23,1,2,15,1523674800,0.47,1.33,181,0,0,68.88,4.75,0.59,68.88,47.8,2.678,,partly-cloudy-night,mostly cloudy,0,1,0,0,0,0
,35.0367215,-85.31633,200 West Main Street,,Williams St,4/14/2018 0:00,2018-04-14,0,1523678400,,,,Property Damage,Unknown,Yes,No,No,No,15,2,No,No,Unknown,Unknown,,30736,,,Unknown,Clear,72,15,23,1,2,15,1523674800,0.47,1.33,181,0,0,68.88,4.75,0.59,68.88,47.8,2.678,,partly-cloudy-night,mostly cloudy,0,1,0,0,0,0
,35.03699,-85.31745,1801 Reggie White Blvd,,W 20th St,5/23/2018 0:00,2018-05-23,0,1527048000,,,,Property Damage Under,Unknown,Yes,No,No,No,,2,No,No,None Used MV Occupant,37363,Unknown,Unknown,No,No,Unknown,Unknown,72,15,23,1,2,15,1527044400,0.88,1.62,128,0,0,70.89,6.15,0.75,70.06,66.28,3.23,,partly-cloudy-night,mostly cloudy,0,1,0,0,0,0
,35.03699,-85.31745,1801 Reggie White Blvd,,W 20th St,5/23/2018 0:00,2018-05-23,0,1527048000,,,,Property Damage Under,Unknown,Yes,No,No,No,,2,No,No,None Used MV Occupant,37363,Unknown,Unknown,No,No,Unknown,Unknown,72,15,23,1,2,15,1527044400,0.88,1.62,128,0,0,70.89,6.15,0.75,70.06,66.28,3.23,,partly-cloudy-night,mostly cloudy,0,1,0,0,0,0
,35.03699,-85.31745,1801 Reggie White Blvd,,W 20th St,5/23/2018 0:00,2018-05-23,0,1527048000,,,,Property Damage Under,Unknown,Yes,No,No,No,,2,No,No,None Used MV Occupant,37363,Unknown,Unknown,No,No,Unknown,Unknown,72,15,23,1,2,15,1527044400,0.88,1.62,128,0,0,70.89,6.15,0.75,70.06,66.28,3.23,,partly-cloudy-night,mostly cloudy,0,1,0,0,0,0
,35.03699,-85.31745,1801 Reggie White Blvd,,W 20th St,5/23/2018 0:00,2018-05-23,0,1527048000,,,,Property Damage Under,Unknown,Yes,No,No,No,,2,No,No,None Used MV Occupant,37363,Unknown,Unknown,No,No,Unknown,Unknown,72,15,23,1,2,15,1527044400,0.88,1.62,128,0,0,70.89,6.15,0.75,70.06,66.28,3.23,,partly-cloudy-night,mostly cloudy,0,1,0,0,0,0
,35.035486,-85.319543,1 - 9 Exit Interstate 24 W Off Ramp Southbound,,MLK Blvd,7/27/2018 17:00,2018-07-27,17,1532725200,,,,Property Damage,Front to Rear,No,No,No,No,45,2,No,No,Shoulder and Lap Belt Used,30752,Shoulder and Lap Belt Used,37347,No,No,Daylight,Clear,72,15,23,1,2,15,1532721600,0.52,6.31,291,4,0,88.01,10.71,0.75,85.75,65.96,4.756,,partly-cloudy-day,mostly cloudy,0,1,0,0,0,0
,35.035486,-85.319543,1 - 9 Exit Interstate 24 W Off Ramp Southbound,,MLK Blvd,7/27/2018 17:00,2018-07-27,17,1532725200,,,,Property Damage,Front to Rear,No,No,No,No,45,2,No,No,Shoulder and Lap Belt Used,30752,Shoulder and Lap Belt Used,37347,No,No,Daylight,Clear,72,15,23,1,2,15,1532721600,0.52,6.31,291,4,0,88.01,10.71,0.75,85.75,65.96,4.756,,partly-cloudy-day,mostly cloudy,0,1,0,0,0,0
,35.035486,-85.319543,1 - 9 Exit Interstate 24 W Off Ramp Southbound,,MLK Blvd,7/27/2018 17:00,2018-07-27,17,1532725200,,,,Property Damage,Front to Rear,No,No,No,No,45,2,No,No,Shoulder and Lap Belt Used,30752,Shoulder and Lap Belt Used,37347,No,No,Daylight,Clear,72,15,23,1,2,15,1532721600,0.52,6.31,291,4,0,88.01,10.71,0.75,85.75,65.96,4.756,,partly-cloudy-day,mostly cloudy,0,1,0,0,0,0
,35.035486,-85.319543,1 - 9 Exit Interstate 24 W Off Ramp Southbound,,MLK Blvd,7/27/2018 17:00,2018-07-27,17,1532725200,,,,Property Damage,Front to Rear,No,No,No,No,45,2,No,No,Shoulder and Lap Belt Used,30752,Shoulder and Lap Belt Used,37347,No,No,Daylight,Clear,72,15,23,1,2,15,1532721600,0.52,6.31,291,4,0,88.01,10.71,0.75,85.75,65.96,4.756,,partly-cloudy-day,mostly cloudy,0,1,0,0,0,0
,35.0368764,-85.317054,18200 I-24 East,US-1800,Germantown,7/28/2018 15:00,2018-07-28,15,1532804400,,,,Property Damage,"Sideswipe, Same Direction",No,No,No,No,55,2,No,No,Shoulder and Lap Belt Used,30701,Shoulder and Lap Belt Used,30742,No,No,Daylight,Cloudy,72,15,23,1,2,15,1532800800,0.4,4.39,343,6,0,86.54,10.95,0.75,86.54,59.36,2.688,,partly-cloudy-day,mostly cloudy,0,1,0,0,0,0
,35.0368764,-85.317054,18200 I-24 East,US-1800,Germantown,7/28/2018 15:00,2018-07-28,15,1532804400,,,,Property Damage,"Sideswipe, Same Direction",No,No,No,No,55,2,No,No,Shoulder and Lap Belt Used,30701,Shoulder and Lap Belt Used,30742,No,No,Daylight,Cloudy,72,15,23,1,2,15,1532800800,0.4,4.39,343,6,0,86.54,10.95,0.75,86.54,59.36,2.688,,partly-cloudy-day,mostly cloudy,0,1,0,0,0,0
,35.0368764,-85.317054,18200 I-24 East,US-1800,Germantown,7/28/2018 15:00,2018-07-28,15,1532804400,,,,Property Damage,"Sideswipe, Same Direction",No,No,No,No,55,2,No,No,Shoulder and Lap Belt Used,30701,Shoulder and Lap Belt Used,30742,No,No,Daylight,Cloudy,72,15,23,1,2,15,1532800800,0.4,4.39,343,6,0,86.54,10.95,0.75,86.54,59.36,2.688,,partly-cloudy-day,mostly cloudy,0,1,0,0,0,0
,35.0368764,-85.317054,18200 I-24 East,US-1800,Germantown,7/28/2018 15:00,2018-07-28,15,1532804400,,,,Property Damage,"Sideswipe, Same Direction",No,No,No,No,55,2,No,No,Shoulder and Lap Belt Used,30701,Shoulder and Lap Belt Used,30742,No,No,Daylight,Cloudy,72,15,23,1,2,15,1532800800,0.4,4.39,343,6,0,86.54,10.95,0.75,86.54,59.36,2.688,,partly-cloudy-day,mostly cloudy,0,1,0,0,0,0
,35.032337,-85.318807,17850 Interstate 24 Wb Hwy,,None intersection,10/9/2018 16:00,2018-10-09,16,1539115200,,,,Possible Injury,Angle,No,No,Yes,No,55,2,No,No,Shoulder and Lap Belt Used,30721,Shoulder and Lap Belt Used,35217,No,No,Daylight,Clear,72,15,23,1,2,15,1539111600,0.65,5.44,96,3,0,78.3,10.57,0.75,77.75,65.25,6.565,,partly-cloudy-day,mostly cloudy,0,1,0,0,0,0
,35.032337,-85.318807,17850 Interstate 24 Wb Hwy,,None intersection,10/9/2018 16:00,2018-10-09,16,1539115200,,,,Possible Injury,Angle,No,No,Yes,No,55,2,No,No,Shoulder and Lap Belt Used,30721,Shoulder and Lap Belt Used,35217,No,No,Daylight,Clear,72,15,23,1,2,15,1539111600,0.65,5.44,96,3,0,78.3,10.57,0.75,77.75,65.25,6.565,,partly-cloudy-day,mostly cloudy,0,1,0,0,0,0
,35.032337,-85.318807,17850 Interstate 24 Wb Hwy,,None intersection,10/9/2018 16:00,2018-10-09,16,1539115200,,,,Possible Injury,Angle,No,No,Yes,No,55,2,No,No,Shoulder and Lap Belt Used,30721,Shoulder and Lap Belt Used,35217,No,No,Daylight,Clear,72,15,23,1,2,15,1539111600,0.65,5.44,96,3,0,78.3,10.57,0.75,77.75,65.25,6.565,,partly-cloudy-day,mostly cloudy,0,1,0,0,0,0
,35.032337,-85.318807,17850 Interstate 24 Wb Hwy,,None intersection,10/9/2018 16:00,2018-10-09,16,1539115200,,,,Possible Injury,Angle,No,No,Yes,No,55,2,No,No,Shoulder and Lap Belt Used,30721,Shoulder and Lap Belt Used,35217,No,No,Daylight,Clear,72,15,23,1,2,15,1539111600,0.65,5.44,96,3,0,78.3,10.57,0.75,77.75,65.25,6.565,,partly-cloudy-day,mostly cloudy,0,1,0,0,0,0
,35.03699,-85.31745,1801 Reggie White Blvd,,W Main St,10/21/2018 0:00,2018-10-21,0,1540094400,,,,Property Damage,Unknown,Yes,No,No,No,,2,No,No,Unknown,Unknown,Shoulder and Lap Belt Used,30750,No,No,Unknown,Clear,72,15,23,1,2,15,1540090800,0.72,4.96,334,0,0,53.63,8.5,0,53.63,44.73,6.779,,clear-night,clear,0,0,0,0,1,0
,35.03699,-85.31745,1801 Reggie White Blvd,,W Main St,10/21/2018 0:00,2018-10-21,0,1540094400,,,,Property Damage,Unknown,Yes,No,No,No,,2,No,No,Unknown,Unknown,Shoulder and Lap Belt Used,30750,No,No,Unknown,Clear,72,15,23,1,2,15,1540090800,0.72,4.96,334,0,0,53.63,8.5,0,53.63,44.73,6.779,,clear-night,clear,0,0,0,0,1,0
,35.03699,-85.31745,1801 Reggie White Blvd,,W Main St,10/21/2018 0:00,2018-10-21,0,1540094400,,,,Property Damage,Unknown,Yes,No,No,No,,2,No,No,Unknown,Unknown,Shoulder and Lap Belt Used,30750,No,No,Unknown,Clear,72,15,23,1,2,15,1540090800,0.72,4.96,334,0,0,53.63,8.5,0,53.63,44.73,6.779,,clear-night,clear,0,0,0,0,1,0
,35.03699,-85.31745,1801 Reggie White Blvd,,W Main St,10/21/2018 0:00,2018-10-21,0,1540094400,,,,Property Damage,Unknown,Yes,No,No,No,,2,No,No,Unknown,Unknown,Shoulder and Lap Belt Used,30750,No,No,Unknown,Clear,72,15,23,1,2,15,1540090800,0.72,4.96,334,0,0,53.63,8.5,0,53.63,44.73,6.779,,clear-night,clear,0,0,0,0,1,0
,35.035279,-85.318895,27 N Block,US-27,I 24,11/15/2018 7:00,2018-11-15,7,1542283200,,,,Property Damage Under,"Sideswipe, Same Direction",Yes,No,No,No,45,2,No,No,Shoulder and Lap Belt Used,30736,Unknown,38501,No,No,Dawn,Rain,72,15,23,1,2,15,1542279600,0.91,4.08,243,0,0.01,38.76,9.17,1,41.31,38.86,1.909,rain,rain,drizzle,1,0,0,0,0,1
,35.035279,-85.318895,27 N Block,US-27,I 24,11/15/2018 7:00,2018-11-15,7,1542283200,,,,Property Damage Under,"Sideswipe, Same Direction",Yes,No,No,No,45,2,No,No,Shoulder and Lap Belt Used,30736,Unknown,38501,No,No,Dawn,Rain,72,15,23,1,2,15,1542279600,0.91,4.08,243,0,0.01,38.76,9.17,1,41.31,38.86,1.909,rain,rain,drizzle,1,0,0,0,0,1
,35.035279,-85.318895,27 N Block,US-27,I 24,11/15/2018 7:00,2018-11-15,7,1542283200,,,,Property Damage Under,"Sideswipe, Same Direction",Yes,No,No,No,45,2,No,No,Shoulder and Lap Belt Used,30736,Unknown,38501,No,No,Dawn,Rain,72,15,23,1,2,15,1542279600,0.91,4.08,243,0,0.01,38.76,9.17,1,41.31,38.86,1.909,rain,rain,drizzle,1,0,0,0,0,1
,35.035279,-85.318895,27 N Block,US-27,I 24,11/15/2018 7:00,2018-11-15,7,1542283200,,,,Property Damage Under,"Sideswipe, Same Direction",Yes,No,No,No,45,2,No,No,Shoulder and Lap Belt Used,30736,Unknown,38501,No,No,Dawn,Rain,72,15,23,1,2,15,1542279600,0.91,4.08,243,0,0.01,38.76,9.17,1,41.31,38.86,1.909,rain,rain,drizzle,1,0,0,0,0,1
,35.0369669,-85.316872,W Martin Luther King Blvd,,Gateway Ave,12/14/2018 18:00,2018-12-14,18,1544828400,,,,Property Damage,Front to Rear,No,No,No,No,25,2,No,No,Shoulder and Lap Belt Used,37397,Shoulder and Lap Belt Used,37312,No,No,Dark - Lighted,Rain,72,15,23,1,2,15,1544824800,0.92,4.1,55,0,0.015,52.05,7.45,1,52.05,49.8,0.909,rain,rain,drizzle,1,0,0,0,0,1
,35.0369669,-85.316872,W Martin Luther King Blvd,,Gateway Ave,12/14/2018 18:00,2018-12-14,18,1544828400,,,,Property Damage,Front to Rear,No,No,No,No,25,2,No,No,Shoulder and Lap Belt Used,37397,Shoulder and Lap Belt Used,37312,No,No,Dark - Lighted,Rain,72,15,23,1,2,15,1544824800,0.92,4.1,55,0,0.015,52.05,7.45,1,52.05,49.8,0.909,rain,rain,drizzle,1,0,0,0,0,1
,35.0369669,-85.316872,W Martin Luther King Blvd,,Gateway Ave,12/14/2018 18:00,2018-12-14,18,1544828400,,,,Property Damage,Front to Rear,No,No,No,No,25,2,No,No,Shoulder and Lap Belt Used,37397,Shoulder and Lap Belt Used,37312,No,No,Dark - Lighted,Rain,72,15,23,1,2,15,1544824800,0.92,4.1,55,0,0.015,52.05,7.45,1,52.05,49.8,0.909,rain,rain,drizzle,1,0,0,0,0,1
,35.0369669,-85.316872,W Martin Luther King Blvd,,Gateway Ave,12/14/2018 18:00,2018-12-14,18,1544828400,,,,Property Damage,Front to Rear,No,No,No,No,25,2,No,No,Shoulder and Lap Belt Used,37397,Shoulder and Lap Belt Used,37312,No,No,Dark - Lighted,Rain,72,15,23,1,2,15,1544824800,0.92,4.1,55,0,0.015,52.05,7.45,1,52.05,49.8,0.909,rain,rain,drizzle,1,0,0,0,0,1
,35.031487,-85.320812,!7880 I 24 East,I-24,I 24 East,4/14/2019 8:00,2019-04-14,8,1555243200,,,,Property Damage Under,"Sideswipe, Same Direction",Yes,No,No,No,55,2,No,No,Shoulder and Lap Belt Used,64109,Unknown,Unknown,No,No,Daylight,Rain,72,15,23,1,2,15,1555239600,0.88,8.37,185,0,0.07,68.83,14.8,0.75,68.18,64.45,0.567,rain,rain,light rain,1,0,0,0,0,1
,35.031487,-85.320812,!7880 I 24 East,I-24,I 24 East,4/14/2019 8:00,2019-04-14,8,1555243200,,,,Property Damage Under,"Sideswipe, Same Direction",Yes,No,No,No,55,2,No,No,Shoulder and Lap Belt Used,64109,Unknown,Unknown,No,No,Daylight,Rain,72,15,23,1,2,15,1555239600,0.88,8.37,185,0,0.07,68.83,14.8,0.75,68.18,64.45,0.567,rain,rain,light rain,1,0,0,0,0,1
,35.031487,-85.320812,!7880 I 24 East,I-24,I 24 East,4/14/2019 8:00,2019-04-14,8,1555243200,,,,Property Damage Under,"Sideswipe, Same Direction",Yes,No,No,No,55,2,No,No,Shoulder and Lap Belt Used,64109,Unknown,Unknown,No,No,Daylight,Rain,72,15,23,1,2,15,1555239600,0.88,8.37,185,0,0.07,68.83,14.8,0.75,68.18,64.45,0.567,rain,rain,light rain,1,0,0,0,0,1
,35.031487,-85.320812,!7880 I 24 East,I-24,I 24 East,4/14/2019 8:00,2019-04-14,8,1555243200,,,,Property Damage Under,"Sideswipe, Same Direction",Yes,No,No,No,55,2,No,No,Shoulder and Lap Belt Used,64109,Unknown,Unknown,No,No,Daylight,Rain,72,15,23,1,2,15,1555239600,0.88,8.37,185,0,0.07,68.83,14.8,0.75,68.18,64.45,0.567,rain,rain,light rain,1,0,0,0,0,1
,35.035486,-85.319543,20 Highway 27 SB St,,MLK Entrace Ramp,4/15/2019 20:00,2019-04-15,20,1555372800,,,,Property Damage,Front to Rear,No,No,No,No,45,2,No,No,Shoulder and Lap Belt Used,37411,Shoulder and Lap Belt Used,37308,No,No,Dusk,Clear,72,15,23,1,2,15,1555369200,0.3,4.51,320,0,0,61.73,8.25,0,61.73,29.97,4.327,,clear-day,clear,0,0,0,0,1,0
,35.035486,-85.319543,20 Highway 27 SB St,,MLK Entrace Ramp,4/15/2019 20:00,2019-04-15,20,1555372800,,,,Property Damage,Front to Rear,No,No,No,No,45,2,No,No,Shoulder and Lap Belt Used,37411,Shoulder and Lap Belt Used,37308,No,No,Dusk,Clear,72,15,23,1,2,15,1555369200,0.3,4.51,320,0,0,61.73,8.25,0,61.73,29.97,4.327,,clear-day,clear,0,0,0,0,1,0
,35.035486,-85.319543,20 Highway 27 SB St,,MLK Entrace Ramp,4/15/2019 20:00,2019-04-15,20,1555372800,,,,Property Damage,Front to Rear,No,No,No,No,45,2,No,No,Shoulder and Lap Belt Used,37411,Shoulder and Lap Belt Used,37308,No,No,Dusk,Clear,72,15,23,1,2,15,1555369200,0.3,4.51,320,0,0,61.73,8.25,0,61.73,29.97,4.327,,clear-day,clear,0,0,0,0,1,0
,35.035486,-85.319543,20 Highway 27 SB St,,MLK Entrace Ramp,4/15/2019 20:00,2019-04-15,20,1555372800,,,,Property Damage,Front to Rear,No,No,No,No,45,2,No,No,Shoulder and Lap Belt Used,37411,Shoulder and Lap Belt Used,37308,No,No,Dusk,Clear,72,15,23,1,2,15,1555369200,0.3,4.51,320,0,0,61.73,8.25,0,61.73,29.97,4.327,,clear-day,clear,0,0,0,0,1,0
,35.0370787,-85.320012,Riverfront Pkwy,,Power Alley,4/26/2019 5:00,2019-04-26,5,1556269200,,,,Property Damage Under,Not Collision with Motor Vehicle in Transport,No,No,No,No,35,1,No,No,Shoulder and Lap Belt Used,12184,,,No,No,Dark - Not Lighted,Rain,72,15,23,1,2,15,1556265600,0.84,6.03,208,0,0.004,62.29,10.62,1,62.29,57.45,7.002,rain,rain,possible drizzle,1,0,0,0,0,1
,35.0370787,-85.320012,Riverfront Pkwy,,Power Alley,4/26/2019 5:00,2019-04-26,5,1556269200,,,,Property Damage Under,Not Collision with Motor Vehicle in Transport,No,No,No,No,35,1,No,No,Shoulder and Lap Belt Used,12184,,,No,No,Dark - Not Lighted,Rain,72,15,23,1,2,15,1556265600,0.84,6.03,208,0,0.004,62.29,10.62,1,62.29,57.45,7.002,rain,rain,possible drizzle,1,0,0,0,0,1
,35.0370787,-85.320012,Riverfront Pkwy,,Power Alley,4/26/2019 5:00,2019-04-26,5,1556269200,,,,Property Damage Under,Not Collision with Motor Vehicle in Transport,No,No,No,No,35,1,No,No,Shoulder and Lap Belt Used,12184,,,No,No,Dark - Not Lighted,Rain,72,15,23,1,2,15,1556265600,0.84,6.03,208,0,0.004,62.29,10.62,1,62.29,57.45,7.002,rain,rain,possible drizzle,1,0,0,0,0,1
,35.0370787,-85.320012,Riverfront Pkwy,,Power Alley,4/26/2019 5:00,2019-04-26,5,1556269200,,,,Property Damage Under,Not Collision with Motor Vehicle in Transport,No,No,No,No,35,1,No,No,Shoulder and Lap Belt Used,12184,,,No,No,Dark - Not Lighted,Rain,72,15,23,1,2,15,1556265600,0.84,6.03,208,0,0.004,62.29,10.62,1,62.29,57.45,7.002,rain,rain,possible drizzle,1,0,0,0,0,1
,35.0367239,-85.316649,Cowart St,,W 17th St,6/7/2019 0:00,2019-06-07,0,1559880000,,,,Property Damage,Unknown,Yes,No,No,No,30,2,No,No,,37408,Unknown,Unknown,,,Unknown,Unknown,72,15,23,1,2,15,1559876400,0.89,2.29,109,0,0,73.42,3.99,1,72.31,68.84,2.206,,cloudy,overcast,0,1,0,0,0,0
,35.0367239,-85.316649,Cowart St,,W 17th St,6/7/2019 0:00,2019-06-07,0,1559880000,,,,Property Damage,Unknown,Yes,No,No,No,30,2,No,No,,37408,Unknown,Unknown,,,Unknown,Unknown,72,15,23,1,2,15,1559876400,0.89,2.29,109,0,0,73.42,3.99,1,72.31,68.84,2.206,,cloudy,overcast,0,1,0,0,0,0
,35.0367239,-85.316649,Cowart St,,W 17th St,6/7/2019 0:00,2019-06-07,0,1559880000,,,,Property Damage,Unknown,Yes,No,No,No,30,2,No,No,,37408,Unknown,Unknown,,,Unknown,Unknown,72,15,23,1,2,15,1559876400,0.89,2.29,109,0,0,73.42,3.99,1,72.31,68.84,2.206,,cloudy,overcast,0,1,0,0,0,0
,35.0367239,-85.316649,Cowart St,,W 17th St,6/7/2019 0:00,2019-06-07,0,1559880000,,,,Property Damage,Unknown,Yes,No,No,No,30,2,No,No,,37408,Unknown,Unknown,,,Unknown,Unknown,72,15,23,1,2,15,1559876400,0.89,2.29,109,0,0,73.42,3.99,1,72.31,68.84,2.206,,cloudy,overcast,0,1,0,0,0,0
,35.035786,-85.317146,1900 Reggie White Blvd St,,Non intersection,6/16/2019 14:00,2019-06-16,14,1560708000,,,,Property Damage,Angle,Yes,No,No,No,,2,No,No,Shoulder and Lap Belt Used,81504,Unknown,Unknown,No,No,Daylight,Clear,72,15,23,1,2,15,1560704400,0.5,7.51,204,6,0,92.92,13.03,0.75,89.09,68.02,4.583,,partly-cloudy-day,mostly cloudy,0,1,0,0,0,0
,35.035786,-85.317146,1900 Reggie White Blvd St,,Non intersection,6/16/2019 14:00,2019-06-16,14,1560708000,,,,Property Damage,Angle,Yes,No,No,No,,2,No,No,Shoulder and Lap Belt Used,81504,Unknown,Unknown,No,No,Daylight,Clear,72,15,23,1,2,15,1560704400,0.5,7.51,204,6,0,92.92,13.03,0.75,89.09,68.02,4.583,,partly-cloudy-day,mostly cloudy,0,1,0,0,0,0
,35.035786,-85.317146,1900 Reggie White Blvd St,,Non intersection,6/16/2019 14:00,2019-06-16,14,1560708000,,,,Property Damage,Angle,Yes,No,No,No,,2,No,No,Shoulder and Lap Belt Used,81504,Unknown,Unknown,No,No,Daylight,Clear,72,15,23,1,2,15,1560704400,0.5,7.51,204,6,0,92.92,13.03,0.75,89.09,68.02,4.583,,partly-cloudy-day,mostly cloudy,0,1,0,0,0,0
,35.035786,-85.317146,1900 Reggie White Blvd St,,Non intersection,6/16/2019 14:00,2019-06-16,14,1560708000,,,,Property Damage,Angle,Yes,No,No,No,,2,No,No,Shoulder and Lap Belt Used,81504,Unknown,Unknown,No,No,Daylight,Clear,72,15,23,1,2,15,1560704400,0.5,7.51,204,6,0,92.92,13.03,0.75,89.09,68.02,4.583,,partly-cloudy-day,mostly cloudy,0,1,0,0,0,0
,35.051313,-85.147882,7310 Standifer Gap Rd,,Lee hwy,1/16/2018 0:00,2018-01-16,0,1516078800,,,,Property Damage Under,Angle,Yes,No,No,No,15,2,No,No,Unknown,Unknown,,37421,,,Unknown,Unknown,508,34,12,1,7,8,1516075200,0.71,1.32,179,0,0,32.69,2.61,0.04,32.69,24.2,8.892,,clear-night,clear,0,0,0,0,1,0
,35.052043,-85.147053,7300 Standifer Gap Rd,,Courage Way,4/24/2018 0:00,2018-04-24,0,1524542400,,,,Property Damage,Front to Rear,No,No,No,No,30,2,No,No,Shoulder and Lap Belt Used,30707,Shoulder and Lap Belt Used,37421,No,No,Unknown,Unknown,508,34,12,1,7,8,1524538800,0.94,0.4,297,0,0.093,57.7,1.53,1,57.7,55.92,3.506,rain,rain,light rain,1,0,0,0,0,1
,35.05224,-85.149942,7300 Standifer Gap Rd,,Lee Hwy,4/27/2018 22:00,2018-04-27,22,1524880800,,,,Possible Injury,Angle,Yes,No,Yes,No,35,2,No,No,Unknown,Unknown,Shoulder and Lap Belt Used,37421,No,No,Dark - Not Lighted,Clear,508,34,12,1,7,8,1524877200,0.6,0.44,273,0,0,60.15,0.98,0.44,60.15,46.37,6.066,,partly-cloudy-night,partly cloudy,0,1,0,0,0,0
,35.051313,-85.147882,7310 Standifer Gap Rd,,Lee Hwy,6/26/2018 0:00,2018-06-26,0,1529985600,,,,Property Damage,Unknown,Yes,No,No,No,15,2,No,No,,37421,Unknown,Unknown,,,Unknown,Unknown,508,34,12,1,7,8,1529982000,0.97,1.42,206,0,0,71.02,6.57,0.19,69.76,69,5.96,,partly-cloudy-night,partly cloudy,0,1,0,0,0,0
,35.051313,-85.147882,7310 Standifer Gap Rd,,Standifer Gap Rd,7/20/2018 0:00,2018-07-20,0,1532059200,,,,Property Damage,Unknown,Yes,No,No,No,,2,No,No,Unknown,Unknown,,37421,,,Unknown,Clear,508,34,12,1,7,8,1532055600,0.85,2.82,207,0,0,76.69,3.58,0.67,75.43,70.73,6.006,,partly-cloudy-night,mostly cloudy,0,1,0,0,0,0
,35.052925,-85.147887,7300 Lee Hwy,,Standifer Gap Rd,7/30/2018 9:00,2018-07-30,9,1532955600,,,,Property Damage Under,Not Collision with Motor Vehicle in Transport,Yes,No,No,No,25,2,No,No,Shoulder and Lap Belt Used,37338,Unknown,Unknown,No,No,Daylight,Clear,508,34,12,1,7,8,1532952000,0.87,3.19,182,1,0,74.28,7.16,0.19,73.19,68.95,6.361,,partly-cloudy-day,partly cloudy,0,1,0,0,0,0
,35.051313,-85.147882,7310 Standifer Gap Rd,,Standifer Gap Rd,8/9/2018 0:00,2018-08-09,0,1533787200,,,,Property Damage,Unknown,Yes,No,No,No,,2,No,No,Unknown,Unknown,,37312,,,Unknown,Clear,508,34,12,1,7,8,1533783600,0.95,2.06,220,0,0,72.56,5.34,0.75,71.26,69.79,1.98,,fog,foggy,0,0,1,0,0,0
,35.052925,-85.147887,7300 Lee Hwy,,Standifer Gap Rd,1/7/2019 17:00,2019-01-07,17,1546898400,,,,Property Damage,Rear to Side,No,No,No,No,,2,No,No,Shoulder and Lap Belt Used,30736,Shoulder and Lap Belt Used,37408,No,No,Daylight,Clear,508,34,12,1,7,8,1546894800,0.4,8.13,196,0,0,66.44,17.54,0,66.44,41.49,6.391,,clear-day,clear,0,0,0,0,1,0
,35.049849,-85.15344,7158 Lee Hwy,,Robins Dr,3/19/2019 13:00,2019-03-19,13,1553014800,,,,Property Damage Under,Not Collision with Motor Vehicle in Transport,No,No,No,No,15,1,No,No,Shoulder and Lap Belt Used,37406,,,No,No,Daylight,Clear,508,34,12,1,7,8,1553011200,0.27,4.57,356,6,0,51.76,9.19,0,51.76,18.45,8.203,,clear-day,clear,0,0,0,0,1,0
,35.048969,-85.151878,7160 Lee Hwy,SR-7160,Robin Drive,4/27/2019 11:00,2019-04-27,11,1556377200,,,,Property Damage,Not Collision with Motor Vehicle in Transport,Yes,No,No,No,40,1,No,No,,37421,Unknown,Unknown,,,Daylight,Clear,508,34,12,1,7,8,1556373600,0.35,1.58,113,5,0,63.41,6.71,0,63.41,35.5,3.889,,clear-day,clear,0,0,0,0,1,0
,35.029743,-85.137186,Hamilton Mills Dr,,Jenkins Rd,1/16/2018 6:00,2018-01-16,6,1516100400,,,,Property Damage,Angle,No,No,No,No,25,4,No,No,Shoulder and Lap Belt Used,37421,,37421,No,No,Dark - Lighted,Clear,421,37,14,0,7,12,1516096800,0.76,0.87,248,0,0,30.47,1.61,0.63,30.47,23.89,8.782,,partly-cloudy-night,mostly cloudy,0,1,0,0,0,0