Accident,Latitude,Longitude,Street,AltStreet,Intersection,DateTime,Date,Hour,Unix,WeekDay,WeekEnd,DayFrame,AccidentType,CollisionType,HaR,FatalInjury,MedicalTransport,InvolvedPlacardedTruck,PostedSpeed,TotalVehiclesInvolved,PedestrianInvolved,BicycleInvolved,DriverOneSafetyEquipment,DriverOneZip,DriverTwoSafetyEquipment,DriverTwoZip,Drug,Alcohol,LightCondition,Weather,Grid_Block,Grid_Col,Grid_Row,Highway,Land_Use_Mode,Road_Count,HourBefore,humidity,windSpeed,windBearing,uvIndex,precipIntensity,apparentTemperature,windGust,cloudCover,temperature,dewPoint,visibility,precipType,Event,Conditions,Rain,Cloudy,Foggy,Snow,Clear,RainBefore
,35.033801,-85.133227,7900 Shallowford Rd,,7900 Shallowford Rd,6/23/2018 1:00,2018-06-23,1,1529730000,,,,Property Damage,Not Collision with Motor Vehicle in Transport,Yes,No,No,No,40,1,No,No,Unknown,Unknown,,,,,Dark - Lighted,Clear,421,37,14,0,7,12,1529726400,0.93,2.46,211,0,0,71.21,5.9,0.75,70.12,68.07,6.037,,partly-cloudy-night,mostly cloudy,0,1,0,0,0,0
,35.02436,-85.139251,1954 Jenkins Rd,,Goodwin Rd,1/16/2018 10:00,2018-01-16,10,1516114800,,,,Suspected Minor Injury,Not Collision with Motor Vehicle in Transport,No,No,Yes,No,35,1,No,No,Shoulder and Lap Belt Used,37421,,,No,No,Daylight,Clear,376,37,15,0,7,11,1516111200,0.76,0.85,9,1,0,34.04,1.69,1,34.04,27.34,8.753,,cloudy,overcast,0,1,0,0,0,0
,35.051103,-85.212765,Shallowford Rd,SR-4450,Airport Rd,1/16/2018 19:00,2018-01-16,19,1516147200,,,,Property Damage,Angle,No,No,No,No,35,3,No,No,Shoulder and Lap Belt Used,78028,Shoulder and Lap Belt Used,37421,No,No,Dark - Lighted,Snow,366,27,15,0,0,2,1516143600,0.78,3.09,339,0,0,17.9,6.75,1,22.04,16.11,4.11,,cloudy,overcast,0,1,0,0,0,0
,35.050323,-85.211377,Brainerd Rd,,N Moore Rd,1/29/2018 20:00,2018-01-29,20,1517274000,,,,Possible Injury,Front to Rear,No,No,No,No,45,2,No,No,Shoulder and Lap Belt Used,37404,Shoulder and Lap Belt Used,35213,No,No,Dark - Lighted,Clear,366,27,15,0,0,2,1517270400,0.62,6.06,327,0,0,40.84,12.94,0.17,44.3,31.92,8.333,,partly-cloudy-night,partly cloudy,0,1,0,0,0,0
,35.03559,-85.188279,Vance Rd,SR-6135,Airport Connector Rd,1/16/2018 20:00,2018-01-16,20,1516150800,,,,Property Damage,Not Collision with Motor Vehicle in Transport,No,No,No,No,35,1,No,No,Shoulder and Lap Belt Used,37416,,,No,No,Dark - Not Lighted,Snow,324,30,16,1,2,9,1516147200,0.75,3.53,349,0,0,15.68,6.99,1,20.7,14.16,8.383,,cloudy,overcast,0,1,0,0,0,0
,35.036983,-85.190817,Vance Rd,,Shepherd Rd,4/2/2018 15:00,2018-04-02,15,1522695600,,,,Property Damage,Front to Rear,No,No,No,No,35,2,No,No,Unknown,37343,Unknown,37416,No,No,Daylight,Clear,324,30,16,1,2,9,1522692000,0.46,2.42,222,5,0,76.84,6.78,0.75,76.84,54.6,5.956,,partly-cloudy-day,mostly cloudy,0,1,0,0,0,0
,35.038616,-85.188039,6018 Fisk Ave,,Shepherd Rd,7/6/2018 23:00,2018-07-06,23,1530932400,,,,Property Damage Under,Rear to Rear,No,No,No,No,25,2,No,No,Shoulder and Lap Belt Used,37412,,37411,No,No,Dark - Unknown Lighting,Clear,324,30,16,1,2,9,1530928800,0.94,2.97,355,0,0.008,73.1,10.29,0.75,71.82,69.85,7.717,rain,rain,drizzle,1,0,0,0,0,1
,35.037464,-85.190516,1704 - 1799 Shepherd Rd,,Vance Road,10/15/2018 21:00,2018-10-15,21,1539651600,,,,Possible Injury,Angle,Yes,No,Yes,No,30,2,No,No,Shoulder and Lap Belt Used,37415,Unknown,,No,No,Dark - Lighted,Rain,324,30,16,1,2,9,1539648000,0.88,2.62,5,0,0.005,70.88,8.32,0.75,70.05,66.19,6.673,rain,partly-cloudy-night,mostly cloudy,0,1,0,0,0,0
,35.035097,-85.192059,1700 Airport Connector Rd,,Airport Rd,4/8/2019 2:00,2019-04-08,2,1554703200,,,,Suspected Serious Injury,Head On,No,No,Yes,No,40,2,No,No,,37412,None Used MV Occupant,37406,No,No,Dark - Lighted,Clear,324,30,16,1,2,9,1554699600,0.89,4.21,221,0,0,64.21,4.8,0,63.95,60.49,5.068,,clear-night,clear,0,0,0,0,1,0
,35.001316,-85.282145,E 34th St,,Dodds Ave,1/17/2018 0:00,2018-01-17,0,1516165200,,,,Property Damage Under,Unknown,Yes,No,No,No,25,2,No,No,Unknown,Unknown,,37403,,,Unknown,Clear,15,22,26,0,7,15,1516161600,0.71,3.74,344,0,0,8.66,7.9,1,14.85,7.22,7.616,,cloudy,overcast,0,1,0,0,0,0
,35.002327,-85.280834,2800 E 34th St,,Dodds,1/25/2018 13:00,2018-01-25,13,1516903200,,,,Property Damage,Not Collision with Motor Vehicle in Transport,No,No,No,No,30,1,No,No,Shoulder and Lap Belt Used,37406,,,No,No,Daylight,Clear,15,22,26,0,7,15,1516899600,0.46,2.55,26,4,0,47.96,5.82,0,47.96,28.36,7.616,,clear-day,clear,0,0,0,0,1,0
,34.9977895,-85.281159,2905 E 38th St,SR-1,12th Ave,3/29/2018 19:00,2018-03-29,19,1522364400,,,,Property Damage,Angle,No,No,No,No,35,2,No,No,Shoulder and Lap Belt Used,30741,Shoulder and Lap Belt Used,37412,No,No,Daylight,Rain,15,22,26,0,7,15,1522360800,0.94,1.89,243,0,0.241,59.05,7.2,1,59.05,57.19,2.109,rain,rain,rain,1,0,0,0,0,1
,35.001072,-85.279931,12th Ave,SR-3400,E 34th St,8/12/2018 0:00,2018-08-12,0,1534046400,,,,Property Damage,"Sideswipe, Same Direction",Yes,No,No,No,30,2,No,No,Unknown,Unknown,,37407,,,Unknown,Clear,15,22,26,0,7,15,1534042800,0.86,0.73,294,0,0,76.32,3.36,0,75.08,70.53,9.997,,clear-night,clear,0,0,0,0,1,0
,35.001964,-85.280723,3100 Dodds Ave,SR-1,E 31st st,11/22/2018 21:00,2018-11-22,21,1542938400,,,,Property Damage,Angle,No,No,No,No,35,2,No,No,Shoulder and Lap Belt Used,37421,Shoulder and Lap Belt Used,37404,No,No,Dark - Unknown Lighting,Clear,15,22,26,0,7,15,1542934800,0.86,1.23,132,0,0,40.87,4.01,0,40.87,36.88,5.653,,clear-night,clear,0,0,0,0,1,0
,35.001964,-85.280723,3400 dodds ave,SR-3400,3400,1/17/2019 12:00,2019-01-17,12,1547744400,,,,Property Damage,Front to Rear,No,No,No,No,25,2,No,No,Shoulder and Lap Belt Used,37321,Shoulder and Lap Belt Used,37412,No,No,Daylight,Rain,15,22,26,0,7,15,1547740800,0.98,3.84,170,2,0.022,35.51,4.8,1,38.3,37.71,2.169,rain,rain,light rain,1,0,0,0,0,1
,35.001964,-85.280723,3400 dodds ave,SR-3400,3400,1/17/2019 12:00,2019-01-17,12,1547744400,,,,Property Damage,Front to Rear,No,No,No,No,25,2,No,No,Shoulder and Lap Belt Used,37321,Shoulder and Lap Belt Used,37412,No,No,Daylight,Rain,15,22,26,0,7,15,1547740800,0.98,3.84,170,2,0.022,35.51,4.8,1,38.3,37.71,2.169,rain,rain,light rain,1,0,0,0,0,1
,35.001964,-85.280723,3400 dodds ave,SR-3400,3400,1/17/2019 12:00,2019-01-17,12,1547744400,,,,Property Damage,Front to Rear,No,No,No,No,25,2,No,No,Shoulder and Lap Belt Used,37321,Shoulder and Lap Belt Used,37412,No,No,Daylight,Rain,15,22,26,0,7,15,1547740800,0.98,3.84,170,2,0.022,35.51,4.8,1,38.3,37.71,2.169,rain,rain,light rain,1,0,0,0,0,1
,35.001964,-85.280723,3400 dodds ave,SR-3400,3400,1/17/2019 12:00,2019-01-17,12,1547744400,,,,Property Damage,Front to Rear,No,No,No,No,25,2,No,No,Shoulder and Lap Belt Used,37321,Shoulder and Lap Belt Used,37412,No,No,Daylight,Rain,15,22,26,0,7,15,1547740800,0.98,3.84,170,2,0.022,35.51,4.8,1,38.3,37.71,2.169,rain,rain,light rain,1,0,0,0,0,1
,34.9966579,-85.283595,3900 Dodds Ave,,E 39th St,1/26/2019 3:00,2019-01-26,3,1548489600,,,,Property Damage,Not Collision with Motor Vehicle in Transport,No,No,No,No,35,1,No,No,Shoulder and Lap Belt Used,37407,,,,,Dark - Lighted,Clear,15,22,26,0,7,15,1548486000,0.72,1.02,163,0,0,27.36,3.24,0.44,27.36,19.51,5.697,,partly-cloudy-night,partly cloudy,0,1,0,0,0,0
,34.9966579,-85.283595,3900 Dodds Ave,,E 39th St,1/26/2019 3:00,2019-01-26,3,1548489600,,,,Property Damage,Not Collision with Motor Vehicle in Transport,No,No,No,No,35,1,No,No,Shoulder and Lap Belt Used,37407,,,,,Dark - Lighted,Clear,15,22,26,0,7,15,1548486000,0.72,1.02,163,0,0,27.36,3.24,0.44,27.36,19.51,5.697,,partly-cloudy-night,partly cloudy,0,1,0,0,0,0
,34.9966579,-85.283595,3900 Dodds Ave,,E 39th St,1/26/2019 3:00,2019-01-26,3,1548489600,,,,Property Damage,Not Collision with Motor Vehicle in Transport,No,No,No,No,35,1,No,No,Shoulder and Lap Belt Used,37407,,,,,Dark - Lighted,Clear,15,22,26,0,7,15,1548486000,0.72,1.02,163,0,0,27.36,3.24,0.44,27.36,19.51,5.697,,partly-cloudy-night,partly cloudy,0,1,0,0,0,0
,34.9966579,-85.283595,3900 Dodds Ave,,E 39th St,1/26/2019 3:00,2019-01-26,3,1548489600,,,,Property Damage,Not Collision with Motor Vehicle in Transport,No,No,No,No,35,1,No,No,Shoulder and Lap Belt Used,37407,,,,,Dark - Lighted,Clear,15,22,26,0,7,15,1548486000,0.72,1.02,163,0,0,27.36,3.24,0.44,27.36,19.51,5.697,,partly-cloudy-night,partly cloudy,0,1,0,0,0,0
,34.998727,-85.282132,3700 Dodds Ave,,E 37th St,2/10/2019 14:00,2019-02-10,14,1549825200,,,,Property Damage,Not Collision with Motor Vehicle in Transport,No,No,No,No,35,1,No,No,,37402,Shoulder and Lap Belt Used,37409,No,No,Daylight,Rain,15,22,26,0,7,15,1549821600,0.96,3.44,162,3,0.015,34.43,7.03,1,36.99,36.05,1.844,rain,rain,drizzle,1,0,0,0,0,1
,34.998727,-85.282132,3700 Dodds Ave,,E 37th St,2/10/2019 14:00,2019-02-10,14,1549825200,,,,Property Damage,Not Collision with Motor Vehicle in Transport,No,No,No,No,35,1,No,No,,37402,Shoulder and Lap Belt Used,37409,No,No,Daylight,Rain,15,22,26,0,7,15,1549821600,0.96,3.44,162,3,0.015,34.43,7.03,1,36.99,36.05,1.844,rain,rain,drizzle,1,0,0,0,0,1
,34.998727,-85.282132,3700 Dodds Ave,,E 37th St,2/10/2019 14:00,2019-02-10,14,1549825200,,,,Property Damage,Not Collision with Motor Vehicle in Transport,No,No,No,No,35,1,No,No,,37402,Shoulder and Lap Belt Used,37409,No,No,Daylight,Rain,15,22,26,0,7,15,1549821600,0.96,3.44,162,3,0.015,34.43,7.03,1,36.99,36.05,1.844,rain,rain,drizzle,1,0,0,0,0,1
,34.998727,-85.282132,3700 Dodds Ave,,E 37th St,2/10/2019 14:00,2019-02-10,14,1549825200,,,,Property Damage,Not Collision with Motor Vehicle in Transport,No,No,No,No,35,1,No,No,,37402,Shoulder and Lap Belt Used,37409,No,No,Daylight,Rain,15,22,26,0,7,15,1549821600,0.96,3.44,162,3,0.015,34.43,7.03,1,36.99,36.05,1.844,rain,rain,drizzle,1,0,0,0,0,1
,34.998707,-85.279469,13th Ave,,E 36t St,3/7/2019 8:00,2019-03-07,8,1551963600,,,,Property Damage Under,Front to Rear,No,No,No,No,35,2,No,No,,37407,Shoulder and Lap Belt Used,37407,No,No,Daylight,Clear,15,22,26,0,7,15,1551960000,0.82,0.76,70,0,0,27.37,3.28,0,27.37,22.46,3.702,,clear-day,clear,0,0,0,0,1,0
,34.998707,-85.279469,13th Ave,,E 36t St,3/7/2019 8:00,2019-03-07,8,1551963600,,,,Property Damage Under,Front to Rear,No,No,No,No,35,2,No,No,,37407,Shoulder and Lap Belt Used,37407,No,No,Daylight,Clear,15,22,26,0,7,15,1551960000,0.82,0.76,70,0,0,27.37,3.28,0,27.37,22.46,3.702,,clear-day,clear,0,0,0,0,1,0
,34.998707,-85.279469,13th Ave,,E 36t St,3/7/2019 8:00,2019-03-07,8,1551963600,,,,Property Damage Under,Front to Rear,No,No,No,No,35,2,No,No,,37407,Shoulder and Lap Belt Used,37407,No,No,Daylight,Clear,15,22,26,0,7,15,1551960000,0.82,0.76,70,0,0,27.37,3.28,0,27.37,22.46,3.702,,clear-day,clear,0,0,0,0,1,0
,34.998707,-85.279469,13th Ave,,E 36t St,3/7/2019 8:00,2019-03-07,8,1551963600,,,,Property Damage Under,Front to Rear,No,No,No,No,35,2,No,No,,37407,Shoulder and Lap Belt Used,37407,No,No,Daylight,Clear,15,22,26,0,7,15,1551960000,0.82,0.76,70,0,0,27.37,3.28,0,27.37,22.46,3.702,,clear-day,clear,0,0,0,0,1,0
,34.996321,-85.2814,2017 E 23rd,,None,4/23/2019 22:00,2019-04-23,22,1556071200,,,,Property Damage,"Sideswipe, Opposite Direction",No,No,No,No,15,2,No,No,,38141,Shoulder and Lap Belt Used,33625,No,No,Dark - Lighted,Clear,15,22,26,0,7,15,1556067600,0.56,2.19,247,0,0,68.2,2.46,0,68.2,51.99,5.428,,clear-night,clear,0,0,0,0,1,0
,34.996321,-85.2814,2017 E 23rd,,None,4/23/2019 22:00,2019-04-23,22,1556071200,,,,Property Damage,"Sideswipe, Opposite Direction",No,No,No,No,15,2,No,No,,38141,Shoulder and Lap Belt Used,33625,No,No,Dark - Lighted,Clear,15,22,26,0,7,15,1556067600,0.56,2.19,247,0,0,68.2,2.46,0,68.2,51.99,5.428,,clear-night,clear,0,0,0,0,1,0
,34.996321,-85.2814,2017 E 23rd,,None,4/23/2019 22:00,2019-04-23,22,1556071200,,,,Property Damage,"Sideswipe, Opposite Direction",No,No,No,No,15,2,No,No,,38141,Shoulder and Lap Belt Used,33625,No,No,Dark - Lighted,Clear,15,22,26,0,7,15,1556067600,0.56,2.19,247,0,0,68.2,2.46,0,68.2,51.99,5.428,,clear-night,clear,0,0,0,0,1,0
,34.996321,-85.2814,2017 E 23rd,,None,4/23/2019 22:00,2019-04-23,22,1556071200,,,,Property Damage,"Sideswipe, Opposite Direction",No,No,No,No,15,2,No,No,,38141,Shoulder and Lap Belt Used,33625,No,No,Dark - Lighted,Clear,15,22,26,0,7,15,1556067600,0.56,2.19,247,0,0,68.2,2.46,0,68.2,51.99,5.428,,clear-night,clear,0,0,0,0,1,0
,34.999794,-85.280597,3600 12th Ave,,E 36th St,5/6/2019 7:00,2019-05-06,7,1557140400,,,,Possible Injury,Angle,No,No,Yes,No,25,2,No,No,Shoulder and Lap Belt Used,37410,Shoulder and Lap Belt Used,37416,No,No,Daylight,Clear,15,22,26,0,7,15,1557136800,0.97,1.96,323,0,0,54.87,3.91,0,54.87,53.93,3.236,,clear-day,clear,0,0,0,0,1,0
,34.999794,-85.280597,3600 12th Ave,,E 36th St,5/6/2019 7:00,2019-05-06,7,1557140400,,,,Possible Injury,Angle,No,No,Yes,No,25,2,No,No,Shoulder and Lap Belt Used,37410,Shoulder and Lap Belt Used,37416,No,No,Daylight,Clear,15,22,26,0,7,15,1557136800,0.97,1.96,323,0,0,54.87,3.91,0,54.87,53.93,3.236,,clear-day,clear,0,0,0,0,1,0
,34.999794,-85.280597,3600 12th Ave,,E 36th St,5/6/2019 7:00,2019-05-06,7,1557140400,,,,Possible Injury,Angle,No,No,Yes,No,25,2,No,No,Shoulder and Lap Belt Used,37410,Shoulder and Lap Belt Used,37416,No,No,Daylight,Clear,15,22,26,0,7,15,1557136800,0.97,1.96,323,0,0,54.87,3.91,0,54.87,53.93,3.236,,clear-day,clear,0,0,0,0,1,0
,34.999794,-85.280597,3600 12th Ave,,E 36th St,5/6/2019 7:00,2019-05-06,7,1557140400,,,,Possible Injury,Angle,No,No,Yes,No,25,2,No,No,Shoulder and Lap Belt Used,37410,Shoulder and Lap Belt Used,37416,No,No,Daylight,Clear,15,22,26,0,7,15,1557136800,0.97,1.96,323,0,0,54.87,3.91,0,54.87,53.93,3.236,,clear-day,clear,0,0,0,0,1,0
,35.001199,-85.279029,3403 13th Ave,SR-3403,E 34th St,6/21/2019 5:00,2019-06-21,5,1561107600,,,,Property Damage,Unknown,Yes,No,No,No,35,3,No,No,Unknown,Unknown,,37407,,,Dark - Lighted,Clear,15,22,26,0,7,15,1561104000,0.91,0.94,243,0,0,69.05,3.64,0,68.23,65.65,4.123,,clear-night,clear,0,0,0,0,1,0
,35.001199,-85.279029,3403 13th Ave,SR-3403,E 34th St,6/21/2019 5:00,2019-06-21,5,1561107600,,,,Property Damage,Unknown,Yes,No,No,No,35,3,No,No,Unknown,Unknown,,37407,,,Dark - Lighted,Clear,15,22,26,0,7,15,1561104000,0.91,0.94,243,0,0,69.05,3.64,0,68.23,65.65,4.123,,clear-night,clear,0,0,0,0,1,0
,35.001199,-85.279029,3403 13th Ave,SR-3403,E 34th St,6/21/2019 5:00,2019-06-21,5,1561107600,,,,Property Damage,Unknown,Yes,No,No,No,35,3,No,No,Unknown,Unknown,,37407,,,Dark - Lighted,Clear,15,22,26,0,7,15,1561104000,0.91,0.94,243,0,0,69.05,3.64,0,68.23,65.65,4.123,,clear-night,clear,0,0,0,0,1,0
,35.001199,-85.279029,3403 13th Ave,SR-3403,E 34th St,6/21/2019 5:00,2019-06-21,5,1561107600,,,,Property Damage,Unknown,Yes,No,No,No,35,3,No,No,Unknown,Unknown,,37407,,,Dark - Lighted,Clear,15,22,26,0,7,15,1561104000,0.91,0.94,243,0,0,69.05,3.64,0,68.23,65.65,4.123,,clear-night,clear,0,0,0,0,1,0
,35.122186,-85.248082,4606 Hixson Pike,,Bagwell Ave,1/18/2018 11:00,2018-01-18,11,1516291200,,,,Property Damage,Front to Rear,No,No,No,No,,2,No,No,,37343,Shoulder and Lap Belt Used,37343,No,No,Daylight,Clear,702,18,7,1,7,10,1516287600,0.61,2.61,22,2,0,23.97,5.35,0,23.97,12.41,9.997,,clear-day,clear,0,0,0,0,1,0
,35.123018,-85.247834,4612 Hixson Pike,,Ely rd,1/26/2018 8:00,2018-01-26,8,1516971600,,,,Property Damage,Front to Rear,No,No,No,No,40,2,No,No,Shoulder and Lap Belt Used,37343,Shoulder and Lap Belt Used,37343,No,No,Daylight,Clear,702,18,7,1,7,10,1516968000,0.68,0,,0,0,33.29,0.86,0,33.29,23.95,9.997,,clear-day,clear,0,0,0,0,1,0
,35.123018,-85.247834,4612 Hixson Pike,,Ely Rd,3/2/2018 13:00,2018-03-02,13,1520013600,,,,Property Damage,Front to Rear,Yes,No,No,No,40,2,No,No,Shoulder and Lap Belt Used,37343,Unknown,Unknown,No,No,Daylight,Clear,702,18,7,1,7,10,1520010000,0.35,4.45,18,6,0,53.15,11.4,0,53.15,26.03,6.717,,clear-day,clear,0,0,0,0,1,0
,35.120779,-85.249354,4517 Hixson Pike,US-4517,Bagwell Ave,7/17/2018 9:00,2018-07-17,9,1531832400,,,,Property Damage,Front to Rear,No,No,No,No,40,2,No,No,Shoulder and Lap Belt Used,37321,Shoulder and Lap Belt Used,37321,No,No,Daylight,Clear,702,18,7,1,7,10,1531828800,0.89,3.49,203,1,0.002,77.44,3.87,0.79,75.98,72.37,5.505,rain,partly-cloudy-day,humid and mostly cloudy,0,1,0,0,0,0
,35.1191243,-85.248709,Hamill Rd,SR-2200,Hamill Rd,8/20/2018 17:00,2018-08-20,17,1534798800,,,,Property Damage,Front to Rear,No,No,No,No,35,2,No,No,Shoulder and Lap Belt Used,37379,Shoulder and Lap Belt Used,37421,No,No,Daylight,Clear,702,18,7,1,7,10,1534795200,0.67,6.06,191,3,0,92.22,11.83,0.75,85.33,73.03,7.092,,partly-cloudy-day,humid and mostly cloudy,0,1,0,0,0,0
,35.1211918,-85.249674,Watson Rd,SR-4107,Watson Rd,10/9/2018 0:00,2018-10-09,0,1539057600,,,,Property Damage,Angle,Yes,No,No,No,25,2,No,No,,37415,Unknown,Unknown,,,Unknown,Clear,702,18,7,1,7,10,1539054000,0.73,2.7,113,0,0.001,76.11,10.84,0.92,75.43,66.29,7.363,rain,cloudy,overcast,0,1,0,0,0,0
,35.120442,-85.248638,Hixson Pike,,Bagwell Ave,12/10/2018 16:00,2018-12-10,16,1544475600,,,,Property Damage,Not Collision with Motor Vehicle in Transport,No,No,No,No,40,1,No,No,Shoulder and Lap Belt Used,37404,,,No,No,Daylight,Rain,702,18,7,1,7,10,1544472000,0.84,3.59,337,0,0.037,40.5,8.32,0.96,42.43,38.03,6.526,rain,rain,light rain,1,0,0,0,0,1
,35.122964,-85.248236,1400 Ely Rd,,Cranbrook Dr,3/25/2019 13:00,2019-03-25,13,1553533200,,,,Property Damage Under,"Sideswipe, Opposite Direction",No,No,No,No,25,2,No,No,Shoulder and Lap Belt Used,37421,Shoulder and Lap Belt Used,37404,No,No,Daylight,Clear,702,18,7,1,7,10,1553529600,0.72,5.43,193,5,0.008,60.74,11.75,0.62,60.74,51.81,5.879,rain,rain,drizzle,1,0,0,0,0,1
,35.1218132,-85.249074,676 Signal Mountain Rd,,Mundy St,3/29/2019 2:00,2019-03-29,2,1553839200,,,,Property Damage,"Sideswipe, Same Direction",No,No,No,No,45,2,No,No,Shoulder and Lap Belt Used,37377,Shoulder and Lap Belt Used,37412,No,No,Dark - Lighted,Clear,702,18,7,1,7,10,1553835600,0.59,2.53,186,0,0,49.4,7.74,0.13,49.4,35.88,8.091,,partly-cloudy-night,partly cloudy,0,1,0,0,0,0
,35.122186,-85.248082,4606 Hixson Pike,,Bagwell Rd,3/30/2019 22:00,2019-03-30,22,1553997600,,,,Property Damage,Head On,No,No,No,No,45,2,No,No,Shoulder and Lap Belt Used,37421,Shoulder and Lap Belt Used,37211,No,No,Dark - Not Lighted,Rain,702,18,7,1,7,10,1553994000,0.48,10.41,200,0,0,71.16,16.1,0.79,71.16,50.23,3.491,,partly-cloudy-night,mostly cloudy,0,1,0,0,0,0
,35.122443,-85.248393,Hixson Pike,,Strawberry Ln,6/24/2019 17:00,2019-06-24,17,1561410000,,,,Property Damage Under,Front to Rear,No,No,No,No,40,2,No,No,Shoulder and Lap Belt Used,37421,Shoulder and Lap Belt Used,37379,No,No,Daylight,Rain,702,18,7,1,7,10,1561406400,0.66,11.38,223,4,0.326,89.4,20.11,0.75,84.11,71.45,1.04,rain,rain,rain,1,0,0,0,0,1
,35.039415,-85.280178,1401 Oak St,,OAK,1/18/2018 17:00,2018-01-18,17,1516312800,,,,Property Damage,Not Collision with Motor Vehicle in Transport,No,No,No,No,,1,No,No,Restraint Used Type Unknown,37363,,,No,No,Daylight,Clear,161,19,20,0,7,25,1516309200,0.38,0.91,354,0,0,37.09,2.66,0,37.09,13.86,7.609,,clear-day,clear,0,0,0,0,1,0
,35.043072,-85.279331,1330 E 3rd St,SR-1300,N. Holtzclaw Avenue,1/30/2018 7:00,2018-01-30,7,1517313600,,,,Property Damage,Angle,Yes,No,No,No,,2,No,No,Shoulder and Lap Belt Used,37406,Unknown,Unknown,No,No,Dusk,Clear,161,19,20,0,7,25,1517310000,0.62,3.2,355,0,0,26.56,8.16,0.75,29.82,18.31,9.135,,partly-cloudy-night,mostly cloudy,0,1,0,0,0,0
,35.04265,-85.282091,301 N Holtzclaw Ave,,E 3rd St,5/5/2018 17:00,2018-05-05,17,1525554000,,,,Property Damage,Rear to Side,No,No,No,No,15,2,No,No,,37303,Shoulder and Lap Belt Used,37311,No,No,Daylight,Cloudy,161,19,20,0,7,25,1525550400,0.59,2.59,190,4,0,76.68,7.11,0.44,76.54,61.27,7.14,,partly-cloudy-day,partly cloudy,0,1,0,0,0,0
,35.038429,-85.281496,Mccallie Ave,SR-1398,Holtzclaw,5/12/2018 12:00,2018-05-12,12,1526140800,,,,Possible Injury,Front to Rear,No,No,No,No,40,2,No,No,Shoulder and Lap Belt Used,37379,Shoulder and Lap Belt Used,37363,No,No,Daylight,Clear,161,19,20,0,7,25,1526137200,0.46,0.93,250,9,0,84.68,3.8,0,84.32,61.23,6.235,,clear-day,clear,0,0,0,0,1,0
,35.042885,-85.28166,Int 24 hwy,I-24,,5/13/2018 0:00,2018-05-13,0,1526184000,,,,Property Damage Under,Unknown,Yes,No,No,No,55,2,No,No,Unknown,Unknown,Shoulder and Lap Belt Used,Unknown,,,Unknown,Rain,161,19,20,0,7,25,1526180400,0.63,0.58,267,0,0,71.53,0.64,0,71.53,58.39,5.291,,clear-night,clear,0,0,0,0,1,0
,35.038532,-85.281426,114 N Greenwood Ave,SR-114,Oak Street,5/25/2018 7:00,2018-05-25,7,1527246000,,,,Property Damage,Unknown,Yes,No,No,No,,2,No,No,Unknown,Unknown,,37416,,,Daylight,Clear,161,19,20,0,7,25,1527242400,0.85,1.9,131,0,0,72.56,7.05,0.69,71.69,66.97,1.911,,fog,foggy,0,0,1,0,0,0
,35.0443441,-85.279783,Foust St,,Foust St,6/9/2018 21:00,2018-06-09,21,1528592400,,,,Property Damage Under,Front to Rear,No,No,No,No,,2,No,No,Shoulder and Lap Belt Used,37407,,37407,No,No,Dusk,Clear,161,19,20,0,7,25,1528588800,0.6,0.82,237,0,0,85.69,5.57,0.67,82.83,67.6,5.576,,partly-cloudy-night,mostly cloudy,0,1,0,0,0,0
,35.043072,-85.279331,E 3rd St,SR-1330,Holtzclaw,6/14/2018 13:00,2018-06-14,13,1528995600,,,,Property Damage Under,Front to Rear,No,No,No,No,15,2,No,No,Shoulder and Lap Belt Used,35967,Shoulder and Lap Belt Used,37416,No,No,Daylight,Clear,161,19,20,0,7,25,1528992000,0.66,3.04,310,8,0,87.5,5.8,0.44,83.07,70.58,3.474,,partly-cloudy-day,partly cloudy,0,1,0,0,0,0
,35.045074,-85.283229,E 3rd St,US-1240,Scruggs St,6/19/2018 18:00,2018-06-19,18,1529445600,,,,Property Damage,Front to Rear,No,No,No,No,35,2,No,No,Shoulder and Lap Belt Used,37405,Shoulder and Lap Belt Used,37321,No,No,Daylight,Clear,161,19,20,0,7,25,1529442000,0.49,2.58,316,3,0,93.16,8.48,0.39,89.4,67.86,5.395,,partly-cloudy-day,partly cloudy,0,1,0,0,0,0
,35.0442712,-85.279399,1300 E. 3rd Street,SR-1300,N. Holtzclaw,6/27/2018 12:00,2018-06-27,12,1530115200,,,,Property Damage Under,Front to Rear,No,No,No,No,35,2,No,No,Shoulder and Lap Belt Used,37402,Shoulder and Lap Belt Used,37311,No,No,Daylight,Clear,161,19,20,0,7,25,1530111600,0.74,4.76,200,5,0,85.52,10.07,0.75,81.06,72.16,6.425,,partly-cloudy-day,humid and mostly cloudy,0,1,0,0,0,0
,35.043794,-85.279898,E 3rd St,,N Holtzclaw Ave,7/2/2018 16:00,2018-07-02,16,1530561600,,,,Property Damage Under,Front to Rear,No,No,No,No,40,2,No,No,Shoulder and Lap Belt Used,37412,Shoulder and Lap Belt Used,37415,No,No,Daylight,Clear,161,19,20,0,7,25,1530558000,0.56,4.14,125,5,0,94.3,8.67,0.75,88.5,70.71,4.094,,partly-cloudy-day,mostly cloudy,0,1,0,0,0,0