Accident,Latitude,Longitude,Street,AltStreet,Intersection,DateTime,Date,Hour,Unix,WeekDay,WeekEnd,DayFrame,AccidentType,CollisionType,HaR,FatalInjury,MedicalTransport,InvolvedPlacardedTruck,PostedSpeed,TotalVehiclesInvolved,PedestrianInvolved,BicycleInvolved,DriverOneSafetyEquipment,DriverOneZip,DriverTwoSafetyEquipment,DriverTwoZip,Drug,Alcohol,LightCondition,Weather,Grid_Block,Grid_Col,Grid_Row,Highway,Land_Use_Mode,Road_Count,HourBefore,humidity,windSpeed,windBearing,uvIndex,precipIntensity,apparentTemperature,windGust,cloudCover,temperature,dewPoint,visibility,precipType,Event,Conditions,Rain,Cloudy,Foggy,Snow,Clear,RainBefore
,35.038935,-85.282862,Mccallie Ave,,N Holtzclaw Ave,7/12/2018 18:00,2018-07-12,18,1531432800,,,,Property Damage,Front to Rear,No,No,No,No,35,2,No,No,Shoulder and Lap Belt Used,37408,Shoulder and Lap Belt Used,35752,No,No,Daylight,Clear,161,19,20,0,7,25,1531429200,0.56,3.58,254,2,0,94.7,7.23,0.67,88.75,70.83,2.944,,partly-cloudy-day,mostly cloudy,0,1,0,0,0,0
,35.04265,-85.282091,301 N Holtzclaw Ave,,E 3rd,7/28/2018 0:00,2018-07-28,0,1532750400,,,,Property Damage Under,Unknown,Yes,No,No,No,15,2,No,No,,37363,Unknown,Unknown,,,Daylight,Clear,161,19,20,0,7,25,1532746800,0.77,2.95,335,0,0,75.66,7.03,0.67,74.87,67.07,6.281,,partly-cloudy-night,mostly cloudy,0,1,0,0,0,0
,35.0409099,-85.286389,600 Douglas Street,,6th street,8/6/2018 8:00,2018-08-06,8,1533556800,,,,Property Damage Under,Angle,Yes,No,No,No,30,2,No,No,Unknown,Unknown,,37091,,,Daylight,Clear,161,19,20,0,7,25,1533553200,0.9,0.8,279,0,0,75.92,3.77,0.39,74.55,71.29,2.329,,partly-cloudy-day,partly cloudy,0,1,0,0,0,0
,35.042726,-85.280179,316 N Holtzclaw Ave,SR-316,E. 3rd Street,11/14/2018 11:00,2018-11-14,11,1542211200,,,,Property Damage,Rear to Rear,No,No,No,No,,2,No,No,,37379,Shoulder and Lap Belt Used,37405,No,No,Daylight,Rain,161,19,20,0,7,25,1542207600,0.86,6.44,42,3,0,36.33,13.35,1,40.71,36.98,3.501,,cloudy,overcast,0,1,0,0,0,0
,35.0389287,-85.282632,1500 Cleveland Ave,,North Highland Park,11/14/2018 14:00,2018-11-14,14,1542222000,,,,Property Damage Under,"Sideswipe, Opposite Direction",No,No,No,No,30,2,No,No,Shoulder and Lap Belt Used,37406,Shoulder and Lap Belt Used,37404,No,No,Daylight,Clear,161,19,20,0,7,25,1542218400,0.87,6.68,42,2,0,37.1,13,1,41.48,38.03,2.388,,cloudy,overcast,0,1,0,0,0,0
,35.043794,-85.279898,N Holtzclaw Ave,,E 3rd St,1/2/2019 7:00,2019-01-02,7,1546430400,,,,Fatal,Angle,No,Yes,Yes,No,45,2,No,No,Shoulder and Lap Belt Used,37341,None Used MV Occupant,37343,No,No,Dark - Lighted,Clear,161,19,20,0,7,25,1546426800,0.93,1.89,338,0,0,45.26,5.26,0.25,45.26,43.41,4.562,,partly-cloudy-night,partly cloudy,0,1,0,0,0,0
,35.0392678,-85.282609,17180 block I-24 East,I-24,17400 Block I-24 West,1/30/2019 0:00,2019-01-30,0,1548824400,,,,Property Damage,Angle,Yes,No,No,No,,2,No,No,,35053,Unknown,Unknown,,,Unknown,Clear,161,19,20,0,7,25,1548820800,0.58,1.64,170,0,0,24.25,6.42,0,24.25,11.65,6.914,,clear-night,clear,0,0,0,0,1,0
,35.044098,-85.27903,400 N Holtzclaw Ave,,Cumberland St,3/25/2019 13:00,2019-03-25,13,1553533200,,,,Property Damage,Front to Rear,No,No,No,No,45,2,No,No,Shoulder and Lap Belt Used,37379,Shoulder and Lap Belt Used,37363,No,No,Daylight,Clear,161,19,20,0,7,25,1553529600,0.75,5.16,182,5,0.01,60.34,11.4,0.67,60.34,52.46,2.827,rain,rain,drizzle,1,0,0,0,0,1
,35.044354,-85.280186,2300 E 3rd,,N Lylery,5/30/2019 21:00,2019-05-30,21,1559264400,,,,Property Damage Under,Angle,Yes,No,No,No,40,2,No,No,Shoulder and Lap Belt Used,37397,Unknown,Unknown,No,No,Dark - Lighted,Clear,161,19,20,0,7,25,1559260800,0.61,4.36,275,0,0,83,11.01,0.75,80.89,65.99,1.834,,fog,foggy,0,0,1,0,0,0
,35.073644,-85.19034,Jersey Pike,,Bonny Oaks Dr,1/19/2018 0:00,2018-01-19,0,1516338000,,,,Property Damage Under,Unknown,Yes,No,No,No,40,2,No,No,Unknown,Unknown,Shoulder and Lap Belt Used,37416,No,No,Unknown,Clear,547,28,11,0,5,4,1516334400,0.66,0.04,,0,0,24.53,0.23,0,24.53,14.78,8.528,,clear-night,clear,0,0,0,0,1,0
,35.073644,-85.19034,4400 Jersey Pike,SR-44,Bonny oaks dr,1/30/2018 21:00,2018-01-30,21,1517364000,,,,Property Damage,"Sideswipe, Opposite Direction",Yes,No,No,No,25,2,No,No,Shoulder and Lap Belt Used,37416,Unknown,Unknown,No,No,Dark - Lighted,Clear,547,28,11,0,5,4,1517360400,0.54,0.29,2,0,0,33.53,1.31,0.39,33.53,18.73,9.112,,partly-cloudy-night,partly cloudy,0,1,0,0,0,0
,35.073644,-85.19034,Bonny Oaks Dr,,Pilot Pt,2/9/2018 16:00,2018-02-09,16,1518210000,,,,Possible Injury,Angle,No,No,Yes,No,45,2,No,No,Lap Belt Only,37341,Unknown,37363,No,No,Daylight,Clear,547,28,11,0,5,4,1518206400,0.3,5.35,155,1,0,63.67,11.7,0.13,63.67,31.25,6.28,,partly-cloudy-day,partly cloudy,0,1,0,0,0,0
,35.073632,-85.190101,Bonny Oaks Dr,,Jersey Pike,2/20/2018 0:00,2018-02-20,0,1519102800,,,,Possible Injury,Front to Rear,No,No,No,No,45,2,No,No,Shoulder and Lap Belt Used,37404,Shoulder and Lap Belt Used,37404,No,No,Unknown,Clear,547,28,11,0,5,4,1519099200,0.9,1.22,191,0,0,58.83,4.11,0.36,58.83,55.8,5.612,,partly-cloudy-night,partly cloudy,0,1,0,0,0,0
,35.072819,-85.190752,4358 Jersey Pike,,Enterprise Park Dr.,2/26/2018 8:00,2018-02-26,8,1519650000,,,,Property Damage,Angle,No,No,No,No,15,2,No,No,Shoulder and Lap Belt Used,37412,Shoulder and Lap Belt Used,37122,No,No,Daylight,Clear,547,28,11,0,5,4,1519646400,0.94,0.81,242,0,0.001,55.01,1.98,1,55.01,53.21,4.473,rain,cloudy,overcast,0,1,0,0,0,0
,35.073644,-85.19034,Jersey Pike,,Bonny Oaks Dr,6/10/2018 19:00,2018-06-10,19,1528671600,,,,Property Damage,Front to Rear,Yes,No,No,No,35,2,No,No,Unknown,Unknown,Unknown,37416,No,No,Daylight,Clear,547,28,11,0,5,4,1528668000,0.65,3.85,230,1,0,84.05,6.07,0,81.11,68.43,6.026,,clear-day,clear,0,0,0,0,1,0
,35.073644,-85.19034,Bonny Oaks Dr,,Jersey Pike,6/18/2018 16:00,2018-06-18,16,1529352000,,,,Property Damage,"Sideswipe, Same Direction",Yes,No,No,No,40,2,No,No,,37341,Shoulder and Lap Belt Used,37404,No,No,Daylight,Blowing Sand/Soil/Dirt,547,28,11,0,5,4,1529348400,0.45,3,272,7,0,95.59,7.63,0.19,91.69,67.58,6.272,,partly-cloudy-day,partly cloudy,0,1,0,0,0,0
,35.074025,-85.190505,Highway 153,,Amnicola Hwy,6/28/2018 17:00,2018-06-28,17,1530219600,,,,Property Damage,"Sideswipe, Same Direction",No,No,No,No,55,2,No,No,Shoulder and Lap Belt Used,37377,Shoulder and Lap Belt Used,37311,No,No,Daylight,Clear,547,28,11,0,5,4,1530216000,0.89,4.85,236,3,0,70.79,8.55,1,69.9,66.61,5.445,,cloudy,overcast,0,1,0,0,0,0
,35.074025,-85.190505,Highway 153,,Amnicola Hwy,6/28/2018 17:00,2018-06-28,17,1530219600,,,,Property Damage,"Sideswipe, Same Direction",No,No,No,No,55,2,No,No,Shoulder and Lap Belt Used,37377,Shoulder and Lap Belt Used,37311,No,No,Daylight,Clear,547,28,11,0,5,4,1530216000,0.89,4.85,236,3,0,70.79,8.55,1,69.9,66.61,5.445,,cloudy,overcast,0,1,0,0,0,0
,35.074025,-85.190505,Highway 153,,Amnicola Hwy,6/28/2018 17:00,2018-06-28,17,1530219600,,,,Property Damage,"Sideswipe, Same Direction",No,No,No,No,55,2,No,No,Shoulder and Lap Belt Used,37377,Shoulder and Lap Belt Used,37311,No,No,Daylight,Clear,547,28,11,0,5,4,1530216000,0.85,4.13,226,3,0,72.45,4.13,1,71.61,66.71,3.371,,cloudy,overcast,0,1,0,0,0,0
,35.074025,-85.190505,Highway 153,,Amnicola Hwy,6/28/2018 17:00,2018-06-28,17,1530219600,,,,Property Damage,"Sideswipe, Same Direction",No,No,No,No,55,2,No,No,Shoulder and Lap Belt Used,37377,Shoulder and Lap Belt Used,37311,No,No,Daylight,Clear,547,28,11,0,5,4,1530216000,0.85,4.13,226,3,0,72.45,4.13,1,71.61,66.71,3.371,,cloudy,overcast,0,1,0,0,0,0
,35.073644,-85.19034,4233 Jersey Pike,,Enterprise Park Dr,12/6/2018 13:00,2018-12-06,13,1544119200,,,,Property Damage,Angle,No,No,No,No,35,2,No,No,Shoulder and Lap Belt Used,37374,Shoulder and Lap Belt Used,37379,No,No,Daylight,Clear,547,28,11,0,5,4,1544115600,0.52,1.35,304,3,0,39.92,6.93,0,39.92,23.59,5.907,,clear-day,clear,0,0,0,0,1,0
,35.074238,-85.190932,4831 Bonny Oaks Dr,,Jersey Pike,12/17/2018 18:00,2018-12-17,18,1545087600,,,,Property Damage Under,Front to Rear,No,No,No,No,15,2,No,No,Shoulder and Lap Belt Used,37303,Shoulder and Lap Belt Used,37406,No,No,Dusk,Clear,547,28,11,0,5,4,1545084000,0.56,2.83,335,0,0,51.25,7.73,0,51.25,36.25,6.277,,clear-night,clear,0,0,0,0,1,0
,35.074238,-85.190932,4831 Bonny Oaks Dr,SR-4800,Jersey Pike,1/14/2019 0:00,2019-01-14,0,1547442000,,,,Property Damage Under,Angle,No,No,No,No,45,2,No,No,Shoulder and Lap Belt Used,37405,Shoulder and Lap Belt Used,37363,No,No,Unknown,Unknown,547,28,11,0,5,4,1547438400,0.84,3.87,313,0,0,40.61,9.03,1,42.75,38.18,8.371,,cloudy,overcast,0,1,0,0,0,0
,35.074231,-85.19162,Bonny Oaks Dr,,Jersey pike,1/30/2019 17:00,2019-01-30,17,1548885600,,,,Property Damage,"Sideswipe, Same Direction",No,No,No,No,45,2,No,No,Shoulder and Lap Belt Used,37421,Shoulder and Lap Belt Used,37416,No,No,Daylight,Clear,547,28,11,0,5,4,1548882000,0.31,7.27,308,0,0,30.55,13.84,0,36.34,8.36,8.257,,clear-day,clear,0,0,0,0,1,0
,35.070965,-85.191738,4324 Jersey Pike,,Enterprise Park Drive,3/1/2019 12:00,2019-03-01,12,1551459600,,,,Property Damage,Front to Rear,No,No,No,No,35,2,No,No,Shoulder and Lap Belt Used,30736,Shoulder and Lap Belt Used,37363,No,No,Daylight,Rain,547,28,11,0,5,4,1551456000,0.92,1,241,3,0.017,59.14,4.45,1,59.14,56.91,4.258,rain,rain,light rain,1,0,0,0,0,1
,35.074078,-85.189641,4900 Bonny Oaks Dr,,Jersey Pike,3/4/2019 22:00,2019-03-04,22,1551754800,,,,Possible Injury,Head On,No,No,No,No,45,3,No,No,Shoulder and Lap Belt Used,37421,Shoulder and Lap Belt Used,37402,No,No,Dark - Lighted,Clear,547,28,11,0,5,4,1551751200,0.53,6.22,342,0,0,23.08,13.68,0,29.51,14.41,6.484,,clear-night,clear,0,0,0,0,1,0
,35.074025,-85.190505,4833 Bonny Oaks Dr,,Jersey Pike,3/12/2019 22:00,2019-03-12,22,1552442400,,,,Property Damage,Angle,Yes,No,No,No,35,2,No,No,Unknown,Unknown,Shoulder and Lap Belt Used,38583,No,No,Dark - Lighted,Clear,547,28,11,0,5,4,1552438800,0.45,4.05,60,0,0,52.83,8.84,0,52.83,31.84,7.319,,clear-night,clear,0,0,0,0,1,0
,35.073617,-85.188281,6100 Bonny Oaks Dr,SR-6100,Preservation Drive,4/4/2019 14:00,2019-04-04,14,1554400800,,,,Possible Injury,Front to Rear,No,No,No,No,45,2,No,No,Shoulder and Lap Belt Used,38570,Shoulder and Lap Belt Used,37405,No,No,Daylight,Cloudy,547,28,11,0,5,4,1554397200,0.31,9.34,160,8,0,69.63,18.94,0,69.63,37.61,8.545,,clear-day,clear,0,0,0,0,1,0
,35.071592,-85.186671,4300 Founders Way,,Heritage Park Drive,4/12/2019 10:00,2019-04-12,10,1555077600,,,,Property Damage,Unknown,Yes,No,No,No,,2,No,No,,37310,Unknown,Unknown,,,Daylight,Clear,547,28,11,0,5,4,1555074000,0.85,6.17,201,3,0.008,68.65,11.61,0.75,68.13,63.59,6.457,rain,rain,possible drizzle,1,0,0,0,0,1
,35.073644,-85.19034,4400 Jersey Pike,SR-4400,Bonny Oaks Drive,4/17/2019 14:00,2019-04-17,14,1555524000,,,,Property Damage,Front to Rear,No,No,No,No,35,2,No,No,Shoulder and Lap Belt Used,37308,Shoulder and Lap Belt Used,37416,No,No,Daylight,Cloudy,547,28,11,0,5,4,1555520400,0.33,6.41,187,9,0.001,77.2,11.29,0.39,77.2,45.68,10,rain,partly-cloudy-day,partly cloudy,0,1,0,0,0,0
,35.074525,-85.188071,Preservation Dr,,Jersey Pike,5/24/2019 14:00,2019-05-24,14,1558720800,,,,Property Damage Under,Front to Rear,No,No,No,No,45,2,No,No,Shoulder and Lap Belt Used,37412,Shoulder and Lap Belt Used,37416,No,No,Daylight,Clear,547,28,11,0,5,4,1558717200,0.47,4.11,279,6,0,91.55,9.37,0.75,88.86,66.32,7.08,,partly-cloudy-day,mostly cloudy,0,1,0,0,0,0
,35.008246,-85.200274,200 Interstate 75 Southbound,I-75,18400 Interstate 24 Westbound,1/19/2018 8:00,2018-01-19,8,1516366800,,,,Property Damage Under,Front to Rear,No,No,No,No,55,2,No,No,Shoulder and Lap Belt Used,37310,Shoulder and Lap Belt Used,37363,No,No,Daylight,Clear,142,31,21,0,7,7,1516363200,0.75,0.06,270,0,0,18.91,0.65,0,18.91,12.2,7.744,,clear-day,clear,0,0,0,0,1,0
,35.008246,-85.200274,,I-75,E Brainerd Rd,2/19/2018 16:00,2018-02-19,16,1519074000,,,,Property Damage,Front to Rear,No,No,No,No,55,2,No,No,Shoulder and Lap Belt Used,30736,Shoulder and Lap Belt Used,30736,No,No,Daylight,Clear,142,31,21,0,7,7,1519070400,0.79,4.42,158,1,0,66.22,8.86,0.91,66.2,59.4,5.892,,cloudy,overcast,0,1,0,0,0,0
,35.008246,-85.200274,200 Interstate 75 Sb Hwy,I-75,Non intersection,4/2/2018 8:00,2018-04-02,8,1522670400,,,,Suspected Minor Injury,Front to Rear,No,No,Yes,No,55,2,No,No,Shoulder and Lap Belt Used,37416,Shoulder and Lap Belt Used,37421,No,No,Daylight,Clear,142,31,21,0,7,7,1522666800,0.57,1.5,199,0,0,58.86,2.73,0.67,58.86,43.78,6.09,,partly-cloudy-day,mostly cloudy,0,1,0,0,0,0
,35.008246,-85.200274,I-75 Interstate,I-75,E Brainerd Rd,5/13/2018 18:00,2018-05-13,18,1526248800,,,,Property Damage,Front to Rear,No,No,No,No,55,2,No,No,Shoulder and Lap Belt Used,4901,Shoulder and Lap Belt Used,33973,No,No,Daylight,Clear,142,31,21,0,7,7,1526245200,0.42,1.28,315,2,0,89.32,3.81,0.27,88.69,62.44,6.09,,partly-cloudy-day,partly cloudy,0,1,0,0,0,0
,35.008358,-85.199864,200 Interstate 75 SB St,I-75,I-24 E,6/2/2018 11:00,2018-06-02,11,1527951600,,,,Possible Injury,Not Collision with Motor Vehicle in Transport,No,No,Yes,No,55,1,No,No,,37421,Unknown,37403,No,No,Daylight,Clear,142,31,21,0,7,7,1527948000,0.74,0.81,265,6,0,82.56,5.45,0.44,79.47,70.65,5.894,,partly-cloudy-day,partly cloudy,0,1,0,0,0,0
,35.007825,-85.201076,200 Interstate 75 NB St,I-75,Exit 185 B,6/6/2018 13:00,2018-06-06,13,1528304400,,,,Property Damage,Not Collision with Motor Vehicle in Transport,No,No,No,No,55,1,No,No,Shoulder and Lap Belt Used,37406,,,No,,Daylight,Clear,142,31,21,0,7,7,1528300800,0.41,7.02,17,11,0,83.72,11.71,0,83.72,57.6,5.894,,clear-day,clear,0,0,0,0,1,0
,35.007894,-85.200822,180 Interstate 75 Northbound,I-75,I-24,6/26/2018 0:00,2018-06-26,0,1529985600,,,,Property Damage,Angle,Yes,No,No,No,55,2,No,No,Unknown,Unknown,Shoulder and Lap Belt Used,30540,No,No,Daylight,Clear,142,31,21,0,7,7,1529982000,0.98,1.2,210,0,0,70.92,6.2,0.19,69.65,69.05,5.291,,partly-cloudy-night,partly cloudy,0,1,0,0,0,0
,35.008246,-85.200274,200 Interstate 75 Sb RD,I-75,I-24,8/8/2018 22:00,2018-08-08,22,1533780000,,,,Property Damage,Angle,Yes,No,No,No,55,2,No,No,Shoulder and Lap Belt Used,37415,Unknown,Unknown,No,No,Dark - Lighted,Clear,142,31,21,0,7,7,1533776400,0.96,2.15,238,0,0,72.93,3.92,0.19,71.55,70.48,2.652,,partly-cloudy-night,partly cloudy,0,1,0,0,0,0
,35.008246,-85.200274,200 75 Sb Interstate,,I24 Wb,9/23/2018 15:00,2018-09-23,15,1537729200,,,,Property Damage Under,Front to Rear,No,No,No,No,55,2,No,No,Unknown,37777,Unknown,60513,No,No,Daylight,Clear,142,31,21,0,7,7,1537725600,0.54,6.22,192,6,0,86.47,12.32,0.19,84.36,65.74,2.888,,partly-cloudy-day,partly cloudy,0,1,0,0,0,0
,35.008246,-85.200274,200 Interstate 75 Sb Interstate,,East Brainerd Rd,10/5/2018 18:00,2018-10-05,18,1538776800,,,,Property Damage,Front to Rear,Yes,No,No,No,55,3,No,No,Unknown,37412,Unknown,37404,No,No,Daylight,Clear,142,31,21,0,7,7,1538773200,0.47,1.8,358,1,0,93.46,5.26,0,90.15,67.05,8.411,,clear-day,clear,0,0,0,0,1,0
,35.008246,-85.200274,200 Hwy 75 Sb,,200 Hwy 75 SB,11/12/2018 17:00,2018-11-12,17,1542060000,,,,Property Damage Under,Front to Rear,No,No,No,No,55,2,No,No,Shoulder and Lap Belt Used,30736,Shoulder and Lap Belt Used,30707,No,No,Dark - Lighted,Rain,142,31,21,0,7,7,1542056400,0.97,4.3,14,0,0.022,42.2,10.41,1,44.43,43.62,4.183,rain,rain,light rain,1,0,0,0,0,1
,35.007825,-85.201076,200 Interstate 75 Northbound,I-75,East Brainerd Rd,12/5/2018 8:00,2018-12-05,8,1544014800,,,,Property Damage,Front to Rear,No,No,No,No,55,2,No,No,Shoulder and Lap Belt Used,37920,Shoulder and Lap Belt Used,30725,No,No,Daylight,Clear,142,31,21,0,7,7,1544011200,0.72,4.68,292,0,0,27.21,9.81,0.19,31.85,23.72,5.385,,partly-cloudy-day,partly cloudy,0,1,0,0,0,0
,35.008246,-85.200274,I-75 SB Rd,I-75,E Brainerd Rd,12/18/2018 9:00,2018-12-18,9,1545141600,,,,Property Damage,Front to Rear,No,No,No,No,55,2,No,No,Shoulder and Lap Belt Used,38558,Shoulder and Lap Belt Used,37403,No,No,Daylight,Clear,142,31,21,0,7,7,1545138000,0.9,1.65,298,0,0,34.97,3.44,0,34.97,32.24,5.08,,clear-day,clear,0,0,0,0,1,0
,35.008246,-85.200274,200 Interstate 75 Southbound,I-75,Interstate 24 Westbound,2/8/2019 7:00,2019-02-08,7,1549627200,,,,Property Damage,Front to Rear,No,No,No,No,55,2,No,No,Shoulder and Lap Belt Used,37421,Shoulder and Lap Belt Used,37421,No,No,Dawn,Clear,142,31,21,0,7,7,1549623600,0.72,9.08,340,0,0.001,40.01,14.8,0.79,44.84,36.38,6.371,rain,partly-cloudy-night,mostly cloudy,0,1,0,0,0,0
,35.008246,-85.200274,200 Interstate 75 Sb   rd,I-75,Exit 2,2/21/2019 19:00,2019-02-21,19,1550793600,,,,Possible Injury,"Sideswipe, Same Direction",No,No,No,No,55,3,No,No,,35620,Unknown,37419,No,No,Dark - Not Lighted,Rain,142,31,21,0,7,7,1550790000,0.97,8.08,27,0,0.051,50.44,16.52,1,50.44,49.71,2.988,rain,rain,light rain,1,0,0,0,0,1
,35.008246,-85.200274,200 Interstate 75 Sb Rd,,E Brainerd Rd,3/13/2019 15:00,2019-03-13,15,1552503600,,,,Property Damage,Front to Rear,No,No,No,No,55,3,No,No,Shoulder and Lap Belt Used,37363,Shoulder and Lap Belt Used,37411,No,No,Daylight,Clear,142,31,21,0,7,7,1552500000,0.35,11.35,160,6,0,67.94,24.18,0,67.94,39.28,8.651,,clear-day,clear,0,0,0,0,1,0
,35.008246,-85.200274,200 Hwy 75 Sb,,Moore rd,5/3/2019 12:00,2019-05-03,12,1556899200,,,,Property Damage,Front to Rear,No,No,No,No,55,2,No,No,Shoulder and Lap Belt Used,37421,Shoulder and Lap Belt Used,37363,No,No,Daylight,Clear,142,31,21,0,7,7,1556895600,0.65,7.16,204,8,0,79.14,16.27,0.22,78.52,65.9,6.182,,partly-cloudy-day,partly cloudy,0,1,0,0,0,0
,35.008246,-85.200274,200 Interstate 75 Sb RD,,I-24,6/19/2019 8:00,2019-06-19,8,1560945600,,,,Property Damage,Front to Rear,No,No,No,No,55,2,No,No,Unknown,37315,Unknown,37363,No,No,Daylight,Rain,142,31,21,0,7,7,1560942000,0.94,4.13,209,1,0.024,73.76,8.59,1,72.38,70.68,5.931,rain,rain,possible light rain,1,0,0,0,0,1
,35.0241836,-85.297308,E 12th St,,S Willow St,1/19/2018 13:00,2018-01-19,13,1516384800,,,,Property Damage Under,Angle,No,No,No,No,15,2,No,No,Shoulder and Lap Belt Used,30044,Shoulder and Lap Belt Used,37404,No,No,Daylight,Clear,75,18,23,0,2,14,1516381200,0.32,1.16,166,3,0,43.4,4.05,0,43.4,15.26,9.103,,clear-day,clear,0,0,0,0,1,0
,35.0241836,-85.297308,E 12th St,,S Willow St,1/19/2018 13:00,2018-01-19,13,1516384800,,,,Property Damage Under,Angle,No,No,No,No,15,2,No,No,Shoulder and Lap Belt Used,30044,Shoulder and Lap Belt Used,37404,No,No,Daylight,Clear,75,18,23,0,2,14,1516381200,0.32,1.16,166,3,0,43.4,4.05,0,43.4,15.26,9.103,,clear-day,clear,0,0,0,0,1,0
,35.0241836,-85.297308,E 12th St,,S Willow St,1/19/2018 13:00,2018-01-19,13,1516384800,,,,Property Damage Under,Angle,No,No,No,No,15,2,No,No,Shoulder and Lap Belt Used,30044,Shoulder and Lap Belt Used,37404,No,No,Daylight,Clear,75,18,23,0,2,14,1516381200,0.32,1.16,166,3,0,43.4,4.05,0,43.4,15.26,9.103,,clear-day,clear,0,0,0,0,1,0
,35.0241836,-85.297308,E 12th St,,S Willow St,1/19/2018 13:00,2018-01-19,13,1516384800,,,,Property Damage Under,Angle,No,No,No,No,15,2,No,No,Shoulder and Lap Belt Used,30044,Shoulder and Lap Belt Used,37404,No,No,Daylight,Clear,75,18,23,0,2,14,1516381200,0.32,1.16,166,3,0,43.4,4.05,0,43.4,15.26,9.103,,clear-day,clear,0,0,0,0,1,0
,35.024811,-85.299691,Central Ave,,E 23rd St,4/4/2018 14:00,2018-04-04,14,1522864800,,,,Property Damage,Angle,No,No,No,No,30,2,No,No,Shoulder and Lap Belt Used,37397,Shoulder and Lap Belt Used,44030,No,No,Daylight,Clear,75,18,23,0,2,14,1522861200,0.37,5.11,347,9,0,54.9,11.06,0,54.9,29,6.578,,clear-day,clear,0,0,0,0,1,0
,35.024811,-85.299691,Central Ave,,E 23rd St,4/4/2018 14:00,2018-04-04,14,1522864800,,,,Property Damage,Angle,No,No,No,No,30,2,No,No,Shoulder and Lap Belt Used,37397,Shoulder and Lap Belt Used,44030,No,No,Daylight,Clear,75,18,23,0,2,14,1522861200,0.37,5.11,347,9,0,54.9,11.06,0,54.9,29,6.578,,clear-day,clear,0,0,0,0,1,0
,35.024811,-85.299691,Central Ave,,E 23rd St,4/4/2018 14:00,2018-04-04,14,1522864800,,,,Property Damage,Angle,No,No,No,No,30,2,No,No,Shoulder and Lap Belt Used,37397,Shoulder and Lap Belt Used,44030,No,No,Daylight,Clear,75,18,23,0,2,14,1522861200,0.37,5.11,347,9,0,54.9,11.06,0,54.9,29,6.578,rain,clear-day,clear,0,0,0,0,1,0
,35.024811,-85.299691,Central Ave,,E 23rd St,4/4/2018 14:00,2018-04-04,14,1522864800,,,,Property Damage,Angle,No,No,No,No,30,2,No,No,Shoulder and Lap Belt Used,37397,Shoulder and Lap Belt Used,44030,No,No,Daylight,Clear,75,18,23,0,2,14,1522861200,0.37,5.11,347,9,0,54.9,11.06,0,54.9,29,6.578,rain,clear-day,clear,0,0,0,0,1,0
,35.024513,-85.297979,Rossville Blvd,,E 23rd St,5/1/2018 12:00,2018-05-01,12,1525190400,,,,Property Damage,Angle,No,No,No,No,25,2,No,No,,37401,Unknown,37407,No,No,Daylight,Clear,75,18,23,0,2,14,1525186800,0.39,2.24,150,9,0,75.12,5.91,0,75.12,48.53,6.232,,clear-day,clear,0,0,0,0,1,0
,35.024513,-85.297979,Rossville Blvd,,E 23rd St,5/1/2018 12:00,2018-05-01,12,1525190400,,,,Property Damage,Angle,No,No,No,No,25,2,No,No,,37401,Unknown,37407,No,No,Daylight,Clear,75,18,23,0,2,14,1525186800,0.39,2.24,150,9,0,75.12,5.91,0,75.12,48.53,6.232,,clear-day,clear,0,0,0,0,1,0
,35.024513,-85.297979,Rossville Blvd,,E 23rd St,5/1/2018 12:00,2018-05-01,12,1525190400,,,,Property Damage,Angle,No,No,No,No,25,2,No,No,,37401,Unknown,37407,No,No,Daylight,Clear,75,18,23,0,2,14,1525186800,0.39,2.24,150,9,0,75.12,5.91,0,75.12,48.53,6.232,,clear-day,clear,0,0,0,0,1,0
,35.024513,-85.297979,Rossville Blvd,,E 23rd St,5/1/2018 12:00,2018-05-01,12,1525190400,,,,Property Damage,Angle,No,No,No,No,25,2,No,No,,37401,Unknown,37407,No,No,Daylight,Clear,75,18,23,0,2,14,1525186800,0.39,2.24,150,9,0,75.12,5.91,0,75.12,48.53,6.232,,clear-day,clear,0,0,0,0,1,0
,35.026558,-85.299286,Central Ave,,Rossville Blvd,5/1/2018 16:00,2018-05-01,16,1525204800,,,,Property Damage,Angle,No,No,No,No,40,2,No,No,Unknown,37801,Unknown,37407,No,No,Daylight,Clear,75,18,23,0,2,14,1525201200,0.33,1.82,195,7,0,82.35,6.61,0,82.35,50.58,6.232,,clear-day,clear,0,0,0,0,1,0
,35.026558,-85.299286,Central Ave,,Rossville Blvd,5/1/2018 16:00,2018-05-01,16,1525204800,,,,Property Damage,Angle,No,No,No,No,40,2,No,No,Unknown,37801,Unknown,37407,No,No,Daylight,Clear,75,18,23,0,2,14,1525201200,0.33,1.82,195,7,0,82.35,6.61,0,82.35,50.58,6.232,,clear-day,clear,0,0,0,0,1,0
,35.026558,-85.299286,Central Ave,,Rossville Blvd,5/1/2018 16:00,2018-05-01,16,1525204800,,,,Property Damage,Angle,No,No,No,No,40,2,No,No,Unknown,37801,Unknown,37407,No,No,Daylight,Clear,75,18,23,0,2,14,1525201200,0.33,1.82,195,7,0,82.35,6.61,0,82.35,50.58,6.232,,clear-day,clear,0,0,0,0,1,0