Accident,Latitude,Longitude,Street,AltStreet,Intersection,DateTime,Date,Hour,Unix,WeekDay,WeekEnd,DayFrame,AccidentType,CollisionType,HaR,FatalInjury,MedicalTransport,InvolvedPlacardedTruck,PostedSpeed,TotalVehiclesInvolved,PedestrianInvolved,BicycleInvolved,DriverOneSafetyEquipment,DriverOneZip,DriverTwoSafetyEquipment,DriverTwoZip,Drug,Alcohol,LightCondition,Weather,Grid_Block,Grid_Col,Grid_Row,Highway,Land_Use_Mode,Road_Count,HourBefore,humidity,windSpeed,windBearing,uvIndex,precipIntensity,apparentTemperature,windGust,cloudCover,temperature,dewPoint,visibility,precipType,Event,Conditions,Rain,Cloudy,Foggy,Snow,Clear,RainBefore
,35.026558,-85.299286,Central Ave,,Rossville Blvd,5/1/2018 16:00,2018-05-01,16,1525204800,,,,Property Damage,Angle,No,No,No,No,40,2,No,No,Unknown,37801,Unknown,37407,No,No,Daylight,Clear,75,18,23,0,2,14,1525201200,0.33,1.82,195,7,0,82.35,6.61,0,82.35,50.58,6.232,,clear-day,clear,0,0,0,0,1,0
,35.02626,-85.299374,2000 - 2099 Central Ave,,E 23rd St,5/4/2018 17:00,2018-05-04,17,1525467600,,,,Property Damage,Angle,No,No,No,No,35,2,No,No,Shoulder and Lap Belt Used,37343,Shoulder and Lap Belt Used,37419,No,No,Daylight,Clear,75,18,23,0,2,14,1525464000,0.49,1.06,219,3,0,83.51,4.96,0.75,82.77,61.84,6.232,,partly-cloudy-day,mostly cloudy,0,1,0,0,0,0
,35.02626,-85.299374,2000 - 2099 Central Ave,,E 23rd St,5/4/2018 17:00,2018-05-04,17,1525467600,,,,Property Damage,Angle,No,No,No,No,35,2,No,No,Shoulder and Lap Belt Used,37343,Shoulder and Lap Belt Used,37419,No,No,Daylight,Clear,75,18,23,0,2,14,1525464000,0.49,1.06,219,3,0,83.51,4.96,0.75,82.77,61.84,6.232,,partly-cloudy-day,mostly cloudy,0,1,0,0,0,0
,35.02626,-85.299374,2000 - 2099 Central Ave,,E 23rd St,5/4/2018 17:00,2018-05-04,17,1525467600,,,,Property Damage,Angle,No,No,No,No,35,2,No,No,Shoulder and Lap Belt Used,37343,Shoulder and Lap Belt Used,37419,No,No,Daylight,Clear,75,18,23,0,2,14,1525464000,0.49,1.06,219,3,0,83.51,4.96,0.75,82.77,61.84,6.232,rain,partly-cloudy-day,mostly cloudy,0,1,0,0,0,0
,35.02626,-85.299374,2000 - 2099 Central Ave,,E 23rd St,5/4/2018 17:00,2018-05-04,17,1525467600,,,,Property Damage,Angle,No,No,No,No,35,2,No,No,Shoulder and Lap Belt Used,37343,Shoulder and Lap Belt Used,37419,No,No,Daylight,Clear,75,18,23,0,2,14,1525464000,0.49,1.06,219,3,0,83.51,4.96,0.75,82.77,61.84,6.232,rain,partly-cloudy-day,mostly cloudy,0,1,0,0,0,0
,35.026108,-85.298936,2210 Rossville Blvd,,E 23rd St,6/1/2018 9:00,2018-06-01,9,1527858000,,,,Property Damage Under,Unknown,Yes,No,No,No,35,2,No,No,Shoulder and Lap Belt Used,37804,Unknown,Unknown,No,No,Daylight,Clear,75,18,23,0,2,14,1527854400,0.91,5.02,226,2,0.033,70.68,8.37,0.75,69.72,67.06,3.075,rain,rain,light rain,1,0,0,0,0,1
,35.026108,-85.298936,2210 Rossville Blvd,,E 23rd St,6/1/2018 9:00,2018-06-01,9,1527858000,,,,Property Damage Under,Unknown,Yes,No,No,No,35,2,No,No,Shoulder and Lap Belt Used,37804,Unknown,Unknown,No,No,Daylight,Clear,75,18,23,0,2,14,1527854400,0.91,5.02,226,2,0.033,70.68,8.37,0.75,69.72,67.06,3.075,rain,rain,light rain,1,0,0,0,0,1
,35.026108,-85.298936,2210 Rossville Blvd,,E 23rd St,6/1/2018 9:00,2018-06-01,9,1527858000,,,,Property Damage Under,Unknown,Yes,No,No,No,35,2,No,No,Shoulder and Lap Belt Used,37804,Unknown,Unknown,No,No,Daylight,Clear,75,18,23,0,2,14,1527854400,0.91,5.02,226,2,0.033,70.68,8.37,0.75,69.72,67.06,3.075,rain,rain,light rain,1,0,0,0,0,1
,35.026108,-85.298936,2210 Rossville Blvd,,E 23rd St,6/1/2018 9:00,2018-06-01,9,1527858000,,,,Property Damage Under,Unknown,Yes,No,No,No,35,2,No,No,Shoulder and Lap Belt Used,37804,Unknown,Unknown,No,No,Daylight,Clear,75,18,23,0,2,14,1527854400,0.91,5.02,226,2,0.033,70.68,8.37,0.75,69.72,67.06,3.075,rain,rain,light rain,1,0,0,0,0,1
,35.025429,-85.302258,,I-24,Market Street,8/24/2018 21:00,2018-08-24,21,1535158800,,,,Property Damage,Front to Rear,No,No,No,No,55,2,No,No,Shoulder and Lap Belt Used,37374,Shoulder and Lap Belt Used,30342,No,No,Dark - Lighted,Clear,75,18,23,0,2,14,1535155200,0.68,2.97,106,0,0,75.77,4.7,0.68,75.36,63.88,5.465,,partly-cloudy-night,mostly cloudy,0,1,0,0,0,0
,35.025429,-85.302258,,I-24,Market Street,8/24/2018 21:00,2018-08-24,21,1535158800,,,,Property Damage,Front to Rear,No,No,No,No,55,2,No,No,Shoulder and Lap Belt Used,37374,Shoulder and Lap Belt Used,30342,No,No,Dark - Lighted,Clear,75,18,23,0,2,14,1535155200,0.68,2.97,106,0,0,75.77,4.7,0.68,75.36,63.88,5.465,,partly-cloudy-night,mostly cloudy,0,1,0,0,0,0
,35.025429,-85.302258,,I-24,Market Street,8/24/2018 21:00,2018-08-24,21,1535158800,,,,Property Damage,Front to Rear,No,No,No,No,55,2,No,No,Shoulder and Lap Belt Used,37374,Shoulder and Lap Belt Used,30342,No,No,Dark - Lighted,Clear,75,18,23,0,2,14,1535155200,0.68,2.97,106,0,0,75.74,4.7,0.68,75.33,63.88,5.465,rain,partly-cloudy-night,mostly cloudy,0,1,0,0,0,0
,35.025429,-85.302258,,I-24,Market Street,8/24/2018 21:00,2018-08-24,21,1535158800,,,,Property Damage,Front to Rear,No,No,No,No,55,2,No,No,Shoulder and Lap Belt Used,37374,Shoulder and Lap Belt Used,30342,No,No,Dark - Lighted,Clear,75,18,23,0,2,14,1535155200,0.68,2.97,106,0,0,75.74,4.7,0.68,75.33,63.88,5.465,rain,partly-cloudy-night,mostly cloudy,0,1,0,0,0,0
,35.026285,-85.304222,17950 Interstate 24 East Bound,I-17950,Rossville Blvd,9/21/2018 20:00,2018-09-21,20,1537574400,,,,Property Damage,"Sideswipe, Same Direction",Yes,No,No,No,50,2,No,No,Unknown,Unknown,Unknown,37421,No,No,Dark - Lighted,Clear,75,18,23,0,2,14,1537570800,0.6,4.34,162,0,0,84.93,6.58,0.7,82.36,67.03,2.902,,partly-cloudy-night,mostly cloudy,0,1,0,0,0,0
,35.026285,-85.304222,17950 Interstate 24 East Bound,I-17950,Rossville Blvd,9/21/2018 20:00,2018-09-21,20,1537574400,,,,Property Damage,"Sideswipe, Same Direction",Yes,No,No,No,50,2,No,No,Unknown,Unknown,Unknown,37421,No,No,Dark - Lighted,Clear,75,18,23,0,2,14,1537570800,0.6,4.34,162,0,0,84.93,6.58,0.7,82.36,67.03,2.902,,partly-cloudy-night,mostly cloudy,0,1,0,0,0,0
,35.026285,-85.304222,17950 Interstate 24 East Bound,I-17950,Rossville Blvd,9/21/2018 20:00,2018-09-21,20,1537574400,,,,Property Damage,"Sideswipe, Same Direction",Yes,No,No,No,50,2,No,No,Unknown,Unknown,Unknown,37421,No,No,Dark - Lighted,Clear,75,18,23,0,2,14,1537570800,0.6,4.34,162,0,0,85.02,6.58,0.7,82.45,67.03,2.902,,partly-cloudy-night,mostly cloudy,0,1,0,0,0,0
,35.026285,-85.304222,17950 Interstate 24 East Bound,I-17950,Rossville Blvd,9/21/2018 20:00,2018-09-21,20,1537574400,,,,Property Damage,"Sideswipe, Same Direction",Yes,No,No,No,50,2,No,No,Unknown,Unknown,Unknown,37421,No,No,Dark - Lighted,Clear,75,18,23,0,2,14,1537570800,0.6,4.34,162,0,0,85.02,6.58,0.7,82.45,67.03,2.902,,partly-cloudy-night,mostly cloudy,0,1,0,0,0,0
,35.024513,-85.297979,1099 E 23rd St,,Central Ave,10/6/2018 16:00,2018-10-06,16,1538856000,,,,Suspected Serious Injury,Angle,No,No,Yes,No,35,2,No,No,,37402,DOT Compliant Motorcycle Helmet,30742,No,No,Daylight,Clear,75,18,23,0,2,14,1538852400,0.47,2.89,293,4,0,91.96,6.07,0.44,89.32,66.17,7.257,,partly-cloudy-day,partly cloudy,0,1,0,0,0,0
,35.024513,-85.297979,1099 E 23rd St,,Central Ave,10/6/2018 16:00,2018-10-06,16,1538856000,,,,Suspected Serious Injury,Angle,No,No,Yes,No,35,2,No,No,,37402,DOT Compliant Motorcycle Helmet,30742,No,No,Daylight,Clear,75,18,23,0,2,14,1538852400,0.47,2.89,293,4,0,91.96,6.07,0.44,89.32,66.17,7.257,,partly-cloudy-day,partly cloudy,0,1,0,0,0,0
,35.024513,-85.297979,1099 E 23rd St,,Central Ave,10/6/2018 16:00,2018-10-06,16,1538856000,,,,Suspected Serious Injury,Angle,No,No,Yes,No,35,2,No,No,,37402,DOT Compliant Motorcycle Helmet,30742,No,No,Daylight,Clear,75,18,23,0,2,14,1538852400,0.46,2.89,293,4,0,92.22,6.07,0.44,89.55,66.17,7.257,,partly-cloudy-day,partly cloudy,0,1,0,0,0,0
,35.024513,-85.297979,1099 E 23rd St,,Central Ave,10/6/2018 16:00,2018-10-06,16,1538856000,,,,Suspected Serious Injury,Angle,No,No,Yes,No,35,2,No,No,,37402,DOT Compliant Motorcycle Helmet,30742,No,No,Daylight,Clear,75,18,23,0,2,14,1538852400,0.46,2.89,293,4,0,92.22,6.07,0.44,89.55,66.17,7.257,,partly-cloudy-day,partly cloudy,0,1,0,0,0,0
,35.024513,-85.297979,1100 E 23rd St,,Rossville Blvd,10/25/2018 17:00,2018-10-25,17,1540501200,,,,Suspected Minor Injury,Angle,No,No,Yes,No,35,2,No,No,,35981,Shoulder and Lap Belt Used,32738,No,No,Daylight,Rain,75,18,23,0,2,14,1540497600,0.61,3.55,118,1,0,57.62,5.75,0.95,57.62,44.45,5.697,,cloudy,overcast,0,1,0,0,0,0
,35.024513,-85.297979,1100 E 23rd St,,Rossville Blvd,10/25/2018 17:00,2018-10-25,17,1540501200,,,,Suspected Minor Injury,Angle,No,No,Yes,No,35,2,No,No,,35981,Shoulder and Lap Belt Used,32738,No,No,Daylight,Rain,75,18,23,0,2,14,1540497600,0.61,3.55,118,1,0,57.62,5.75,0.95,57.62,44.45,5.697,,cloudy,overcast,0,1,0,0,0,0
,35.024513,-85.297979,1100 E 23rd St,,Rossville Blvd,10/25/2018 17:00,2018-10-25,17,1540501200,,,,Suspected Minor Injury,Angle,No,No,Yes,No,35,2,No,No,,35981,Shoulder and Lap Belt Used,32738,No,No,Daylight,Rain,75,18,23,0,2,14,1540497600,0.61,3.55,118,1,0,57.6,5.75,0.95,57.6,44.45,5.697,,cloudy,overcast,0,1,0,0,0,0
,35.024513,-85.297979,1100 E 23rd St,,Rossville Blvd,10/25/2018 17:00,2018-10-25,17,1540501200,,,,Suspected Minor Injury,Angle,No,No,Yes,No,35,2,No,No,,35981,Shoulder and Lap Belt Used,32738,No,No,Daylight,Rain,75,18,23,0,2,14,1540497600,0.61,3.55,118,1,0,57.6,5.75,0.95,57.6,44.45,5.697,,cloudy,overcast,0,1,0,0,0,0
,35.024373,-85.298411,E 23rd St,SR-1080,Rossville Blvd,11/1/2018 16:00,2018-11-01,16,1541102400,,,,Property Damage,Angle,Yes,No,No,No,40,2,No,No,Unknown,37421,Unknown,Unknown,No,No,Daylight,Rain,75,18,23,0,2,14,1541098800,0.86,8.08,179,2,0.024,66.86,15.03,0.98,66.46,62.21,3.896,rain,rain,possible light rain,1,0,0,0,0,1
,35.024373,-85.298411,E 23rd St,SR-1080,Rossville Blvd,11/1/2018 16:00,2018-11-01,16,1541102400,,,,Property Damage,Angle,Yes,No,No,No,40,2,No,No,Unknown,37421,Unknown,Unknown,No,No,Daylight,Rain,75,18,23,0,2,14,1541098800,0.86,8.08,179,2,0.024,66.86,15.03,0.98,66.46,62.21,3.896,rain,rain,possible light rain,1,0,0,0,0,1
,35.024373,-85.298411,E 23rd St,SR-1080,Rossville Blvd,11/1/2018 16:00,2018-11-01,16,1541102400,,,,Property Damage,Angle,Yes,No,No,No,40,2,No,No,Unknown,37421,Unknown,Unknown,No,No,Daylight,Rain,75,18,23,0,2,14,1541098800,0.86,8.08,179,2,0.024,66.87,15.03,0.98,66.47,62.21,3.896,rain,rain,possible light rain,1,0,0,0,0,1
,35.024373,-85.298411,E 23rd St,SR-1080,Rossville Blvd,11/1/2018 16:00,2018-11-01,16,1541102400,,,,Property Damage,Angle,Yes,No,No,No,40,2,No,No,Unknown,37421,Unknown,Unknown,No,No,Daylight,Rain,75,18,23,0,2,14,1541098800,0.86,8.08,179,2,0.024,66.87,15.03,0.98,66.47,62.21,3.896,rain,rain,possible light rain,1,0,0,0,0,1
,35.024504,-85.297932,1100 E 23rd St,SR-1100,Fagan Street,11/12/2018 12:00,2018-11-12,12,1542042000,,,,Property Damage,Front to Rear,No,No,No,No,35,2,No,No,Shoulder and Lap Belt Used,37327,Shoulder and Lap Belt Used,37407,No,No,Daylight,Rain,75,18,23,0,2,14,1542038400,0.96,5.1,42,3,0.141,38.84,11.23,1,42.08,41.09,2.265,rain,rain,rain,1,0,0,0,0,1
,35.024504,-85.297932,1100 E 23rd St,SR-1100,Fagan Street,11/12/2018 12:00,2018-11-12,12,1542042000,,,,Property Damage,Front to Rear,No,No,No,No,35,2,No,No,Shoulder and Lap Belt Used,37327,Shoulder and Lap Belt Used,37407,No,No,Daylight,Rain,75,18,23,0,2,14,1542038400,0.96,5.1,42,3,0.141,38.84,11.23,1,42.08,41.09,2.265,rain,rain,rain,1,0,0,0,0,1
,35.024504,-85.297932,1100 E 23rd St,SR-1100,Fagan Street,11/12/2018 12:00,2018-11-12,12,1542042000,,,,Property Damage,Front to Rear,No,No,No,No,35,2,No,No,Shoulder and Lap Belt Used,37327,Shoulder and Lap Belt Used,37407,No,No,Daylight,Rain,75,18,23,0,2,14,1542038400,0.96,5.1,42,3,0.141,38.86,11.23,1,42.09,41.09,2.265,rain,rain,rain,1,0,0,0,0,1
,35.024504,-85.297932,1100 E 23rd St,SR-1100,Fagan Street,11/12/2018 12:00,2018-11-12,12,1542042000,,,,Property Damage,Front to Rear,No,No,No,No,35,2,No,No,Shoulder and Lap Belt Used,37327,Shoulder and Lap Belt Used,37407,No,No,Daylight,Rain,75,18,23,0,2,14,1542038400,0.96,5.1,42,3,0.141,38.86,11.23,1,42.09,41.09,2.265,rain,rain,rain,1,0,0,0,0,1
,35.02626,-85.299374,Central Ave,,Rossville Blvd,12/7/2018 13:00,2018-12-07,13,1544205600,,,,Property Damage,"Sideswipe, Same Direction",No,No,No,No,35,2,No,No,Shoulder and Lap Belt Used,37343,Shoulder and Lap Belt Used,37408,No,No,Daylight,Clear,75,18,23,0,2,14,1544202000,0.57,2.65,167,2,0,45.79,4.9,0.98,45.79,31.37,5.619,,cloudy,overcast,0,1,0,0,0,0
,35.02626,-85.299374,Central Ave,,Rossville Blvd,12/7/2018 13:00,2018-12-07,13,1544205600,,,,Property Damage,"Sideswipe, Same Direction",No,No,No,No,35,2,No,No,Shoulder and Lap Belt Used,37343,Shoulder and Lap Belt Used,37408,No,No,Daylight,Clear,75,18,23,0,2,14,1544202000,0.57,2.65,167,2,0,45.79,4.9,0.98,45.79,31.37,5.619,,cloudy,overcast,0,1,0,0,0,0
,35.02626,-85.299374,Central Ave,,Rossville Blvd,12/7/2018 13:00,2018-12-07,13,1544205600,,,,Property Damage,"Sideswipe, Same Direction",No,No,No,No,35,2,No,No,Shoulder and Lap Belt Used,37343,Shoulder and Lap Belt Used,37408,No,No,Daylight,Clear,75,18,23,0,2,14,1544202000,0.57,2.65,167,2,0,45.88,4.9,0.98,45.88,31.37,5.619,rain,cloudy,overcast,0,1,0,0,0,0
,35.02626,-85.299374,Central Ave,,Rossville Blvd,12/7/2018 13:00,2018-12-07,13,1544205600,,,,Property Damage,"Sideswipe, Same Direction",No,No,No,No,35,2,No,No,Shoulder and Lap Belt Used,37343,Shoulder and Lap Belt Used,37408,No,No,Daylight,Clear,75,18,23,0,2,14,1544202000,0.57,2.65,167,2,0,45.88,4.9,0.98,45.88,31.37,5.619,rain,cloudy,overcast,0,1,0,0,0,0
,35.024578,-85.300723,24 WB Hwy,I-24,,1/3/2019 4:00,2019-01-03,4,1546506000,,,,Property Damage,Not Collision with Motor Vehicle in Transport,No,No,No,No,55,1,No,No,Shoulder and Lap Belt Used,38501,,,No,No,Dark - Lighted,Rain,75,18,23,0,2,14,1546502400,0.95,1.34,55,0,0.049,47.78,4.73,0.98,47.78,46.55,1.902,rain,rain,light rain,1,0,0,0,0,1
,35.024578,-85.300723,24 WB Hwy,I-24,,1/3/2019 4:00,2019-01-03,4,1546506000,,,,Property Damage,Not Collision with Motor Vehicle in Transport,No,No,No,No,55,1,No,No,Shoulder and Lap Belt Used,38501,,,No,No,Dark - Lighted,Rain,75,18,23,0,2,14,1546502400,0.95,1.34,55,0,0.049,47.78,4.73,0.98,47.78,46.55,1.902,rain,rain,light rain,1,0,0,0,0,1
,35.024578,-85.300723,24 WB Hwy,I-24,,1/3/2019 4:00,2019-01-03,4,1546506000,,,,Property Damage,Not Collision with Motor Vehicle in Transport,No,No,No,No,55,1,No,No,Shoulder and Lap Belt Used,38501,,,No,No,Dark - Lighted,Rain,75,18,23,0,2,14,1546502400,0.95,1.34,55,0,0.049,47.78,4.73,0.98,47.78,46.55,1.902,rain,rain,light rain,1,0,0,0,0,1
,35.024578,-85.300723,24 WB Hwy,I-24,,1/3/2019 4:00,2019-01-03,4,1546506000,,,,Property Damage,Not Collision with Motor Vehicle in Transport,No,No,No,No,55,1,No,No,Shoulder and Lap Belt Used,38501,,,No,No,Dark - Lighted,Rain,75,18,23,0,2,14,1546502400,0.95,1.34,55,0,0.049,47.78,4.73,0.98,47.78,46.55,1.902,rain,rain,light rain,1,0,0,0,0,1
,35.024798,-85.29961,900 E 23rd St,,Central Ave,1/11/2019 17:00,2019-01-11,17,1547244000,,,,Suspected Minor Injury,Angle,No,No,No,No,25,2,No,No,Shoulder and Lap Belt Used,37321,Shoulder and Lap Belt Used,37411,No,No,Dark - Lighted,Clear,75,18,23,0,2,14,1547240400,0.38,3.93,59,0,0,44.32,6.8,0.72,46.01,21.49,2.955,,partly-cloudy-day,mostly cloudy,0,1,0,0,0,0
,35.024798,-85.29961,900 E 23rd St,,Central Ave,1/11/2019 17:00,2019-01-11,17,1547244000,,,,Suspected Minor Injury,Angle,No,No,No,No,25,2,No,No,Shoulder and Lap Belt Used,37321,Shoulder and Lap Belt Used,37411,No,No,Dark - Lighted,Clear,75,18,23,0,2,14,1547240400,0.38,3.93,59,0,0,44.32,6.8,0.72,46.01,21.49,2.955,,partly-cloudy-day,mostly cloudy,0,1,0,0,0,0
,35.024798,-85.29961,900 E 23rd St,,Central Ave,1/11/2019 17:00,2019-01-11,17,1547244000,,,,Suspected Minor Injury,Angle,No,No,No,No,25,2,No,No,Shoulder and Lap Belt Used,37321,Shoulder and Lap Belt Used,37411,No,No,Dark - Lighted,Clear,75,18,23,0,2,14,1547240400,0.38,3.93,59,0,0,44.32,6.8,0.72,46.01,21.49,2.955,,partly-cloudy-day,mostly cloudy,0,1,0,0,0,0
,35.024798,-85.29961,900 E 23rd St,,Central Ave,1/11/2019 17:00,2019-01-11,17,1547244000,,,,Suspected Minor Injury,Angle,No,No,No,No,25,2,No,No,Shoulder and Lap Belt Used,37321,Shoulder and Lap Belt Used,37411,No,No,Dark - Lighted,Clear,75,18,23,0,2,14,1547240400,0.38,3.93,59,0,0,44.32,6.8,0.72,46.01,21.49,2.955,,partly-cloudy-day,mostly cloudy,0,1,0,0,0,0
,35.026303,-85.299041,2000 Central Ave,,2200 Rossville Blvd,3/4/2019 11:00,2019-03-04,11,1551715200,,,,Property Damage,"Sideswipe, Same Direction",No,No,No,No,35,2,No,No,Shoulder and Lap Belt Used,37311,Shoulder and Lap Belt Used,30755,No,No,Daylight,Clear,75,18,23,0,2,14,1551711600,0.73,7.5,332,3,0,24.86,13.81,1,31.75,24.16,5.407,,cloudy,overcast,0,1,0,0,0,0
,35.026303,-85.299041,2000 Central Ave,,2200 Rossville Blvd,3/4/2019 11:00,2019-03-04,11,1551715200,,,,Property Damage,"Sideswipe, Same Direction",No,No,No,No,35,2,No,No,Shoulder and Lap Belt Used,37311,Shoulder and Lap Belt Used,30755,No,No,Daylight,Clear,75,18,23,0,2,14,1551711600,0.73,7.5,332,3,0,24.86,13.81,1,31.75,24.16,5.407,,cloudy,overcast,0,1,0,0,0,0
,35.026303,-85.299041,2000 Central Ave,,2200 Rossville Blvd,3/4/2019 11:00,2019-03-04,11,1551715200,,,,Property Damage,"Sideswipe, Same Direction",No,No,No,No,35,2,No,No,Shoulder and Lap Belt Used,37311,Shoulder and Lap Belt Used,30755,No,No,Daylight,Clear,75,18,23,0,2,14,1551711600,0.73,7.5,332,3,0,24.86,13.81,1,31.75,24.16,5.407,,cloudy,overcast,0,1,0,0,0,0
,35.026303,-85.299041,2000 Central Ave,,2200 Rossville Blvd,3/4/2019 11:00,2019-03-04,11,1551715200,,,,Property Damage,"Sideswipe, Same Direction",No,No,No,No,35,2,No,No,Shoulder and Lap Belt Used,37311,Shoulder and Lap Belt Used,30755,No,No,Daylight,Clear,75,18,23,0,2,14,1551711600,0.73,7.5,332,3,0,24.86,13.81,1,31.75,24.16,5.407,,cloudy,overcast,0,1,0,0,0,0
,35.02626,-85.299374,Rossville Blvd,,Central Ave,3/14/2019 16:00,2019-03-14,16,1552593600,,,,Property Damage Under,"Sideswipe, Same Direction",No,No,No,No,35,2,No,No,Shoulder and Lap Belt Used,37307,Shoulder and Lap Belt Used,37412,No,No,Daylight,Clear,75,18,23,0,2,14,1552590000,0.69,9.86,173,3,0,70.93,20.23,1,70.91,60.16,4.515,,cloudy,overcast,0,1,0,0,0,0
,35.02626,-85.299374,Rossville Blvd,,Central Ave,3/14/2019 16:00,2019-03-14,16,1552593600,,,,Property Damage Under,"Sideswipe, Same Direction",No,No,No,No,35,2,No,No,Shoulder and Lap Belt Used,37307,Shoulder and Lap Belt Used,37412,No,No,Daylight,Clear,75,18,23,0,2,14,1552590000,0.69,9.86,173,3,0,70.93,20.23,1,70.91,60.16,4.515,,cloudy,overcast,0,1,0,0,0,0
,35.02626,-85.299374,Rossville Blvd,,Central Ave,3/14/2019 16:00,2019-03-14,16,1552593600,,,,Property Damage Under,"Sideswipe, Same Direction",No,No,No,No,35,2,No,No,Shoulder and Lap Belt Used,37307,Shoulder and Lap Belt Used,37412,No,No,Daylight,Clear,75,18,23,0,2,14,1552590000,0.69,9.86,173,3,0,70.93,20.23,1,70.91,60.16,4.515,,cloudy,overcast,0,1,0,0,0,0
,35.02626,-85.299374,Rossville Blvd,,Central Ave,3/14/2019 16:00,2019-03-14,16,1552593600,,,,Property Damage Under,"Sideswipe, Same Direction",No,No,No,No,35,2,No,No,Shoulder and Lap Belt Used,37307,Shoulder and Lap Belt Used,37412,No,No,Daylight,Clear,75,18,23,0,2,14,1552590000,0.69,9.86,173,3,0,70.93,20.23,1,70.91,60.16,4.515,,cloudy,overcast,0,1,0,0,0,0
,35.02626,-85.299374,2000 Central Ave,,Rossvile,3/27/2019 9:00,2019-03-27,9,1553691600,,,,Property Damage,Angle,No,No,No,No,30,2,No,No,Shoulder and Lap Belt Used,30752,Shoulder and Lap Belt Used,37379,No,No,Daylight,Clear,75,18,23,0,2,14,1553688000,0.62,1.61,307,1,0,43.74,7.31,0.47,43.74,31.72,6.378,,partly-cloudy-day,partly cloudy,0,1,0,0,0,0
,35.02626,-85.299374,2000 Central Ave,,Rossvile,3/27/2019 9:00,2019-03-27,9,1553691600,,,,Property Damage,Angle,No,No,No,No,30,2,No,No,Shoulder and Lap Belt Used,30752,Shoulder and Lap Belt Used,37379,No,No,Daylight,Clear,75,18,23,0,2,14,1553688000,0.62,1.61,307,1,0,43.74,7.31,0.47,43.74,31.72,6.378,,partly-cloudy-day,partly cloudy,0,1,0,0,0,0
,35.02626,-85.299374,2000 Central Ave,,Rossvile,3/27/2019 9:00,2019-03-27,9,1553691600,,,,Property Damage,Angle,No,No,No,No,30,2,No,No,Shoulder and Lap Belt Used,30752,Shoulder and Lap Belt Used,37379,No,No,Daylight,Clear,75,18,23,0,2,14,1553688000,0.62,1.61,307,1,0,43.74,7.31,0.47,43.74,31.72,6.378,,partly-cloudy-day,partly cloudy,0,1,0,0,0,0
,35.02626,-85.299374,2000 Central Ave,,Rossvile,3/27/2019 9:00,2019-03-27,9,1553691600,,,,Property Damage,Angle,No,No,No,No,30,2,No,No,Shoulder and Lap Belt Used,30752,Shoulder and Lap Belt Used,37379,No,No,Daylight,Clear,75,18,23,0,2,14,1553688000,0.62,1.61,307,1,0,43.74,7.31,0.47,43.74,31.72,6.378,,partly-cloudy-day,partly cloudy,0,1,0,0,0,0
,35.02626,-85.299374,2000 Central Ave,,Rossville Blvd,5/1/2019 20:00,2019-05-01,20,1556755200,,,,Property Damage Under,Front to Rear,No,No,No,No,35,2,No,No,Shoulder and Lap Belt Used,37403,Shoulder and Lap Belt Used,37716,No,No,Dusk,Cloudy,75,18,23,0,2,14,1556751600,0.55,4.73,256,0,0,81.34,11.01,0.75,80.02,62.59,7.448,,partly-cloudy-day,mostly cloudy,0,1,0,0,0,0
,35.02626,-85.299374,2000 Central Ave,,Rossville Blvd,5/1/2019 20:00,2019-05-01,20,1556755200,,,,Property Damage Under,Front to Rear,No,No,No,No,35,2,No,No,Shoulder and Lap Belt Used,37403,Shoulder and Lap Belt Used,37716,No,No,Dusk,Cloudy,75,18,23,0,2,14,1556751600,0.55,4.73,256,0,0,81.34,11.01,0.75,80.02,62.59,7.448,,partly-cloudy-day,mostly cloudy,0,1,0,0,0,0
,35.02626,-85.299374,2000 Central Ave,,Rossville Blvd,5/1/2019 20:00,2019-05-01,20,1556755200,,,,Property Damage Under,Front to Rear,No,No,No,No,35,2,No,No,Shoulder and Lap Belt Used,37403,Shoulder and Lap Belt Used,37716,No,No,Dusk,Cloudy,75,18,23,0,2,14,1556751600,0.55,4.73,256,0,0,81.34,11.01,0.75,80.02,62.59,7.448,,partly-cloudy-day,mostly cloudy,0,1,0,0,0,0
,35.02626,-85.299374,2000 Central Ave,,Rossville Blvd,5/1/2019 20:00,2019-05-01,20,1556755200,,,,Property Damage Under,Front to Rear,No,No,No,No,35,2,No,No,Shoulder and Lap Belt Used,37403,Shoulder and Lap Belt Used,37716,No,No,Dusk,Cloudy,75,18,23,0,2,14,1556751600,0.55,4.73,256,0,0,81.34,11.01,0.75,80.02,62.59,7.448,,partly-cloudy-day,mostly cloudy,0,1,0,0,0,0
,35.023902,-85.300053,17950 - 17979 Interstate 24 Eb st,,CENTRAL,5/9/2019 12:00,2019-05-09,12,1557417600,,,,Property Damage,Angle,No,No,No,No,55,2,No,No,Shoulder and Lap Belt Used,30720,Shoulder and Lap Belt Used,75755,No,No,Daylight,Clear,75,18,23,0,2,14,1557414000,0.71,7.18,159,5,0,75.23,12.53,1,74.71,64.79,2.942,,cloudy,overcast,0,1,0,0,0,0