Accident,Latitude,Longitude,Street,AltStreet,Intersection,DateTime,Date,Hour,Unix,WeekDay,WeekEnd,DayFrame,AccidentType,CollisionType,HaR,FatalInjury,MedicalTransport,InvolvedPlacardedTruck,PostedSpeed,TotalVehiclesInvolved,PedestrianInvolved,BicycleInvolved,DriverOneSafetyEquipment,DriverOneZip,DriverTwoSafetyEquipment,DriverTwoZip,Drug,Alcohol,LightCondition,Weather,Grid_Block,Grid_Col,Grid_Row,Highway,Land_Use_Mode,Road_Count,HourBefore,humidity,windSpeed,windBearing,uvIndex,precipIntensity,apparentTemperature,windGust,cloudCover,temperature,dewPoint,visibility,precipType,Event,Conditions,Rain,Cloudy,Foggy,Snow,Clear,RainBefore
,35.023902,-85.300053,17950 - 17979 Interstate 24 Eb st,,CENTRAL,5/9/2019 12:00,2019-05-09,12,1557417600,,,,Property Damage,Angle,No,No,No,No,55,2,No,No,Shoulder and Lap Belt Used,30720,Shoulder and Lap Belt Used,75755,No,No,Daylight,Clear,75,18,23,0,2,14,1557414000,0.71,7.18,159,5,0,75.23,12.53,1,74.71,64.79,2.942,,cloudy,overcast,0,1,0,0,0,0
,35.023902,-85.300053,17950 - 17979 Interstate 24 Eb st,,CENTRAL,5/9/2019 12:00,2019-05-09,12,1557417600,,,,Property Damage,Angle,No,No,No,No,55,2,No,No,Shoulder and Lap Belt Used,30720,Shoulder and Lap Belt Used,75755,No,No,Daylight,Clear,75,18,23,0,2,14,1557414000,0.71,7.18,159,5,0,75.23,12.53,1,74.71,64.79,2.942,,cloudy,overcast,0,1,0,0,0,0
,35.023902,-85.300053,17950 - 17979 Interstate 24 Eb st,,CENTRAL,5/9/2019 12:00,2019-05-09,12,1557417600,,,,Property Damage,Angle,No,No,No,No,55,2,No,No,Shoulder and Lap Belt Used,30720,Shoulder and Lap Belt Used,75755,No,No,Daylight,Clear,75,18,23,0,2,14,1557414000,0.71,7.18,159,5,0,75.23,12.53,1,74.71,64.79,2.942,,cloudy,overcast,0,1,0,0,0,0
,35.026591,-85.298947,Central Ave,,Rossville Blvd,5/20/2019 16:00,2019-05-20,16,1558382400,,,,Property Damage Under,"Sideswipe, Same Direction",No,No,No,No,35,2,No,No,Shoulder and Lap Belt Used,30720,Shoulder and Lap Belt Used,37421,No,No,Daylight,Clear,75,18,23,0,2,14,1558378800,0.36,6.14,300,6,0,86.9,12.92,0.41,86.9,56.37,6.866,,partly-cloudy-day,partly cloudy,0,1,0,0,0,0
,35.026591,-85.298947,Central Ave,,Rossville Blvd,5/20/2019 16:00,2019-05-20,16,1558382400,,,,Property Damage Under,"Sideswipe, Same Direction",No,No,No,No,35,2,No,No,Shoulder and Lap Belt Used,30720,Shoulder and Lap Belt Used,37421,No,No,Daylight,Clear,75,18,23,0,2,14,1558378800,0.36,6.14,300,6,0,86.9,12.92,0.41,86.9,56.37,6.866,,partly-cloudy-day,partly cloudy,0,1,0,0,0,0
,35.026591,-85.298947,Central Ave,,Rossville Blvd,5/20/2019 16:00,2019-05-20,16,1558382400,,,,Property Damage Under,"Sideswipe, Same Direction",No,No,No,No,35,2,No,No,Shoulder and Lap Belt Used,30720,Shoulder and Lap Belt Used,37421,No,No,Daylight,Clear,75,18,23,0,2,14,1558378800,0.36,6.14,300,6,0,86.9,12.92,0.41,86.9,56.37,6.866,,partly-cloudy-day,partly cloudy,0,1,0,0,0,0
,35.026591,-85.298947,Central Ave,,Rossville Blvd,5/20/2019 16:00,2019-05-20,16,1558382400,,,,Property Damage Under,"Sideswipe, Same Direction",No,No,No,No,35,2,No,No,Shoulder and Lap Belt Used,30720,Shoulder and Lap Belt Used,37421,No,No,Daylight,Clear,75,18,23,0,2,14,1558378800,0.36,6.14,300,6,0,86.9,12.92,0.41,86.9,56.37,6.866,,partly-cloudy-day,partly cloudy,0,1,0,0,0,0
,35.026022,-85.299162,Rossville Blvd,,Central Ave,6/18/2019 10:00,2019-06-18,10,1560866400,,,,Property Damage,Angle,Yes,No,No,No,40,2,No,No,Shoulder and Lap Belt Used,37411,Unknown,Unknown,No,No,Daylight,Rain,75,18,23,0,2,14,1560862800,0.92,1.15,180,3,0.006,74.43,4.68,1,73.11,70.55,2.78,rain,rain,possible drizzle,1,0,0,0,0,1
,35.026022,-85.299162,Rossville Blvd,,Central Ave,6/18/2019 10:00,2019-06-18,10,1560866400,,,,Property Damage,Angle,Yes,No,No,No,40,2,No,No,Shoulder and Lap Belt Used,37411,Unknown,Unknown,No,No,Daylight,Rain,75,18,23,0,2,14,1560862800,0.92,1.15,180,3,0.006,74.43,4.68,1,73.11,70.55,2.78,rain,rain,possible drizzle,1,0,0,0,0,1
,35.026022,-85.299162,Rossville Blvd,,Central Ave,6/18/2019 10:00,2019-06-18,10,1560866400,,,,Property Damage,Angle,Yes,No,No,No,40,2,No,No,Shoulder and Lap Belt Used,37411,Unknown,Unknown,No,No,Daylight,Rain,75,18,23,0,2,14,1560862800,0.92,1.15,180,3,0.006,74.43,4.68,1,73.11,70.55,2.78,rain,rain,possible drizzle,1,0,0,0,0,1
,35.026022,-85.299162,Rossville Blvd,,Central Ave,6/18/2019 10:00,2019-06-18,10,1560866400,,,,Property Damage,Angle,Yes,No,No,No,40,2,No,No,Shoulder and Lap Belt Used,37411,Unknown,Unknown,No,No,Daylight,Rain,75,18,23,0,2,14,1560862800,0.92,1.15,180,3,0.006,74.43,4.68,1,73.11,70.55,2.78,rain,rain,possible drizzle,1,0,0,0,0,1
,35.009651,-85.195223,230 Interstate,I-75,I-75/I-24,1/19/2018 15:00,2018-01-19,15,1516392000,,,,Property Damage,Front to Rear,No,No,No,No,55,2,No,No,Unknown,37415,Unknown,37407,No,No,Daylight,Clear,173,31,20,1,7,4,1516388400,0.24,1.05,221,2,0,48.36,5.09,0,48.36,13.55,8.787,,clear-day,clear,0,0,0,0,1,0
,35.010071,-85.193721,I-75 Interstate,I-75,E Brainerd Rd,1/29/2018 21:00,2018-01-29,21,1517277600,,,,Property Damage,Not Collision with Motor Vehicle in Transport,No,No,No,No,55,1,No,No,Shoulder and Lap Belt Used,30736,,,No,No,Dark - Lighted,Clear,173,31,20,1,7,4,1517274000,0.67,6.64,333,0,0,35.46,14.01,0.64,40.09,29.94,8.787,,partly-cloudy-night,mostly cloudy,0,1,0,0,0,0
,35.010071,-85.193721,240 Southbound Interstate,I-75,,2/23/2018 16:00,2018-02-23,16,1519419600,,,,Property Damage,Front to Rear,No,No,No,No,65,2,No,No,Shoulder and Lap Belt Used,37421,Shoulder and Lap Belt Used,30736,No,No,Daylight,Clear,173,31,20,1,7,4,1519416000,0.46,3.39,196,2,0,79.93,8.77,0.44,79.93,57.37,5.906,,partly-cloudy-day,partly cloudy,0,1,0,0,0,0
,35.010092,-85.192917,250 Hwy 75 Nb,,E Brainerd Rd.,8/7/2018 17:00,2018-08-07,17,1533675600,,,,Property Damage,Front to Rear,No,No,No,No,55,2,No,No,Shoulder and Lap Belt Used,37406,Shoulder and Lap Belt Used,30736,No,No,Daylight,Clear,173,31,20,1,7,4,1533672000,0.48,2.86,259,4,0,97.83,8.26,0.44,92.09,69.79,6.134,,partly-cloudy-day,partly cloudy,0,1,0,0,0,0
,35.013261,-85.193148,416 Osborne Dr,,Brown Rd,8/23/2018 13:00,2018-08-23,13,1535043600,,,,Property Damage,Unknown,Yes,No,No,No,,2,No,No,,37421,Unknown,Unknown,,,Daylight,Clear,173,31,20,1,7,4,1535040000,0.48,6.56,33,9,0,77.39,13.54,0,77.39,55.92,7.62,,clear-day,clear,0,0,0,0,1,0
,35.009651,-85.195223,270Interstate 75 Sb RD,I-75,E Brainerd Rd,8/31/2018 16:00,2018-08-31,16,1535745600,,,,Property Damage,Front to Rear,No,No,No,No,55,2,No,No,Shoulder and Lap Belt Used,30736,Shoulder and Lap Belt Used,30720,No,No,Daylight,Clear,173,31,20,1,7,4,1535742000,0.56,4.83,169,5,0,90.84,10.08,0.44,86.65,69.05,3.925,,partly-cloudy-day,partly cloudy,0,1,0,0,0,0
,35.010071,-85.193721,240 Interstate 75 South bound,,I-24,2/16/2019 12:00,2019-02-16,12,1550336400,,,,Possible Injury,Not Collision with Motor Vehicle in Transport,No,No,Yes,No,55,1,No,No,Shoulder and Lap Belt Used,37416,,,No,No,Daylight,Cloudy,173,31,20,1,7,4,1550332800,0.85,7.42,15,3,0,42.07,11.55,1,45.92,41.57,6.128,,cloudy,overcast,0,1,0,0,0,0
,35.009159,-85.196993,220 Interstate 75 Southbound,I-75,Moore Rd Off Ramp,3/8/2019 17:00,2019-03-08,17,1552082400,,,,Property Damage Under,Front to Rear,No,No,No,No,55,2,No,No,Shoulder and Lap Belt Used,37411,Shoulder and Lap Belt Used,37363,No,No,Daylight,Rain,173,31,20,1,7,4,1552078800,0.99,1.78,128,1,0.037,47.15,7.67,1,47.15,46.88,2.395,rain,rain,light rain,1,0,0,0,0,1
,35.010071,-85.193721,,I-75,,4/22/2019 2:00,2019-04-22,2,1555912800,,,,Property Damage,Not Collision with Motor Vehicle in Transport,Yes,No,No,No,55,1,No,No,,30752,,,,,Dark - Lighted,Clear,173,31,20,1,7,4,1555909200,0.8,1.05,312,0,0,48.87,3.89,0,48.87,43.05,5.408,,clear-night,clear,0,0,0,0,1,0
,35.008574,-85.199088,206 Hwy 75 Sb,,Moore Rd.,5/1/2019 9:00,2019-05-01,9,1556715600,,,,Property Damage,Front to Rear,No,No,No,No,55,2,No,No,Shoulder and Lap Belt Used,37408,Shoulder and Lap Belt Used,37411,No,No,Daylight,Clear,173,31,20,1,7,4,1556712000,0.76,6,190,2,0,70.08,11.62,0,69.83,61.95,5.947,,clear-day,clear,0,0,0,0,1,0
,35.0815395,-85.263396,271 NORTHGATE MALL DRIVE,,HWY 153,1/20/2018 16:00,2018-01-20,16,1516482000,,,,Property Damage,Angle,No,No,No,No,15,2,No,No,Shoulder and Lap Belt Used,37343,,37341,No,No,Daylight,Cloudy,448,19,13,0,5,4,1516478400,0.39,1.5,246,1,0,60.42,3.76,0.44,60.42,35.6,7.963,,partly-cloudy-day,partly cloudy,0,1,0,0,0,0
,35.0822477,-85.263716,5301 Old Hixson Pike,,Grubb Road,1/21/2018 9:00,2018-01-21,9,1516543200,,,,Property Damage,Angle,Yes,No,No,No,15,2,No,No,,37379,,37343,,,Daylight,Clear,448,19,13,0,5,4,1516539600,0.8,0,,0,0,41.49,0.42,0.75,41.49,35.87,9.997,,partly-cloudy-day,mostly cloudy,0,1,0,0,0,0
,35.0819115,-85.263708,600 N Crest Rd,,Missionary Ridge,2/10/2018 20:00,2018-02-10,20,1518310800,,,,Property Damage,Not Collision with Motor Vehicle in Transport,No,No,No,No,35,1,No,No,Unknown,37411,,,,,Dark - Not Lighted,Rain,448,19,13,0,5,4,1518307200,0.92,1.56,187,0,0.224,59.39,2.79,1,59.39,57.06,1.575,rain,rain,rain,1,0,0,0,0,1
,35.0817168,-85.263684,North Access Rd,,Memphis Dr,2/14/2018 17:00,2018-02-14,17,1518645600,,,,Property Damage Under,Front to Rear,No,No,No,No,40,2,No,No,Shoulder and Lap Belt Used,30721,Shoulder and Lap Belt Used,30705,No,No,Daylight,Rain,448,19,13,0,5,4,1518642000,0.89,2.12,188,0,0,58.04,4.35,1,58.04,54.85,3.758,,cloudy,overcast,0,1,0,0,0,0
,35.0818216,-85.263646,2525 Desales Ave,,2525 Desales Ave,2/15/2018 0:00,2018-02-15,0,1518670800,,,,Property Damage,Unknown,Yes,No,No,No,,2,No,No,,37411,Unknown,Unknown,,,Unknown,Unknown,448,19,13,0,5,4,1518667200,0.93,2.92,197,0,0.033,59.01,5.16,1,59.01,56.98,1.825,rain,rain,light rain,1,0,0,0,0,1
,35.0818643,-85.263687,5160 Preschool Ln,,Northpoint Blvd,2/26/2018 14:00,2018-02-26,14,1519671600,,,,Property Damage,Unknown,Yes,No,No,No,,2,No,No,Unknown,Unknown,,37343,,,Daylight,Rain,448,19,13,0,5,4,1519668000,0.81,3.57,35,3,0,54.09,8.9,1,54.09,48.4,7.533,,cloudy,overcast,0,1,0,0,0,0
,35.0817283,-85.263726,4040 Mountian Creek Rd,,Morrison Springs Rd,2/27/2018 0:00,2018-02-27,0,1519707600,,,,Property Damage,Unknown,Yes,No,No,No,15,2,No,No,,37415,Unknown,Unknown,,,Unknown,Unknown,448,19,13,0,5,4,1519704000,0.86,0.32,333,0,0,44.91,1.68,0,44.91,41,1.884,,fog,foggy,0,0,1,0,0,0
,35.083787,-85.262783,3500 Amnicola Hwy,,Train Tracks,3/19/2018 11:00,2018-03-19,11,1521471600,,,,Possible Injury,Front to Rear,No,No,Yes,No,50,3,No,No,Unknown,37347,Unknown,37408,No,No,Daylight,Rain,448,19,13,0,5,4,1521468000,0.91,0.23,138,3,0.034,55.7,3.28,1,55.7,53.25,1.707,rain,rain,light rain,1,0,0,0,0,1
,35.0817083,-85.263809,2347 Rossville Blvd,,Taft Ave,5/1/2018 0:00,2018-05-01,0,1525147200,,,,Property Damage Under,Other,Yes,No,No,No,15,2,No,No,Unknown,Unknown,,37419,,,Unknown,Clear,448,19,13,0,5,4,1525143600,0.6,0.1,,0,0,57.68,1.09,0,57.68,43.82,5.777,,clear-night,clear,0,0,0,0,1,0
,35.0817764,-85.263812,De Sales Ave,SR-2525,De Sales Ave,6/8/2018 0:00,2018-06-08,0,1528430400,,,,Property Damage Under,Unknown,Yes,No,No,No,,2,No,No,,37379,Unknown,Unknown,,,Unknown,Clear,448,19,13,0,5,4,1528426800,0.69,1.18,349,0,0,70.43,4.57,0.16,70.43,59.71,5.768,,partly-cloudy-night,partly cloudy,0,1,0,0,0,0
,35.083263,-85.261615,Amnicola Hwy,,Wisdom St,6/13/2018 17:00,2018-06-13,17,1528923600,,,,Property Damage,Other,No,No,No,No,55,2,No,No,Shoulder and Lap Belt Used,37343,Shoulder and Lap Belt Used,37406,No,No,Daylight,Rain,448,19,13,0,5,4,1528920000,0.89,3.19,230,4,0.022,74.21,7.46,0.65,73.01,69.72,5.92,rain,rain,light rain,1,0,0,0,0,1
,35.081783,-85.26321,3410 Amnicola Hwy,,Wisdom St,6/17/2018 0:00,2018-06-17,0,1529208000,,,,Property Damage Under,Unknown,Yes,No,No,No,15,2,No,No,,74134,Unknown,Unknown,,,Unknown,Unknown,448,19,13,0,5,4,1529204400,0.67,3.69,216,0,0,78.02,5.76,0.27,77.42,65.73,6.085,,partly-cloudy-night,partly cloudy,0,1,0,0,0,0
,35.081783,-85.26321,3410 Amnicola Hwy,,Wisdom,9/14/2018 0:00,2018-09-14,0,1536897600,,,,Property Damage,Unknown,Yes,No,No,No,,2,No,No,,37406,Unknown,Unknown,,,Unknown,Clear,448,19,13,0,5,4,1536894000,0.79,1.83,334,0,0,77.91,6.57,0.38,76.8,69.97,7.474,,partly-cloudy-night,partly cloudy,0,1,0,0,0,0
,35.081783,-85.26321,N Crest Rd,SR-500,Mission ridge road,9/17/2018 0:00,2018-09-17,0,1537156800,,,,Property Damage,Not Collision with Motor Vehicle in Transport,No,No,No,No,40,1,No,No,Unknown,37411,,,,,Unknown,Unknown,448,19,13,0,5,4,1537153200,0.86,3.04,297,0,0,74.38,5.99,0.79,73.31,68.87,6.534,,partly-cloudy-night,mostly cloudy,0,1,0,0,0,0
,35.08264,-85.264115,3413 Amnicola Hwy,,Wisdom,9/21/2018 13:00,2018-09-21,13,1537549200,,,,Property Damage,Front to Rear,No,No,No,No,50,2,No,No,Shoulder and Lap Belt Used,37343,Shoulder and Lap Belt Used,37405,No,No,Daylight,Clear,448,19,13,0,5,4,1537545600,0.64,2.27,146,6,0,84.62,10.38,0.71,81.62,68.34,4.189,,partly-cloudy-day,mostly cloudy,0,1,0,0,0,0
,35.0816972,-85.263807,Hamilton Place Blvd,SR-2100,Goodwin Rd,10/1/2018 0:00,2018-10-01,0,1538366400,,,,Property Damage,Unknown,Yes,No,No,No,15,2,No,No,Unknown,Unknown,,37405,,,Unknown,Clear,448,19,13,0,5,4,1538362800,0.86,1.58,138,0,0,74.55,4.26,0.52,73.47,68.93,7.36,,partly-cloudy-night,mostly cloudy,0,1,0,0,0,0
,35.081783,-85.26321,Hwy US 27 SB,US-27,4th St,10/8/2018 17:00,2018-10-08,17,1539032400,,,,Property Damage Under,Front to Rear,Yes,No,No,No,55,2,No,No,Shoulder and Lap Belt Used,37412,Shoulder and Lap Belt Used,37397,No,No,Daylight,Clear,448,19,13,0,5,4,1539028800,0.58,4.82,85,2,0,87.82,10.72,0.67,84.52,68.09,7.289,,partly-cloudy-day,mostly cloudy,0,1,0,0,0,0
,35.081783,-85.26321,3410 Amnicola Hwy,,Wisdom St,11/15/2018 12:00,2018-11-15,12,1542301200,,,,Property Damage,Angle,Yes,No,No,No,55,2,No,No,Shoulder and Lap Belt Used,37343,Unknown,Unknown,No,No,Daylight,Clear,448,19,13,0,5,4,1542297600,0.87,7.72,271,3,0,31.78,13.96,1,37.57,34.03,3.797,,cloudy,overcast,0,1,0,0,0,0
,35.0816635,-85.263715,1020 N. Moore Rd,,Belle Vista Dr,11/30/2018 20:00,2018-11-30,20,1543626000,,,,Property Damage,Unknown,Yes,No,No,No,,2,No,No,,37411,Unknown,Unknown,,,Unknown,Unknown,448,19,13,0,5,4,1543622400,0.95,3.55,194,0,0.055,59.45,7.43,1,59.37,57.8,0,rain,rain,light rain,1,0,0,0,0,1
,35.081783,-85.26321,3410 Amnicola Hwy,,Wisdom,12/10/2018 0:00,2018-12-10,0,1544418000,,,,Property Damage Under,Unknown,Yes,No,No,No,,2,No,No,,37406,Unknown,Unknown,,,Unknown,Clear,448,19,13,0,5,4,1544414400,0.89,6.12,17,0,0,34.53,12.54,1,39.03,36.04,2.941,,cloudy,overcast,0,1,0,0,0,0
,35.0818785,-85.263848,900 Stuart St,,Amnicola Hwy,3/4/2019 12:00,2019-03-04,12,1551718800,,,,Property Damage Under,"Sideswipe, Opposite Direction",No,No,No,No,30,2,No,No,Shoulder and Lap Belt Used,37406,Shoulder and Lap Belt Used,37408,No,No,Daylight,Clear,448,19,13,0,5,4,1551715200,0.72,7.32,324,4,0,24.68,14.47,1,31.5,23.36,5.676,,cloudy,overcast,0,1,0,0,0,0
,35.081783,-85.26321,Amnicola Hwy,SR-3410,Wisdom St,3/6/2019 12:00,2019-03-06,12,1551891600,,,,Property Damage,Front to Rear,No,No,No,No,50,3,No,No,,37402,Shoulder and Lap Belt Used,37341,No,No,Daylight,Clear,448,19,13,0,5,4,1551888000,0.34,4.89,353,6,0,27.19,12.58,0,32.01,7.01,6.492,,clear-day,clear,0,0,0,0,1,0
,35.0819016,-85.263871,Hamilton Place Blvd,,Gunbarrel Rd.,3/23/2019 16:00,2019-03-23,16,1553371200,,,,Property Damage Under,"Sideswipe, Same Direction",No,No,No,No,,2,No,No,Shoulder and Lap Belt Used,37421,,37379,No,No,Daylight,Clear,448,19,13,0,5,4,1553367600,0.14,5.31,62,5,0,64.32,11.22,0,64.32,14.29,7.598,,clear-day,clear,0,0,0,0,1,0
,35.0816344,-85.263778,5999 Shallowford Rd,,Chapman Rd,4/5/2019 17:00,2019-04-05,17,1554498000,,,,Property Damage,"Sideswipe, Same Direction",No,No,No,No,40,2,No,No,Shoulder and Lap Belt Used,37312,Shoulder and Lap Belt Used,37421,,,Daylight,Unknown,448,19,13,0,5,4,1554494400,0.56,1.76,262,3,0,71.07,6.86,0.75,71.07,54.7,3.465,,partly-cloudy-day,mostly cloudy,0,1,0,0,0,0
,35.0820145,-85.263756,9448 Bradmore Ln,,Lee Hwy,4/9/2019 13:00,2019-04-09,13,1554829200,,,,Property Damage,Angle,Yes,No,No,No,15,2,No,No,Unknown,Unknown,None Used MV Occupant,30741,No,No,Daylight,Cloudy,448,19,13,0,5,4,1554825600,0.65,8.59,28,5,0,72.23,15.43,0.75,72.23,59.81,5.007,,partly-cloudy-day,mostly cloudy,0,1,0,0,0,0
,35.0815889,-85.263751,1110 Market St,,E 11th St,4/26/2019 16:00,2019-04-26,16,1556308800,,,,Property Damage,Unknown,Yes,No,No,No,15,2,No,No,,37404,Unknown,Unknown,,,Daylight,Clear,448,19,13,0,5,4,1556305200,0.25,11.6,321,4,0,73.12,23.67,0.44,73.12,35.68,7.423,,partly-cloudy-day,partly cloudy,0,1,0,0,0,0
,35.081783,-85.26321,3410 Amnicola Hwy,,Wisdom St,6/15/2019 0:00,2019-06-15,0,1560571200,,,,Property Damage,Angle,Yes,No,No,No,15,2,No,No,Unknown,Unknown,,37410,,,Unknown,Clear,448,19,13,0,5,4,1560567600,0.62,1.41,226,0,0,64.95,5.45,0.64,64.95,51.62,3.443,,partly-cloudy-night,mostly cloudy,0,1,0,0,0,0
,35.083556,-85.263401,Amnicola Hwy,SR-3459,Amnicola Hwy,6/24/2019 8:00,2019-06-24,8,1561377600,,,,Property Damage,Rear to Rear,No,No,No,No,15,2,No,No,Shoulder and Lap Belt Used,37379,Shoulder and Lap Belt Used,37406,No,No,Daylight,Clear,448,19,13,0,5,4,1561374000,0.87,5.87,197,1,0,77.3,6.35,0.44,75.92,71.82,2.23,,partly-cloudy-day,partly cloudy,0,1,0,0,0,0
,35.024821,-85.245567,3600 Brainerd Rd,,N Germantown Rd,1/20/2018 22:00,2018-01-20,22,1516503600,,,,Property Damage,"Sideswipe, Same Direction",No,No,No,No,40,2,No,No,Shoulder and Lap Belt Used,37411,Shoulder and Lap Belt Used,37402,No,No,Dark - Lighted,Clear,135,24,21,0,7,20,1516500000,0.68,0.65,309,0,0,44.98,1.34,0,44.98,35.03,8.931,,clear-night,clear,0,0,0,0,1,0
,35.024821,-85.245567,3605 Brainerd Rd,,N Germantown Rd,2/2/2018 15:00,2018-02-02,15,1517601600,,,,Property Damage,Angle,No,No,No,No,45,2,No,No,Shoulder and Lap Belt Used,30741,Shoulder and Lap Belt Used,37341,No,No,Daylight,Clear,135,24,21,0,7,20,1517598000,0.37,5.63,17,2,0,29.64,10.99,0,34.63,11.23,7.347,,clear-day,clear,0,0,0,0,1,0
,35.023343,-85.247499,25 S Germantown Rd,,Chateau Apartments,2/10/2018 0:00,2018-02-10,0,1518238800,,,,Property Damage,Unknown,Yes,No,No,No,,2,No,No,,37411,Unknown,Unknown,,,Unknown,Unknown,135,24,21,0,7,20,1518235200,0.71,3.49,179,0,0.001,53.66,8.28,1,53.66,44.42,5.479,rain,cloudy,overcast,0,1,0,0,0,0
,35.023329,-85.246886,11 S Germantown Rd,,Brainerd Rd.,4/6/2018 19:00,2018-04-06,19,1523055600,,,,Possible Injury,Front to Rear,No,No,Yes,No,30,2,No,No,Shoulder and Lap Belt Used,30316,Shoulder and Lap Belt Used,37406,No,No,Dusk,Rain,135,24,21,0,7,20,1523052000,0.91,1.23,7,0,0.068,51.61,2.54,1,51.61,49.16,2.391,rain,rain,light rain,1,0,0,0,0,1
,35.025369,-85.248171,Brainerd Rd,,N Germantown Rd,7/5/2018 10:00,2018-07-05,10,1530799200,,,,Property Damage,Unknown,Yes,No,No,No,45,3,No,No,Shoulder and Lap Belt Used,37404,Unknown,Unknown,No,No,Daylight,Clear,135,24,21,0,7,20,1530795600,0.74,1.42,122,3,0,86.69,5.43,0.75,81.68,72.62,5.848,,partly-cloudy-day,humid and mostly cloudy,0,1,0,0,0,0
,35.019564,-85.24865,207 S Germantown Rd,,Parkway Cir,10/11/2018 3:00,2018-10-11,3,1539241200,,,,Possible Injury,Not Collision with Motor Vehicle in Transport,No,No,No,No,30,1,No,No,,37402,Shoulder and Lap Belt Used,37406,No,No,Dark - Lighted,Rain,135,24,21,0,7,20,1539237600,0.96,5.98,354,0,0.019,72.95,9.87,1,71.59,70.3,6.555,rain,rain,light rain,1,0,0,0,0,1
,35.024755,-85.247548,3536 Brainerd Rd,SR-3536,S. Germantown Road,11/4/2018 9:00,2018-11-04,9,1541340000,,,,Property Damage,Angle,No,No,No,No,15,2,No,No,Shoulder and Lap Belt Used,37405,Unknown,37421,No,No,Daylight,Clear,135,24,21,0,7,20,1541336400,0.78,2.86,181,1,0,48.12,9.85,0,48.12,41.71,1.047,,fog,foggy,0,0,1,0,0,0
,35.024821,-85.245567,3605 Brainerd Rd,,N Germantown Rd,1/4/2019 17:00,2019-01-04,17,1546639200,,,,Property Damage,Front to Rear,No,No,No,No,45,2,No,No,Unknown,37411,Unknown,37312,No,No,Daylight,Clear,135,24,21,0,7,20,1546635600,0.67,11.9,241,0,0.002,50.29,28.35,0.75,50.29,39.89,6.172,rain,partly-cloudy-day,mostly cloudy,0,1,0,0,0,0
,35.023823,-85.247288,Brainerd Rd,,S Germantown Rd,2/4/2019 13:00,2019-02-04,13,1549303200,,,,Property Damage,Front to Rear,No,No,No,No,45,2,No,No,Shoulder and Lap Belt Used,37362,Shoulder and Lap Belt Used,30736,No,No,Daylight,Cloudy,135,24,21,0,7,20,1549299600,0.72,3.86,168,4,0,58.74,7.7,0.75,58.74,49.81,7.644,,partly-cloudy-day,mostly cloudy,0,1,0,0,0,0
,35.025722,-85.248919,3480 Brainerd Rd,,Tunnel Blvd,2/12/2019 0:00,2019-02-12,0,1549947600,,,,Possible Injury,Not Collision with Motor Vehicle in Transport,No,No,Yes,No,35,1,No,No,,37416,Unknown,37311,,,Dark - Lighted,Rain,135,24,21,0,7,20,1549944000,0.98,0.5,77,0,0.005,48.74,4.59,1,48.74,48.3,3.714,rain,rain,drizzle,1,0,0,0,0,1
,35.02328,-85.246626,S Germantown Rd,,Brainerd Rd,5/28/2019 16:00,2019-05-28,16,1559073600,,,,Property Damage Under,Angle,No,No,No,No,40,2,No,No,Unknown,30741,Unknown,30736,No,No,Daylight,Clear,135,24,21,0,7,20,1559070000,0.41,7.65,225,6,0,92.7,13.85,0.44,91.1,64.09,5.229,,partly-cloudy-day,partly cloudy,0,1,0,0,0,0
,35.030076,-85.193912,Airport Rd,SR-900,Lee Hwy,1/21/2018 0:00,2018-01-21,0,1516510800,,,,Property Damage,Unknown,Yes,No,No,No,15,2,No,No,Shoulder and Lap Belt Used,37421,Unknown,Unknown,No,No,Unknown,Clear,279,30,17,0,2,7,1516507200,0.81,0.07,191,0,0,39.29,0.37,0,39.29,33.81,9.997,,clear-night,clear,0,0,0,0,1,0
,35.029628,-85.191356,6103 Lee Hwy,,Lee Hwy,6/1/2018 0:00,2018-06-01,0,1527825600,,,,Property Damage,Not Collision with Motor Vehicle in Transport,Yes,No,No,No,,1,No,No,,37421,Unknown,37421,,,Unknown,Clear,279,30,17,0,2,7,1527822000,0.93,7.52,63,0,0.167,70.56,15.29,1,69.54,67.38,5.129,rain,rain,rain,1,0,0,0,0,1
,35.03449,-85.194756,1101 Airport Rd,,Airport Connector,6/7/2018 16:00,2018-06-07,16,1528401600,,,,Property Damage Under,Front to Rear,Yes,No,No,No,25,2,No,No,Unknown,Unknown,Shoulder and Lap Belt Used,37343,No,No,Daylight,Clear,279,30,17,0,2,7,1528398000,0.31,5.17,22,8,0,88.27,10.74,0,88.27,53.48,4.264,,clear-day,clear,0,0,0,0,1,0
,35.032175,-85.189115,6128 Airways Blvd,,Park Pl,6/30/2018 22:00,2018-06-30,22,1530410400,,,,Property Damage,Angle,Yes,No,No,No,15,2,No,No,,37405,Unknown,Unknown,,,Dark - Lighted,Clear,279,30,17,0,2,7,1530406800,0.77,3.2,139,0,0,83.61,6.42,0.44,79.9,71.94,6.528,,partly-cloudy-night,partly cloudy,0,1,0,0,0,0
,35.030344,-85.193181,900 Airport Rd,,Shepherd Rd,7/31/2018 14:00,2018-07-31,14,1533060000,,,,Possible Injury,Front to Rear,No,No,No,No,30,2,No,No,Unknown,37407,Shoulder and Lap Belt Used,30741,No,No,Daylight,Rain,279,30,17,0,2,7,1533056400,0.74,6.98,191,6,0.038,86.76,9.85,0.75,81.75,72.54,3.941,rain,partly-cloudy-day,humid and mostly cloudy,0,1,0,0,0,0