Accident,Latitude,Longitude,Street,AltStreet,Intersection,DateTime,Date,Hour,Unix,WeekDay,WeekEnd,DayFrame,AccidentType,CollisionType,HaR,FatalInjury,MedicalTransport,InvolvedPlacardedTruck,PostedSpeed,TotalVehiclesInvolved,PedestrianInvolved,BicycleInvolved,DriverOneSafetyEquipment,DriverOneZip,DriverTwoSafetyEquipment,DriverTwoZip,Drug,Alcohol,LightCondition,Weather,Grid_Block,Grid_Col,Grid_Row,Highway,Land_Use_Mode,Road_Count,HourBefore,humidity,windSpeed,windBearing,uvIndex,precipIntensity,apparentTemperature,windGust,cloudCover,temperature,dewPoint,visibility,precipType,Event,Conditions,Rain,Cloudy,Foggy,Snow,Clear,RainBefore
,35.029388,-85.195102,840 Airport Rd,,Hancock Rd,10/23/2018 18:00,2018-10-23,18,1540332000,,,,Possible Injury,Front to Rear,No,No,No,No,40,3,No,No,Shoulder and Lap Belt Used,37343,Shoulder and Lap Belt Used,37421,No,No,Daylight,Clear,279,30,17,0,2,7,1540328400,0.43,1.6,68,0,0,66.63,6.58,0,66.63,43.72,8.67,,clear-day,clear,0,0,0,0,1,0
,35.0280589,-85.191583,500 Airport Rd,,Lee Hwy,11/29/2018 15:00,2018-11-29,15,1543521600,,,,Property Damage,Front to Rear,No,No,No,No,45,2,No,No,Shoulder and Lap Belt Used,37421,Shoulder and Lap Belt Used,37421,No,No,Daylight,Rain,279,30,17,0,2,7,1543518000,0.88,1.17,202,1,0,38.52,3.38,1,38.52,35.35,2.279,,cloudy,overcast,0,1,0,0,0,0
,35.030887,-85.193962,900 Airport Rd,,Airport Rd,6/23/2019 13:00,2019-06-23,13,1561309200,,,,Property Damage Under,Not Collision with Motor Vehicle in Transport,No,No,No,No,45,1,No,No,,37343,Shoulder and Lap Belt Used,37421,No,No,Daylight,Clear,279,30,17,0,2,7,1561305600,0.58,4.74,228,10,0,93.46,10.67,0,87.65,70.95,6.04,,clear-day,clear,0,0,0,0,1,0
,35.063923,-85.195813,2.7 153 Hwy,,Jersey Pike,1/21/2018 13:00,2018-01-21,13,1516557600,,,,Property Damage,"Sideswipe, Same Direction",No,No,No,No,55,2,No,No,Unknown,29403,Unknown,98406,No,No,Daylight,Clear,457,28,13,1,2,7,1516554000,0.47,1.9,189,3,0,62.69,3.91,0.44,62.69,42.2,8.454,,partly-cloudy-day,partly cloudy,0,1,0,0,0,0
,35.062138,-85.192976,200 Interstate 75 South bound rd,I-75,East ridge,6/18/2018 0:00,2018-06-18,0,1529294400,,,,Property Damage,Not Collision with Motor Vehicle in Transport,No,No,No,No,55,1,No,No,Shoulder and Lap Belt Used,30741,,,No,No,Unknown,Clear,457,28,13,1,2,7,1529290800,0.86,1.44,239,0,0,72.73,4.91,0.44,71.79,67.51,5.842,,partly-cloudy-night,partly cloudy,0,1,0,0,0,0
,35.05986,-85.196231,4120 Jersey Pike,,Jersey Pike,7/19/2018 11:00,2018-07-19,11,1532012400,,,,Property Damage,Other,Yes,No,No,No,,2,No,No,Unknown,Unknown,,37421,,,Daylight,Clear,457,28,13,1,2,7,1532008800,0.62,2.84,8,4,0,81.71,6.05,0.75,79.73,65.68,7.628,,partly-cloudy-day,mostly cloudy,0,1,0,0,0,0
,35.057604,-85.192662,5959 Shallowford Rd,,Shallowford RD,8/31/2018 0:00,2018-08-31,0,1535688000,,,,Property Damage,Angle,No,No,No,No,,2,No,No,Shoulder and Lap Belt Used,30904,,37421,No,No,Unknown,Clear,457,28,13,1,2,7,1535684400,0.89,3.3,40,0,0.052,73.25,9.47,0.75,72.17,68.62,4.26,rain,rain,light rain,1,0,0,0,0,1
,35.05841,-85.192855,4100 Jersey Pike,,Shallowford Rd,3/13/2019 18:00,2019-03-13,18,1552514400,,,,Property Damage,Front to Rear,No,No,No,No,40,2,No,No,DOT Compliant Motorcycle Helmet,37412,Shoulder and Lap Belt Used,37416,No,No,Daylight,Clear,457,28,13,1,2,7,1552510800,0.32,11.19,153,1,0,69.56,25.21,0,69.56,38.29,7.968,,clear-day,clear,0,0,0,0,1,0
,35.056248,-85.193382,5959 Shallowford Rd,,Polymer Dr,6/20/2019 14:00,2019-06-20,14,1561053600,,,,Property Damage,Rear to Side,No,No,No,No,15,2,No,No,Unknown,37416,Unknown,37341,No,No,Daylight,Clear,457,28,13,1,2,7,1561050000,0.64,7.5,215,7,0.013,82.88,19.62,0.4,80.48,67.1,10,rain,partly-cloudy-day,partly cloudy,0,1,0,0,0,0
,35.073411,-85.238067,3490 Campbell St,,New York Avenue,1/22/2018 0:00,2018-01-22,0,1516597200,,,,Property Damage,Not Collision with Motor Vehicle in Transport,Yes,No,No,No,35,1,No,No,,37402,Unknown,Unknown,,,Dark - Lighted,Clear,451,22,13,0,7,13,1516593600,0.77,0.09,180,0,0,48.29,1.03,0,48.29,41.29,8.092,,clear-night,clear,0,0,0,0,1,0
,35.073426,-85.23782,Campbell St,,Bonny Oaks Dr,6/6/2018 16:00,2018-06-06,16,1528315200,,,,Property Damage,Not Collision with Motor Vehicle in Transport,No,No,No,No,30,1,No,No,Shoulder and Lap Belt Used,37404,,,No,No,Daylight,Clear,451,22,13,0,7,13,1528311600,0.34,3.87,334,7,0,88.25,12.28,0.16,88.25,56.31,6.24,,partly-cloudy-day,partly cloudy,0,1,0,0,0,0
,35.073096,-85.238225,Campbell St,SR-3410,Campbell St,11/4/2018 15:00,2018-11-04,15,1541361600,,,,Property Damage,Front to Rear,Yes,No,No,No,30,2,No,No,Shoulder and Lap Belt Used,30741,Unknown,Unknown,No,No,Daylight,Clear,451,22,13,0,7,13,1541358000,0.44,11.46,169,2,0,62.87,19.05,0.63,62.87,40.62,7.786,,partly-cloudy-day,mostly cloudy,0,1,0,0,0,0
,35.104326,-85.229019,153 Highway 153,,S access rd,1/22/2018 19:00,2018-01-22,19,1516665600,,,,Possible Injury,Not Collision with Motor Vehicle in Transport,No,No,No,No,50,1,No,No,Shoulder and Lap Belt Used,37331,,,No,No,Dark - Lighted,Rain,627,21,9,1,9,3,1516662000,0.87,4.36,182,0,0,58.59,7.71,1,58.59,54.85,5.428,,cloudy,overcast,0,1,0,0,0,0
,35.104437,-85.229114,610 Highway 153 Sb,,North Access Rd,1/25/2018 8:00,2018-01-25,8,1516885200,,,,Property Damage,"Sideswipe, Same Direction",No,No,No,No,55,2,No,No,Shoulder and Lap Belt Used,37343,Shoulder and Lap Belt Used,37343,No,No,Daylight,Clear,627,21,9,1,9,3,1516881600,0.84,0,,0,0,28.27,0.15,0,28.27,23.94,9.997,,clear-day,clear,0,0,0,0,1,0
,35.104437,-85.229114,610 Highway 153 Sb,,Amnicola Hwy,11/15/2018 9:00,2018-11-15,9,1542290400,,,,Property Damage,Not Collision with Motor Vehicle in Transport,No,No,No,No,55,1,No,No,Shoulder and Lap Belt Used,37412,,,No,No,Daylight,Rain,627,21,9,1,9,3,1542286800,0.9,6.01,279,1,0.003,36.04,11.63,1,40.24,37.42,2.203,rain,rain,possible drizzle,1,0,0,0,0,1
,35.104437,-85.229114,Highway 153,,N Access Rd,11/19/2018 10:00,2018-11-19,10,1542639600,,,,Property Damage,Front to Rear,No,No,No,No,55,2,No,No,Shoulder and Lap Belt Used,37415,Shoulder and Lap Belt Used,37405,No,No,Daylight,Clear,627,21,9,1,9,3,1542636000,0.75,4.15,195,2,0,52.58,7.29,0.36,52.58,44.81,4.012,,partly-cloudy-day,partly cloudy,0,1,0,0,0,0
,35.104437,-85.229114,610 Highway 153 Sb,,N Access Rd,6/10/2019 16:00,2019-06-10,16,1560196800,,,,Property Damage,Angle,No,No,No,No,55,2,No,No,Shoulder and Lap Belt Used,37412,Shoulder and Lap Belt Used,88101,No,No,Daylight,Clear,627,21,9,1,9,3,1560193200,0.5,8.52,342,6,0,88.68,18.85,0.44,86.53,65.68,7.137,,partly-cloudy-day,partly cloudy,0,1,0,0,0,0
,35.061161,-85.134252,7701 Lee Hwy,,Lee Hwy,1/23/2018 0:00,2018-01-23,0,1516683600,,,,Property Damage,Unknown,Yes,No,No,No,,2,No,No,Unknown,Unknown,,76071,,,Unknown,Unknown,599,35,10,1,2,4,1516680000,0.86,4.6,199,0,0,58.56,13.13,0.44,58.56,54.24,8.91,,partly-cloudy-night,partly cloudy,0,1,0,0,0,0
,35.062271,-85.137823,Bonny Oaks Dr,SR-7400,Lee Hwy,2/5/2018 15:00,2018-02-05,15,1517860800,,,,Property Damage,Front to Rear,No,No,No,No,40,2,No,No,Shoulder and Lap Belt Used,30736,Shoulder and Lap Belt Used,37343,,,Daylight,Cloudy,599,35,10,1,2,4,1517857200,0.59,1.52,48,3,0,39.3,6.2,0,39.3,26.16,6.142,,clear-day,clear,0,0,0,0,1,0
,35.06073,-85.132375,Lee Hwy,,Bonny Oaks Dr,2/20/2018 12:00,2018-02-20,12,1519146000,,,,Property Damage,Front to Rear,No,No,No,No,35,2,No,No,Shoulder and Lap Belt Used,37421,Shoulder and Lap Belt Used,37379,No,No,Daylight,Cloudy,599,35,10,1,2,4,1519142400,0.82,4.53,164,4,0,67.71,12.13,0.79,67.41,61.78,6.108,,partly-cloudy-day,mostly cloudy,0,1,0,0,0,0
,35.060689,-85.134239,Bonny Oaks Dr,,I 75,2/24/2018 15:00,2018-02-24,15,1519502400,,,,Property Damage,Angle,No,No,No,No,45,2,No,No,,37363,Shoulder and Lap Belt Used,20037,No,No,Daylight,Clear,599,35,10,1,2,4,1519498800,0.67,4.91,208,3,0.004,71.32,12.25,1,71.32,59.8,5.298,rain,rain,overcast,1,0,0,0,0,1
,35.0614066,-85.136919,Lee Hwy,,Bonny Oaks Dr,3/29/2018 15:00,2018-03-29,15,1522350000,,,,Property Damage,Front to Rear,No,No,No,No,50,2,No,No,Shoulder and Lap Belt Used,37363,Shoulder and Lap Belt Used,37363,No,No,Daylight,Rain,599,35,10,1,2,4,1522346400,0.57,6.54,184,5,0,73.66,15.46,0.75,73.66,57.72,6.142,,partly-cloudy-day,mostly cloudy,0,1,0,0,0,0
,35.059901,-85.132344,7500 Bonny Oaks Dr,,Lee Hwy,5/16/2018 18:00,2018-05-16,18,1526508000,,,,Property Damage,Front to Rear,No,No,No,No,45,2,No,No,Shoulder and Lap Belt Used,37363,Shoulder and Lap Belt Used,37363,No,No,Daylight,Rain,599,35,10,1,2,4,1526504400,0.79,0.54,333,2,0.005,74.78,2.6,0.46,73.97,67.03,5.647,rain,rain,possible drizzle,1,0,0,0,0,1
,35.061472,-85.134791,700 Interstate,I-75,Bonny Oaks Dr,5/16/2018 18:00,2018-05-16,18,1526508000,,,,Property Damage Under,Front to Rear,No,No,No,No,35,2,No,No,Shoulder and Lap Belt Used,37363,Shoulder and Lap Belt Used,37416,No,No,Daylight,Rain,599,35,10,1,2,4,1526504400,0.79,0.54,333,2,0.005,74.78,2.6,0.46,73.97,67.03,5.647,rain,rain,possible drizzle,1,0,0,0,0,1
,35.061233,-85.131847,7710 Lee Hwy,,Bonnie Oaks Dr,9/8/2018 0:00,2018-09-08,0,1536379200,,,,Property Damage,Unknown,Yes,No,No,No,15,2,No,No,,37763,Unknown,Unknown,,,Unknown,Clear,599,35,10,1,2,4,1536375600,0.83,1.48,113,0,0,76.86,6.28,0.19,75.68,70.2,5.813,,partly-cloudy-night,partly cloudy,0,1,0,0,0,0
,35.060567,-85.135205,7641 Lee Hwy,,Lee Hwy @ Bonny Oaks,10/26/2018 0:00,2018-10-26,0,1540526400,,,,Property Damage Under,Not Collision with Motor Vehicle in Transport,Yes,No,No,No,,1,No,No,,37416,,37350,,,Unknown,Rain,599,35,10,1,2,4,1540522800,0.96,2.69,119,0,0.153,47.47,5.08,1,47.47,46.36,2.048,rain,rain,rain,1,0,0,0,0,1
,35.060689,-85.134239,Bonny Oaks Dr,,Lee Hwy,10/31/2018 17:00,2018-10-31,17,1541019600,,,,Property Damage,Front to Rear,No,No,No,No,45,2,No,No,Shoulder and Lap Belt Used,37323,Shoulder and Lap Belt Used,37302,No,No,Daylight,Clear,599,35,10,1,2,4,1541016000,0.64,6.82,196,1,0,73.21,11.23,0.44,73.17,60.41,6.161,,partly-cloudy-day,partly cloudy,0,1,0,0,0,0
,35.060689,-85.134239,Lee Hwy,,Bonny Oaks Dr,12/23/2018 14:00,2018-12-23,14,1545591600,,,,Property Damage Under,Front to Rear,No,No,No,No,45,2,No,No,Shoulder and Lap Belt Used,37421,Shoulder and Lap Belt Used,37363,No,No,Daylight,Rain,599,35,10,1,2,4,1545588000,0.96,4.38,198,2,0,42.74,7.49,1,44.95,43.95,0.97,,fog,foggy,0,0,1,0,0,0
,35.060567,-85.135205,Highway 153 Sb,,Amnicola Hwy,2/21/2019 0:00,2019-02-21,0,1550725200,,,,Property Damage,"Sideswipe, Same Direction",Yes,No,No,No,55,2,No,No,Shoulder and Lap Belt Used,37421,Unknown,Unknown,No,Yes,Dark - Not Lighted,Rain,599,35,10,1,2,4,1550721600,0.99,2.63,222,0,0,47.87,7.92,1,47.87,47.68,7.641,,cloudy,overcast,0,1,0,0,0,0
,35.0597765,-85.135614,7650 Lee Hwy,US-11,Bonny Oaks Dr,4/10/2019 7:00,2019-04-10,7,1554894000,,,,Property Damage,Angle,No,No,No,No,40,2,No,No,Shoulder and Lap Belt Used,37421,Shoulder and Lap Belt Used,37211,No,No,Daylight,Clear,599,35,10,1,2,4,1554890400,0.84,2.89,342,0,0,53.95,7.09,0,53.95,49.25,4.092,,clear-night,clear,0,0,0,0,1,0
,35.061233,-85.131847,7710 Lee Hwy,,Bonny Oaks Dr,5/24/2019 0:00,2019-05-24,0,1558670400,,,,Property Damage,Not Collision with Motor Vehicle in Transport,Yes,No,No,No,15,1,No,No,Unknown,Unknown,,,,,Unknown,Clear,599,35,10,1,2,4,1558666800,0.8,1.27,258,0,0,75.14,2.86,0,74.26,67.67,6.181,,clear-night,clear,0,0,0,0,1,0
,35.0611034,-85.138649,7200 Shallowford Road,,On Ramp from I-75N,6/1/2019 22:00,2019-06-01,22,1559440800,,,,Property Damage,Angle,No,No,No,No,35,2,No,No,,18704,Shoulder and Lap Belt Used,37421,No,No,Dark - Lighted,Clear,599,35,10,1,2,4,1559437200,0.62,1.83,286,0,0,74.33,3.73,0.19,74.29,60.39,5.541,,partly-cloudy-night,partly cloudy,0,1,0,0,0,0
,35.081645,-85.16736,Basswood Dr,,Basswood Ln,1/23/2018 13:00,2018-01-23,13,1516730400,,,,Property Damage Under,Front to Rear,Yes,No,No,No,25,2,No,No,Unknown,37341,,37416,,,Daylight,Clear,636,30,9,0,2,3,1516726800,0.48,5.35,275,3,0,50.74,10.93,0.4,50.74,31.55,8.893,,partly-cloudy-day,partly cloudy,0,1,0,0,0,0
,35.078948,-85.168449,Holiday Hills Cir,,Nautical Way,2/24/2018 23:00,2018-02-24,23,1519531200,,,,Property Damage,Unknown,Yes,No,No,No,25,2,No,No,Unknown,Unknown,,37416,,,Dark - Lighted,Rain,636,30,9,0,2,3,1519527600,0.78,3.62,190,0,0.015,66.98,9.12,0.84,66.92,59.83,9.997,rain,rain,possible drizzle,1,0,0,0,0,1
,35.0782882,-85.171829,8200 Apison Pike,,Old Lee Hwy,12/27/2018 15:00,2018-12-27,15,1545940800,,,,Property Damage,Not Collision with Motor Vehicle in Transport,No,No,No,No,45,1,No,No,Shoulder and Lap Belt Used,37363,,,No,No,Daylight,Clear,636,30,9,0,2,3,1545937200,0.72,11.51,163,1,0,55.77,24.46,1,55.77,46.85,8.497,,cloudy,overcast,0,1,0,0,0,0
,35.059427,-85.256593,2000 Dodson Ave,,Ruby Street,1/25/2018 0:00,2018-01-25,0,1516856400,,,,Property Damage,Not Collision with Motor Vehicle in Transport,Yes,No,No,No,35,1,No,No,,37402,Shoulder and Lap Belt Used,37341,,,Unknown,Clear,315,21,16,0,7,11,1516852800,0.66,0.07,270,0,0,34.98,1.27,0,34.98,24.74,7.904,,clear-night,clear,0,0,0,0,1,0
,35.062245,-85.257486,Glass St,US-11,Roanoke,5/23/2018 16:00,2018-05-23,16,1527105600,,,,Property Damage Under,Rear to Side,No,No,No,No,15,2,No,No,Shoulder and Lap Belt Used,37363,None Used MV Occupant,37406,No,No,Daylight,Clear,315,21,16,0,7,11,1527102000,0.5,6.01,23,5,0,88.07,10.45,0.68,86.13,65.3,3.666,,partly-cloudy-day,mostly cloudy,0,1,0,0,0,0
,35.060987,-85.255979,Dodson Ave,,Bachman,9/29/2018 18:00,2018-09-29,18,1538258400,,,,Property Damage,Not Collision with Motor Vehicle in Transport,No,No,No,No,30,1,No,No,Shoulder and Lap Belt Used,37406,,,No,No,Daylight,Clear,315,21,16,0,7,11,1538254800,0.52,5,56,1,0,82.24,8.08,0.38,81.3,61.76,3.261,,partly-cloudy-day,partly cloudy,0,1,0,0,0,0
,35.0608533,-85.259502,300 Glenwood Dr,,East 5th St,12/27/2018 13:00,2018-12-27,13,1545933600,,,,Property Damage Under,Front to Rear,No,No,No,No,30,2,No,No,Shoulder and Lap Belt Used,37411,Shoulder and Lap Belt Used,30161,No,No,Daylight,Cloudy,315,21,16,0,7,11,1545930000,0.75,7.61,182,2,0,51.45,27.22,1,51.45,43.82,7.945,,cloudy,overcast,0,1,0,0,0,0
,35.0610594,-85.259195,2499 Glass St,,North Chamberlain Ave,2/13/2019 14:00,2019-02-13,14,1550084400,,,,Property Damage Under,Unknown,Yes,No,No,No,35,2,No,No,,37404,Unknown,Unknown,,,Daylight,Clear,315,21,16,0,7,11,1550080800,0.26,7,279,4,0,50.53,14.19,0,50.53,16.58,10,,clear-day,clear,0,0,0,0,1,0
,35.0610004,-85.259272,1548 Riverside Dr,,Wilcox Blvd,2/20/2019 9:00,2019-02-20,9,1550671200,,,,Property Damage Under,Not Collision with Motor Vehicle in Transport,No,No,No,No,15,1,No,No,,37406,Shoulder and Lap Belt Used,32r1h,No,No,Daylight,Clear,315,21,16,0,7,11,1550667600,0.88,8.34,202,1,0,38.52,16.74,1,43.37,40.02,7.534,,cloudy,overcast,0,1,0,0,0,0
,35.0607849,-85.259366,Wilder St,,Campbell St,4/12/2019 21:00,2019-04-12,21,1555117200,,,,Property Damage,"Sideswipe, Opposite Direction",Yes,No,No,No,30,2,No,No,Shoulder and Lap Belt Used,37416,Unknown,Unknown,No,No,Dark - Lighted,Clear,315,21,16,0,7,11,1555113600,0.58,3.44,331,0,0,68.87,6.95,0.75,68.87,53.36,5.902,,partly-cloudy-night,mostly cloudy,0,1,0,0,0,0
,35.06347,-85.254705,Glass St,,Dodson Ave,6/23/2019 20:00,2019-06-23,20,1561334400,,,,Suspected Minor Injury,Angle,No,No,Yes,No,30,2,No,No,,37406,Shoulder and Lap Belt Used,37421,No,Yes,Daylight,Clear,315,21,16,0,7,11,1561330800,0.72,3.79,124,0,0,84.73,5.45,0.65,80.87,70.99,2.722,,partly-cloudy-day,mostly cloudy,0,1,0,0,0,0
,35.10978,-85.286424,526 Semi Circle Dr,,Knollwood hills dr,1/25/2018 9:00,2018-01-25,9,1516888800,,,,Property Damage,Not Collision with Motor Vehicle in Transport,No,No,No,No,25,1,No,No,Shoulder and Lap Belt Used,37415,,,No,No,Daylight,Clear,533,14,11,0,7,16,1516885200,0.79,0.08,355,0,0,31.73,0.31,0,31.73,26.11,9.997,,clear-day,clear,0,0,0,0,1,0
,35.1077815,-85.292914,1410 August Dr,,Cloverdale Cir,7/13/2018 21:00,2018-07-13,21,1531530000,,,,Property Damage Under,Not Collision with Motor Vehicle in Transport,Yes,No,No,No,30,1,No,No,,37343,Unknown,Unknown,,,Dark - Not Lighted,Clear,533,14,11,0,7,16,1531526400,0.72,2.53,317,0,0,89.12,5.99,0.68,83.14,73.01,8.486,,partly-cloudy-night,humid and mostly cloudy,0,1,0,0,0,0
,35.108803,-85.289487,3300 Easton Ave,,Haywood Ave,12/11/2018 8:00,2018-12-11,8,1544533200,,,,Property Damage,Not Collision with Motor Vehicle in Transport,No,No,No,No,30,1,No,No,Shoulder and Lap Belt Used,37405,,,No,No,Daylight,Other,533,14,11,0,7,16,1544529600,0.81,1.03,302,0,0,27.82,5.76,0.75,27.82,22.62,5.575,,partly-cloudy-day,mostly cloudy,0,1,0,0,0,0
,35.108385,-85.287572,3387 Easton Ave,,Haywood Ave,12/31/2018 16:00,2018-12-31,16,1546290000,,,,Possible Injury,Head On,No,No,Yes,No,30,2,No,No,Shoulder and Lap Belt Used,37415,Shoulder and Lap Belt Used,37311,No,No,Daylight,Clear,533,14,11,0,7,16,1546286400,0.67,12.87,187,1,0,70.61,25.69,0.78,70.61,59.31,7.728,,partly-cloudy-day,mostly cloudy,0,1,0,0,0,0
,35.0488796,-85.261197,1100 Interstate 75 NB Ramp,,Lee Highway,1/25/2018 9:00,2018-01-25,9,1516888800,,,,Possible Injury,"Sideswipe, Same Direction",No,No,No,No,35,2,No,No,Shoulder and Lap Belt Used,37416,Shoulder and Lap Belt Used,35214,No,No,Daylight,Clear,231,21,18,0,7,8,1516885200,0.81,0.18,357,0,0,31.27,0.5,0,31.27,26.12,9.997,,clear-day,clear,0,0,0,0,1,0
,35.0510674,-85.25919,8935 Lee Hwy,,Interstate 75 Sb,3/23/2018 15:00,2018-03-23,15,1521831600,,,,Property Damage,Front to Rear,No,No,No,No,40,2,No,No,Shoulder and Lap Belt Used,37363,Shoulder and Lap Belt Used,37415,No,No,Daylight,Clear,231,21,18,0,7,8,1521828000,0.38,1.71,77,5,0,56.75,5.16,0.75,56.75,31.45,5.646,,partly-cloudy-day,mostly cloudy,0,1,0,0,0,0
,35.047743,-85.26319,Dodson Ave,,Windsor St,5/10/2018 14:00,2018-05-10,14,1525975200,,,,Property Damage,Angle,No,No,No,No,20,2,No,No,Shoulder and Lap Belt Used,37402,Shoulder and Lap Belt Used,37404,No,No,Daylight,Clear,231,21,18,0,7,8,1525971600,0.46,3.01,257,8,0,84.87,8.77,0.44,84.46,61.45,3.166,,partly-cloudy-day,partly cloudy,0,1,0,0,0,0
,35.050976,-85.261731,2300 Wilson St,,Wilson St,5/22/2018 17:00,2018-05-22,17,1527022800,,,,Property Damage,Rear to Side,No,No,No,No,,2,No,No,Lap Belt Only,37406,,37402,No,No,Daylight,Cloudy,231,21,18,0,7,8,1527019200,0.68,4.47,183,4,0,83.61,8.97,0.41,80.58,69.04,3.654,,partly-cloudy-day,partly cloudy,0,1,0,0,0,0
,35.050312,-85.256935,1400 N Chamberlain Ave,,Wilcox Blvd,6/29/2018 12:00,2018-06-29,12,1530288000,,,,Property Damage Under,Angle,No,No,No,No,15,2,No,No,Shoulder and Lap Belt Used,37404,,37406,No,No,Daylight,Clear,231,21,18,0,7,8,1530284400,0.83,4.27,23,4,0,76.86,8.34,1,75.71,70.03,3.304,,cloudy,overcast,0,1,0,0,0,0
,35.0462147,-85.26361,3999 Wilcox Blvd,,Moore Rd,10/17/2018 15:00,2018-10-17,15,1539802800,,,,Property Damage,Front to Rear,No,No,No,No,35,2,No,No,Shoulder and Lap Belt Used,37421,Shoulder and Lap Belt Used,37406,No,No,Daylight,Clear,231,21,18,0,7,8,1539799200,0.34,5.74,15,4,0,67.94,10.89,0.38,67.94,38.69,6.22,,partly-cloudy-day,partly cloudy,0,1,0,0,0,0
,35.0480579,-85.263776,3000 New York Ave,,Pennsyvania Ave,11/1/2018 16:00,2018-11-01,16,1541102400,,,,Property Damage,Front to Rear,No,No,No,No,30,2,No,No,Shoulder and Lap Belt Used,37341,Shoulder and Lap Belt Used,37404,No,No,Daylight,Rain,231,21,18,0,7,8,1541098800,0.88,8.39,180,2,0.042,66.08,14.77,0.97,65.66,62.14,3.909,rain,rain,light rain,1,0,0,0,0,1
,35.050319,-85.261741,Dodson Ave,,Laura St,12/21/2018 12:00,2018-12-21,12,1545411600,,,,Property Damage,Front to Rear,Yes,No,No,No,30,2,No,No,Unknown,Unknown,Shoulder and Lap Belt Used,37412,No,No,Daylight,Rain,231,21,18,0,7,8,1545408000,0.9,8.28,296,2,0.029,39.13,15.76,0.97,43.84,40.96,3.234,rain,rain,light rain,1,0,0,0,0,1
,35.050575,-85.262726,2109 Laura St,,Dodson Ave,4/7/2019 0:00,2019-04-07,0,1554609600,,,,Property Damage,Unknown,Yes,No,No,No,25,2,No,No,,37406,Unknown,Unknown,,,Daylight,Cloudy,231,21,18,0,7,8,1554606000,0.77,4.32,158,0,0,65.2,8.01,0.48,65.2,57.9,6.188,,partly-cloudy-night,partly cloudy,0,1,0,0,0,0
,35.046597,-85.263677,Dodson Ave,SR-911,Rawlings St,4/18/2019 19:00,2019-04-18,19,1555628400,,,,Possible Injury,Not Collision with Motor Vehicle in Transport,Yes,No,Yes,No,40,1,Yes,No,Unknown,37406,Unknown,Unknown,No,No,Dark - Lighted,Clear,231,21,18,0,7,8,1555624800,0.45,7.75,181,0,0,76.68,17.24,0.44,76.68,53.46,2.855,,partly-cloudy-day,partly cloudy,0,1,0,0,0,0
,35.048367,-85.264587,2101 Windsor St,,N Willow St,5/2/2019 0:00,2019-05-02,0,1556769600,,,,Property Damage Under,Unknown,Yes,No,No,No,30,2,No,No,,37404,Unknown,Unknown,,,Unknown,Unknown,231,21,18,0,7,8,1556766000,0.93,3.8,214,0,0.004,68.78,10.15,1,67.94,65.73,2.651,rain,rain,possible drizzle,1,0,0,0,0,1
,35.046482,-85.259399,N Chamberlain Ave,,WINDSOR,5/7/2019 1:00,2019-05-07,1,1557205200,,,,Suspected Serious Injury,Angle,No,No,Yes,No,30,2,No,No,Restraint Used Type Unknown,37411,Restraint Used Type Unknown,37410,No,No,Dark - Lighted,Clear,231,21,18,0,7,8,1557201600,0.86,1.61,317,0,0,58.02,4.14,0,58.02,53.76,4.281,,clear-night,clear,0,0,0,0,1,0
,35.00405,-85.14977,8100 E Brainerd Rd,US-11,1100 Graysville Rd.,1/25/2018 16:00,2018-01-25,16,1516914000,,,,Property Damage Under,Front to Rear,No,No,No,No,35,2,No,No,Shoulder and Lap Belt Used,37421,Shoulder and Lap Belt Used,37421,No,No,Daylight,Clear,212,37,19,0,7,15,1516910400,0.34,1.57,21,1,0,53.68,3.82,0,53.68,25.78,8.636,,clear-day,clear,0,0,0,0,1,0
,34.999,-85.149366,Graysville Rd,,Foster Rd,2/9/2018 21:00,2018-02-09,21,1518228000,,,,Property Damage,Not Collision with Motor Vehicle in Transport,No,No,No,No,45,1,No,No,,37421,Shoulder and Lap Belt Used,37412,No,No,Dark - Lighted,Cloudy,212,37,19,0,7,15,1518224400,0.51,2.9,154,0,0,56.58,7.19,0,56.58,38.45,3.751,,clear-night,clear,0,0,0,0,1,0
,35.000316,-85.150479,8115 Dudley Rd,,James Ave,4/29/2018 11:00,2018-04-29,11,1525014000,,,,Property Damage,Not Collision with Motor Vehicle in Transport,No,No,No,No,35,1,No,No,Shoulder and Lap Belt Used,37421,,,No,No,Daylight,Clear,212,37,19,0,7,15,1525010400,0.4,4.43,45,6,0,56.62,12.03,0,56.62,32.67,5.629,,clear-day,clear,0,0,0,0,1,0
,35.003839,-85.149259,770 Highway 153 South,,Amnicola,5/5/2018 6:00,2018-05-05,6,1525514400,,,,Property Damage,Not Collision with Motor Vehicle in Transport,No,No,No,No,55,1,No,No,Shoulder and Lap Belt Used,37343,,,No,No,Dawn,Clear,212,37,19,0,7,15,1525510800,0.84,0.18,97,0,0,65.09,0.41,0.69,64.97,59.9,5.685,,partly-cloudy-night,mostly cloudy,0,1,0,0,0,0