Accident,Latitude,Longitude,Street,AltStreet,Intersection,DateTime,Date,Hour,Unix,WeekDay,WeekEnd,DayFrame,AccidentType,CollisionType,HaR,FatalInjury,MedicalTransport,InvolvedPlacardedTruck,PostedSpeed,TotalVehiclesInvolved,PedestrianInvolved,BicycleInvolved,DriverOneSafetyEquipment,DriverOneZip,DriverTwoSafetyEquipment,DriverTwoZip,Drug,Alcohol,LightCondition,Weather,Grid_Block,Grid_Col,Grid_Row,Highway,Land_Use_Mode,Road_Count,HourBefore,humidity,windSpeed,windBearing,uvIndex,precipIntensity,apparentTemperature,windGust,cloudCover,temperature,dewPoint,visibility,precipType,Event,Conditions,Rain,Cloudy,Foggy,Snow,Clear,RainBefore
,34.9986752,-85.148806,1000 Graysville Rd,,Foster St,5/10/2018 16:00,2018-05-10,16,1525982400,,,,Possible Injury,Other,No,No,No,No,40,2,No,No,Shoulder and Lap Belt Used,30736,DOT Compliant Motorcycle Helmet,33458,No,No,Daylight,Rain,212,37,19,0,7,15,1525978800,0.69,2.68,286,5,0.046,72.68,8.06,0.75,72.49,61.75,5.407,rain,rain,possible light rain,1,0,0,0,0,1
,35.003975,-85.149572,8140 E Brainerd Rd,,Graysville Road,6/8/2018 1:00,2018-06-08,1,1528434000,,,,Property Damage,Not Collision with Motor Vehicle in Transport,No,No,No,No,40,1,No,No,Shoulder and Lap Belt Used,37404,,,No,No,Dark - Lighted,Clear,212,37,19,0,7,15,1528430400,0.74,1.12,19,0,0,68.72,6.31,0,68.67,60.12,6.012,,clear-night,clear,0,0,0,0,1,0
,35.0043199,-85.150223,7500 E Brainerd Rd,SR-7500,Stratton Pl Dr,6/21/2018 8:00,2018-06-21,8,1529582400,,,,Property Damage,Front to Rear,No,No,No,No,40,2,No,No,Shoulder and Lap Belt Used,37302,Shoulder and Lap Belt Used,37421,No,No,Daylight,Clear,212,37,19,0,7,15,1529578800,0.94,1.1,274,1,0.024,74.38,5.33,1,72.95,71.24,3.24,rain,rain,light rain,1,0,0,0,0,1
,35.004771,-85.151653,8000 E Brainerd Rd,SR-8000,Graysville Rd,8/2/2018 12:00,2018-08-02,12,1533225600,,,,Property Damage Under,Front to Rear,No,No,No,No,40,2,No,No,Shoulder and Lap Belt Used,37343,Shoulder and Lap Belt Used,37421,No,No,Daylight,Rain,212,37,19,0,7,15,1533222000,0.94,3.42,73,4,0.063,72.38,7.41,1,71.14,69.39,6.349,rain,rain,light rain,1,0,0,0,0,1
,34.9981808,-85.148715,1000 Graysville Rd,,E Brainerd Rd,9/27/2018 12:00,2018-09-27,12,1538064000,,,,Property Damage,Angle,No,No,No,No,40,2,No,No,Shoulder and Lap Belt Used,37421,Shoulder and Lap Belt Used,30736,No,No,Daylight,Rain,212,37,19,0,7,15,1538060400,0.95,5.09,189,4,0.003,72.95,11.28,1,71.63,70.1,1.954,rain,rain,drizzle,1,0,0,0,0,1
,35.003454,-85.146585,2100 Morris Hill Rd,,Colonial Parkway Dr,11/17/2018 23:00,2018-11-17,23,1542513600,,,,Property Damage Under,Not Collision with Motor Vehicle in Transport,No,No,No,No,35,1,No,No,Shoulder and Lap Belt Used,37421,,,No,Yes,Dark - Lighted,Clear,212,37,19,0,7,15,1542510000,0.88,1.28,352,0,0,41.33,4.26,0,41.33,38.12,3.306,,clear-night,clear,0,0,0,0,1,0
,35.003258,-85.149973,1069 Graysville Rd,,E Brainered Rd,12/12/2018 17:00,2018-12-12,17,1544652000,,,,Property Damage,Other,No,No,No,No,30,2,No,No,Shoulder and Lap Belt Used,30736,Shoulder and Lap Belt Used,30736,No,No,Dark - Lighted,Clear,212,37,19,0,7,15,1544648400,0.52,4.66,190,0,0,45.88,10.11,0,47.82,30.88,2.915,,clear-day,clear,0,0,0,0,1,0
,35.003393,-85.15139,Julian Rd,,Thelmeta Av,3/6/2019 15:00,2019-03-06,15,1551902400,,,,Property Damage Under,Front to Rear,No,No,No,No,20,2,No,No,Shoulder and Lap Belt Used,37421,Shoulder and Lap Belt Used,30736,No,No,Daylight,Clear,212,37,19,0,7,15,1551898800,0.26,2.26,17,4,0,40.3,9.29,0,40.3,8.16,5.931,,clear-day,clear,0,0,0,0,1,0
,35.00348,-85.14933,Graysville Rd,SR-20,E Brainerd Rd,5/7/2019 0:00,2019-05-07,0,1557201600,,,,Possible Injury,Other,No,No,Yes,No,25,2,No,No,,47837,Shoulder and Lap Belt Used,30741,No,No,Unknown,Unknown,212,37,19,0,7,15,1557198000,0.81,0.96,327,0,0,59.73,2.97,0,59.73,53.99,5.104,,clear-night,clear,0,0,0,0,1,0
,35.065702,-85.313496,Cherokee Blvd,,W Manning St,1/25/2018 17:00,2018-01-25,17,1516917600,,,,Property Damage Under,Not Collision with Motor Vehicle in Transport,No,No,No,No,30,1,Yes,No,Unknown,37405,Shoulder and Lap Belt Used,37415,No,No,Daylight,Clear,224,14,18,0,7,32,1516914000,0.34,0.74,60,0,0,53.42,2.69,0,53.42,25.73,7.462,,clear-day,clear,0,0,0,0,1,0
,35.063562,-85.310268,Manufacturers Rd,,Cherokee Blvd.,1/27/2018 14:00,2018-01-27,14,1517079600,,,,Property Damage,Front to Rear,No,No,No,No,30,2,No,No,Shoulder and Lap Belt Used,37421,Shoulder and Lap Belt Used,37363,No,No,Daylight,Clear,224,14,18,0,7,32,1517076000,0.68,3.32,187,3,0,56.19,8.47,0.75,56.19,45.85,9.323,,partly-cloudy-day,mostly cloudy,0,1,0,0,0,0
,35.063562,-85.310268,200 Velma St,,Cherokee Blvd,3/20/2018 0:00,2018-03-20,0,1521518400,,,,Property Damage,Other,No,No,No,No,25,2,No,No,Shoulder and Lap Belt Used,37405,Shoulder and Lap Belt Used,37405,No,No,Unknown,Unknown,224,14,18,0,7,32,1521514800,0.93,0.23,266,0,0.013,58.1,0.94,0.75,58.1,55.95,2.858,rain,rain,possible drizzle,1,0,0,0,0,1
,35.063987,-85.311029,200 Cherokee Blvd,,Spears ave,5/23/2018 10:00,2018-05-23,10,1527084000,,,,Property Damage,"Sideswipe, Same Direction",No,No,No,No,35,2,No,No,Shoulder and Lap Belt Used,30741,Shoulder and Lap Belt Used,37405,No,No,Daylight,Clear,224,14,18,0,7,32,1527080400,0.79,0.75,38,4,0,75.17,3.72,0.44,74.31,67.51,2.873,,partly-cloudy-day,partly cloudy,0,1,0,0,0,0
,35.066783,-85.309075,N Market St,,Bush St,6/8/2018 17:00,2018-06-08,17,1528491600,,,,Property Damage Under,Head On,No,No,No,No,20,2,No,No,Shoulder and Lap Belt Used,37312,None Used MV Occupant,37405,No,No,Daylight,Clear,224,14,18,0,7,32,1528488000,0.45,3.93,113,4,0,90.31,7.3,0.68,88.65,64.53,5.578,,partly-cloudy-day,mostly cloudy,0,1,0,0,0,0
,35.0643126,-85.310244,1185 Mountain Creek Rd,,Mountain Creek Rd,6/14/2018 20:00,2018-06-14,20,1529020800,,,,Property Damage Under,Angle,Yes,No,No,No,15,2,No,No,,37343,,37404,,,Daylight,Clear,224,14,18,0,7,32,1529017200,0.6,2.78,358,0,0,90.62,6.6,0.44,85.79,70.2,3.616,,partly-cloudy-day,partly cloudy,0,1,0,0,0,0
,35.068138,-85.312072,300 W Bell Ave,,Bell ave,6/21/2018 18:00,2018-06-21,18,1529618400,,,,Property Damage,Angle,Yes,No,No,No,35,2,No,No,,37916,Unknown,Unknown,,,Daylight,Clear,224,14,18,0,7,32,1529614800,0.65,6.79,224,2,0,87.34,15.39,0.75,83.18,70.07,7.258,,partly-cloudy-day,mostly cloudy,0,1,0,0,0,0
,35.063591,-85.311248,100 Cherokee Blvd,,Manufacturers Rd,6/24/2018 14:00,2018-06-24,14,1529863200,,,,Property Damage Under,"Sideswipe, Same Direction",No,No,No,No,,2,No,No,,30707,Shoulder and Lap Belt Used,37405,No,No,Daylight,Clear,224,14,18,0,7,32,1529859600,0.57,5.31,242,8,0,96.55,12.56,0.47,89.28,72.15,7.082,,partly-cloudy-day,humid and partly cloudy,0,1,0,0,0,0
,35.064697,-85.313699,400 Somerville Ave,,Cherokee Blvd,7/3/2018 7:00,2018-07-03,7,1530615600,,,,Property Damage Under,Not Collision with Motor Vehicle in Transport,No,No,No,No,25,1,Yes,No,Unknown,30094,Shoulder and Lap Belt Used,37406,No,No,Daylight,Clear,224,14,18,0,7,32,1530612000,0.91,3.14,65,0,0,76.34,5.45,0.68,74.87,72.09,3.407,,partly-cloudy-day,humid and mostly cloudy,0,1,0,0,0,0
,35.069157,-85.310752,600 Snow St,,Guild Street,7/15/2018 1:00,2018-07-15,1,1531630800,,,,Property Damage,"Sideswipe, Same Direction",Yes,No,No,No,25,2,No,No,,37135,Shoulder and Lap Belt Used,37405,No,No,Dark - Lighted,Clear,224,14,18,0,7,32,1531627200,0.87,3.3,179,0,0,77.39,7.61,0.07,75.98,72,2.552,,clear-night,clear,0,0,0,0,1,0
,35.069675,-85.310213,621 Spears Ave,,Chambliss St,8/16/2018 0:00,2018-08-16,0,1534392000,,,,Property Damage,Unknown,Yes,No,No,No,25,2,No,No,Unknown,Unknown,,37405,,,Unknown,Unknown,224,14,18,0,7,32,1534388400,0.86,1.85,121,0,0,77.09,4.48,0.39,75.79,71.14,2.282,,partly-cloudy-night,partly cloudy,0,1,0,0,0,0
,35.069158,-85.30894,641 N Market St,,Bell Ave,8/21/2018 0:00,2018-08-21,0,1534824000,,,,Property Damage,Front to Rear,No,No,No,No,30,2,No,No,Shoulder and Lap Belt Used,30736,Shoulder and Lap Belt Used,37377,No,No,Unknown,Cloudy,224,14,18,0,7,32,1534820400,0.87,5.55,193,0,0,77.68,11.77,0.72,76.28,71.98,3.012,,partly-cloudy-night,mostly cloudy,0,1,0,0,0,0
,35.066074,-85.31058,W Manning St,,Spears Ave,8/27/2018 8:00,2018-08-27,8,1535371200,,,,Property Damage,Angle,No,No,No,No,25,2,No,No,Shoulder and Lap Belt Used,37110,Shoulder and Lap Belt Used,37379,No,No,Daylight,Clear,224,14,18,0,7,32,1535367600,0.84,1.72,78,0,0,72.09,4.55,0.27,71.3,66.32,2.547,,partly-cloudy-day,partly cloudy,0,1,0,0,0,0
,35.069054,-85.311535,E 7th St,,Georgia Ave,8/31/2018 15:00,2018-08-31,15,1535742000,,,,Property Damage,Angle,No,No,No,No,25,2,No,No,Shoulder and Lap Belt Used,30755,Shoulder and Lap Belt Used,30736,No,No,Daylight,Clear,224,14,18,0,7,32,1535738400,0.6,4.92,159,5,0,89.83,8.8,0.72,85.35,69.81,1.799,,fog,foggy,0,0,1,0,0,0
,35.063562,-85.310268,100 Cherokee Blvd,,Manufacturers Rd,9/28/2018 15:00,2018-09-28,15,1538161200,,,,Property Damage,Front to Rear,No,No,No,No,35,2,No,No,Shoulder and Lap Belt Used,37343,Shoulder and Lap Belt Used,37412,No,No,Daylight,Clear,224,14,18,0,7,32,1538157600,0.65,2.96,307,4,0,77.87,5.9,0.77,77.38,64.71,7.123,,partly-cloudy-day,mostly cloudy,0,1,0,0,0,0
,35.065702,-85.313496,323 Cherokee Blvd,SR-323,W Manning St,9/28/2018 19:00,2018-09-28,19,1538175600,,,,Property Damage,Front to Rear,Yes,No,No,No,35,2,No,No,Unknown,37404,Unknown,Unknown,No,No,Dark - Lighted,Clear,224,14,18,0,7,32,1538172000,0.7,1.74,346,0,0,78.23,6.36,0.75,77.48,67.03,7.031,,partly-cloudy-day,mostly cloudy,0,1,0,0,0,0
,35.0682393,-85.309964,Chestnut St,,W Main St,10/11/2018 16:00,2018-10-11,16,1539288000,,,,Property Damage,Front to Rear,No,No,No,No,30,2,No,No,Shoulder and Lap Belt Used,33701,Shoulder and Lap Belt Used,38119,No,No,Daylight,Clear,224,14,18,0,7,32,1539284400,0.46,9,317,4,0,72.75,16.75,0.17,72.75,50.67,5.032,,partly-cloudy-day,partly cloudy,0,1,0,0,0,0
,35.068724,-85.311177,Alton Park Blvd,,W 33th St,10/26/2018 17:00,2018-10-26,17,1540587600,,,,Property Damage,Not Collision with Motor Vehicle in Transport,No,No,No,No,30,1,No,No,Shoulder and Lap Belt Used,27360,,,No,No,Daylight,Clear,224,14,18,0,7,32,1540584000,0.88,5.48,191,1,0,53.61,11.36,1,53.61,50.11,3.782,,cloudy,overcast,0,1,0,0,0,0
,35.064511,-85.309942,300 W Kent St,,Velma St,11/11/2018 11:00,2018-11-11,11,1541952000,,,,Property Damage,Angle,No,No,No,No,20,2,No,No,Shoulder and Lap Belt Used,37075,Shoulder and Lap Belt Used,37405,No,No,Daylight,Clear,224,14,18,0,7,32,1541948400,0.5,2.53,79,3,0,43.39,8.18,0.39,43.39,26,4.746,,partly-cloudy-day,partly cloudy,0,1,0,0,0,0
,35.063827,-85.31179,300 Cherokee Blvd,,Minor St,11/13/2018 9:00,2018-11-13,9,1542117600,,,,Property Damage,Front to Rear,No,No,No,No,30,2,No,No,Shoulder and Lap Belt Used,37397,Shoulder and Lap Belt Used,37377,No,No,Daylight,Rain,224,14,18,0,7,32,1542114000,0.91,5.04,348,1,0.001,43.93,10.88,1,46.37,43.98,2.776,rain,cloudy,overcast,0,1,0,0,0,0
,35.06722,-85.315031,501 Cherokee Blvd,,Spring St,1/26/2019 19:00,2019-01-26,19,1548547200,,,,Property Damage,"Sideswipe, Same Direction",Yes,No,No,No,35,2,No,No,,37363,Unknown,Unknown,,,Unknown,Unknown,224,14,18,0,7,32,1548543600,0.52,3,227,0,0,41.27,6.69,0,42.57,26.03,7.659,,clear-night,clear,0,0,0,0,1,0
,35.065832,-85.310289,Spears Ave,,W Manning St,3/20/2019 10:00,2019-03-20,10,1553090400,,,,Property Damage,Angle,No,No,No,No,30,2,No,No,Shoulder and Lap Belt Used,37343,Shoulder and Lap Belt Used,37415,No,No,Daylight,Clear,224,14,18,0,7,32,1553086800,0.55,1.93,139,2,0,43.37,6.46,0,43.37,28.32,6.811,,clear-day,clear,0,0,0,0,1,0
,35.0663855,-85.308991,4505 Eldridge Rd,,Delashmitt Rd,3/29/2019 17:00,2019-03-29,17,1553893200,,,,Suspected Serious Injury,Not Collision with Motor Vehicle in Transport,No,No,Yes,No,25,1,No,No,None Used MV Occupant,37343,,,No,No,Daylight,Clear,224,14,18,0,7,32,1553889600,0.32,6.42,194,3,0,72.02,12.11,0.68,72.02,40.23,5.07,,partly-cloudy-day,mostly cloudy,0,1,0,0,0,0
,35.064137,-85.310006,250 Velma St,,Cherokee Blvd,5/4/2019 14:00,2019-05-04,14,1556992800,,,,Property Damage,"Sideswipe, Same Direction",Yes,No,No,No,15,2,No,No,Unknown,Unknown,None Used MV Occupant,37343,No,No,Daylight,Clear,224,14,18,0,7,32,1556989200,0.85,3.64,159,6,0.056,70.25,6.98,0.75,69.58,65,7.559,rain,rain,light rain,1,0,0,0,0,1
,35.065832,-85.314882,Stringer St,SR-200,W Manning St,6/4/2019 0:00,2019-06-04,0,1559620800,,,,Property Damage,"Sideswipe, Opposite Direction",Yes,No,No,No,30,2,No,No,Unknown,Unknown,,37405,,,Daylight,Cloudy,224,14,18,0,7,32,1559617200,0.52,4.84,19,0,0,70.88,9.86,0.44,70.88,52.49,8.289,,partly-cloudy-night,partly cloudy,0,1,0,0,0,0
,35.025175,-85.218099,1010 N Moore Rd,,N Moore Rd,1/25/2018 17:00,2018-01-25,17,1516917600,,,,Property Damage Under,Not Collision with Motor Vehicle in Transport,Yes,No,No,No,20,1,Yes,No,Unknown,37411,Unknown,Unknown,No,No,Daylight,Clear,203,28,19,0,2,5,1516914000,0.33,1.33,27,0,0,53.75,3.15,0,53.75,25.02,8.224,,clear-day,clear,0,0,0,0,1,0
,35.019015,-85.321478,3100 Broad St,,W 31st St,1/25/2018 19:00,2018-01-25,19,1516924800,,,,Property Damage,Front to Rear,Yes,No,No,No,35,2,No,No,Shoulder and Lap Belt Used,37419,Unknown,Unknown,No,No,Dark - Lighted,Clear,28,16,25,0,5,10,1516921200,0.44,0,,0,0,46.77,0.33,0.14,46.77,25.79,9.997,,partly-cloudy-night,partly cloudy,0,1,0,0,0,0
,35.018541,-85.322284,3209 Broad St,,Watson Ct,2/14/2018 12:00,2018-02-14,12,1518627600,,,,Property Damage,"Sideswipe, Opposite Direction",No,No,No,No,35,2,No,No,Shoulder and Lap Belt Used,37350,Shoulder and Lap Belt Used,37410,No,No,Daylight,Cloudy,28,16,25,0,5,10,1518624000,0.92,1.28,164,3,0.021,50.79,2.39,1,50.79,48.67,1.5,rain,rain,light rain,1,0,0,0,0,1
,35.021503,-85.321674,1462 Sinclair Ave,,3100 St Elmo Ave,5/29/2018 16:00,2018-05-29,16,1527624000,,,,Property Damage,"Sideswipe, Same Direction",No,No,No,No,15,2,No,No,,37404,Shoulder and Lap Belt Used,30707,No,No,Daylight,Rain,28,16,25,0,5,10,1527620400,0.78,6.01,140,4,0.016,82.79,16.56,1,79.4,71.98,4.177,rain,rain,possible light rain,1,0,0,0,0,1
,35.0188406,-85.321754,610 FortWood PLace,,Clark St,1/12/2019 17:00,2019-01-12,17,1547330400,,,,Property Damage,Unknown,Yes,No,No,No,15,2,No,No,,37403,Unknown,Unknown,,,Daylight,Clear,28,16,25,0,5,10,1547326800,0.73,3.09,147,0,0.005,40.97,8.45,1,42.39,34.23,3.747,rain,rain,drizzle,1,0,0,0,0,1
,35.0188406,-85.321754,610 FortWood PLace,,Clark St,1/12/2019 17:00,2019-01-12,17,1547330400,,,,Property Damage,Unknown,Yes,No,No,No,15,2,No,No,,37403,Unknown,Unknown,,,Daylight,Clear,28,16,25,0,5,10,1547326800,0.73,3.09,147,0,0.005,40.97,8.45,1,42.39,34.23,3.747,rain,rain,drizzle,1,0,0,0,0,1
,35.0188406,-85.321754,610 FortWood PLace,,Clark St,1/12/2019 17:00,2019-01-12,17,1547330400,,,,Property Damage,Unknown,Yes,No,No,No,15,2,No,No,,37403,Unknown,Unknown,,,Daylight,Clear,28,16,25,0,5,10,1547326800,0.73,3.09,147,0,0.005,40.97,8.45,1,42.39,34.23,3.747,rain,rain,drizzle,1,0,0,0,0,1
,35.0188406,-85.321754,610 FortWood PLace,,Clark St,1/12/2019 17:00,2019-01-12,17,1547330400,,,,Property Damage,Unknown,Yes,No,No,No,15,2,No,No,,37403,Unknown,Unknown,,,Daylight,Clear,28,16,25,0,5,10,1547326800,0.73,3.09,147,0,0.005,40.97,8.45,1,42.39,34.23,3.747,rain,rain,drizzle,1,0,0,0,0,1
,35.018131,-85.321976,Broad St,US-3217,W. 33rd,6/14/2019 12:00,2019-06-14,12,1560528000,,,,Property Damage,"Sideswipe, Same Direction",No,No,No,No,35,2,No,No,Shoulder and Lap Belt Used,37312,Shoulder and Lap Belt Used,37419,No,No,Daylight,Clear,28,16,25,0,5,10,1560524400,0.38,4.86,55,8,0,72.52,10.02,0,72.52,45.15,2.343,,clear-day,clear,0,0,0,0,1,0
,35.018131,-85.321976,Broad St,US-3217,W. 33rd,6/14/2019 12:00,2019-06-14,12,1560528000,,,,Property Damage,"Sideswipe, Same Direction",No,No,No,No,35,2,No,No,Shoulder and Lap Belt Used,37312,Shoulder and Lap Belt Used,37419,No,No,Daylight,Clear,28,16,25,0,5,10,1560524400,0.38,4.86,55,8,0,72.52,10.02,0,72.52,45.15,2.343,,clear-day,clear,0,0,0,0,1,0
,35.018131,-85.321976,Broad St,US-3217,W. 33rd,6/14/2019 12:00,2019-06-14,12,1560528000,,,,Property Damage,"Sideswipe, Same Direction",No,No,No,No,35,2,No,No,Shoulder and Lap Belt Used,37312,Shoulder and Lap Belt Used,37419,No,No,Daylight,Clear,28,16,25,0,5,10,1560524400,0.38,4.86,55,8,0,72.52,10.02,0,72.52,45.15,2.343,,clear-day,clear,0,0,0,0,1,0
,35.018131,-85.321976,Broad St,US-3217,W. 33rd,6/14/2019 12:00,2019-06-14,12,1560528000,,,,Property Damage,"Sideswipe, Same Direction",No,No,No,No,35,2,No,No,Shoulder and Lap Belt Used,37312,Shoulder and Lap Belt Used,37419,No,No,Daylight,Clear,28,16,25,0,5,10,1560524400,0.38,4.86,55,8,0,72.52,10.02,0,72.52,45.15,2.343,,clear-day,clear,0,0,0,0,1,0
,35.076269,-85.201085,Exit 4 153 Hwy,,Bonney Oaks,1/26/2018 12:00,2018-01-26,12,1516986000,,,,Property Damage Under,Front to Rear,No,No,No,No,45,2,No,No,Shoulder and Lap Belt Used,37312,Shoulder and Lap Belt Used,37412,No,No,Daylight,Clear,545,26,11,1,7,11,1516982400,0.46,1.99,191,3,0,48.44,5.4,0,48.44,28.67,8.447,,clear-day,clear,0,0,0,0,1,0
,35.078028,-85.199624,8001 Volkswagen Dr,US-11,6900 bonny oaks dr,5/10/2018 14:00,2018-05-10,14,1525975200,,,,Property Damage Under,Angle,Yes,No,No,No,15,2,No,No,Unknown,Unknown,,37416,,,Daylight,Clear,545,26,11,1,7,11,1525971600,0.45,2.83,262,8,0,85.27,8.89,0.44,84.91,61.41,3.871,,partly-cloudy-day,partly cloudy,0,1,0,0,0,0
,35.075433,-85.202929,Bonny Oaks Dr,SR-4510,Addison Rd.,6/2/2018 9:00,2018-06-02,9,1527944400,,,,Possible Injury,Angle,No,No,Yes,No,35,2,No,No,Shoulder and Lap Belt Used,79336,Shoulder and Lap Belt Used,37411,No,No,Daylight,Clear,545,26,11,1,7,11,1527940800,0.87,1.03,119,2,0,74.49,5.34,1,73.35,69.35,5.666,,cloudy,overcast,0,1,0,0,0,0
,35.0755056,-85.201451,6135 Heritage Park Drive,,Bonny Oaks Drive,7/27/2018 13:00,2018-07-27,13,1532710800,,,,Property Damage,Rear to Rear,No,No,No,No,15,2,No,No,Shoulder and Lap Belt Used,37412,Shoulder and Lap Belt Used,37363,No,No,Daylight,Cloudy,545,26,11,1,7,11,1532707200,0.53,3.45,234,6,0,88.38,7.86,0.75,85.78,66.59,6.326,,partly-cloudy-day,mostly cloudy,0,1,0,0,0,0
,35.075502,-85.200984,4600 Bonny Oaks Dr,,Bonny Oaks Dr,9/11/2018 0:00,2018-09-11,0,1536638400,,,,Property Damage,Front to Rear,No,No,No,No,40,2,No,No,Shoulder and Lap Belt Used,37410,Shoulder and Lap Belt Used,30741,No,No,Unknown,Clear,545,26,11,1,7,11,1536634800,0.84,3.98,1,0,0,71.24,7.36,1,70.52,65.59,6.326,,cloudy,overcast,0,1,0,0,0,0
,35.075295,-85.205293,4437 Byrd Ave,,Lightfoot Mill Road,2/28/2019 7:00,2019-02-28,7,1551355200,,,,Property Damage,Not Collision with Motor Vehicle in Transport,No,No,No,No,25,1,No,No,Shoulder and Lap Belt Used,37377,,,No,Yes,Dawn,Clear,545,26,11,1,7,11,1551351600,0.87,2.82,333,0,0.001,54.88,6.06,1,54.88,51.17,3.91,rain,cloudy,overcast,0,1,0,0,0,0
,35.041751,-85.21818,N Moore Rd,,Shallowford,1/26/2018 16:00,2018-01-26,16,1517000400,,,,Property Damage,"Sideswipe, Same Direction",Yes,No,No,No,35,2,No,No,Shoulder and Lap Belt Used,30741,Unknown,Unknown,No,No,Daylight,Clear,276,27,17,0,2,1,1516996800,0.24,4.06,169,1,0,56.96,8.02,0,56.96,20.87,8.255,,clear-day,clear,0,0,0,0,1,0
,35.040382,-85.214652,4650 Buccaneer Trl,,North Moore Rd,3/1/2018 14:00,2018-03-01,14,1519930800,,,,Property Damage,"Sideswipe, Same Direction",No,No,No,No,30,2,No,No,None Used MV Occupant,30736,Shoulder and Lap Belt Used,37412,No,No,Daylight,Rain,276,27,17,0,2,1,1519927200,0.93,1.77,240,3,0.021,58.5,4.14,1,58.5,56.57,3.741,rain,rain,light rain,1,0,0,0,0,1
,35.067514,-85.245398,2637 Andrews St,,Noa St,1/27/2018 0:00,2018-01-27,0,1517029200,,,,Property Damage,"Sideswipe, Opposite Direction",No,No,No,No,25,2,No,No,,37406,Unknown,37406,,,Unknown,Cloudy,361,22,15,0,7,3,1517025600,0.38,1.65,173,0,0,49.66,4.16,0.53,49.66,24.83,4.306,,partly-cloudy-night,mostly cloudy,0,1,0,0,0,0
,35.067215,-85.245413,1101 Dodds Avenue,,Andrew Street,3/7/2018 0:00,2018-03-07,0,1520398800,,,,Property Damage,Unknown,Yes,No,No,No,,2,No,No,Unknown,Unknown,,37406,,,Unknown,Unknown,361,22,15,0,7,3,1520395200,0.28,2.97,251,0,0,51.8,6.68,0,51.8,19.48,2.499,,clear-night,clear,0,0,0,0,1,0
,35.066471,-85.245058,Glass St,,Wilhoit,4/24/2018 0:00,2018-04-24,0,1524542400,,,,Possible Injury,Unknown,Yes,No,Yes,No,25,2,No,No,,37406,Unknown,37406,,,Unknown,Rain,361,22,15,0,7,3,1524538800,0.94,0.27,81,0,0.074,57.36,1.32,1,57.36,55.72,3.436,rain,rain,light rain,1,0,0,0,0,1
,35.064339,-85.249374,2404 N Chamberlain Ave,,Glass St,7/8/2018 3:00,2018-07-08,3,1531033200,,,,Property Damage,Not Collision with Motor Vehicle in Transport,Yes,No,No,No,35,2,No,No,,37406,Unknown,37411,,,Dark - Lighted,Clear,361,22,15,0,7,3,1531029600,0.85,3.03,147,0,0,73.94,3.04,1,72.94,68.21,5.552,,cloudy,overcast,0,1,0,0,0,0
,35.065976,-85.246365,2646 Glass St,,Glass St,8/5/2018 18:00,2018-08-05,18,1533506400,,,,Possible Injury,Angle,No,No,No,No,15,2,No,No,None Used MV Occupant,37404,Shoulder and Lap Belt Used,37406,No,No,Dark - Lighted,Clear,361,22,15,0,7,3,1533502800,0.59,3.52,166,2,0,95.73,7.69,0.75,88.52,72.28,4.624,,partly-cloudy-day,humid and mostly cloudy,0,1,0,0,0,0
,35.064894,-85.24539,2622 Stephens St,,Arno St,4/12/2019 14:00,2019-04-12,14,1555092000,,,,Property Damage,Not Collision with Motor Vehicle in Transport,No,No,No,No,20,1,No,No,,37406,Shoulder and Lap Belt Used,30736,No,No,Daylight,Clear,361,22,15,0,7,3,1555088400,0.49,9.11,185,10,0,77.75,21.09,0,77.75,56.87,5.446,,clear-day,clear,0,0,0,0,1,0
,35.067514,-85.245398,2637 Andrews St,,Glass St,5/4/2019 11:00,2019-05-04,11,1556982000,,,,Property Damage Under,Angle,Yes,No,No,No,25,2,No,No,Shoulder and Lap Belt Used,37416,Unknown,Unknown,No,No,Daylight,Rain,361,22,15,0,7,3,1556978400,0.92,2.78,215,4,0.104,66.57,13.57,0.75,65.97,63.44,2.412,rain,rain,rain,1,0,0,0,0,1
,35.040861,-85.245045,903 Moss St,,Kathleen St.,1/28/2018 18:00,2018-01-28,18,1517180400,,,,Property Damage,Not Collision with Motor Vehicle in Transport,No,No,No,No,30,1,No,No,Shoulder and Lap Belt Used,37406,,,No,No,Daylight,Rain,233,23,18,0,7,26,1517176800,0.93,1.27,3,0,0,53.65,2.99,1,53.65,51.59,6.268,,cloudy,overcast,0,1,0,0,0,0
,35.044813,-85.244734,3111 Hoyt St,,Greenwood Rd,4/7/2019 10:00,2019-04-07,10,1554645600,,,,Property Damage,Unknown,Yes,No,No,No,35,2,No,No,Shoulder and Lap Belt Used,37411,Unknown,Unknown,,,Daylight,Clear,233,23,18,0,7,26,1554642000,0.93,5.37,192,2,0,63.61,9.7,0.75,63.21,61.15,4.32,,partly-cloudy-day,mostly cloudy,0,1,0,0,0,0