Accident,Latitude,Longitude,Street,AltStreet,Intersection,DateTime,Date,Hour,Unix,WeekDay,WeekEnd,DayFrame,AccidentType,CollisionType,HaR,FatalInjury,MedicalTransport,InvolvedPlacardedTruck,PostedSpeed,TotalVehiclesInvolved,PedestrianInvolved,BicycleInvolved,DriverOneSafetyEquipment,DriverOneZip,DriverTwoSafetyEquipment,DriverTwoZip,Drug,Alcohol,LightCondition,Weather,Grid_Block,Grid_Col,Grid_Row,Highway,Land_Use_Mode,Road_Count,HourBefore,humidity,windSpeed,windBearing,uvIndex,precipIntensity,apparentTemperature,windGust,cloudCover,temperature,dewPoint,visibility,precipType,Event,Conditions,Rain,Cloudy,Foggy,Snow,Clear,RainBefore
,35.041626,-85.245304,913 Moss St,,Greenwood Rd,6/10/2019 4:00,2019-06-10,4,1560153600,,,,Property Damage,Angle,Yes,No,No,No,20,2,No,No,Unknown,Unknown,,37411,,,Dark - Lighted,Clear,233,23,18,0,7,26,1560150000,0.98,1.02,32,0,0.002,73.18,2.34,1,71.71,71.1,7.588,rain,cloudy,overcast,0,1,0,0,0,0
,35.094725,-85.238209,Amnicola Hwy,SR-4500,S. Creek Rd,1/29/2018 12:00,2018-01-29,12,1517245200,,,,Property Damage,Front to Rear,No,No,No,No,50,2,No,No,Shoulder and Lap Belt Used,37421,Shoulder and Lap Belt Used,37343,No,No,Daylight,Clear,585,21,10,1,9,4,1517241600,0.41,5.59,20,3,0,51.91,10.88,0,51.91,28.7,9.287,,clear-day,clear,0,0,0,0,1,0
,35.100234,-85.237464,4501 Amnicola Hwy,,South Creek Rd,2/13/2018 1:00,2018-02-13,1,1518501600,,,,Possible Injury,Not Collision with Motor Vehicle in Transport,Yes,No,No,No,50,1,No,No,Shoulder and Lap Belt Used,37416,,,No,No,Dark - Lighted,Clear,585,21,10,1,9,4,1518498000,0.84,1.56,18,0,0,43.4,3.47,1,43.4,38.86,6.334,,cloudy,overcast,0,1,0,0,0,0
,35.100234,-85.237464,4501 Amnicola Hwy,,Amnicola Hwy.,3/13/2018 7:00,2018-03-13,7,1520938800,,,,Property Damage,Angle,No,No,No,No,50,2,No,No,Unknown,37347,Unknown,37341,No,No,Dark - Lighted,Clear,585,21,10,1,9,4,1520935200,0.77,2.14,331,0,0,32.9,4.26,0,32.9,26.57,5.872,,clear-night,clear,0,0,0,0,1,0
,35.100234,-85.237464,Amnicola Hwy,SR-4501,Amnicola Hwy,8/7/2018 12:00,2018-08-07,12,1533657600,,,,Property Damage,Front to Rear,No,No,No,No,50,2,No,No,Shoulder and Lap Belt Used,37379,Shoulder and Lap Belt Used,37419,No,No,Daylight,Clear,585,21,10,1,9,4,1533654000,0.57,2.89,161,7,0,93.32,5.68,0.36,87.69,70.71,2.485,,partly-cloudy-day,partly cloudy,0,1,0,0,0,0
,35.100234,-85.237464,4501 Amnicola Hwy,,S. Creek Rd,10/17/2018 16:00,2018-10-17,16,1539806400,,,,Property Damage,Unknown,Yes,No,No,No,,2,No,No,Unknown,Unknown,,37379,,,Daylight,Unknown,585,21,10,1,9,4,1539802800,0.34,6.19,12,3,0,68.97,12.28,0.16,68.97,39.68,6.84,,partly-cloudy-day,partly cloudy,0,1,0,0,0,0
,35.100234,-85.237464,4501 Amnicola Hwy,,Dupont Parkway,10/24/2018 16:00,2018-10-24,16,1540411200,,,,Property Damage,Angle,No,No,No,No,45,2,No,No,Shoulder and Lap Belt Used,37416,Shoulder and Lap Belt Used,37341,No,No,Daylight,Clear,585,21,10,1,9,4,1540407600,0.32,6.68,32,2,0,68.52,12.09,0.62,68.52,37.69,7.472,,partly-cloudy-day,mostly cloudy,0,1,0,0,0,0
,35.095265,-85.240014,4400 Amnicola Hwy,,S Creek Rd,3/6/2019 17:00,2019-03-06,17,1551909600,,,,Property Damage,"Sideswipe, Same Direction",No,No,No,No,,2,No,No,,37412,Shoulder and Lap Belt Used,37421,No,No,Daylight,Unknown,585,21,10,1,9,4,1551906000,0.23,5.92,282,1,0,39.22,13.2,0,42.87,7.3,7.907,,clear-day,clear,0,0,0,0,1,0
,35.079614,-85.187047,4600 Jersey Pike,SR-46,Shorewood Dr,1/29/2018 16:00,2018-01-29,16,1517259600,,,,Property Damage,Front to Rear,No,No,No,No,25,2,No,No,Shoulder and Lap Belt Used,37341,Shoulder and Lap Belt Used,37416,No,No,Daylight,Clear,592,28,10,0,7,11,1517256000,0.3,5.52,330,1,0,55.92,11.93,0.41,55.92,25.09,9.135,,partly-cloudy-day,partly cloudy,0,1,0,0,0,0
,35.075373,-85.184473,6139 Preservation Dr,,Century Oaks Dr,5/4/2018 1:00,2018-05-04,1,1525410000,,,,Property Damage Under,Unknown,Yes,No,No,No,15,2,No,No,Unknown,Unknown,,37416,,,Unknown,Clear,592,28,10,0,7,11,1525406400,0.65,1.16,195,0,0,68.99,2.39,0,68.99,56.59,6.107,,clear-night,clear,0,0,0,0,1,0
,35.081134,-85.186224,4616 Jersey Pike,,Hancock Rd,6/16/2018 22:00,2018-06-16,22,1529200800,,,,Property Damage,Front to Rear,Yes,No,No,No,40,2,No,No,Unknown,Unknown,Shoulder and Lap Belt Used,37416,No,No,Dark - Lighted,Clear,592,28,10,0,7,11,1529197200,0.61,3.95,203,0,0,82.61,7.42,0.44,80.57,65.81,4.142,,partly-cloudy-night,partly cloudy,0,1,0,0,0,0
,35.041145,-85.293187,Fairview Ave,SR-802,Flynn St,1/29/2018 18:00,2018-01-29,18,1517266800,,,,Property Damage,Angle,Yes,No,No,No,30,2,No,No,Unknown,Unknown,,38117,,,Daylight,Clear,129,18,21,0,7,16,1517263200,0.4,3.73,332,0,0,51.49,8.19,0,51.49,27.74,7.508,,clear-day,clear,0,0,0,0,1,0
,35.039775,-85.292119,Bailey Ave,,Central Ave,2/27/2018 21:00,2018-02-27,21,1519783200,,,,Possible Injury,Angle,No,No,Yes,No,35,2,No,No,,37620,Shoulder and Lap Belt Used,37416,No,No,Dark - Not Lighted,Clear,129,18,21,0,7,16,1519779600,0.51,2.13,159,0,0,58.29,5.42,0,58.29,40.06,6.584,,clear-night,clear,0,0,0,0,1,0
,35.038647,-85.292718,1000 Central Ave,,E 10th St,4/3/2018 12:00,2018-04-03,12,1522771200,,,,Possible Injury,Front to Rear,No,No,No,No,35,2,No,No,Shoulder and Lap Belt Used,37407,Shoulder and Lap Belt Used,37408,No,No,Daylight,Clear,129,18,21,0,7,16,1522767600,0.75,3.23,193,4,0,67.4,8.69,0.8,67.4,59.21,2.658,,partly-cloudy-day,mostly cloudy,0,1,0,0,0,0
,35.041299,-85.29092,714 Central Ave,,8th street,4/9/2018 8:00,2018-04-09,8,1523275200,,,,Possible Injury,Front to Rear,No,No,No,No,30,2,No,No,Shoulder and Lap Belt Used,37404,Shoulder and Lap Belt Used,37323,No,No,Daylight,Clear,129,18,21,0,7,16,1523271600,0.89,0.03,,0,0.001,45.9,0.87,1,45.9,42.97,2.513,rain,cloudy,overcast,0,1,0,0,0,0
,35.0423651,-85.292744,920 Mccallie Ave,,Central Ave,4/27/2018 15:00,2018-04-27,15,1524855600,,,,Property Damage,Front to Rear,No,No,No,No,25,2,No,No,Shoulder and Lap Belt Used,37405,Shoulder and Lap Belt Used,37415,No,No,Daylight,Clear,129,18,21,0,7,16,1524852000,0.35,3.41,323,9,0,71.49,8.13,0,71.49,42.45,7.059,,clear-day,clear,0,0,0,0,1,0
,35.041299,-85.29092,714 Central Ave,,Mccallie Ave,5/9/2018 10:00,2018-05-09,10,1525874400,,,,Property Damage,Front to Rear,Yes,No,No,No,30,2,No,No,Unknown,Unknown,Shoulder and Lap Belt Used,30728,No,No,Daylight,Clear,129,18,21,0,7,16,1525870800,0.65,1.09,165,4,0,70.67,3.82,0,70.67,58.13,6.254,,clear-day,clear,0,0,0,0,1,0
,35.039775,-85.292119,Central Ave,,Bailey Ave,9/5/2018 16:00,2018-09-05,16,1536177600,,,,Property Damage,"Sideswipe, Same Direction",No,No,No,No,25,2,No,No,,37421,Shoulder and Lap Belt Used,37363,No,No,Daylight,Clear,129,18,21,0,7,16,1536174000,0.66,3.84,126,4,0,89.67,7.5,0.94,84.19,71.69,2.763,,cloudy,overcast,0,1,0,0,0,0
,35.039775,-85.292119,E Martin Luther King Blvd,,Central Ave,9/18/2018 8:00,2018-09-18,8,1537272000,,,,Property Damage,"Sideswipe, Same Direction",Yes,No,No,No,25,2,No,No,Unknown,Unknown,Shoulder and Lap Belt Used,37407,No,No,Daylight,Cloudy,129,18,21,0,7,16,1537268400,0.89,1.07,295,0,0,71,5.22,0.27,70.09,66.84,2.915,,partly-cloudy-day,partly cloudy,0,1,0,0,0,0
,35.042222,-85.295732,800 Magnolia St,,East 8th St,9/20/2018 9:00,2018-09-20,9,1537448400,,,,Property Damage,Head On,No,No,No,No,30,2,No,No,Shoulder and Lap Belt Used,37338,Shoulder and Lap Belt Used,37343,No,No,Daylight,Clear,129,18,21,0,7,16,1537444800,0.83,1.85,84,1,0,74.38,4.98,0,73.42,68.07,3.025,,clear-day,clear,0,0,0,0,1,0
,35.039775,-85.292119,E Martin Luther King Blvd,,Central Ave,9/24/2018 13:00,2018-09-24,13,1537808400,,,,Property Damage Under,Front to Rear,Yes,No,No,No,30,2,No,No,,,Unknown,Unknown,No,No,Daylight,Rain,129,18,21,0,7,16,1537804800,0.94,3.95,102,4,0.314,72.21,7.01,1,71,69.17,1.572,rain,rain,rain,1,0,0,0,0,1
,35.0395002,-85.291949,E 10th St,,Central Ave,10/7/2018 0:00,2018-10-07,0,1538884800,,,,Property Damage,Front to Rear,Yes,No,No,No,15,2,No,No,,37363,Unknown,Unknown,,,Unknown,Unknown,129,18,21,0,7,16,1538881200,0.84,1.8,302,0,0,74.97,4.81,0,73.94,68.67,6.533,,clear-night,clear,0,0,0,0,1,0
,35.038414,-85.296046,900 E 11th St,,Park Ave,10/16/2018 10:00,2018-10-16,10,1539698400,,,,Property Damage Under,Angle,No,No,No,No,,2,No,No,Shoulder and Lap Belt Used,37403,Shoulder and Lap Belt Used,37403,No,No,Daylight,Clear,129,18,21,0,7,16,1539694800,0.85,4.27,36,1,0,60.53,6.63,1,60.53,55.95,3.796,,cloudy,overcast,0,1,0,0,0,0
,35.041458,-85.290524,1000 Mccallie Ave,,Central Ave,11/1/2018 14:00,2018-11-01,14,1541095200,,,,Property Damage Under,Other,No,No,No,No,30,2,No,No,Shoulder and Lap Belt Used,37406,Shoulder and Lap Belt Used,37415,No,No,Daylight,Rain,129,18,21,0,7,16,1541091600,0.93,7.08,148,3,0.207,63.57,14.84,0.98,63.2,61,1.569,rain,rain,rain,1,0,0,0,0,1
,35.038931,-85.296173,1089 Park Ave,,11th St,11/2/2018 14:00,2018-11-02,14,1541181600,,,,Property Damage,Not Collision with Motor Vehicle in Transport,No,No,No,No,30,1,No,No,Shoulder and Lap Belt Used,37411,,,No,No,Daylight,Clear,129,18,21,0,7,16,1541178000,0.69,8.55,301,3,0,51.72,12.67,0.77,51.72,41.83,7.575,,partly-cloudy-day,mostly cloudy,0,1,0,0,0,0
,35.0379088,-85.294962,1150 Carter Street,,Chestnut St,11/6/2018 12:00,2018-11-06,12,1541523600,,,,Property Damage Under,Other,No,No,No,No,15,2,No,No,,37716,,37343,No,No,Daylight,Clear,129,18,21,0,7,16,1541520000,0.63,3.84,291,4,0,65.79,6.91,0.47,65.79,52.8,7.485,,partly-cloudy-day,partly cloudy,0,1,0,0,0,0
,35.041458,-85.290524,702 Central Ave,,1000 Mccallie Ave,11/9/2018 8:00,2018-11-09,8,1541768400,,,,Property Damage,"Sideswipe, Same Direction",No,No,No,No,25,2,No,No,Shoulder and Lap Belt Used,35772,Shoulder and Lap Belt Used,32506,No,No,Daylight,Rain,129,18,21,0,7,16,1541764800,0.96,4.14,156,0,0.136,55.53,8.42,1,55.53,54.41,0,rain,rain,rain,1,0,0,0,0,1
,35.041458,-85.290524,Central Ave,SR-702,McCallie Ave,12/10/2018 16:00,2018-12-10,16,1544475600,,,,Property Damage Under,Angle,Yes,No,No,No,,2,No,No,Unknown,Unknown,Shoulder and Lap Belt Used,37040,No,No,Daylight,Rain,129,18,21,0,7,16,1544472000,0.87,3.68,345,0,0.042,39.79,8.82,0.98,41.88,38.41,4.771,rain,rain,light rain,1,0,0,0,0,1
,35.0390554,-85.295305,757 W Main St,,Riverfront Pkwy,1/5/2019 16:00,2019-01-05,16,1546722000,,,,Property Damage,Other,Yes,No,No,No,25,2,No,No,Unknown,Unknown,Shoulder and Lap Belt Used,37402,No,No,Daylight,Clear,129,18,21,0,7,16,1546718400,0.4,6.05,314,1,0,60.18,14.02,0,60.18,35.71,2.867,,clear-day,clear,0,0,0,0,1,0
,35.039612,-85.292227,Central/Bailey ave,,Bailey ave,1/13/2019 22:00,2019-01-13,22,1547434800,,,,Property Damage,"Sideswipe, Same Direction",Yes,No,No,No,35,2,No,No,Shoulder and Lap Belt Used,38109,Unknown,Unknown,No,No,Dark - Lighted,Clear,129,18,21,0,7,16,1547431200,0.84,5.26,295,0,0,40.19,9.58,1,43.32,38.77,7.94,,cloudy,overcast,0,1,0,0,0,0
,35.0412022,-85.290569,Market St,,King St,2/28/2019 19:00,2019-02-28,19,1551398400,,,,Possible Injury,Front to Rear,Yes,No,No,No,25,2,No,No,Shoulder and Lap Belt Used,37343,Unknown,Unknown,No,No,Daylight,Clear,129,18,21,0,7,16,1551394800,0.9,4.05,202,0,0.016,60.67,7,0.75,60.66,57.83,3.047,rain,rain,possible light rain,1,0,0,0,0,1
,35.0382239,-85.294949,600 South Holtzclaw Ave,,Bailey Ave,3/1/2019 1:00,2019-03-01,1,1551420000,,,,Property Damage,Front to Rear,No,No,No,No,40,2,No,No,Shoulder and Lap Belt Used,37406,Shoulder and Lap Belt Used,30752,No,No,Dark - Lighted,Clear,129,18,21,0,7,16,1551416400,0.94,1.59,275,0,0,57.12,3.1,1,57.12,55.33,4.468,,cloudy,overcast,0,1,0,0,0,0
,35.041458,-85.290524,McCallie Ave,,Central Ave,4/7/2019 17:00,2019-04-07,17,1554670800,,,,Property Damage,Angle,No,No,No,No,30,2,No,No,Shoulder and Lap Belt Used,37087,Shoulder and Lap Belt Used,37772,No,No,Daylight,Clear,129,18,21,0,7,16,1554667200,0.61,5.4,227,3,0,77.66,11.02,0.77,77.37,62.77,3.182,,partly-cloudy-day,mostly cloudy,0,1,0,0,0,0
,35.038647,-85.292718,Central Ave,SR-1019,E 10th,4/14/2019 19:00,2019-04-14,19,1555282800,,,,Property Damage,Angle,No,No,No,No,30,2,No,No,Shoulder and Lap Belt Used,37343,Shoulder and Lap Belt Used,30741,No,No,Dusk,Clear,129,18,21,0,7,16,1555279200,0.48,12.51,255,0,0,68.1,28.39,0,68.1,47.62,2.654,,clear-day,clear,0,0,0,0,1,0
,35.038161,-85.296922,1001 E 12th St,,Park Ave,4/29/2019 0:00,2019-04-29,0,1556510400,,,,Property Damage,Unknown,Yes,No,No,No,,2,No,No,,37405,Unknown,Unknown,,,Unknown,Unknown,129,18,21,0,7,16,1556506800,0.62,1.93,347,0,0,63.18,3.54,0,63.18,49.85,6.804,,clear-night,clear,0,0,0,0,1,0
,35.039794,-85.296479,E 10th St,,Magnolia St,5/5/2019 0:00,2019-05-05,0,1557028800,,,,Property Damage,Unknown,Yes,No,No,No,30,2,No,No,,37043,Unknown,Unknown,,,Unknown,Clear,129,18,21,0,7,16,1557025200,0.99,2.52,338,0,0.009,65.43,4.64,0.75,64.61,64.33,3.094,rain,rain,drizzle,1,0,0,0,0,1
,35.0415692,-85.291036,E 3rd St,,Cherry St,5/30/2019 16:00,2019-05-30,16,1559246400,,,,Property Damage,Angle,No,No,No,No,35,2,No,No,Shoulder and Lap Belt Used,37363,Shoulder and Lap Belt Used,37404,No,No,Daylight,Clear,129,18,21,0,7,16,1559242800,0.43,7.19,239,5,0,89.19,14.46,0.75,88.21,63.22,2.816,,partly-cloudy-day,mostly cloudy,0,1,0,0,0,0
,35.041564,-85.291022,4th St on Ramp RD,US-27,160 Highway 27 Sb                      Rd,5/30/2019 17:00,2019-05-30,17,1559250000,,,,Property Damage Under,Front to Rear,No,No,No,No,35,2,No,No,Shoulder and Lap Belt Used,28711,Shoulder and Lap Belt Used,37415,No,No,Daylight,Clear,129,18,21,0,7,16,1559246400,0.43,6.21,235,4,0,88.52,14.98,0.72,87.92,62.39,2.672,,partly-cloudy-day,mostly cloudy,0,1,0,0,0,0
,35.040358,-85.293678,E Martin Luther King Blvd,,Fairview Ave,6/6/2019 9:00,2019-06-06,9,1559826000,,,,Property Damage,Front to Rear,No,No,No,No,25,2,No,No,Shoulder and Lap Belt Used,37406,Shoulder and Lap Belt Used,30736,No,No,Daylight,Rain,129,18,21,0,7,16,1559822400,0.91,3.29,204,2,0.002,72.71,6.52,1,71.56,68.94,2.848,rain,rain,possible drizzle,1,0,0,0,0,1
,35.081054,-85.208768,4301 Bonny Oaks Dr,,Hwy 58,1/29/2018 20:00,2018-01-29,20,1517274000,,,,Property Damage,"Sideswipe, Opposite Direction",Yes,No,No,No,40,2,No,No,Shoulder and Lap Belt Used,37343,Unknown,Unknown,No,No,Unknown,Unknown,544,25,11,1,7,19,1517270400,0.63,6.05,327,0,0,40.34,12.88,0.17,43.87,31.89,8.405,,partly-cloudy-night,partly cloudy,0,1,0,0,0,0
,35.081593,-85.209734,Highway 58,,Benton Dr,4/16/2018 7:00,2018-04-16,7,1523876400,,,,Property Damage,Front to Rear,No,No,No,No,45,2,No,No,Shoulder and Lap Belt Used,37416,Unknown,37416,No,No,Daylight,Rain,544,25,11,1,7,19,1523872800,0.79,2.38,249,0,0,38.78,6.09,1,38.78,32.98,6.349,,cloudy,overcast,0,1,0,0,0,0
,35.079529,-85.208567,4320 Bonny Oaks Dr,,Watkins Terrace,6/25/2018 14:00,2018-06-25,14,1529949600,,,,Possible Injury,Not Collision with Motor Vehicle in Transport,No,No,No,No,35,1,No,No,Unknown,37421,,,No,No,Daylight,Rain,544,25,11,1,7,19,1529946000,0.62,5.91,259,6,0.004,95.48,13.55,0.75,87.76,73.06,7.426,rain,rain,possible drizzle and humid,1,0,0,0,0,1
,35.081593,-85.209734,4200 Highway 58,SR-4200,4300 Bonny Oaks Dr,7/3/2018 17:00,2018-07-03,17,1530651600,,,,Possible Injury,Angle,No,No,Yes,No,45,2,No,No,Shoulder and Lap Belt Used,37416,Shoulder and Lap Belt Used,37363,No,No,Daylight,Clear,544,25,11,1,7,19,1530648000,0.51,4.6,167,5,0,98.21,10.45,0.36,91.57,70.9,6.178,,partly-cloudy-day,partly cloudy,0,1,0,0,0,0
,35.082394,-85.209853,4291 Highway 58,,Bonny Oaks Rd.,8/10/2018 21:00,2018-08-10,21,1533949200,,,,Property Damage,Front to Rear,No,No,No,No,45,2,No,No,Shoulder and Lap Belt Used,37363,Shoulder and Lap Belt Used,37411,No,No,Dark - Lighted,Clear,544,25,11,1,7,19,1533945600,0.85,1.58,258,0,0.001,77.35,6,0.61,76.04,71.26,9.997,rain,partly-cloudy-night,mostly cloudy,0,1,0,0,0,0
,35.08043,-85.214299,4270 Bonny Oaks Dr,,Chickamauga Avenue,11/8/2018 7:00,2018-11-08,7,1541678400,,,,Property Damage,Front to Rear,No,No,No,No,40,2,No,No,Shoulder and Lap Belt Used,37308,Shoulder and Lap Belt Used,37341,No,No,Dawn,Clear,544,25,11,1,7,19,1541674800,0.66,6.73,27,0,0,53.95,13.87,1,53.95,43.05,5.847,,cloudy,overcast,0,1,0,0,0,0
,35.081593,-85.209734,4302 Bonny Oaks Dr,US-58,Benton Dr,11/12/2018 0:00,2018-11-12,0,1541998800,,,,Property Damage,Other,No,No,No,No,35,2,No,No,Shoulder and Lap Belt Used,37421,Shoulder and Lap Belt Used,37416,No,No,Unknown,Rain,544,25,11,1,7,19,1541995200,0.63,2.99,169,0,0,45.48,6.45,0.7,45.48,33.63,10,,partly-cloudy-night,mostly cloudy,0,1,0,0,0,0
,35.082254,-85.209605,4200 58 Hwy,SR-4200,460 HWY 58 SB EX RMP,1/28/2019 0:00,2019-01-28,0,1548651600,,,,Property Damage,Front to Rear,No,No,No,No,25,2,No,No,Shoulder and Lap Belt Used,37353,Shoulder and Lap Belt Used,37341,No,No,Unknown,Clear,544,25,11,1,7,19,1548648000,0.75,1.19,241,0,0,37.46,4.19,0.8,37.46,30.35,6.991,,partly-cloudy-night,mostly cloudy,0,1,0,0,0,0
,35.081939,-85.208224,4200 58 Hwy,SR-4200,58,2/25/2019 0:00,2019-02-25,0,1551070800,,,,Property Damage,Front to Rear,No,No,No,No,15,2,No,No,Shoulder and Lap Belt Used,37412,Shoulder and Lap Belt Used,37415,No,No,Unknown,Clear,544,25,11,1,7,19,1551067200,0.42,4.72,296,0,0.001,37.83,13.28,0.01,40.97,19.7,10,rain,clear-night,clear,0,0,0,0,1,0
,35.077251,-85.210821,4825 Kayla Cir,SR-48,Alexis Dr,3/11/2019 0:00,2019-03-11,0,1552276800,,,,Property Damage,Front to Rear,No,No,No,No,25,2,No,No,Shoulder and Lap Belt Used,37406,,37406,No,No,Unknown,Rain,544,25,11,1,7,19,1552273200,0.55,5.13,0,0,0,57.99,10.48,0.44,57.99,42.07,7.43,,partly-cloudy-night,partly cloudy,0,1,0,0,0,0
,35.081951,-85.207943,Highway 58,,Highway 153,4/17/2019 21:00,2019-04-17,21,1555549200,,,,Possible Injury,Angle,No,No,No,No,45,2,No,No,Shoulder and Lap Belt Used,37322,Shoulder and Lap Belt Used,37341,No,No,Dusk,Clear,544,25,11,1,7,19,1555545600,0.46,4.07,187,0,0,72.44,5.05,0,72.44,50.61,9.778,,clear-night,clear,0,0,0,0,1,0
,35.078899,-85.207702,Bonny Oaks Dr,,Highway 58,4/24/2019 17:00,2019-04-24,17,1556139600,,,,Property Damage Under,Front to Rear,No,No,No,No,45,2,No,No,Shoulder and Lap Belt Used,37416,Shoulder and Lap Belt Used,37406,No,No,Daylight,Clear,544,25,11,1,7,19,1556136000,0.27,6.96,205,4,0,83.71,12.54,0,83.71,46.67,7.882,,clear-day,clear,0,0,0,0,1,0
,35.0783995,-85.213087,Yorktown Rd,,Rosalind Ln,5/18/2019 19:00,2019-05-18,19,1558220400,,,,Property Damage Under,Angle,No,No,No,No,35,2,No,No,,37404,Shoulder and Lap Belt Used,37406,No,No,Daylight,Clear,544,25,11,1,7,19,1558216800,0.51,5.38,210,1,0,86.34,12.92,0.61,84.72,64.66,5.278,,partly-cloudy-day,mostly cloudy,0,1,0,0,0,0
,35.052207,-85.156405,6871 Robin Dr,,Hickory V,1/30/2018 0:00,2018-01-30,0,1517288400,,,,Property Damage Under,Unknown,Yes,No,No,No,,2,No,No,None Used MV Occupant,37421,Unknown,Unknown,No,No,Unknown,Clear,507,33,12,1,7,7,1517284800,0.67,5.17,356,0,0,30.1,13.3,1,34.7,24.9,8.926,,cloudy,overcast,0,1,0,0,0,0
,35.049801,-85.155478,Unknown Rd,,Unknown Rd,10/21/2018 0:00,2018-10-21,0,1540094400,,,,Property Damage Under,Unknown,Yes,No,No,No,15,2,No,No,Unknown,Unknown,,37421,,,Unknown,Unknown,507,33,12,1,7,7,1540090800,0.79,4.54,320,0,0,52.38,8.53,0,52.38,45.99,6.804,,clear-night,clear,0,0,0,0,1,0
,35.0509057,-85.153089,Bradmore Ln,US-9432,Ooltewah Georgetown Rd,12/13/2018 0:00,2018-12-13,0,1544677200,,,,Property Damage,"Sideswipe, Same Direction",Yes,No,No,No,,2,No,No,,37421,Unknown,Unknown,,,Unknown,Clear,507,33,12,1,7,7,1544673600,0.59,4.3,200,0,0,41.01,9.42,1,43.41,30.14,6.288,,cloudy,overcast,0,1,0,0,0,0
,35.063154,-85.313005,205 Manufacturers Rd,,Cherokee Blvd,1/30/2018 4:00,2018-01-30,4,1517302800,,,,Property Damage,Angle,Yes,No,No,No,15,2,No,No,,37405,,37405,,,Dark - Lighted,Clear,189,14,19,0,2,8,1517299200,0.58,5.04,351,0,0,27.13,12.21,1,32.08,18.88,7.407,,cloudy,overcast,0,1,0,0,0,0
,35.0620204,-85.316138,Delawanna Ter,SR-105,Pinevill Road,2/14/2018 22:00,2018-02-14,22,1518663600,,,,Property Damage,Not Collision with Motor Vehicle in Transport,No,No,No,No,35,1,No,No,,37405,Shoulder and Lap Belt Used,35016,No,No,Dark - Not Lighted,Rain,189,14,19,0,2,8,1518660000,0.91,2.71,200,0,0.001,59.15,5.82,1,59.15,56.47,4.284,rain,cloudy,overcast,0,1,0,0,0,0
,35.063571,-85.316419,511 Manufacturers Rd,,Cherokee Blvd,4/4/2018 0:00,2018-04-04,0,1522814400,,,,Property Damage Under,Unknown,Yes,No,No,No,15,2,No,No,,37379,Unknown,Unknown,,,Unknown,Clear,189,14,19,0,2,8,1522810800,0.61,4.12,184,0,0,73.07,10.08,0.75,73.07,58.72,6.402,,partly-cloudy-night,mostly cloudy,0,1,0,0,0,0
,35.060957,-85.3181,600 Manufacturers Rd,,Hwy 27 North,5/23/2018 13:00,2018-05-23,13,1527094800,,,,Property Damage,Front to Rear,No,No,No,No,35,2,No,No,Shoulder and Lap Belt Used,37377,DOT Compliant Motorcycle Helmet,37404,No,No,Daylight,Clear,189,14,19,0,2,8,1527091200,0.59,5.01,9,8,0,85.8,9.2,0.41,83.11,67.18,5.548,,partly-cloudy-day,partly cloudy,0,1,0,0,0,0
,35.06271,-85.31239,200 Manufacturers Rd,,Cherokee Blvd,5/31/2018 9:00,2018-05-31,9,1527771600,,,,Property Damage,Front to Rear,No,No,No,No,25,2,No,No,Shoulder and Lap Belt Used,37312,Lap Belt Only,30340,No,No,Daylight,Clear,189,14,19,0,2,8,1527768000,0.88,2.18,171,2,0,73.37,7.33,0.77,72.32,68.41,4.336,,partly-cloudy-day,mostly cloudy,0,1,0,0,0,0
,35.063235,-85.31779,320 Highway 27 Nb,,Dayton Blvd,6/13/2018 16:00,2018-06-13,16,1528920000,,,,Property Damage,Not Collision with Motor Vehicle in Transport,No,No,No,No,55,1,No,No,Shoulder and Lap Belt Used,37343,,,No,No,Daylight,Rain,189,14,19,0,2,8,1528916400,0.91,5.33,216,5,0.022,75.06,9.87,0.68,73.72,70.88,4.527,rain,rain,possible light rain,1,0,0,0,0,1
,35.061383,-85.319157,1 Hwy 27 Sb @ Manufacturers Rd - On Ramp,,Manufacturers Rd,6/17/2018 0:00,2018-06-17,0,1529208000,,,,Possible Injury,Front to Rear,No,No,Yes,No,45,2,No,No,Shoulder and Lap Belt Used,37405,Shoulder and Lap Belt Used,37411,No,No,Dark - Lighted,Clear,189,14,19,0,2,8,1529204400,0.68,3.58,217,0,0,77.87,5.69,0.24,77.25,65.88,6.085,,partly-cloudy-night,partly cloudy,0,1,0,0,0,0
,35.05903,-85.316531,600 Manufacturers Rd,,I 27 off ramp,6/26/2018 12:00,2018-06-26,12,1530028800,,,,Property Damage,Angle,No,No,No,No,35,2,No,No,Shoulder and Lap Belt Used,38351,Shoulder and Lap Belt Used,35442,No,No,Daylight,Clear,189,14,19,0,2,8,1530025200,0.72,3.14,228,7,0,87.43,10.4,0.41,82.32,72.25,5.505,,partly-cloudy-day,humid and partly cloudy,0,1,0,0,0,0
,35.06339,-85.31415,Manufacturers Rd,,Frazier Ave,6/29/2018 14:00,2018-06-29,14,1530295200,,,,Property Damage Under,Angle,Yes,No,No,No,15,2,No,No,,,,37415,,,Daylight,Clear,189,14,19,0,2,8,1530291600,0.69,2.66,72,6,0,86.47,7.37,0.72,82.11,71.03,5.314,,partly-cloudy-day,mostly cloudy,0,1,0,0,0,0