Accident,Latitude,Longitude,Street,AltStreet,Intersection,DateTime,Date,Hour,Unix,WeekDay,WeekEnd,DayFrame,AccidentType,CollisionType,HaR,FatalInjury,MedicalTransport,InvolvedPlacardedTruck,PostedSpeed,TotalVehiclesInvolved,PedestrianInvolved,BicycleInvolved,DriverOneSafetyEquipment,DriverOneZip,DriverTwoSafetyEquipment,DriverTwoZip,Drug,Alcohol,LightCondition,Weather,Grid_Block,Grid_Col,Grid_Row,Highway,Land_Use_Mode,Road_Count,HourBefore,humidity,windSpeed,windBearing,uvIndex,precipIntensity,apparentTemperature,windGust,cloudCover,temperature,dewPoint,visibility,precipType,Event,Conditions,Rain,Cloudy,Foggy,Snow,Clear,RainBefore
,35.0626447,-85.314231,205 manufacturer's rd,,Hamm rd,7/1/2018 12:00,2018-07-01,12,1530460800,,,,Property Damage,Angle,No,No,No,No,,2,No,No,Shoulder and Lap Belt Used,37043,,37421,No,No,Daylight,Clear,189,14,19,0,2,8,1530457200,0.65,2.53,158,6,0,88.38,8.63,0.72,83.67,70.77,7.092,,partly-cloudy-day,mostly cloudy,0,1,0,0,0,0
,35.0627359,-85.314194,Signal Mountain Blvd,SR-1000,Balmoral Dr,8/20/2018 21:00,2018-08-20,21,1534813200,,,,Property Damage,Angle,Yes,No,No,No,40,2,No,No,Shoulder and Lap Belt Used,37377,Unknown,Unknown,No,No,Dark - Not Lighted,Clear,189,14,19,0,2,8,1534809600,0.76,4.99,167,0,0,85.63,5.87,0.17,80.97,72.7,3.339,,partly-cloudy-night,humid and partly cloudy,0,1,0,0,0,0
,35.062455,-85.313612,301 Manufacturers Rd,,Hwy 27,10/4/2018 14:00,2018-10-04,14,1538676000,,,,Property Damage,Angle,Yes,No,No,No,,2,No,No,Shoulder and Lap Belt Used,38002,Unknown,37343,No,No,Daylight,Clear,189,14,19,0,2,8,1538672400,0.49,3.83,287,5,0,89.71,8.85,0.72,87.29,66.1,6.647,,partly-cloudy-day,mostly cloudy,0,1,0,0,0,0
,35.06339,-85.31415,301 Manufacturers Rd,,Hwy 27,10/30/2018 0:00,2018-10-30,0,1540872000,,,,Property Damage,Angle,Yes,No,No,No,,2,No,No,Unknown,Unknown,,37064,,,Unknown,Unknown,189,14,19,0,2,8,1540868400,0.77,2.09,341,0,0,48,3.64,0,48,41,7.438,,clear-night,clear,0,0,0,0,1,0
,35.06313,-85.312876,Manufacturers Rd,,Hwy 27,11/20/2018 13:00,2018-11-20,13,1542736800,,,,Property Damage,"Sideswipe, Same Direction",No,No,No,No,,2,No,No,Shoulder and Lap Belt Used,37377,Shoulder and Lap Belt Used,37377,No,No,Daylight,Clear,189,14,19,0,2,8,1542733200,0.55,7.65,351,3,0,45.57,14.55,0.77,48.9,33.51,3.217,,partly-cloudy-day,mostly cloudy,0,1,0,0,0,0
,35.061229,-85.319117,Manufacturers Rd,,Highway 27 on ramp,12/19/2018 7:00,2018-12-19,7,1545220800,,,,Possible Injury,Angle,No,No,Yes,No,30,2,No,No,Shoulder and Lap Belt Used,37419,Shoulder and Lap Belt Used,37412,No,No,Daylight,Clear,189,14,19,0,2,8,1545217200,0.78,2.81,79,0,0,36.72,6.78,0,36.72,30.64,6.657,,clear-night,clear,0,0,0,0,1,0
,35.062455,-85.313612,Manufacturers Rd,,Manufacturers Rd,3/7/2019 15:00,2019-03-07,15,1551988800,,,,Property Damage,Unknown,Yes,No,No,No,25,2,No,No,Unknown,Unknown,,30736,,,Daylight,Cloudy,189,14,19,0,2,8,1551985200,0.17,3.95,132,4,0,52.66,9.77,0.75,52.66,9.63,7.068,,partly-cloudy-day,mostly cloudy,0,1,0,0,0,0
,35.071265,-85.289399,1313 Hixson Pike,,Dartmouth St,1/31/2018 0:00,2018-01-31,0,1517374800,,,,Property Damage Under,Unknown,Yes,No,No,No,40,2,No,No,,33559,Unknown,Unknown,,,Unknown,Unknown,310,16,16,0,7,14,1517371200,0.65,0.14,40,0,0,29.47,0.51,0,29.47,19.3,9.306,,clear-night,clear,0,0,0,0,1,0
,35.072296,-85.292397,1112 Dartmouth St,,Summer St,7/12/2018 0:00,2018-07-12,0,1531368000,,,,Property Damage,Unknown,Yes,No,No,No,25,2,No,No,,,,37405,,,Unknown,Unknown,310,16,16,0,7,14,1531364400,0.73,3.52,349,0,0,83.93,5.57,0.17,80.36,70.81,6.377,,partly-cloudy-night,partly cloudy,0,1,0,0,0,0
,35.073215,-85.288293,Hixson Pike,,North Access Rd,7/23/2018 14:00,2018-07-23,14,1532368800,,,,Property Damage,Front to Rear,No,No,No,No,40,3,No,No,Shoulder and Lap Belt Used,37404,Shoulder and Lap Belt Used,37415,No,No,Daylight,Clear,310,16,16,0,7,14,1532365200,0.64,4.27,23,6,0,82.42,8.28,0.75,80.1,66.93,4.609,,partly-cloudy-day,mostly cloudy,0,1,0,0,0,0
,35.069805,-85.289629,1220 Dartmouth St,,Hixson Pike,8/25/2018 14:00,2018-08-25,14,1535220000,,,,Property Damage,Angle,Yes,No,No,No,,2,No,No,,37405,Unknown,Unknown,,,Daylight,Clear,310,16,16,0,7,14,1535216400,0.55,4.66,169,6,0,83.92,10.26,0.69,82.23,64.69,2.589,,partly-cloudy-day,mostly cloudy,0,1,0,0,0,0
,35.075884,-85.291449,1234 Highland Dr,,Westwood Ave,12/14/2018 0:00,2018-12-14,0,1544763600,,,,Property Damage,Angle,Yes,No,No,No,25,2,No,No,,37405,Unknown,Unknown,,,Unknown,Clear,310,16,16,0,7,14,1544760000,0.67,2.57,121,0,0,48.42,6.38,1,48.42,37.89,6.444,,cloudy,overcast,0,1,0,0,0,0
,35.071056,-85.290251,1200 Dartmouth St,,Hixson Pike,3/8/2019 23:00,2019-03-08,23,1552104000,,,,Property Damage,"Sideswipe, Same Direction",No,No,No,No,30,2,No,No,,37405,Shoulder and Lap Belt Used,37343,No,Yes,Dark - Lighted,Rain,310,16,16,0,7,14,1552100400,0.93,3.59,72,0,0.113,46.69,9.18,1,47.83,46.01,1.425,rain,rain,rain,1,0,0,0,0,1
,35.075069,-85.293253,1025 Dartmouth St,,Knickerbocker Ave,5/24/2019 0:00,2019-05-24,0,1558670400,,,,Property Damage,Unknown,Yes,No,No,No,25,2,No,No,Unknown,Unknown,,37405,,,Unknown,Clear,310,16,16,0,7,14,1558666800,0.74,1.64,281,0,0,77.13,4.98,0,76.33,67.32,7.184,,clear-night,clear,0,0,0,0,1,0
,35.046274,-85.166282,2300 Hickory Valley Rd,,Shallowford Rd,1/31/2018 7:00,2018-01-31,7,1517400000,,,,Property Damage,Front to Rear,No,No,No,No,40,2,No,No,Shoulder and Lap Belt Used,37416,Shoulder and Lap Belt Used,37416,No,No,Daylight,Clear,461,32,13,0,2,10,1517396400,0.75,0.47,175,0,0,25.66,0.47,0,25.66,18.78,8.618,,clear-night,clear,0,0,0,0,1,0
,35.052291,-85.166152,6710 Hickory Brook Rd,,Hickory Creek,11/27/2018 20:00,2018-11-27,20,1543366800,,,,Property Damage Under,Unknown,Yes,No,No,No,15,2,No,No,,37404,Unknown,Unknown,,,Dark - Not Lighted,Clear,461,32,13,0,2,10,1543363200,0.6,2.88,312,0,0,30.23,9.93,0.75,30.23,18.04,5.545,,partly-cloudy-night,mostly cloudy,0,1,0,0,0,0
,35.051857,-85.168129,6578 Hickory Meadow Dr,,Hickory valley,5/11/2019 17:00,2019-05-11,17,1557608400,,,,Property Damage,Angle,No,No,No,No,20,2,No,No,None Used MV Occupant,37421,No Helmet,37421,No,No,Daylight,Clear,461,32,13,0,2,10,1557604800,0.75,7.91,177,3,0.001,79.14,7.91,0.75,78.11,69.56,5.757,rain,partly-cloudy-day,mostly cloudy,0,1,0,0,0,0
,35.025713,-85.335435,100 Moccasin Bend Rd,,Hamm Rd,1/31/2018 14:00,2018-01-31,14,1517425200,,,,Property Damage,Angle,No,No,No,No,15,2,No,No,,37416,Shoulder and Lap Belt Used,37406,No,No,Daylight,Clear,26,14,25,1,5,1,1517421600,0.3,4.52,187,3,0,51.29,10.28,0.14,51.29,20.56,3.994,,partly-cloudy-day,partly cloudy,0,1,0,0,0,0
,35.025713,-85.335435,100 Moccasin Bend Rd,,Signal mtn rd,11/28/2018 21:00,2018-11-28,21,1543456800,,,,Property Damage,Not Collision with Motor Vehicle in Transport,No,No,No,No,30,1,No,No,,,,,No,No,Dark - Not Lighted,Rain,26,14,25,1,5,1,1543453200,0.58,2.42,125,0,0,33.96,5.76,0.44,33.96,20.6,3.979,,partly-cloudy-night,partly cloudy,0,1,0,0,0,0
,35.025713,-85.335435,Moccasin Bend Rd,,Moccasin Bend Rd,5/2/2019 0:00,2019-05-02,0,1556769600,,,,Property Damage Under,Unknown,Yes,No,No,No,,2,No,No,,39540,Unknown,Unknown,,,Unknown,Clear,26,14,25,1,5,1,1556766000,0.86,3.98,211,0,0.003,70.29,9.27,1,69.6,65.1,2.879,rain,rain,possible drizzle,1,0,0,0,0,1
,35.025713,-85.335435,Moccasin Bend Rd,,Moccasin Bend Rd,5/2/2019 0:00,2019-05-02,0,1556769600,,,,Property Damage Under,Unknown,Yes,No,No,No,,2,No,No,,39540,Unknown,Unknown,,,Unknown,Clear,26,14,25,1,5,1,1556766000,0.86,3.98,211,0,0.003,70.29,9.27,1,69.6,65.1,2.879,rain,rain,possible drizzle,1,0,0,0,0,1
,35.025713,-85.335435,Moccasin Bend Rd,,Moccasin Bend Rd,5/2/2019 0:00,2019-05-02,0,1556769600,,,,Property Damage Under,Unknown,Yes,No,No,No,,2,No,No,,39540,Unknown,Unknown,,,Unknown,Clear,26,14,25,1,5,1,1556766000,0.86,3.98,211,0,0.003,70.29,9.27,1,69.6,65.1,2.879,rain,rain,possible drizzle,1,0,0,0,0,1
,35.025713,-85.335435,Moccasin Bend Rd,,Moccasin Bend Rd,5/2/2019 0:00,2019-05-02,0,1556769600,,,,Property Damage Under,Unknown,Yes,No,No,No,,2,No,No,,39540,Unknown,Unknown,,,Unknown,Clear,26,14,25,1,5,1,1556766000,0.86,3.98,211,0,0.003,70.29,9.27,1,69.6,65.1,2.879,rain,rain,possible drizzle,1,0,0,0,0,1
,35.0559424,-85.135078,2626 Walker Rd,,Hamilton Park Drive,2/1/2018 0:00,2018-02-01,0,1517461200,,,,Property Damage,Unknown,Yes,No,No,No,15,2,No,No,Unknown,Unknown,,30755,,,Unknown,Cloudy,554,35,11,0,7,3,1517457600,0.41,2.64,188,0,0,43.79,7.02,0,43.79,21.53,6.091,,clear-night,clear,0,0,0,0,1,0
,35.055684,-85.136675,700 Interstate 75 Nb St,I-75,Bonny Oaks Dr.,5/15/2018 5:00,2018-05-15,5,1526374800,,,,Property Damage,"Sideswipe, Same Direction",No,No,No,No,55,2,No,No,,37397,Unknown,30707,No,No,Dark - Not Lighted,Clear,554,35,11,0,7,3,1526371200,0.82,0.95,165,0,0,72.25,2.29,0.23,71.56,65.61,5.906,,partly-cloudy-night,partly cloudy,0,1,0,0,0,0
,35.055684,-85.136675,700 I-75 Rd,I-75,Apison Pike,5/29/2018 16:00,2018-05-29,16,1527624000,,,,Property Damage,Front to Rear,No,No,No,No,45,2,No,No,Shoulder and Lap Belt Used,37341,Shoulder and Lap Belt Used,37421,No,No,Daylight,Rain,554,35,11,0,7,3,1527620400,0.73,6.72,140,4,0.004,85.58,17.24,1,81.24,71.73,4.875,rain,cloudy,overcast,0,1,0,0,0,0
,35.053597,-85.140612,680 I-75 Hwy,,Shallowford Rd,7/2/2018 0:00,2018-07-02,0,1530504000,,,,Property Damage,Not Collision with Motor Vehicle in Transport,No,No,No,No,55,1,No,No,,30741,Shoulder and Lap Belt Used,37363,No,No,Unknown,Unknown,554,35,11,0,7,3,1530500400,0.92,1.02,191,0,0,75.88,6.04,0,74.43,71.85,5.9,,clear-night,clear,0,0,0,0,1,0
,35.051976,-85.143341,660 Interstate 75 Sb Rd,,Shallowford Road,8/2/2018 8:00,2018-08-02,8,1533211200,,,,Possible Injury,Front to Rear,No,No,No,No,65,3,No,No,Shoulder and Lap Belt Used,37407,Shoulder and Lap Belt Used,37312,No,No,Daylight,Rain,554,35,11,0,7,3,1533207600,0.95,3.43,66,0,0.01,71.05,5.49,1,69.89,68.41,2.867,rain,rain,drizzle,1,0,0,0,0,1
,35.05514,-85.138005,700 Interstate 75 Sb Rd,,Bonny Oaks Drive,9/7/2018 8:00,2018-09-07,8,1536321600,,,,Possible Injury,Front to Rear,No,No,No,No,65,2,No,No,Shoulder and Lap Belt Used,37363,Shoulder and Lap Belt Used,37323,No,No,Daylight,Clear,554,35,11,0,7,3,1536318000,0.93,1.11,64,0,0,71.3,5.2,1,70.2,68.14,0.505,,fog,foggy,0,0,1,0,0,0
,35.05514,-85.138005,700 Interstate 75 Sb Rd,,Bonny Oaks Drive,10/4/2018 7:00,2018-10-04,7,1538650800,,,,Property Damage,"Sideswipe, Same Direction",No,No,No,No,65,2,No,No,Shoulder and Lap Belt Used,44864,Shoulder and Lap Belt Used,45356,No,No,Dawn,Clear,554,35,11,0,7,3,1538647200,0.91,1.14,13,0,0,67.74,3.57,0,67.03,64.47,5.437,,clear-night,clear,0,0,0,0,1,0
,35.055684,-85.136675,700 I-75 NB Hwy,,Lee Hwy,11/30/2018 14:00,2018-11-30,14,1543604400,,,,Possible Injury,Not Collision with Motor Vehicle in Transport,No,No,Yes,No,25,1,No,No,Shoulder and Lap Belt Used,37421,,,No,No,Daylight,Cloudy,554,35,11,0,7,3,1543600800,0.89,6.03,200,2,0.013,59.59,13.73,1,59.59,56.47,3.886,rain,rain,possible drizzle,1,0,0,0,0,1
,35.056781,-85.140779,7500 Lee Hwy,,Tyner Rd,1/16/2019 8:00,2019-01-16,8,1547643600,,,,Property Damage Under,Front to Rear,No,No,No,No,45,2,No,No,Shoulder and Lap Belt Used,37421,Shoulder and Lap Belt Used,37421,No,No,Daylight,Cloudy,554,35,11,0,7,3,1547640000,0.87,3.5,358,0,0,29.25,7.82,1,32.52,28.96,7.72,,cloudy,overcast,0,1,0,0,0,0
,35.055684,-85.136675,700 I-75 Nb Rd,,Bonny Oaks Dr,3/9/2019 14:00,2019-03-09,14,1552158000,,,,Property Damage Under,Not Collision with Motor Vehicle in Transport,No,No,No,No,55,1,No,No,,37243,Shoulder and Lap Belt Used,37323,No,No,Daylight,Clear,554,35,11,0,7,3,1552154400,0.98,5.32,181,4,0,53.6,12.37,1,53.6,52.94,1.667,,fog,foggy,0,0,1,0,0,0
,35.0589041,-85.210592,7479 Volkswagen Dr,,Bonny Oaks Dr,2/1/2018 0:00,2018-02-01,0,1517461200,,,,Property Damage Under,Unknown,Yes,No,No,No,15,2,No,No,,30741,Unknown,Unknown,,,Dark - Lighted,Rain,410,26,14,0,2,4,1517457600,0.4,2.61,184,0,0,44.38,6.12,0,44.38,21.84,5.951,,clear-night,clear,0,0,0,0,1,0
,35.060936,-85.213535,3923 Juniper St,,Camellia Dr,2/11/2018 0:00,2018-02-11,0,1518325200,,,,Property Damage,"Sideswipe, Opposite Direction",Yes,No,No,No,15,2,No,No,,37421,Unknown,Unknown,,,Unknown,Rain,410,26,14,0,2,4,1518321600,0.92,1.85,183,0,0.096,61.74,5.19,1,61.58,59.12,2.45,rain,rain,light rain,1,0,0,0,0,1
,35.05964,-85.212467,Jasmine St,,Camellia,7/8/2018 14:00,2018-07-08,14,1531072800,,,,Property Damage,Unknown,Yes,No,No,No,15,2,No,No,,37343,Unknown,Unknown,,,Daylight,Clear,410,26,14,0,2,4,1531069200,0.57,3.7,181,8,0,85.26,10.44,0.44,83.04,66.09,5.913,,partly-cloudy-day,partly cloudy,0,1,0,0,0,0
,35.060346,-85.214103,3902 Camellia Dr,SR-1,Juniper St.,10/13/2018 18:00,2018-10-13,18,1539468000,,,,Property Damage,Angle,No,No,No,No,15,2,No,No,Shoulder and Lap Belt Used,37421,None Used MV Occupant,37421,,,Daylight,Clear,410,26,14,0,2,4,1539464400,0.52,4.22,39,0,0,64.86,8.51,0,64.86,46.8,7.841,,clear-day,clear,0,0,0,0,1,0
,35.061335,-85.210387,Zinnia St,,Marigold Dr,2/1/2019 8:00,2019-02-01,8,1549026000,,,,Property Damage,Angle,No,No,No,No,,2,No,No,Shoulder and Lap Belt Used,37421,Shoulder and Lap Belt Used,37406,No,No,Daylight,Clear,410,26,14,0,2,4,1549022400,0.72,3.88,225,0,0,29.12,8.44,0.91,32.79,24.88,7.028,,cloudy,overcast,0,1,0,0,0,0
,35.060767,-85.21351,3900 Camellia Dr,,Cromwell Rd.,4/17/2019 10:00,2019-04-17,10,1555509600,,,,Property Damage,Not Collision with Motor Vehicle in Transport,No,No,No,No,20,1,No,No,Shoulder and Lap Belt Used,37421,,,No,No,Daylight,Unknown,410,26,14,0,2,4,1555506000,0.67,1.87,196,3,0,61.21,2.64,0,61.21,50.06,3.859,,clear-day,clear,0,0,0,0,1,0
,35.059929,-85.20982,3940 Camellia Dr,,Cromwell Rd.,4/19/2019 9:00,2019-04-19,9,1555678800,,,,Property Damage,Not Collision with Motor Vehicle in Transport,Yes,No,No,No,25,1,No,No,Unknown,Unknown,,,,,Daylight,Rain,410,26,14,0,2,4,1555675200,0.95,1.3,301,1,0.07,62.78,4.57,0.87,62.36,61.03,2.672,rain,rain,possible light rain,1,0,0,0,0,1
,35.0533424,-85.181849,1346 Gunbarrel Rd,,Elaine Trl,2/1/2018 11:00,2018-02-01,11,1517500800,,,,Property Damage Under,Not Collision with Motor Vehicle in Transport,No,No,No,No,35,1,No,No,Unknown,37757,,,No,No,Daylight,Clear,459,30,13,0,7,9,1517497200,0.69,2.59,188,2,0,49.77,6.25,1,49.77,39.89,6.011,,cloudy,overcast,0,1,0,0,0,0
,35.0529277,-85.179989,Shallowford Rd,,Noah Reid Rd,2/6/2018 16:00,2018-02-06,16,1517950800,,,,Property Damage,Front to Rear,No,No,No,No,35,2,No,No,Shoulder and Lap Belt Used,30736,Shoulder and Lap Belt Used,37323,No,No,Daylight,Cloudy,459,30,13,0,7,9,1517947200,0.78,1.09,6,1,0,48.15,1.97,1,48.15,41.57,5.697,,cloudy,overcast,0,1,0,0,0,0
,35.052959,-85.180238,Noah Reid Rd,,W Shepherd Rd,6/4/2018 2:00,2018-06-04,2,1528092000,,,,Possible Injury,Angle,No,No,Yes,No,25,2,No,No,Shoulder and Lap Belt Used,37404,Shoulder and Lap Belt Used,37421,No,No,Dark - Lighted,Clear,459,30,13,0,7,9,1528088400,0.71,3.85,332,0,0,67.33,7.38,0,67.33,57.69,5.958,,clear-night,clear,0,0,0,0,1,0
,35.053289,-85.182953,Shallowford Rd,,W Shepherd Rd,3/27/2019 16:00,2019-03-27,16,1553716800,,,,Property Damage Under,Front to Rear,No,No,No,No,30,2,No,No,Shoulder and Lap Belt Used,37311,Shoulder and Lap Belt Used,37363,No,No,Daylight,Clear,459,30,13,0,7,9,1553713200,0.3,2.85,137,5,0,65.47,10.26,0,65.47,33.3,5.635,,clear-day,clear,0,0,0,0,1,0
,35.052959,-85.180238,7200 Noah Reid Rd,,6200 Shallowford Rd,5/12/2019 4:00,2019-05-12,4,1557648000,,,,Fatal,Not Collision with Motor Vehicle in Transport,No,Yes,Yes,No,35,1,No,No,Shoulder and Lap Belt Used,37312,,,No,Yes,Dark - Lighted,Rain,459,30,13,0,7,9,1557644400,0.95,4.59,185,0,0.015,67.44,8.27,1,66.59,65.24,4.833,rain,rain,drizzle,1,0,0,0,0,1
,35.01856,-85.28253,2000 E 23rd St,,2000 E 23rd St,2/1/2018 18:00,2018-02-01,18,1517526000,,,,Possible Injury,Not Collision with Motor Vehicle in Transport,Yes,No,Yes,No,35,1,No,Yes,None Used MV Occupant,37406,Unknown,Unknown,No,No,Dark - Lighted,Rain,78,21,23,1,7,23,1517522400,0.66,4.17,218,0,0,59.07,9.24,1,59.07,47.75,5.687,,cloudy,overcast,0,1,0,0,0,0
,35.01856,-85.28253,2000 E 23rd St,,2000 E 23rd St,2/1/2018 18:00,2018-02-01,18,1517526000,,,,Possible Injury,Not Collision with Motor Vehicle in Transport,Yes,No,Yes,No,35,1,No,Yes,None Used MV Occupant,37406,Unknown,Unknown,No,No,Dark - Lighted,Rain,78,21,23,1,7,23,1517522400,0.66,4.17,218,0,0,59.07,9.24,1,59.07,47.75,5.687,,cloudy,overcast,0,1,0,0,0,0
,35.01856,-85.28253,2000 E 23rd St,,2000 E 23rd St,2/1/2018 18:00,2018-02-01,18,1517526000,,,,Possible Injury,Not Collision with Motor Vehicle in Transport,Yes,No,Yes,No,35,1,No,Yes,None Used MV Occupant,37406,Unknown,Unknown,No,No,Dark - Lighted,Rain,78,21,23,1,7,23,1517522400,0.66,4.17,218,0,0,59.07,9.24,1,59.07,47.75,5.687,,cloudy,overcast,0,1,0,0,0,0
,35.01856,-85.28253,2000 E 23rd St,,2000 E 23rd St,2/1/2018 18:00,2018-02-01,18,1517526000,,,,Possible Injury,Not Collision with Motor Vehicle in Transport,Yes,No,Yes,No,35,1,No,Yes,None Used MV Occupant,37406,Unknown,Unknown,No,No,Dark - Lighted,Rain,78,21,23,1,7,23,1517522400,0.66,4.17,218,0,0,59.07,9.24,1,59.07,47.75,5.687,,cloudy,overcast,0,1,0,0,0,0
,35.017935,-85.279681,E 23rd St,,4th Ave,2/22/2018 17:00,2018-02-22,17,1519336800,,,,Property Damage Under,"Sideswipe, Same Direction",No,No,No,No,40,2,No,No,Shoulder and Lap Belt Used,37410,Shoulder and Lap Belt Used,37407,No,No,Daylight,Clear,78,21,23,1,7,23,1519333200,0.57,2.66,197,1,0,77.83,7.17,0.75,77.69,61.2,6.298,,partly-cloudy-day,mostly cloudy,0,1,0,0,0,0
,35.017935,-85.279681,E 23rd St,,4th Ave,2/22/2018 17:00,2018-02-22,17,1519336800,,,,Property Damage Under,"Sideswipe, Same Direction",No,No,No,No,40,2,No,No,Shoulder and Lap Belt Used,37410,Shoulder and Lap Belt Used,37407,No,No,Daylight,Clear,78,21,23,1,7,23,1519333200,0.57,2.66,197,1,0,77.83,7.17,0.75,77.69,61.2,6.298,,partly-cloudy-day,mostly cloudy,0,1,0,0,0,0
,35.017935,-85.279681,E 23rd St,,4th Ave,2/22/2018 17:00,2018-02-22,17,1519336800,,,,Property Damage Under,"Sideswipe, Same Direction",No,No,No,No,40,2,No,No,Shoulder and Lap Belt Used,37410,Shoulder and Lap Belt Used,37407,No,No,Daylight,Clear,78,21,23,1,7,23,1519333200,0.57,2.66,197,1,0,77.83,7.17,0.75,77.69,61.2,6.298,,partly-cloudy-day,mostly cloudy,0,1,0,0,0,0
,35.017935,-85.279681,E 23rd St,,4th Ave,2/22/2018 17:00,2018-02-22,17,1519336800,,,,Property Damage Under,"Sideswipe, Same Direction",No,No,No,No,40,2,No,No,Shoulder and Lap Belt Used,37410,Shoulder and Lap Belt Used,37407,No,No,Daylight,Clear,78,21,23,1,7,23,1519333200,0.57,2.66,197,1,0,77.83,7.17,0.75,77.69,61.2,6.298,,partly-cloudy-day,mostly cloudy,0,1,0,0,0,0
,35.01856,-85.28253,2038 S Willow St,,2020 E 23rd St,3/8/2018 11:00,2018-03-08,11,1520524800,,,,Property Damage Under,Front to Rear,Yes,No,No,No,35,2,No,No,Unknown,Unknown,Shoulder and Lap Belt Used,37404,No,No,Daylight,Clear,78,21,23,1,7,23,1520521200,0.58,4.32,307,3,0,35.56,10.54,1,38.74,25.41,6.298,,cloudy,overcast,0,1,0,0,0,0
,35.01856,-85.28253,2038 S Willow St,,2020 E 23rd St,3/8/2018 11:00,2018-03-08,11,1520524800,,,,Property Damage Under,Front to Rear,Yes,No,No,No,35,2,No,No,Unknown,Unknown,Shoulder and Lap Belt Used,37404,No,No,Daylight,Clear,78,21,23,1,7,23,1520521200,0.58,4.32,307,3,0,35.56,10.54,1,38.74,25.41,6.298,,cloudy,overcast,0,1,0,0,0,0
,35.01856,-85.28253,2038 S Willow St,,2020 E 23rd St,3/8/2018 11:00,2018-03-08,11,1520524800,,,,Property Damage Under,Front to Rear,Yes,No,No,No,35,2,No,No,Unknown,Unknown,Shoulder and Lap Belt Used,37404,No,No,Daylight,Clear,78,21,23,1,7,23,1520521200,0.58,4.32,307,3,0,35.56,10.54,1,38.74,25.41,6.298,,cloudy,overcast,0,1,0,0,0,0
,35.01856,-85.28253,2038 S Willow St,,2020 E 23rd St,3/8/2018 11:00,2018-03-08,11,1520524800,,,,Property Damage Under,Front to Rear,Yes,No,No,No,35,2,No,No,Unknown,Unknown,Shoulder and Lap Belt Used,37404,No,No,Daylight,Clear,78,21,23,1,7,23,1520521200,0.58,4.32,307,3,0,35.56,10.54,1,38.74,25.41,6.298,,cloudy,overcast,0,1,0,0,0,0
,35.01568,-85.277396,24 interstate,I-24,EXIT 181,4/25/2018 0:00,2018-04-25,0,1524628800,,,,Possible Injury,Not Collision with Motor Vehicle in Transport,No,No,Yes,No,55,1,No,No,,75094,,,,,Dark - Lighted,Clear,78,21,23,1,7,23,1524625200,0.84,0.95,296,0,0,58.55,2.63,1,58.55,53.65,5.687,,cloudy,overcast,0,1,0,0,0,0
,35.01568,-85.277396,24 interstate,I-24,EXIT 181,4/25/2018 0:00,2018-04-25,0,1524628800,,,,Possible Injury,Not Collision with Motor Vehicle in Transport,No,No,Yes,No,55,1,No,No,,75094,,,,,Dark - Lighted,Clear,78,21,23,1,7,23,1524625200,0.84,0.95,296,0,0,58.55,2.63,1,58.55,53.65,5.687,,cloudy,overcast,0,1,0,0,0,0
,35.01568,-85.277396,24 interstate,I-24,EXIT 181,4/25/2018 0:00,2018-04-25,0,1524628800,,,,Possible Injury,Not Collision with Motor Vehicle in Transport,No,No,Yes,No,55,1,No,No,,75094,,,,,Dark - Lighted,Clear,78,21,23,1,7,23,1524625200,0.84,0.95,296,0,0,58.55,2.63,1,58.55,53.65,5.687,rain,cloudy,overcast,0,1,0,0,0,0
,35.01568,-85.277396,24 interstate,I-24,EXIT 181,4/25/2018 0:00,2018-04-25,0,1524628800,,,,Possible Injury,Not Collision with Motor Vehicle in Transport,No,No,Yes,No,55,1,No,No,,75094,,,,,Dark - Lighted,Clear,78,21,23,1,7,23,1524625200,0.84,0.95,296,0,0,58.55,2.63,1,58.55,53.65,5.687,rain,cloudy,overcast,0,1,0,0,0,0
,35.0166737,-85.276267,1812 Interstae,I-24,18000 Interstate,4/28/2018 23:00,2018-04-28,23,1524970800,,,,Property Damage,Not Collision with Motor Vehicle in Transport,No,No,No,No,55,1,No,No,Shoulder and Lap Belt Used,2453,,,No,No,Dark - Lighted,Clear,78,21,23,1,7,23,1524967200,0.42,2.91,356,0,0,60.64,7.27,0,60.64,37.17,6.137,,clear-night,clear,0,0,0,0,1,0
,35.0166737,-85.276267,1812 Interstae,I-24,18000 Interstate,4/28/2018 23:00,2018-04-28,23,1524970800,,,,Property Damage,Not Collision with Motor Vehicle in Transport,No,No,No,No,55,1,No,No,Shoulder and Lap Belt Used,2453,,,No,No,Dark - Lighted,Clear,78,21,23,1,7,23,1524967200,0.42,2.91,356,0,0,60.64,7.27,0,60.64,37.17,6.137,,clear-night,clear,0,0,0,0,1,0
,35.0166737,-85.276267,1812 Interstae,I-24,18000 Interstate,4/28/2018 23:00,2018-04-28,23,1524970800,,,,Property Damage,Not Collision with Motor Vehicle in Transport,No,No,No,No,55,1,No,No,Shoulder and Lap Belt Used,2453,,,No,No,Dark - Lighted,Clear,78,21,23,1,7,23,1524967200,0.42,2.91,356,0,0,60.64,7.27,0,60.64,37.17,6.137,,clear-night,clear,0,0,0,0,1,0
,35.0166737,-85.276267,1812 Interstae,I-24,18000 Interstate,4/28/2018 23:00,2018-04-28,23,1524970800,,,,Property Damage,Not Collision with Motor Vehicle in Transport,No,No,No,No,55,1,No,No,Shoulder and Lap Belt Used,2453,,,No,No,Dark - Lighted,Clear,78,21,23,1,7,23,1524967200,0.42,2.91,356,0,0,60.64,7.27,0,60.64,37.17,6.137,,clear-night,clear,0,0,0,0,1,0