Accident,Latitude,Longitude,Street,AltStreet,Intersection,DateTime,Date,Hour,Unix,WeekDay,WeekEnd,DayFrame,AccidentType,CollisionType,HaR,FatalInjury,MedicalTransport,InvolvedPlacardedTruck,PostedSpeed,TotalVehiclesInvolved,PedestrianInvolved,BicycleInvolved,DriverOneSafetyEquipment,DriverOneZip,DriverTwoSafetyEquipment,DriverTwoZip,Drug,Alcohol,LightCondition,Weather,Grid_Block,Grid_Col,Grid_Row,Highway,Land_Use_Mode,Road_Count,HourBefore,humidity,windSpeed,windBearing,uvIndex,precipIntensity,apparentTemperature,windGust,cloudCover,temperature,dewPoint,visibility,precipType,Event,Conditions,Rain,Cloudy,Foggy,Snow,Clear,RainBefore
,35.01856,-85.28253,2000 E 23rd St,,S Orchard Knob Ave,5/9/2018 16:00,2018-05-09,16,1525896000,,,,Property Damage Under,Angle,No,No,No,No,35,2,No,No,Shoulder and Lap Belt Used,37404,Shoulder and Lap Belt Used,30736,No,No,Daylight,Clear,78,21,23,1,7,23,1525892400,0.42,1.49,215,5,0,83.56,4.18,0.52,83.56,57.81,5.687,,partly-cloudy-day,mostly cloudy,0,1,0,0,0,0
,35.01856,-85.28253,2000 E 23rd St,,S Orchard Knob Ave,5/9/2018 16:00,2018-05-09,16,1525896000,,,,Property Damage Under,Angle,No,No,No,No,35,2,No,No,Shoulder and Lap Belt Used,37404,Shoulder and Lap Belt Used,30736,No,No,Daylight,Clear,78,21,23,1,7,23,1525892400,0.42,1.49,215,5,0,83.56,4.18,0.52,83.56,57.81,5.687,,partly-cloudy-day,mostly cloudy,0,1,0,0,0,0
,35.01856,-85.28253,2000 E 23rd St,,S Orchard Knob Ave,5/9/2018 16:00,2018-05-09,16,1525896000,,,,Property Damage Under,Angle,No,No,No,No,35,2,No,No,Shoulder and Lap Belt Used,37404,Shoulder and Lap Belt Used,30736,No,No,Daylight,Clear,78,21,23,1,7,23,1525892400,0.42,1.49,215,5,0,83.56,4.18,0.52,83.56,57.81,5.687,,partly-cloudy-day,mostly cloudy,0,1,0,0,0,0
,35.01856,-85.28253,2000 E 23rd St,,S Orchard Knob Ave,5/9/2018 16:00,2018-05-09,16,1525896000,,,,Property Damage Under,Angle,No,No,No,No,35,2,No,No,Shoulder and Lap Belt Used,37404,Shoulder and Lap Belt Used,30736,No,No,Daylight,Clear,78,21,23,1,7,23,1525892400,0.42,1.49,215,5,0,83.56,4.18,0.52,83.56,57.81,5.687,,partly-cloudy-day,mostly cloudy,0,1,0,0,0,0
,35.018546,-85.280426,S Willow St,,E 23rd St,5/10/2018 16:00,2018-05-10,16,1525982400,,,,Property Damage Under,"Sideswipe, Same Direction",No,No,No,No,40,2,No,No,Shoulder and Lap Belt Used,33702,Shoulder and Lap Belt Used,37347,No,No,Daylight,Rain,78,21,23,1,7,23,1525978800,0.71,2.25,352,5,0.053,72.25,7.34,0.75,72.03,61.99,5.992,rain,rain,possible light rain,1,0,0,0,0,1
,35.018546,-85.280426,S Willow St,,E 23rd St,5/10/2018 16:00,2018-05-10,16,1525982400,,,,Property Damage Under,"Sideswipe, Same Direction",No,No,No,No,40,2,No,No,Shoulder and Lap Belt Used,33702,Shoulder and Lap Belt Used,37347,No,No,Daylight,Rain,78,21,23,1,7,23,1525978800,0.71,2.25,352,5,0.053,72.25,7.34,0.75,72.03,61.99,5.992,rain,rain,possible light rain,1,0,0,0,0,1
,35.018546,-85.280426,S Willow St,,E 23rd St,5/10/2018 16:00,2018-05-10,16,1525982400,,,,Property Damage Under,"Sideswipe, Same Direction",No,No,No,No,40,2,No,No,Shoulder and Lap Belt Used,33702,Shoulder and Lap Belt Used,37347,No,No,Daylight,Rain,78,21,23,1,7,23,1525978800,0.71,2.25,352,5,0.053,72.25,7.34,0.75,72.03,61.99,5.992,rain,rain,possible light rain,1,0,0,0,0,1
,35.018546,-85.280426,S Willow St,,E 23rd St,5/10/2018 16:00,2018-05-10,16,1525982400,,,,Property Damage Under,"Sideswipe, Same Direction",No,No,No,No,40,2,No,No,Shoulder and Lap Belt Used,33702,Shoulder and Lap Belt Used,37347,No,No,Daylight,Rain,78,21,23,1,7,23,1525978800,0.71,2.25,352,5,0.053,72.25,7.34,0.75,72.03,61.99,5.992,rain,rain,possible light rain,1,0,0,0,0,1
,35.017462,-85.279462,1812 Interstae,I-24,18000 Interstate,5/11/2018 17:00,2018-05-11,17,1526072400,,,,Property Damage,Front to Rear,No,No,No,No,55,2,No,No,Shoulder and Lap Belt Used,37409,Shoulder and Lap Belt Used,37350,No,No,Daylight,Clear,78,21,23,1,7,23,1526068800,0.44,1.86,214,4,0,87.95,5.97,0.44,87.26,62.6,6.298,,partly-cloudy-day,partly cloudy,0,1,0,0,0,0
,35.017462,-85.279462,1812 Interstae,I-24,18000 Interstate,5/11/2018 17:00,2018-05-11,17,1526072400,,,,Property Damage,Front to Rear,No,No,No,No,55,2,No,No,Shoulder and Lap Belt Used,37409,Shoulder and Lap Belt Used,37350,No,No,Daylight,Clear,78,21,23,1,7,23,1526068800,0.44,1.86,214,4,0,87.95,5.97,0.44,87.26,62.6,6.298,,partly-cloudy-day,partly cloudy,0,1,0,0,0,0
,35.017462,-85.279462,1812 Interstae,I-24,18000 Interstate,5/11/2018 17:00,2018-05-11,17,1526072400,,,,Property Damage,Front to Rear,No,No,No,No,55,2,No,No,Shoulder and Lap Belt Used,37409,Shoulder and Lap Belt Used,37350,No,No,Daylight,Clear,78,21,23,1,7,23,1526068800,0.44,1.86,214,4,0,87.95,5.97,0.44,87.26,62.6,6.298,,partly-cloudy-day,partly cloudy,0,1,0,0,0,0
,35.017462,-85.279462,1812 Interstae,I-24,18000 Interstate,5/11/2018 17:00,2018-05-11,17,1526072400,,,,Property Damage,Front to Rear,No,No,No,No,55,2,No,No,Shoulder and Lap Belt Used,37409,Shoulder and Lap Belt Used,37350,No,No,Daylight,Clear,78,21,23,1,7,23,1526068800,0.44,1.86,214,4,0,87.95,5.97,0.44,87.26,62.6,6.298,,partly-cloudy-day,partly cloudy,0,1,0,0,0,0
,35.01856,-85.28253,2000 E 23rd St,,E 23rd St,5/17/2018 17:00,2018-05-17,17,1526590800,,,,Property Damage Under,Front to Rear,No,No,No,No,40,2,No,No,Shoulder and Lap Belt Used,37404,Shoulder and Lap Belt Used,30755,No,No,Daylight,Rain,78,21,23,1,7,23,1526587200,0.87,0.99,119,4,0.029,72.31,3.49,0.75,71.38,67.36,6.26,rain,rain,possible light rain,1,0,0,0,0,1
,35.01856,-85.28253,2000 E 23rd St,,E 23rd St,5/17/2018 17:00,2018-05-17,17,1526590800,,,,Property Damage Under,Front to Rear,No,No,No,No,40,2,No,No,Shoulder and Lap Belt Used,37404,Shoulder and Lap Belt Used,30755,No,No,Daylight,Rain,78,21,23,1,7,23,1526587200,0.87,0.99,119,4,0.029,72.31,3.49,0.75,71.38,67.36,6.26,rain,rain,possible light rain,1,0,0,0,0,1
,35.01856,-85.28253,2000 E 23rd St,,E 23rd St,5/17/2018 17:00,2018-05-17,17,1526590800,,,,Property Damage Under,Front to Rear,No,No,No,No,40,2,No,No,Shoulder and Lap Belt Used,37404,Shoulder and Lap Belt Used,30755,No,No,Daylight,Rain,78,21,23,1,7,23,1526587200,0.87,0.99,119,4,0.029,72.31,3.49,0.75,71.38,67.36,6.26,rain,rain,possible light rain,1,0,0,0,0,1
,35.01856,-85.28253,2000 E 23rd St,,E 23rd St,5/17/2018 17:00,2018-05-17,17,1526590800,,,,Property Damage Under,Front to Rear,No,No,No,No,40,2,No,No,Shoulder and Lap Belt Used,37404,Shoulder and Lap Belt Used,30755,No,No,Daylight,Rain,78,21,23,1,7,23,1526587200,0.87,0.99,119,4,0.029,72.31,3.49,0.75,71.38,67.36,6.26,rain,rain,possible light rain,1,0,0,0,0,1
,35.015989,-85.276236,E 23rd St,US-2300,S. Watkins,5/22/2018 11:00,2018-05-22,11,1527001200,,,,Property Damage,Rear to Side,Yes,No,No,No,15,2,No,No,Unknown,Unknown,,37311,,,Daylight,Clear,78,21,23,1,7,23,1526997600,0.77,3.88,170,4,0,74.83,8.15,1,74.09,66.53,5.372,,cloudy,overcast,0,1,0,0,0,0
,35.015989,-85.276236,E 23rd St,US-2300,S. Watkins,5/22/2018 11:00,2018-05-22,11,1527001200,,,,Property Damage,Rear to Side,Yes,No,No,No,15,2,No,No,Unknown,Unknown,,37311,,,Daylight,Clear,78,21,23,1,7,23,1526997600,0.77,3.88,170,4,0,74.83,8.15,1,74.09,66.53,5.372,,cloudy,overcast,0,1,0,0,0,0
,35.015989,-85.276236,E 23rd St,US-2300,S. Watkins,5/22/2018 11:00,2018-05-22,11,1527001200,,,,Property Damage,Rear to Side,Yes,No,No,No,15,2,No,No,Unknown,Unknown,,37311,,,Daylight,Clear,78,21,23,1,7,23,1526997600,0.77,3.88,170,4,0,74.83,8.15,1,74.09,66.53,5.372,,cloudy,overcast,0,1,0,0,0,0
,35.015989,-85.276236,E 23rd St,US-2300,S. Watkins,5/22/2018 11:00,2018-05-22,11,1527001200,,,,Property Damage,Rear to Side,Yes,No,No,No,15,2,No,No,Unknown,Unknown,,37311,,,Daylight,Clear,78,21,23,1,7,23,1526997600,0.77,3.88,170,4,0,74.83,8.15,1,74.09,66.53,5.372,,cloudy,overcast,0,1,0,0,0,0
,35.023071,-85.279863,1709 Mulberry St,,E 18TH ST,7/5/2018 0:00,2018-07-05,0,1530763200,,,,Property Damage Under,Unknown,Yes,No,No,No,15,2,No,No,Unknown,Unknown,,37404,,,Unknown,Unknown,78,21,23,1,7,23,1530759600,0.92,1.71,210,0,0,75.79,1.84,0.44,74.32,71.96,1.855,,fog,foggy,0,0,1,0,0,0
,35.023071,-85.279863,1709 Mulberry St,,E 18TH ST,7/5/2018 0:00,2018-07-05,0,1530763200,,,,Property Damage Under,Unknown,Yes,No,No,No,15,2,No,No,Unknown,Unknown,,37404,,,Unknown,Unknown,78,21,23,1,7,23,1530759600,0.92,1.71,210,0,0,75.79,1.84,0.44,74.32,71.96,1.855,,fog,foggy,0,0,1,0,0,0
,35.023071,-85.279863,1709 Mulberry St,,E 18TH ST,7/5/2018 0:00,2018-07-05,0,1530763200,,,,Property Damage Under,Unknown,Yes,No,No,No,15,2,No,No,Unknown,Unknown,,37404,,,Unknown,Unknown,78,21,23,1,7,23,1530759600,0.92,1.71,210,0,0,75.89,1.84,0.44,74.42,71.96,1.855,,fog,foggy,0,0,1,0,0,0
,35.023071,-85.279863,1709 Mulberry St,,E 18TH ST,7/5/2018 0:00,2018-07-05,0,1530763200,,,,Property Damage Under,Unknown,Yes,No,No,No,15,2,No,No,Unknown,Unknown,,37404,,,Unknown,Unknown,78,21,23,1,7,23,1530759600,0.92,1.71,210,0,0,75.89,1.84,0.44,74.42,71.96,1.855,,fog,foggy,0,0,1,0,0,0
,35.017935,-85.279681,4th Ave,,E 23rd St,7/13/2018 13:00,2018-07-13,13,1531501200,,,,Property Damage Under,"Sideswipe, Same Direction",No,No,No,No,30,2,No,No,Shoulder and Lap Belt Used,31404,Shoulder and Lap Belt Used,30721,No,No,Daylight,Clear,78,21,23,1,7,23,1531497600,0.58,3.2,343,6,0,97.65,7.82,0.75,89.64,72.8,7.311,,partly-cloudy-day,humid and mostly cloudy,0,1,0,0,0,0
,35.017935,-85.279681,4th Ave,,E 23rd St,7/13/2018 13:00,2018-07-13,13,1531501200,,,,Property Damage Under,"Sideswipe, Same Direction",No,No,No,No,30,2,No,No,Shoulder and Lap Belt Used,31404,Shoulder and Lap Belt Used,30721,No,No,Daylight,Clear,78,21,23,1,7,23,1531497600,0.58,3.2,343,6,0,97.65,7.82,0.75,89.64,72.8,7.311,,partly-cloudy-day,humid and mostly cloudy,0,1,0,0,0,0
,35.017935,-85.279681,4th Ave,,E 23rd St,7/13/2018 13:00,2018-07-13,13,1531501200,,,,Property Damage Under,"Sideswipe, Same Direction",No,No,No,No,30,2,No,No,Shoulder and Lap Belt Used,31404,Shoulder and Lap Belt Used,30721,No,No,Daylight,Clear,78,21,23,1,7,23,1531497600,0.57,3.2,343,6,0,97.9,7.82,0.75,89.84,72.8,7.311,,partly-cloudy-day,humid and mostly cloudy,0,1,0,0,0,0
,35.017935,-85.279681,4th Ave,,E 23rd St,7/13/2018 13:00,2018-07-13,13,1531501200,,,,Property Damage Under,"Sideswipe, Same Direction",No,No,No,No,30,2,No,No,Shoulder and Lap Belt Used,31404,Shoulder and Lap Belt Used,30721,No,No,Daylight,Clear,78,21,23,1,7,23,1531497600,0.57,3.2,343,6,0,97.9,7.82,0.75,89.84,72.8,7.311,,partly-cloudy-day,humid and mostly cloudy,0,1,0,0,0,0
,35.0170178,-85.277108,McCallie Ave,US-1300,Holtzclaw,7/30/2018 11:00,2018-07-30,11,1532962800,,,,Property Damage,Front to Rear,No,No,No,No,35,2,No,No,Shoulder and Lap Belt Used,37343,Shoulder and Lap Belt Used,37404,No,No,Daylight,Cloudy,78,21,23,1,7,23,1532959200,0.7,5.37,157,4,0,82.42,8.45,0.75,79.65,69.09,6.535,,partly-cloudy-day,mostly cloudy,0,1,0,0,0,0
,35.0170178,-85.277108,McCallie Ave,US-1300,Holtzclaw,7/30/2018 11:00,2018-07-30,11,1532962800,,,,Property Damage,Front to Rear,No,No,No,No,35,2,No,No,Shoulder and Lap Belt Used,37343,Shoulder and Lap Belt Used,37404,No,No,Daylight,Cloudy,78,21,23,1,7,23,1532959200,0.7,5.37,157,4,0,82.42,8.45,0.75,79.65,69.09,6.535,,partly-cloudy-day,mostly cloudy,0,1,0,0,0,0
,35.0170178,-85.277108,McCallie Ave,US-1300,Holtzclaw,7/30/2018 11:00,2018-07-30,11,1532962800,,,,Property Damage,Front to Rear,No,No,No,No,35,2,No,No,Shoulder and Lap Belt Used,37343,Shoulder and Lap Belt Used,37404,No,No,Daylight,Cloudy,78,21,23,1,7,23,1532959200,0.7,5.37,157,4,0,82.39,8.45,0.75,79.63,69.09,6.535,,partly-cloudy-day,mostly cloudy,0,1,0,0,0,0
,35.0170178,-85.277108,McCallie Ave,US-1300,Holtzclaw,7/30/2018 11:00,2018-07-30,11,1532962800,,,,Property Damage,Front to Rear,No,No,No,No,35,2,No,No,Shoulder and Lap Belt Used,37343,Shoulder and Lap Belt Used,37404,No,No,Daylight,Cloudy,78,21,23,1,7,23,1532959200,0.7,5.37,157,4,0,82.39,8.45,0.75,79.63,69.09,6.535,,partly-cloudy-day,mostly cloudy,0,1,0,0,0,0
,35.0185969,-85.279261,3700 Dodds Ave,,E 37th,8/10/2018 17:00,2018-08-10,17,1533934800,,,,Possible Injury,Angle,Yes,No,No,No,35,2,No,No,Shoulder and Lap Belt Used,37407,Shoulder and Lap Belt Used,30736,No,No,Daylight,Clear,78,21,23,1,7,23,1533931200,0.56,3.95,245,3,0,88.87,9.72,0.75,85.48,68.05,5.571,,partly-cloudy-day,mostly cloudy,0,1,0,0,0,0
,35.0185969,-85.279261,3700 Dodds Ave,,E 37th,8/10/2018 17:00,2018-08-10,17,1533934800,,,,Possible Injury,Angle,Yes,No,No,No,35,2,No,No,Shoulder and Lap Belt Used,37407,Shoulder and Lap Belt Used,30736,No,No,Daylight,Clear,78,21,23,1,7,23,1533931200,0.56,3.95,245,3,0,88.87,9.72,0.75,85.48,68.05,5.571,,partly-cloudy-day,mostly cloudy,0,1,0,0,0,0
,35.0185969,-85.279261,3700 Dodds Ave,,E 37th,8/10/2018 17:00,2018-08-10,17,1533934800,,,,Possible Injury,Angle,Yes,No,No,No,35,2,No,No,Shoulder and Lap Belt Used,37407,Shoulder and Lap Belt Used,30736,No,No,Daylight,Clear,78,21,23,1,7,23,1533931200,0.56,3.95,245,3,0,88.76,9.72,0.75,85.38,68.05,5.571,rain,partly-cloudy-day,mostly cloudy,0,1,0,0,0,0
,35.0185969,-85.279261,3700 Dodds Ave,,E 37th,8/10/2018 17:00,2018-08-10,17,1533934800,,,,Possible Injury,Angle,Yes,No,No,No,35,2,No,No,Shoulder and Lap Belt Used,37407,Shoulder and Lap Belt Used,30736,No,No,Daylight,Clear,78,21,23,1,7,23,1533931200,0.56,3.95,245,3,0,88.76,9.72,0.75,85.38,68.05,5.571,rain,partly-cloudy-day,mostly cloudy,0,1,0,0,0,0
,35.017935,-85.279681,2000 E 23rd St,,S Willow St,8/31/2018 16:00,2018-08-31,16,1535745600,,,,Property Damage Under,"Sideswipe, Same Direction",No,No,No,No,35,2,No,No,Shoulder and Lap Belt Used,37412,Shoulder and Lap Belt Used,37411,No,No,Daylight,Clear,78,21,23,1,7,23,1535742000,0.56,4.91,162,5,0,90.22,9.85,0.44,86.26,68.8,3.039,,partly-cloudy-day,partly cloudy,0,1,0,0,0,0
,35.017935,-85.279681,2000 E 23rd St,,S Willow St,8/31/2018 16:00,2018-08-31,16,1535745600,,,,Property Damage Under,"Sideswipe, Same Direction",No,No,No,No,35,2,No,No,Shoulder and Lap Belt Used,37412,Shoulder and Lap Belt Used,37411,No,No,Daylight,Clear,78,21,23,1,7,23,1535742000,0.56,4.91,162,5,0,90.22,9.85,0.44,86.26,68.8,3.039,,partly-cloudy-day,partly cloudy,0,1,0,0,0,0
,35.017935,-85.279681,2000 E 23rd St,,S Willow St,8/31/2018 16:00,2018-08-31,16,1535745600,,,,Property Damage Under,"Sideswipe, Same Direction",No,No,No,No,35,2,No,No,Shoulder and Lap Belt Used,37412,Shoulder and Lap Belt Used,37411,No,No,Daylight,Clear,78,21,23,1,7,23,1535742000,0.56,4.91,162,5,0,90.48,9.85,0.44,86.48,68.8,3.039,,partly-cloudy-day,partly cloudy,0,1,0,0,0,0
,35.017935,-85.279681,2000 E 23rd St,,S Willow St,8/31/2018 16:00,2018-08-31,16,1535745600,,,,Property Damage Under,"Sideswipe, Same Direction",No,No,No,No,35,2,No,No,Shoulder and Lap Belt Used,37412,Shoulder and Lap Belt Used,37411,No,No,Daylight,Clear,78,21,23,1,7,23,1535742000,0.56,4.91,162,5,0,90.48,9.85,0.44,86.48,68.8,3.039,,partly-cloudy-day,partly cloudy,0,1,0,0,0,0
,35.018923,-85.277851,900 Belmeade Avenue,SR-900,Tunnel Blvd,9/8/2018 0:00,2018-09-08,0,1536379200,,,,Property Damage,Unknown,Yes,No,No,No,15,1,No,No,Unknown,Unknown,,,,,Unknown,Unknown,78,21,23,1,7,23,1536375600,0.8,1.61,359,0,0,78.33,6.03,0.19,77.16,70.47,5.86,,partly-cloudy-night,partly cloudy,0,1,0,0,0,0
,35.018923,-85.277851,900 Belmeade Avenue,SR-900,Tunnel Blvd,9/8/2018 0:00,2018-09-08,0,1536379200,,,,Property Damage,Unknown,Yes,No,No,No,15,1,No,No,Unknown,Unknown,,,,,Unknown,Unknown,78,21,23,1,7,23,1536375600,0.8,1.61,359,0,0,78.33,6.03,0.19,77.16,70.47,5.86,,partly-cloudy-night,partly cloudy,0,1,0,0,0,0
,35.018923,-85.277851,900 Belmeade Avenue,SR-900,Tunnel Blvd,9/8/2018 0:00,2018-09-08,0,1536379200,,,,Property Damage,Unknown,Yes,No,No,No,15,1,No,No,Unknown,Unknown,,,,,Unknown,Unknown,78,21,23,1,7,23,1536375600,0.79,1.61,359,0,0,78.7,6.03,0.19,77.54,70.47,5.86,,partly-cloudy-night,partly cloudy,0,1,0,0,0,0
,35.018923,-85.277851,900 Belmeade Avenue,SR-900,Tunnel Blvd,9/8/2018 0:00,2018-09-08,0,1536379200,,,,Property Damage,Unknown,Yes,No,No,No,15,1,No,No,Unknown,Unknown,,,,,Unknown,Unknown,78,21,23,1,7,23,1536375600,0.79,1.61,359,0,0,78.7,6.03,0.19,77.54,70.47,5.86,,partly-cloudy-night,partly cloudy,0,1,0,0,0,0
,35.018354,-85.280806,2100 Hamilton Place Blvd,,Gunbarrel,9/16/2018 14:00,2018-09-16,14,1537120800,,,,Property Damage,Unknown,Yes,No,No,No,15,2,No,No,Unknown,Unknown,,37363,,,Daylight,Clear,78,21,23,1,7,23,1537117200,0.72,8.79,47,6,0,79.05,16.51,0.75,78.15,68.4,6.793,,partly-cloudy-day,mostly cloudy,0,1,0,0,0,0
,35.018354,-85.280806,2100 Hamilton Place Blvd,,Gunbarrel,9/16/2018 14:00,2018-09-16,14,1537120800,,,,Property Damage,Unknown,Yes,No,No,No,15,2,No,No,Unknown,Unknown,,37363,,,Daylight,Clear,78,21,23,1,7,23,1537117200,0.72,8.79,47,6,0,79.05,16.51,0.75,78.15,68.4,6.793,,partly-cloudy-day,mostly cloudy,0,1,0,0,0,0
,35.018354,-85.280806,2100 Hamilton Place Blvd,,Gunbarrel,9/16/2018 14:00,2018-09-16,14,1537120800,,,,Property Damage,Unknown,Yes,No,No,No,15,2,No,No,Unknown,Unknown,,37363,,,Daylight,Clear,78,21,23,1,7,23,1537117200,0.72,8.79,47,6,0,79.06,16.51,0.75,78.16,68.4,6.793,,partly-cloudy-day,mostly cloudy,0,1,0,0,0,0
,35.018354,-85.280806,2100 Hamilton Place Blvd,,Gunbarrel,9/16/2018 14:00,2018-09-16,14,1537120800,,,,Property Damage,Unknown,Yes,No,No,No,15,2,No,No,Unknown,Unknown,,37363,,,Daylight,Clear,78,21,23,1,7,23,1537117200,0.72,8.79,47,6,0,79.06,16.51,0.75,78.16,68.4,6.793,,partly-cloudy-day,mostly cloudy,0,1,0,0,0,0
,35.0171105,-85.2801,4th Ave,,Exit 181 West Bound Hwy 24,9/27/2018 12:00,2018-09-27,12,1538064000,,,,Property Damage,Angle,No,No,No,No,45,2,No,No,Shoulder and Lap Belt Used,37411,Shoulder and Lap Belt Used,37419,No,No,Daylight,Rain,78,21,23,1,7,23,1538060400,0.97,4.23,186,4,0.027,72.31,9.35,1,70.97,70,0.273,rain,rain,light rain,1,0,0,0,0,1
,35.0171105,-85.2801,4th Ave,,Exit 181 West Bound Hwy 24,9/27/2018 12:00,2018-09-27,12,1538064000,,,,Property Damage,Angle,No,No,No,No,45,2,No,No,Shoulder and Lap Belt Used,37411,Shoulder and Lap Belt Used,37419,No,No,Daylight,Rain,78,21,23,1,7,23,1538060400,0.97,4.23,186,4,0.027,72.31,9.35,1,70.97,70,0.273,rain,rain,light rain,1,0,0,0,0,1
,35.0171105,-85.2801,4th Ave,,Exit 181 West Bound Hwy 24,9/27/2018 12:00,2018-09-27,12,1538064000,,,,Property Damage,Angle,No,No,No,No,45,2,No,No,Shoulder and Lap Belt Used,37411,Shoulder and Lap Belt Used,37419,No,No,Daylight,Rain,78,21,23,1,7,23,1538060400,0.97,4.23,186,4,0.027,72.26,9.35,1,70.91,70,0.273,rain,rain,light rain,1,0,0,0,0,1
,35.0171105,-85.2801,4th Ave,,Exit 181 West Bound Hwy 24,9/27/2018 12:00,2018-09-27,12,1538064000,,,,Property Damage,Angle,No,No,No,No,45,2,No,No,Shoulder and Lap Belt Used,37411,Shoulder and Lap Belt Used,37419,No,No,Daylight,Rain,78,21,23,1,7,23,1538060400,0.97,4.23,186,4,0.027,72.26,9.35,1,70.91,70,0.273,rain,rain,light rain,1,0,0,0,0,1
,35.020189,-85.274263,S Watkins St,SR-1800,E 17th Street,11/5/2018 0:00,2018-11-05,0,1541394000,,,,Property Damage,Not Collision with Motor Vehicle in Transport,Yes,No,No,No,35,1,No,No,Unknown,Unknown,,,,,Dark - Lighted,Clear,78,21,23,1,7,23,1541390400,0.97,3.22,138,0,0.089,54.54,6.73,1,54.54,53.79,3.933,rain,rain,light rain,1,0,0,0,0,1
,35.020189,-85.274263,S Watkins St,SR-1800,E 17th Street,11/5/2018 0:00,2018-11-05,0,1541394000,,,,Property Damage,Not Collision with Motor Vehicle in Transport,Yes,No,No,No,35,1,No,No,Unknown,Unknown,,,,,Dark - Lighted,Clear,78,21,23,1,7,23,1541390400,0.97,3.22,138,0,0.089,54.54,6.73,1,54.54,53.79,3.933,rain,rain,light rain,1,0,0,0,0,1
,35.020189,-85.274263,S Watkins St,SR-1800,E 17th Street,11/5/2018 0:00,2018-11-05,0,1541394000,,,,Property Damage,Not Collision with Motor Vehicle in Transport,Yes,No,No,No,35,1,No,No,Unknown,Unknown,,,,,Dark - Lighted,Clear,78,21,23,1,7,23,1541390400,0.97,3.22,138,0,0.089,54.51,6.73,1,54.51,53.79,3.933,rain,rain,light rain,1,0,0,0,0,1
,35.020189,-85.274263,S Watkins St,SR-1800,E 17th Street,11/5/2018 0:00,2018-11-05,0,1541394000,,,,Property Damage,Not Collision with Motor Vehicle in Transport,Yes,No,No,No,35,1,No,No,Unknown,Unknown,,,,,Dark - Lighted,Clear,78,21,23,1,7,23,1541390400,0.97,3.22,138,0,0.089,54.51,6.73,1,54.51,53.79,3.933,rain,rain,light rain,1,0,0,0,0,1
,35.019789,-85.279765,S Willow St,SR-2000,E 20th Street,11/5/2018 0:00,2018-11-05,0,1541394000,,,,Property Damage,Not Collision with Motor Vehicle in Transport,Yes,No,No,No,35,1,No,No,,37402,Unknown,Unknown,,,Dark - Lighted,Rain,78,21,23,1,7,23,1541390400,0.97,3.22,138,0,0.089,54.54,6.73,1,54.54,53.79,3.933,rain,rain,light rain,1,0,0,0,0,1
,35.019789,-85.279765,S Willow St,SR-2000,E 20th Street,11/5/2018 0:00,2018-11-05,0,1541394000,,,,Property Damage,Not Collision with Motor Vehicle in Transport,Yes,No,No,No,35,1,No,No,,37402,Unknown,Unknown,,,Dark - Lighted,Rain,78,21,23,1,7,23,1541390400,0.97,3.22,138,0,0.089,54.54,6.73,1,54.54,53.79,3.933,rain,rain,light rain,1,0,0,0,0,1
,35.019789,-85.279765,S Willow St,SR-2000,E 20th Street,11/5/2018 0:00,2018-11-05,0,1541394000,,,,Property Damage,Not Collision with Motor Vehicle in Transport,Yes,No,No,No,35,1,No,No,,37402,Unknown,Unknown,,,Dark - Lighted,Rain,78,21,23,1,7,23,1541390400,0.97,3.22,138,0,0.089,54.51,6.73,1,54.51,53.79,3.933,rain,rain,light rain,1,0,0,0,0,1
,35.019789,-85.279765,S Willow St,SR-2000,E 20th Street,11/5/2018 0:00,2018-11-05,0,1541394000,,,,Property Damage,Not Collision with Motor Vehicle in Transport,Yes,No,No,No,35,1,No,No,,37402,Unknown,Unknown,,,Dark - Lighted,Rain,78,21,23,1,7,23,1541390400,0.97,3.22,138,0,0.089,54.51,6.73,1,54.51,53.79,3.933,rain,rain,light rain,1,0,0,0,0,1
,35.017689,-85.280427,2301 4th Ave,,E 23rd St,12/4/2018 0:00,2018-12-04,0,1543899600,,,,Property Damage,"Sideswipe, Opposite Direction",Yes,No,No,No,35,2,No,No,Unknown,Unknown,Shoulder and Lap Belt Used,37407,No,No,Unknown,Clear,78,21,23,1,7,23,1543896000,0.62,5.18,323,0,0,38.83,11.69,1,42.12,30.09,2.421,,cloudy,overcast,0,1,0,0,0,0
,35.017689,-85.280427,2301 4th Ave,,E 23rd St,12/4/2018 0:00,2018-12-04,0,1543899600,,,,Property Damage,"Sideswipe, Opposite Direction",Yes,No,No,No,35,2,No,No,Unknown,Unknown,Shoulder and Lap Belt Used,37407,No,No,Unknown,Clear,78,21,23,1,7,23,1543896000,0.62,5.18,323,0,0,38.83,11.69,1,42.12,30.09,2.421,,cloudy,overcast,0,1,0,0,0,0
,35.017689,-85.280427,2301 4th Ave,,E 23rd St,12/4/2018 0:00,2018-12-04,0,1543899600,,,,Property Damage,"Sideswipe, Opposite Direction",Yes,No,No,No,35,2,No,No,Unknown,Unknown,Shoulder and Lap Belt Used,37407,No,No,Unknown,Clear,78,21,23,1,7,23,1543896000,0.62,5.18,323,0,0,38.98,11.69,1,42.25,30.09,2.421,,cloudy,overcast,0,1,0,0,0,0