Accident,Latitude,Longitude,Street,AltStreet,Intersection,DateTime,Date,Hour,Unix,WeekDay,WeekEnd,DayFrame,AccidentType,CollisionType,HaR,FatalInjury,MedicalTransport,InvolvedPlacardedTruck,PostedSpeed,TotalVehiclesInvolved,PedestrianInvolved,BicycleInvolved,DriverOneSafetyEquipment,DriverOneZip,DriverTwoSafetyEquipment,DriverTwoZip,Drug,Alcohol,LightCondition,Weather,Grid_Block,Grid_Col,Grid_Row,Highway,Land_Use_Mode,Road_Count,HourBefore,humidity,windSpeed,windBearing,uvIndex,precipIntensity,apparentTemperature,windGust,cloudCover,temperature,dewPoint,visibility,precipType,Event,Conditions,Rain,Cloudy,Foggy,Snow,Clear,RainBefore
,35.017689,-85.280427,2301 4th Ave,,E 23rd St,12/4/2018 0:00,2018-12-04,0,1543899600,,,,Property Damage,"Sideswipe, Opposite Direction",Yes,No,No,No,35,2,No,No,Unknown,Unknown,Shoulder and Lap Belt Used,37407,No,No,Unknown,Clear,78,21,23,1,7,23,1543896000,0.62,5.18,323,0,0,38.98,11.69,1,42.25,30.09,2.421,,cloudy,overcast,0,1,0,0,0,0
,35.01682,-85.276615,2300 E 23rd St,,S Lyerly St,12/13/2018 13:00,2018-12-13,13,1544724000,,,,Property Damage,Angle,No,No,No,No,35,2,No,No,Shoulder and Lap Belt Used,37407,Shoulder and Lap Belt Used,30721,No,No,Daylight,Clear,78,21,23,1,7,23,1544720400,0.48,2.26,140,3,0,51.14,9.34,0.44,51.14,32.1,2.236,,partly-cloudy-day,partly cloudy,0,1,0,0,0,0
,35.01682,-85.276615,2300 E 23rd St,,S Lyerly St,12/13/2018 13:00,2018-12-13,13,1544724000,,,,Property Damage,Angle,No,No,No,No,35,2,No,No,Shoulder and Lap Belt Used,37407,Shoulder and Lap Belt Used,30721,No,No,Daylight,Clear,78,21,23,1,7,23,1544720400,0.48,2.26,140,3,0,51.14,9.34,0.44,51.14,32.1,2.236,,partly-cloudy-day,partly cloudy,0,1,0,0,0,0
,35.01682,-85.276615,2300 E 23rd St,,S Lyerly St,12/13/2018 13:00,2018-12-13,13,1544724000,,,,Property Damage,Angle,No,No,No,No,35,2,No,No,Shoulder and Lap Belt Used,37407,Shoulder and Lap Belt Used,30721,No,No,Daylight,Clear,78,21,23,1,7,23,1544720400,0.48,2.26,140,3,0,51.19,9.34,0.44,51.19,32.1,2.236,,partly-cloudy-day,partly cloudy,0,1,0,0,0,0
,35.01682,-85.276615,2300 E 23rd St,,S Lyerly St,12/13/2018 13:00,2018-12-13,13,1544724000,,,,Property Damage,Angle,No,No,No,No,35,2,No,No,Shoulder and Lap Belt Used,37407,Shoulder and Lap Belt Used,30721,No,No,Daylight,Clear,78,21,23,1,7,23,1544720400,0.48,2.26,140,3,0,51.19,9.34,0.44,51.19,32.1,2.236,,partly-cloudy-day,partly cloudy,0,1,0,0,0,0
,35.017328,-85.276601,2303 E 23rd St,,S Lyerly St,1/4/2019 16:00,2019-01-04,16,1546635600,,,,Property Damage Under,Angle,Yes,No,No,No,15,2,No,No,,37421,,74134,,,Daylight,Clear,78,21,23,1,7,23,1546632000,0.78,10.5,236,1,0.054,51.2,20.06,0.75,51.2,44.59,6.969,rain,rain,light rain,1,0,0,0,0,1
,35.018295,-85.278123,2050 S Kelley St,,E 23rd St,1/16/2019 18:00,2019-01-16,18,1547679600,,,,Property Damage Under,Not Collision with Motor Vehicle in Transport,No,No,No,No,35,2,No,No,Shoulder and Lap Belt Used,37404,Shoulder and Lap Belt Used,37406,No,No,Dusk,Clear,78,21,23,1,7,23,1547676000,0.7,3.25,68,0,0,41.72,6.15,0.44,43.2,33.97,3.716,,partly-cloudy-night,partly cloudy,0,1,0,0,0,0
,35.017935,-85.279681,E 23rd St,,S Kelley St,2/6/2019 15:00,2019-02-06,15,1549483200,,,,Property Damage Under,Front to Rear,No,No,No,No,45,2,No,No,Shoulder and Lap Belt Used,37408,Shoulder and Lap Belt Used,37347,No,No,Daylight,Rain,78,21,23,1,7,23,1549479600,0.84,8.38,211,3,0,68.93,16.6,1,68.45,63.36,7.243,,cloudy,overcast,0,1,0,0,0,0
,35.0178434,-85.281134,18200 Interstate,I-24,18100 Interstate,2/7/2019 20:00,2019-02-07,20,1549587600,,,,Property Damage Under,"Sideswipe, Same Direction",Yes,No,No,No,55,2,No,No,Shoulder and Lap Belt Used,30126,Unknown,Unknown,No,No,Dark - Lighted,Clear,78,21,23,1,7,23,1549584000,0.6,6.56,200,0,0,71.4,13.96,0.7,71.4,56.61,5.222,,partly-cloudy-night,mostly cloudy,0,1,0,0,0,0
,35.017126,-85.280112,2400 4th Ave,,Exit 181 I-24 wb,2/14/2019 10:00,2019-02-14,10,1550156400,,,,Property Damage,Angle,No,No,No,No,35,2,No,No,Shoulder and Lap Belt Used,37380,Shoulder and Lap Belt Used,37419,No,No,Daylight,Clear,78,21,23,1,7,23,1550152800,0.53,3.94,163,2,0,41.57,9.25,0,43.64,27.76,6.401,,clear-day,clear,0,0,0,0,1,0
,35.01568,-85.277396,18130 Interstate,I-24,18100 Interstate,3/17/2019 15:00,2019-03-17,15,1552849200,,,,Property Damage Under,Front to Rear,No,No,No,No,55,2,No,No,Shoulder and Lap Belt Used,37379,Shoulder and Lap Belt Used,37412,No,No,Daylight,Clear,78,21,23,1,7,23,1552845600,0.19,3.7,331,6,0,62.51,11.16,0,62.51,19.74,2.882,,clear-day,clear,0,0,0,0,1,0
,35.018546,-85.280426,2119 E 23rd St,,S Willow St,5/2/2019 21:00,2019-05-02,21,1556845200,,,,Property Damage Under,Angle,Yes,No,No,No,15,2,No,No,Shoulder and Lap Belt Used,37407,Unknown,Unknown,No,Yes,Dark - Lighted,Clear,78,21,23,1,7,23,1556841600,0.56,2.13,140,0,0,76.96,8.75,0,76.95,59.89,0.986,,fog,foggy,0,0,1,0,0,0
,35.01856,-85.28253,E 23rd St,SR-2000,S. Willow St.,5/21/2019 0:00,2019-05-21,0,1558411200,,,,Property Damage,Unknown,Yes,No,No,No,,2,No,No,Unknown,Unknown,,37363,,,Unknown,Unknown,78,21,23,1,7,23,1558407600,0.68,1.22,338,0,0,67.55,4.99,0,67.55,56.68,5.794,,clear-night,clear,0,0,0,0,1,0
,35.017935,-85.279681,E 23rd St,,S Kelley St,6/9/2019 20:00,2019-06-09,20,1560124800,,,,Property Damage,Angle,No,No,No,No,35,2,No,No,Shoulder and Lap Belt Used,37407,Shoulder and Lap Belt Used,37407,No,Yes,Dark - Lighted,Cloudy,78,21,23,1,7,23,1560121200,0.89,3.52,64,0,0.023,76.02,8.12,1,74.66,71.33,2.284,rain,rain,possible light rain,1,0,0,0,0,1
,35.01856,-85.28253,2000 E 23rd St,,S Willow,6/10/2019 13:00,2019-06-10,13,1560186000,,,,Property Damage,Not Collision with Motor Vehicle in Transport,No,No,No,No,35,1,No,No,Shoulder and Lap Belt Used,37421,,,Yes,No,Daylight,Clear,78,21,23,1,7,23,1560182400,0.63,9.9,349,6,0,86.47,17.04,0.75,82.91,69.06,6.373,,partly-cloudy-day,mostly cloudy,0,1,0,0,0,0
,35.017328,-85.276601,2303 E 23rd St,,S Lyerly St,6/21/2019 17:00,2019-06-21,17,1561150800,,,,Property Damage,Angle,No,No,No,No,15,2,No,No,Shoulder and Lap Belt Used,37408,,37404,No,No,Daylight,Clear,78,21,23,1,7,23,1561147200,0.44,4.6,234,4,0,93.65,11.38,0.75,90.89,66.08,8.278,,partly-cloudy-day,mostly cloudy,0,1,0,0,0,0
,35.0835912,-85.203972,2115 Gunbarrel Road,,Goodwyn Road,2/2/2018 0:00,2018-02-02,0,1517547600,,,,Property Damage Under,Unknown,Yes,No,No,No,15,2,No,No,,37421,Unknown,Unknown,,,Unknown,Clear,590,26,10,0,7,14,1517544000,0.89,3.91,350,0,0.013,35.96,9.82,1,38.74,35.72,6.041,rain,rain,drizzle,1,0,0,0,0,1
,35.08381,-85.204311,4343 Highway 58,,Murray Hills Dr,2/9/2018 0:00,2018-02-09,0,1518152400,,,,Property Damage Under,Unknown,Yes,No,No,No,15,2,No,No,Unknown,Unknown,,37404,,,Unknown,Clear,590,26,10,0,7,14,1518148800,0.79,0.12,90,0,0,33.95,0.51,0,33.95,28.17,6.041,,clear-night,clear,0,0,0,0,1,0
,35.083209,-85.204597,4301-4339 Highway 58,,Highway 58,2/21/2018 0:00,2018-02-21,0,1519189200,,,,Property Damage,Other,No,No,No,No,40,2,No,No,Shoulder and Lap Belt Used,37363,Shoulder and Lap Belt Used,37416,No,No,Unknown,Clear,590,26,10,0,7,14,1519185600,0.81,3.04,175,0,0,68.16,7.52,0.77,67.89,61.7,6.041,,partly-cloudy-night,mostly cloudy,0,1,0,0,0,0
,35.083886,-85.197621,4510 Highway 58,,4510 Hwy 58,4/8/2018 0:00,2018-04-08,0,1523160000,,,,Property Damage Under,"Sideswipe, Same Direction",Yes,No,No,No,15,2,No,No,Unknown,Unknown,,37406,,,Unknown,Unknown,590,26,10,0,7,14,1523156400,0.79,4.42,351,0,0,33.92,8.74,1,37.4,31.4,6.041,,cloudy,overcast,0,1,0,0,0,0
,35.084245,-85.19831,4500 Highway 58,US-11,4500 Rocky River Rd,5/9/2018 17:00,2018-05-09,17,1525899600,,,,Property Damage,Angle,No,No,No,No,45,2,No,No,Shoulder and Lap Belt Used,37416,Shoulder and Lap Belt Used,37416,No,No,Daylight,Clear,590,26,10,0,7,14,1525896000,0.41,1.13,205,4,0,83.84,5.88,0.28,83.84,57.96,6.342,,partly-cloudy-day,partly cloudy,0,1,0,0,0,0
,35.083886,-85.197621,4510 Highway 58,,Highway 58,5/19/2018 21:00,2018-05-19,21,1526778000,,,,Property Damage,Angle,Yes,No,No,No,15,2,No,No,Unknown,,,30725,,,Dark - Lighted,Clear,590,26,10,0,7,14,1526774400,0.65,1.98,206,0,0,82.02,5.31,0,79.73,67.04,6.332,,clear-night,clear,0,0,0,0,1,0
,35.084696,-85.203333,4355 Highway 58,,Murray Hills Dr.,7/3/2018 16:00,2018-07-03,16,1530648000,,,,Property Damage,Front to Rear,No,No,No,No,,2,No,No,Shoulder and Lap Belt Used,37416,Shoulder and Lap Belt Used,30045,No,No,Daylight,Clear,590,26,10,0,7,14,1530644400,0.53,5.92,148,6,0,98.29,10.41,0.44,91.15,71.54,7.649,,partly-cloudy-day,partly cloudy,0,1,0,0,0,0
,35.084245,-85.19831,4500 highway 58,,Innwood ln,8/14/2018 18:00,2018-08-14,18,1534284000,,,,Possible Injury,Angle,No,No,No,No,20,2,No,No,Shoulder and Lap Belt Used,37363,Shoulder and Lap Belt Used,37363,No,No,Daylight,Clear,590,26,10,0,7,14,1534280400,0.43,3.13,267,2,0,89.6,5.06,0.44,88.64,63.15,7.794,,partly-cloudy-day,partly cloudy,0,1,0,0,0,0
,35.083886,-85.197621,4510 Highway 58,US-58,Innwood Ln,8/17/2018 20:00,2018-08-17,20,1534550400,,,,Possible Injury,Angle,No,No,No,No,40,2,No,No,,37416,,37341,No,No,Dark - Lighted,Cloudy,590,26,10,0,7,14,1534546800,0.76,3.94,328,0,0.026,84.07,6.92,0.75,80.18,71.96,2.043,rain,partly-cloudy-day,mostly cloudy,0,1,0,0,0,0
,35.085134,-85.200329,4429 Highway 58,,Hwy 58,8/22/2018 15:00,2018-08-22,15,1534964400,,,,Property Damage,Not Collision with Motor Vehicle in Transport,No,No,No,No,15,1,No,No,Shoulder and Lap Belt Used,37411,,,,,Daylight,Clear,590,26,10,0,7,14,1534960800,0.56,6.16,316,5,0,83.6,13.9,0.75,81.93,64.6,7.823,,partly-cloudy-day,mostly cloudy,0,1,0,0,0,0
,35.08381,-85.204311,Highway 58,,Cross St,8/30/2018 19:00,2018-08-30,19,1535670000,,,,Property Damage,Angle,No,No,No,No,45,2,No,No,Shoulder and Lap Belt Used,37416,Shoulder and Lap Belt Used,37379,No,No,Dawn,Clear,590,26,10,0,7,14,1535666400,0.52,2.57,253,0,0,92.31,6.29,0.44,88.2,68.61,7.078,,partly-cloudy-day,partly cloudy,0,1,0,0,0,0
,35.084872,-85.196929,4500 - 4519 Highway 58,,Innwood Lane,9/12/2018 12:00,2018-09-12,12,1536768000,,,,Property Damage,Angle,No,No,No,No,45,2,No,No,Shoulder and Lap Belt Used,37307,Shoulder and Lap Belt Used,37341,No,No,Daylight,Clear,590,26,10,0,7,14,1536764400,0.7,2.99,105,6,0,85.01,7.08,0.44,81.21,70.53,6.718,,partly-cloudy-day,partly cloudy,0,1,0,0,0,0
,35.084872,-85.196929,Highway 58,,Oakhill Rd,9/12/2018 12:00,2018-09-12,12,1536768000,,,,Possible Injury,Front to Rear,No,No,Yes,No,45,2,No,No,Shoulder and Lap Belt Used,37416,Shoulder and Lap Belt Used,37407,No,No,Daylight,Clear,590,26,10,0,7,14,1536764400,0.7,2.99,105,6,0,85.01,7.08,0.44,81.21,70.53,6.718,,partly-cloudy-day,partly cloudy,0,1,0,0,0,0
,35.086553,-85.20055,4018 Melinda Dr,,Locksley cir,9/19/2018 20:00,2018-09-19,20,1537401600,,,,Property Damage,"Sideswipe, Same Direction",No,No,No,No,,2,No,No,Shoulder and Lap Belt Used,37416,,37416,No,No,Dark - Lighted,Clear,590,26,10,0,7,14,1537398000,0.58,1.5,64,0,0,86.97,6.42,0,83.99,67.6,5.959,,clear-night,clear,0,0,0,0,1,0
,35.083886,-85.197621,4510 Highway 58,,Innwood Ln,9/23/2018 12:00,2018-09-23,12,1537718400,,,,Property Damage,Unknown,Yes,No,No,No,15,2,No,No,Unknown,Unknown,,37921,,,Daylight,Clear,590,26,10,0,7,14,1537714800,0.59,6.14,155,6,0,85.82,9.47,0.19,83.01,67.45,2.421,,partly-cloudy-day,partly cloudy,0,1,0,0,0,0
,35.083886,-85.197621,2100 Glass St,,Dodson Ave,11/4/2018 16:00,2018-11-04,16,1541365200,,,,Property Damage Under,Head On,Yes,No,No,No,15,2,No,No,Shoulder and Lap Belt Used,37416,Unknown,Unknown,No,No,Daylight,Clear,590,26,10,0,7,14,1541361600,0.47,8.75,148,1,0,62.96,20.19,0,62.96,42.65,8.35,,clear-day,clear,0,0,0,0,1,0
,35.083619,-85.202,4408 Highway 58,,Murray Hills Rd,11/8/2018 19:00,2018-11-08,19,1541721600,,,,Possible Injury,Not Collision with Motor Vehicle in Transport,No,No,No,No,45,1,Yes,No,Unknown,37411,Shoulder and Lap Belt Used,37416,No,Yes,Dark - Lighted,Rain,590,26,10,0,7,14,1541718000,0.9,5.62,17,0,0.012,51.5,10.1,1,51.5,48.74,2.349,rain,rain,possible drizzle,1,0,0,0,0,1
,35.083313,-85.203109,4408 Highway 58,,Murray Hills Rd,11/8/2018 19:00,2018-11-08,19,1541721600,,,,Possible Injury,Front to Rear,No,No,No,No,45,2,No,No,Shoulder and Lap Belt Used,37411,Shoulder and Lap Belt Used,37411,No,Yes,Dark - Lighted,Rain,590,26,10,0,7,14,1541718000,0.9,5.62,17,0,0.012,51.5,10.1,1,51.5,48.74,2.349,rain,rain,possible drizzle,1,0,0,0,0,1
,35.084699,-85.202247,4417 Highway 58,SR-58,Murray Hills Dr,11/20/2018 14:00,2018-11-20,14,1542740400,,,,Property Damage Under,Front to Rear,No,No,No,No,25,2,No,No,Shoulder and Lap Belt Used,37363,Shoulder and Lap Belt Used,37341,No,No,Daylight,Clear,590,26,10,0,7,14,1542736800,0.57,7.73,355,2,0,45.14,14.52,1,48.57,33.96,3.42,,cloudy,overcast,0,1,0,0,0,0
,35.084378,-85.201244,4400 HWY 58,SR-58,400 153 HWY SB,12/30/2018 0:00,2018-12-30,0,1546146000,,,,Property Damage,"Sideswipe, Same Direction",No,No,No,No,35,2,No,No,Shoulder and Lap Belt Used,12166,Shoulder and Lap Belt Used,37421,No,,Unknown,Unknown,590,26,10,0,7,14,1546142400,0.9,1.36,96,0,0.004,45.17,3.49,1,45.17,42.28,5.922,rain,rain,possible drizzle,1,0,0,0,0,1
,35.083354,-85.204221,4332 Highway 58,,Murray Hills Dr,3/31/2019 0:00,2019-03-31,0,1554004800,,,,Property Damage,Not Collision with Motor Vehicle in Transport,Yes,No,No,No,,1,No,No,,37416,Shoulder and Lap Belt Used,37411,,,Unknown,Clear,590,26,10,0,7,14,1554001200,0.77,11.32,243,0,0.074,61.99,20.19,1,61.99,54.8,2.158,rain,rain,light rain,1,0,0,0,0,1
,35.083925,-85.203905,4345 Hwy 58,,4300 Highway 58,4/28/2019 21:00,2019-04-28,21,1556499600,,,,Property Damage Under,Angle,No,No,No,No,15,2,No,No,Shoulder and Lap Belt Used,37343,Shoulder and Lap Belt Used,37416,No,No,Dark - Lighted,Clear,590,26,10,0,7,14,1556496000,0.46,3.66,9,0,0,71.37,8.82,0,71.37,49.7,6.964,,clear-night,clear,0,0,0,0,1,0
,35.0840883,-85.203239,5900 Hwy 58,SR-59,58,5/12/2019 0:00,2019-05-12,0,1557633600,,,,Property Damage,Not Collision with Motor Vehicle in Transport,Yes,No,No,No,15,1,No,No,,37341,Unknown,Unknown,,,Unknown,Unknown,590,26,10,0,7,14,1557630000,0.88,6.65,204,0,0,69.91,15.17,0.72,69.18,65.37,7.593,,partly-cloudy-night,mostly cloudy,0,1,0,0,0,0
,35.084245,-85.19831,4500 Highway 58,,Innwood Ln,5/12/2019 13:00,2019-05-12,13,1557680400,,,,Possible Injury,Front to Rear,No,No,No,No,45,3,No,No,Shoulder and Lap Belt Used,37323,Shoulder and Lap Belt Used,37341,No,No,Daylight,Rain,590,26,10,0,7,14,1557676800,0.73,6.93,208,5,0,73.69,12.13,0.9,73.24,64,8.38,,cloudy,overcast,0,1,0,0,0,0
,35.084699,-85.202247,4417 Hwy 58,SR-4,Murray Hills Rd,6/15/2019 0:00,2019-06-15,0,1560571200,,,,Suspected Minor Injury,Angle,No,No,Yes,No,35,2,No,No,Shoulder and Lap Belt Used,37406,Shoulder and Lap Belt Used,37416,No,No,Unknown,Unknown,590,26,10,0,7,14,1560567600,0.64,1.28,230,0,0,64.2,5.54,0,64.2,51.74,3.868,,clear-night,clear,0,0,0,0,1,0
,35.016889,-85.181912,1300 Hickory Valley Rd,SR-1300,E. Brainerd Road,2/2/2018 13:00,2018-02-02,13,1517594400,,,,Property Damage,Front to Rear,No,No,No,No,35,2,No,No,Shoulder and Lap Belt Used,30721,Shoulder and Lap Belt Used,37421,No,No,Daylight,Clear,242,32,18,1,7,17,1517590800,0.44,5.68,4,4,0,27.48,10.88,0,32.84,13.28,6.098,,clear-day,clear,0,0,0,0,1,0
,35.016905,-85.18191,Hickory Valley Rd,,E Brainerd Rd,2/9/2018 17:00,2018-02-09,17,1518213600,,,,Possible Injury,Front to Rear,No,No,Yes,No,35,2,No,No,Shoulder and Lap Belt Used,37343,Shoulder and Lap Belt Used,37421,No,No,Daylight,Clear,242,32,18,1,7,17,1518210000,0.29,4.89,164,0,0,63.38,10.43,0.1,63.38,30.32,6.098,,clear-day,clear,0,0,0,0,1,0
,35.016889,-85.181912,6830 E Brainerd Rd,,Hickory Valley Rd,2/25/2018 9:00,2018-02-25,9,1519567200,,,,Property Damage,Front to Rear,No,No,No,No,40,2,No,No,Shoulder and Lap Belt Used,37421,Shoulder and Lap Belt Used,37415,No,No,Daylight,Rain,242,32,18,1,7,17,1519563600,0.93,0.48,175,1,0.025,55.72,3.15,0.89,55.72,53.84,3.386,rain,rain,light rain,1,0,0,0,0,1
,35.016889,-85.181912,6830-6879 Hickory Valley Rd,,East Brainerd Rd,2/27/2018 6:00,2018-02-27,6,1519729200,,,,Property Damage Under,Front to Rear,No,No,No,No,15,2,No,No,Shoulder and Lap Belt Used,37421,Shoulder and Lap Belt Used,37421,No,No,Dark - Unknown Lighting,Clear,242,32,18,1,7,17,1519725600,0.92,0.33,350,0,0,38.44,1.58,1,38.44,36.31,0.939,,fog,foggy,0,0,1,0,0,0
,35.016889,-85.181912,Hickory Valley Rd,SR-1300,E Brainerd Rd,4/11/2018 17:00,2018-04-11,17,1523480400,,,,Property Damage,Angle,No,No,No,No,35,2,No,No,Shoulder and Lap Belt Used,37363,Shoulder and Lap Belt Used,30755,No,No,Daylight,Clear,242,32,18,1,7,17,1523476800,0.3,2.19,352,4,0,68.22,6.55,0,68.22,36,6.098,,clear-day,clear,0,0,0,0,1,0
,35.019745,-85.181255,1345 Hickory Valley Rd,,East Brainerd,4/25/2018 9:00,2018-04-25,9,1524661200,,,,Possible Injury,Front to Rear,No,No,No,No,35,2,No,No,Unknown,37347,Unknown,37343,No,No,Daylight,Clear,242,32,18,1,7,17,1524657600,0.81,1.24,325,1,0,57.96,4.81,1,57.96,52.29,6.098,,cloudy,overcast,0,1,0,0,0,0
,35.016889,-85.181912,E Brainerd Rd,SR-6800,Hickory Valley Rd,5/16/2018 18:00,2018-05-16,18,1526508000,,,,Property Damage,Front to Rear,No,No,No,No,40,2,No,No,Shoulder and Lap Belt Used,37421,Shoulder and Lap Belt Used,30120,No,No,Daylight,Clear,242,32,18,1,7,17,1526504400,0.78,0.45,330,2,0.005,75.08,2.5,0.63,74.28,67.02,5.416,rain,rain,possible drizzle,1,0,0,0,0,1
,35.016889,-85.181912,1300 Hickory Valley Rd,,E Brainerd Rd,5/23/2018 18:00,2018-05-23,18,1527112800,,,,Possible Injury,Angle,No,No,Yes,No,35,2,No,No,Shoulder and Lap Belt Used,37311,Shoulder and Lap Belt Used,37405,No,No,Daylight,Clear,242,32,18,1,7,17,1527109200,0.48,4.97,359,2,0,89,9.42,0,87.06,65.22,6.098,,clear-day,clear,0,0,0,0,1,0
,35.016817,-85.182626,6810 E Brainerd Rd,,Hickory Valley Rd,6/13/2018 14:00,2018-06-13,14,1528912800,,,,Possible Injury,Front to Rear,No,No,Yes,No,45,2,No,No,Shoulder and Lap Belt Used,30736,Shoulder and Lap Belt Used,37343,No,No,Daylight,Rain,242,32,18,1,7,17,1528909200,0.73,4.32,174,6,0.009,81.91,9.19,0.75,79.18,69.66,6.098,rain,rain,possible drizzle,1,0,0,0,0,1
,35.016889,-85.181912,6830 E Brainerd Rd,,HICKORY VALLEY RD,6/30/2018 14:00,2018-06-30,14,1530381600,,,,Possible Injury,Front to Rear,No,No,No,No,40,3,No,No,Unknown,37421,Unknown,37411,No,No,Daylight,Clear,242,32,18,1,7,17,1530378000,0.56,3.19,142,8,0,96.61,7.92,0.44,89.48,71.95,8.194,,partly-cloudy-day,partly cloudy,0,1,0,0,0,0
,35.016889,-85.181912,E Brainerd Rd,,Hickory Valley Rd,9/21/2018 18:00,2018-09-21,18,1537567200,,,,Property Damage Under,Front to Rear,No,No,No,No,25,2,No,No,Unknown,37363,Unknown,37421,No,No,Daylight,Clear,242,32,18,1,7,17,1537563600,0.45,5.21,137,1,0,90.23,9.14,0,88.6,64.49,4.302,,clear-day,clear,0,0,0,0,1,0
,35.017457,-85.182411,1301 Hickory Valley Rd,,E Brainerd Rd,10/12/2018 17:00,2018-10-12,17,1539378000,,,,Possible Injury,Angle,No,No,No,No,40,2,No,No,,37373,Shoulder and Lap Belt Used,37408,No,No,Daylight,Clear,242,32,18,1,7,17,1539374400,0.34,4.35,350,2,0,70.72,8.76,0,70.72,40.95,8.153,,clear-day,clear,0,0,0,0,1,0
,35.016889,-85.181912,E Brainerd Rd,,Hickory Valley Rd,12/11/2018 16:00,2018-12-11,16,1544562000,,,,Property Damage Under,Front to Rear,No,No,No,No,40,2,No,No,None Used MV Occupant,37336,Shoulder and Lap Belt Used,37336,No,No,Daylight,Clear,242,32,18,1,7,17,1544558400,0.33,3.44,241,0,0,49.17,7.87,0,49.89,22.18,3.536,,clear-day,clear,0,0,0,0,1,0
,35.016784,-85.181919,Exit 3 On Ramp Interstate 75 Southbound,I-75,East Brainerd Rd,12/14/2018 9:00,2018-12-14,9,1544796000,,,,Property Damage,"Sideswipe, Same Direction",No,No,No,No,55,2,No,No,Shoulder and Lap Belt Used,37421,Shoulder and Lap Belt Used,37363,No,No,Daylight,Rain,242,32,18,1,7,17,1544792400,0.97,4.17,16,0,0.003,47.11,7.63,1,48.58,47.81,5.686,rain,cloudy,overcast,0,1,0,0,0,0
,35.016889,-85.181912,6830 E Brainerd Rd,SR-6830,Hickory Valley Road,12/16/2018 11:00,2018-12-16,11,1544976000,,,,Property Damage Under,Front to Rear,No,No,No,No,40,2,No,No,Shoulder and Lap Belt Used,37421,Shoulder and Lap Belt Used,37421,No,No,Daylight,Cloudy,242,32,18,1,7,17,1544972400,0.84,4.76,319,2,0,46.97,10.04,1,48.82,44.22,7.774,,cloudy,overcast,0,1,0,0,0,0
,35.017457,-85.182411,1301 Hickory Valley Rd,,E Brainerd Rd,1/8/2019 20:00,2019-01-08,20,1546995600,,,,Property Damage,Angle,Yes,No,No,No,35,2,No,No,Shoulder and Lap Belt Used,37421,Unknown,Unknown,No,No,Dark - Not Lighted,Unknown,242,32,18,1,7,17,1546992000,0.64,6.11,258,0,0,59.98,12.24,0,59.98,47.85,6.281,,clear-night,clear,0,0,0,0,1,0
,35.016889,-85.181912,1300 Hickory Valley Rd,,E Brainerd Rd,1/24/2019 17:00,2019-01-24,17,1548367200,,,,Property Damage,"Sideswipe, Same Direction",No,No,No,No,40,2,No,No,Shoulder and Lap Belt Used,30736,Shoulder and Lap Belt Used,37363,No,No,Daylight,Clear,242,32,18,1,7,17,1548363600,0.53,5.2,303,0,0,37.15,11.1,0,40.7,25.01,6.166,,clear-day,clear,0,0,0,0,1,0
,35.016889,-85.181912,6800 East Brainerd Rd,,Hickory Valley Rd,2/1/2019 9:00,2019-02-01,9,1549029600,,,,Property Damage Under,Front to Rear,No,No,No,No,45,2,No,No,Shoulder and Lap Belt Used,37421,Shoulder and Lap Belt Used,37421,No,No,Daylight,Clear,242,32,18,1,7,17,1549026000,0.6,3.62,210,0,0,35.34,8.98,0.71,37.96,25.13,3.956,,partly-cloudy-day,mostly cloudy,0,1,0,0,0,0
,35.016833,-85.182444,6810-6829 E Brainerd Rd,SR-0,3950 Brainerd Rd,2/7/2019 15:00,2019-02-07,15,1549569600,,,,Property Damage,Front to Rear,No,No,No,No,45,2,No,No,Shoulder and Lap Belt Used,37363,Shoulder and Lap Belt Used,37404,No,No,Daylight,Other,242,32,18,1,7,17,1549566000,0.48,13.75,206,3,0,78.68,24.89,0.44,78.68,57.62,6.339,,partly-cloudy-day,partly cloudy,0,1,0,0,0,0
,35.016914,-85.181909,1300 Hickory Valley Rd,,East Brainerd Rd,2/8/2019 10:00,2019-02-08,10,1549638000,,,,Property Damage,Front to Rear,No,No,No,No,45,2,No,No,Shoulder and Lap Belt Used,30750,Shoulder and Lap Belt Used,37421,No,No,Daylight,Clear,242,32,18,1,7,17,1549634400,0.6,9.72,347,2,0.002,33.44,15.15,0.56,39.74,27.11,8.267,rain,partly-cloudy-day,mostly cloudy,0,1,0,0,0,0
,35.016889,-85.181912,1300 Hickory Valley Rd,,East Brainerd Rd,4/19/2019 12:00,2019-04-19,12,1555689600,,,,Property Damage,Front to Rear,No,No,No,No,45,2,No,No,Shoulder and Lap Belt Used,24605,Shoulder and Lap Belt Used,37421,No,No,Daylight,Rain,242,32,18,1,7,17,1555686000,0.87,5.91,208,4,0.023,66.53,10,1,66.13,62.14,3.663,rain,rain,light rain,1,0,0,0,0,1