Accident,Latitude,Longitude,Street,AltStreet,Intersection,DateTime,Date,Hour,Unix,WeekDay,WeekEnd,DayFrame,AccidentType,CollisionType,HaR,FatalInjury,MedicalTransport,InvolvedPlacardedTruck,PostedSpeed,TotalVehiclesInvolved,PedestrianInvolved,BicycleInvolved,DriverOneSafetyEquipment,DriverOneZip,DriverTwoSafetyEquipment,DriverTwoZip,Drug,Alcohol,LightCondition,Weather,Grid_Block,Grid_Col,Grid_Row,Highway,Land_Use_Mode,Road_Count,HourBefore,humidity,windSpeed,windBearing,uvIndex,precipIntensity,apparentTemperature,windGust,cloudCover,temperature,dewPoint,visibility,precipType,Event,Conditions,Rain,Cloudy,Foggy,Snow,Clear,RainBefore
,35.016889,-85.181912,1300 Hickory Valley Rd,SR-1300,E. Brainerd Rd.,6/14/2019 18:00,2019-06-14,18,1560549600,,,,Property Damage Under,Front to Rear,No,No,No,No,35,2,No,No,Shoulder and Lap Belt Used,37312,Shoulder and Lap Belt Used,37421,No,No,Daylight,Clear,242,32,18,1,7,17,1560546000,0.28,5.05,183,3,0,81.19,9.93,0,81.19,44.9,6.25,,clear-day,clear,0,0,0,0,1,0
,35.016889,-85.181912,Hickory Valley Rd,,E Brainerd Rd,6/24/2019 16:00,2019-06-24,16,1561406400,,,,Property Damage,"Sideswipe, Same Direction",No,No,No,No,30,2,No,No,Shoulder and Lap Belt Used,37421,Shoulder and Lap Belt Used,37353,No,No,Daylight,Rain,242,32,18,1,7,17,1561402800,0.64,8.61,203,5,0,91.7,17.98,0.75,85.56,72.02,3.601,,partly-cloudy-day,humid and mostly cloudy,0,1,0,0,0,0
,35.038403,-85.265944,2316 E 3rd St,,Dodson Ave,2/2/2018 13:00,2018-02-02,13,1517594400,,,,Property Damage,Angle,No,No,No,No,25,2,No,No,Shoulder and Lap Belt Used,37343,Shoulder and Lap Belt Used,37406,No,No,Daylight,Clear,163,21,20,0,7,16,1517590800,0.44,5.78,1,4,0,27.08,10.73,0,32.56,12.97,6.325,,clear-day,clear,0,0,0,0,1,0
,35.0346919,-85.270679,2001 E 13th Street,,S Willow Street,2/18/2018 0:00,2018-02-18,0,1518930000,,,,Property Damage,Unknown,Yes,No,No,No,20,2,No,No,,37404,Unknown,Unknown,,,Unknown,Clear,163,21,20,0,7,16,1518926400,0.9,1.95,340,0,0,48.98,4.13,0.98,48.98,46.18,6.325,,cloudy,overcast,0,1,0,0,0,0
,35.034586,-85.267198,2337 Mccallie Ave,,Mccallie Ave,2/22/2018 0:00,2018-02-22,0,1519275600,,,,Property Damage Under,Unknown,Yes,No,No,No,,2,No,No,Unknown,Unknown,,37343,,,Unknown,Clear,163,21,20,0,7,16,1519272000,0.8,2.53,176,0,0,69.71,6.24,0.44,69.33,62.79,5.752,,partly-cloudy-night,partly cloudy,0,1,0,0,0,0
,35.040376,-85.270592,E 3rd St,,Roanoake Ave,4/18/2018 15:00,2018-04-18,15,1524078000,,,,Property Damage,Front to Rear,Yes,No,No,No,40,2,No,No,Unknown,Unknown,Shoulder and Lap Belt Used,37406,No,No,Daylight,Clear,163,21,20,0,7,16,1524074400,0.45,4.14,217,9,0,78.76,13.91,0,78.76,55.81,6.325,,clear-day,clear,0,0,0,0,1,0
,35.037565,-85.268251,N Lyerly St,,N Lyerly St,5/9/2018 0:00,2018-05-09,0,1525838400,,,,Property Damage,Unknown,Yes,No,No,No,,2,No,No,,37377,Unknown,Unknown,,,Unknown,Clear,163,21,20,0,7,16,1525834800,0.69,0.4,270,0,0,64.53,0.82,0,64.53,54.22,3.093,,clear-night,clear,0,0,0,0,1,0
,35.034727,-85.26761,Mccallie Ave,SR-2333,Dodds,5/22/2018 0:00,2018-05-22,0,1526961600,,,,Property Damage,Unknown,Yes,No,No,No,,2,No,No,Unknown,Unknown,,37397,,,Unknown,Clear,163,21,20,0,7,16,1526958000,0.69,3.07,149,0,0,74.57,7.09,1,74.19,63.54,6.323,,cloudy,overcast,0,1,0,0,0,0
,35.0351797,-85.268541,2200 Wilcox Blvd,,Dodson Ave,6/5/2018 17:00,2018-06-05,17,1528232400,,,,Property Damage,Angle,Yes,No,No,No,40,2,No,No,Shoulder and Lap Belt Used,37311,,37615,No,No,Daylight,Clear,163,21,20,0,7,16,1528228800,0.41,4.69,334,5,0,82.07,8.57,0,82.07,55.75,4.066,,clear-day,clear,0,0,0,0,1,0
,35.036724,-85.266106,2300 E 5th St,SR-2300,N. Lyerly Street,6/25/2018 21:00,2018-06-25,21,1529974800,,,,Property Damage,Angle,Yes,No,No,No,30,2,No,No,Unknown,Unknown,,35618,,,Daylight,Clear,163,21,20,0,7,16,1529971200,0.92,2.82,124,0,0,74.03,5.87,0.67,72.72,70.34,3.025,,partly-cloudy-night,mostly cloudy,0,1,0,0,0,0
,35.039261,-85.268833,2108 E 3rd St,,N. Kelly St.,8/3/2018 0:00,2018-08-03,0,1533268800,,,,Property Damage,Unknown,Yes,No,No,No,15,2,No,No,,37310,Unknown,Unknown,,,Unknown,Unknown,163,21,20,0,7,16,1533265200,0.94,3.29,30,0,0,72.71,6.62,1,71.44,69.7,7.496,,cloudy,overcast,0,1,0,0,0,0
,35.03484,-85.266342,2341 McCallie Ave,,Derby St,8/17/2018 1:00,2018-08-17,1,1534482000,,,,Property Damage,Not Collision with Motor Vehicle in Transport,No,No,No,No,15,1,No,No,,37406,Shoulder and Lap Belt Used,30736,No,No,Dark - Lighted,Clear,163,21,20,0,7,16,1534478400,0.81,3.91,189,0,0,79.11,7.51,0,77.83,71.47,2.143,,clear-night,clear,0,0,0,0,1,0
,35.034718,-85.27066,N. Kelly St,US-100,McCallie Ave,8/26/2018 1:00,2018-08-26,1,1535259600,,,,Property Damage,"Sideswipe, Opposite Direction",Yes,No,No,No,35,2,No,No,,37404,Unknown,Unknown,,,Daylight,Cloudy,163,21,20,0,7,16,1535256000,0.89,1.38,186,0,0,73.5,4.7,0,72.4,68.84,2.95,,clear-night,clear,0,0,0,0,1,0
,35.038633,-85.26772,2200 E 3rd St,SR-2200,E 3rd Street,9/4/2018 8:00,2018-09-04,8,1536062400,,,,Property Damage,Unknown,Yes,No,No,No,,2,No,No,Unknown,Unknown,,37412,,,Daylight,Clear,163,21,20,0,7,16,1536058800,0.93,1.55,46,0,0,71.39,5.04,0.19,70.31,68.05,3.536,,partly-cloudy-day,partly cloudy,0,1,0,0,0,0
,35.034727,-85.26761,Mccallie Ave,,Lylerly,9/7/2018 13:00,2018-09-07,13,1536339600,,,,Property Damage,"Sideswipe, Same Direction",Yes,No,No,No,35,2,No,No,Shoulder and Lap Belt Used,37379,Unknown,Unknown,No,No,Daylight,Clear,163,21,20,0,7,16,1536336000,0.6,3.04,134,9,0,91.29,7.49,0,86.09,70.61,5.417,,clear-day,clear,0,0,0,0,1,0
,35.035139,-85.268189,709 broad st,,None,9/7/2018 22:00,2018-09-07,22,1536372000,,,,Property Damage Under,Unknown,Yes,No,No,No,,2,No,No,,37363,Unknown,Unknown,,,Dark - Lighted,Clear,163,21,20,0,7,16,1536368400,0.75,2.25,235,0,0,81.73,5.52,0.44,78.95,70.47,2.093,,partly-cloudy-night,partly cloudy,0,1,0,0,0,0
,35.035141,-85.265274,2400 Ivy St,SR-2400,Derby Street,10/20/2018 12:00,2018-10-20,12,1540051200,,,,Possible Injury,Angle,No,No,Yes,No,30,2,No,No,,37402,Shoulder and Lap Belt Used,37377,No,No,Daylight,Rain,163,21,20,0,7,16,1540047600,0.88,3.37,297,4,0.009,59.55,9.2,0.75,59.55,55.95,3.763,rain,rain,possible drizzle,1,0,0,0,0,1
,35.039261,-85.268833,2108 E 3rd St,SR-2108,N. Willow,11/1/2018 7:00,2018-11-01,7,1541070000,,,,Property Damage,Unknown,Yes,No,No,No,,2,No,No,Unknown,Unknown,,37411,,,Unknown,Unknown,163,21,20,0,7,16,1541066400,0.84,8.15,151,0,0,62.74,16.24,0.75,62.74,57.81,3.4,,partly-cloudy-night,mostly cloudy,0,1,0,0,0,0
,35.034727,-85.26761,2333 Mccallie Ave,,N Lyerly Street,11/9/2018 0:00,2018-11-09,0,1541739600,,,,Property Damage,Unknown,Yes,No,No,No,15,2,No,No,,37397,Unknown,Unknown,,,Unknown,Unknown,163,21,20,0,7,16,1541736000,1,0.9,209,0,0,51.02,2.22,1,51.02,50.9,3.684,,cloudy,overcast,0,1,0,0,0,0
,35.034727,-85.26761,2333 Mccallie Ave,,N Lyerly St,12/20/2018 10:00,2018-12-20,10,1545318000,,,,Property Damage,Angle,Yes,No,No,No,15,2,No,No,,37421,Unknown,Unknown,,,Daylight,Rain,163,21,20,0,7,16,1545314400,0.95,3.41,9,1,0.003,44.96,4.4,1,46.18,44.9,3.264,rain,rain,possible drizzle,1,0,0,0,0,1
,35.038633,-85.26772,2200 E 3rd St,,N. Kelly,1/8/2019 16:00,2019-01-08,16,1546981200,,,,Property Damage,Rear to Side,No,No,No,No,,2,No,No,,37408,Shoulder and Lap Belt Used,37421,No,No,Daylight,Clear,163,21,20,0,7,16,1546977600,0.53,8.02,258,1,0,67,17.48,0.44,67,49.51,6.882,,partly-cloudy-day,partly cloudy,0,1,0,0,0,0
,35.034727,-85.26761,2333 Mccallie Ave,SR-2333,N. Lyerly,1/22/2019 0:00,2019-01-22,0,1548133200,,,,Property Damage Under,Unknown,Yes,No,No,No,,2,No,No,,37343,Unknown,Unknown,,,Unknown,Clear,163,21,20,0,7,16,1548129600,0.53,2.3,25,0,0,23.59,7.31,0,23.59,9.15,6.358,,clear-night,clear,0,0,0,0,1,0
,35.034727,-85.26761,2333 Mccallie Ave,,Mccallie Ave,1/22/2019 0:00,2019-01-22,0,1548133200,,,,Property Damage Under,Unknown,Yes,No,No,No,,2,No,No,,30728,Unknown,Unknown,,,Daylight,Clear,163,21,20,0,7,16,1548129600,0.53,2.3,25,0,0,23.59,7.31,0,23.59,9.15,6.358,,clear-night,clear,0,0,0,0,1,0
,35.033962,-85.268541,Mccallie Ave,,N Lyerly St,1/29/2019 20:00,2019-01-29,20,1548810000,,,,Property Damage Under,Angle,No,No,No,No,25,2,No,No,None Used MV Occupant,37410,,,No,No,Dark - Lighted,Clear,163,21,20,0,7,16,1548806400,0.45,3.55,317,0,0,22.15,5.59,0,26.37,8.1,6.133,,clear-night,clear,0,0,0,0,1,0
,35.034727,-85.26761,Mccallie Ave,,N Lyerly St,1/30/2019 8:00,2019-01-30,8,1548853200,,,,Property Damage,Unknown,Yes,No,No,No,,2,No,No,,30736,Unknown,Unknown,,,Daylight,Cloudy,163,21,20,0,7,16,1548849600,0.64,4.07,257,0,0,16.65,8.09,0,22.19,11.93,4.149,,clear-day,clear,0,0,0,0,1,0
,35.038213,-85.26665,2300 E 3rd St,,Derby St,1/30/2019 17:00,2019-01-30,17,1548885600,,,,Property Damage,"Sideswipe, Same Direction",Yes,No,No,No,25,2,No,No,Unknown,Unknown,Shoulder and Lap Belt Used,37421,No,No,Daylight,Clear,163,21,20,0,7,16,1548882000,0.31,7.18,306,0,0,30.29,13.69,0,36.07,8.43,8.239,,clear-day,clear,0,0,0,0,1,0
,35.03484,-85.266342,2341 Mccallie Ave,,Oak st,5/29/2019 0:00,2019-05-29,0,1559102400,,,,Property Damage Under,Angle,Yes,No,No,No,15,2,No,No,,,Unknown,,,,Unknown,Clear,163,21,20,0,7,16,1559098800,0.69,2.92,252,0,0,78.69,3.44,0,77.96,66.9,6.191,,clear-night,clear,0,0,0,0,1,0
,35.034624,-85.17874,6500 - 6599 Lee Hwy,,Hwy 153,2/3/2018 0:00,2018-02-03,0,1517634000,,,,Property Damage,Front to Rear,No,No,No,No,40,2,No,No,None Used MV Occupant,37421,,76106,No,No,Unknown,Unknown,326,32,16,1,7,16,1517630400,0.57,1.24,8,0,0,25.87,2.94,0,25.87,12.6,6.121,,clear-night,clear,0,0,0,0,1,0
,35.031327,-85.180016,Customer Delight Dr,SR-6730,Lee Hwy,2/6/2018 0:00,2018-02-06,0,1517893200,,,,Property Damage,Unknown,Yes,No,No,No,15,2,No,No,,30752,Unknown,Unknown,,,Unknown,Cloudy,326,32,16,1,7,16,1517889600,0.75,0.14,175,0,0,33.21,1.01,0,33.21,26.09,5.98,,clear-night,clear,0,0,0,0,1,0
,35.031327,-85.180016,6730 Customer Delight Drive,,Lee Highway,3/29/2019 0:00,2019-03-29,0,1553832000,,,,Property Damage,"Sideswipe, Same Direction",Yes,No,No,No,15,2,No,No,None Used MV Occupant,37421,Unknown,Unknown,,,Unknown,Clear,326,32,16,1,7,16,1553828400,0.61,2.43,191,0,0,50.64,4.73,0.75,50.64,37.81,3.234,,partly-cloudy-night,mostly cloudy,0,1,0,0,0,0
,35.031327,-85.180016,6730 Customer Delight Dr,,Lee Hwy,6/12/2019 12:00,2019-06-12,12,1560355200,,,,Property Damage Under,Angle,Yes,No,No,No,15,2,No,No,Shoulder and Lap Belt Used,37379,Unknown,Unknown,No,No,Daylight,Cloudy,326,32,16,1,7,16,1560351600,0.63,4.16,193,4,0,73.82,10.73,1,73.78,60.45,4.244,,cloudy,overcast,0,1,0,0,0,0
,35.136682,-85.240008,1969 Northpoint Blvd,SR-1,Hixson Pk,2/3/2018 11:00,2018-02-03,11,1517673600,,,,Property Damage,Front to Rear,No,No,No,No,25,2,No,No,Shoulder and Lap Belt Used,37343,Shoulder and Lap Belt Used,37379,No,No,Daylight,Clear,770,18,5,0,2,3,1517670000,0.54,0.46,138,3,0,31.64,2.56,0,31.64,16.87,8.552,,clear-day,clear,0,0,0,0,1,0
,35.134026,-85.240797,Northgate Park Ln,SR-210,Northgate Mall Dr,2/24/2018 0:00,2018-02-24,0,1519448400,,,,Property Damage,Unknown,Yes,No,No,No,,2,No,No,Unknown,Unknown,,37379,,,Unknown,Clear,770,18,5,0,2,3,1519444800,0.7,0.4,166,0,0,68.67,3.7,1,68.67,58.47,2.465,,cloudy,overcast,0,1,0,0,0,0
,35.134705,-85.238978,5110 Hixson Pike,,Northpoint Blvd,3/2/2018 16:00,2018-03-02,16,1520024400,,,,Property Damage,"Sideswipe, Same Direction",Yes,No,No,No,40,2,No,No,Shoulder and Lap Belt Used,37343,Shoulder and Lap Belt Used,37379,No,No,Daylight,Clear,770,18,5,0,2,3,1520020800,0.29,5.1,354,2,0,56.7,11.72,0,56.7,24.79,6.962,,clear-day,clear,0,0,0,0,1,0
,35.137205,-85.243167,1944 Northpoint Blvd,,Hwy 153,3/8/2018 0:00,2018-03-08,0,1520485200,,,,Property Damage,Unknown,Yes,No,No,No,,2,No,No,Unknown,Unknown,,37419,,,Unknown,Clear,770,18,5,0,2,3,1520481600,0.55,1.68,302,0,0,39.16,5.12,1,39.16,24.37,6.962,,cloudy,overcast,0,1,0,0,0,0
,35.137205,-85.243167,1944 Northpoint Blvd,,Northpoint Blvd.,3/9/2018 12:00,2018-03-09,12,1520614800,,,,Property Damage,Unknown,Yes,No,No,No,,2,No,No,Unknown,Unknown,,37327,,,Daylight,Clear,770,18,5,0,2,3,1520611200,0.4,2.49,218,6,0,47.23,6.37,0,47.23,24.08,7.12,,clear-day,clear,0,0,0,0,1,0
,35.13427,-85.244924,5348 Highway 153,,Hixson Pike,3/27/2018 0:00,2018-03-27,0,1522123200,,,,Property Damage,Unknown,Yes,No,No,No,,2,No,No,,37421,Unknown,Unknown,,,Unknown,Cloudy,770,18,5,0,2,3,1522119600,0.7,3.88,165,0,0,45.6,10.07,1,47.09,37.81,7.12,,cloudy,overcast,0,1,0,0,0,0
,35.13449,-85.240382,5100 Hixson Pike,,North Point Blvd,3/30/2018 14:00,2018-03-30,14,1522432800,,,,Property Damage,Front to Rear,No,No,No,No,45,2,No,No,Shoulder and Lap Belt Used,37343,Shoulder and Lap Belt Used,37343,No,No,Daylight,Clear,770,18,5,0,2,3,1522429200,0.66,4.5,314,4,0,57.51,10.38,1,57.51,46.25,7.12,,cloudy,overcast,0,1,0,0,0,0
,35.1360497,-85.241466,Northpoint Blvd,,Hixson Pike,5/27/2018 0:00,2018-05-27,0,1527393600,,,,Property Damage,Not Collision with Motor Vehicle in Transport,Yes,No,No,No,35,1,No,No,Shoulder and Lap Belt Used,37343,,,No,Yes,Dark - Lighted,Clear,770,18,5,0,2,3,1527390000,0.85,2.09,209,0,0.03,73.1,6.4,0.8,72.2,67.35,4.556,rain,rain,possible light rain,1,0,0,0,0,1
,35.133689,-85.239648,2158 Northgate Park Ln,,Hixson Pike,5/30/2018 16:00,2018-05-30,16,1527710400,,,,Property Damage,Unknown,Yes,No,No,No,,2,No,No,Unknown,Unknown,,37379,,,Daylight,Cloudy,770,18,5,0,2,3,1527706800,0.72,6.58,198,5,0.002,86.23,12.27,0.75,81.63,71.87,7.101,rain,partly-cloudy-day,mostly cloudy,0,1,0,0,0,0
,35.130726,-85.240553,250 Northgate Mall Dr,,Hwy 153,6/14/2018 21:00,2018-06-14,21,1529024400,,,,Property Damage,Front to Rear,Yes,No,No,No,,2,No,No,Unknown,Unknown,,37415,,,Dusk,Clear,770,18,5,0,2,3,1529020800,0.69,1.11,311,0,0,87.1,5.22,0.36,82.44,71.35,7.101,,partly-cloudy-night,partly cloudy,0,1,0,0,0,0
,35.1376001,-85.242632,1944 Northpointe Blvd,,Northpointe Blvd,6/28/2018 0:00,2018-06-28,0,1530158400,,,,Property Damage,Unknown,Yes,No,No,No,,2,No,No,,37379,Unknown,Unknown,,,Unknown,Unknown,770,18,5,0,2,3,1530154800,0.93,2.84,218,0,0.006,71.59,11.99,0.65,70.48,68.28,4.099,rain,rain,possible drizzle,1,0,0,0,0,1
,35.132608,-85.241129,Northgate Mall Dr,SR-123,Hixson Pike,9/8/2018 0:00,2018-09-08,0,1536379200,,,,Property Damage,Unknown,Yes,No,No,No,,2,No,No,Unknown,Unknown,,37379,,,Unknown,Clear,770,18,5,0,2,3,1536375600,0.74,1.59,117,0,0,79.42,6.97,0.65,78.41,69.33,7.552,,partly-cloudy-night,mostly cloudy,0,1,0,0,0,0
,35.136132,-85.242141,Northpoint Blvd,,Hixson Pike,9/26/2018 18:00,2018-09-26,18,1537999200,,,,Possible Injury,Head On,No,No,Yes,No,35,2,No,No,Shoulder and Lap Belt Used,37379,Shoulder and Lap Belt Used,37415,No,Yes,Daylight,Rain,770,18,5,0,2,3,1537995600,0.88,2.03,32,1,0.034,74.4,6.15,0.75,73.22,69.61,5.935,rain,rain,possible light rain,1,0,0,0,0,1
,35.131398,-85.242125,Northgate Mall Dr,SR-600,Hixson PIKE,10/9/2018 0:00,2018-10-09,0,1539057600,,,,Property Damage,Unknown,Yes,No,No,No,,2,No,No,,37415,Unknown,Unknown,,,Unknown,Unknown,770,18,5,0,2,3,1539054000,0.73,2.75,114,0,0.001,76.13,10.89,0.91,75.45,66.21,7.482,rain,cloudy,overcast,0,1,0,0,0,0
,35.132249,-85.242397,620 Northgate Mall Dr,US-620,Highway 153,10/9/2018 14:00,2018-10-09,14,1539108000,,,,Property Damage,Front to Rear,No,No,No,No,,2,No,No,Shoulder and Lap Belt Used,37343,Shoulder and Lap Belt Used,37415,No,No,Daylight,Cloudy,770,18,5,0,2,3,1539104400,0.61,5.72,133,4,0,77.86,11.71,1,77.52,63.22,8.137,,cloudy,overcast,0,1,0,0,0,0
,35.131283,-85.241999,Northgate Mall Dr,SR-638,Northgate Mall Dr,10/15/2018 0:00,2018-10-15,0,1539576000,,,,Property Damage,Angle,Yes,No,No,No,,2,No,No,Unknown,Unknown,,37405,,,Unknown,Unknown,770,18,5,0,2,3,1539572400,0.72,6.51,177,0,0,69.21,26.68,0.18,69.21,59.61,10,,partly-cloudy-night,partly cloudy,0,1,0,0,0,0
,35.13498,-85.241237,5031 Hixson Pike,,Northpoint Blvd,10/21/2018 0:00,2018-10-21,0,1540094400,,,,Property Damage,Unknown,Yes,No,No,No,15,2,No,No,Unknown,Unknown,,37404,,,Daylight,Clear,770,18,5,0,2,3,1540090800,0.67,5.46,331,0,0,53.08,11.12,0,53.08,42.6,10,,clear-night,clear,0,0,0,0,1,0
,35.132608,-85.241129,123 Northgate Mall Dr,,Northgate Park Ln,11/6/2018 0:00,2018-11-06,0,1541480400,,,,Property Damage,Angle,Yes,No,No,No,,2,No,No,Unknown,Unknown,,37343,,,Dark - Lighted,Clear,770,18,5,0,2,3,1541476800,0.88,9.14,180,0,0.001,65.23,20.32,1,64.89,61.36,6.596,rain,cloudy,overcast,0,1,0,0,0,0
,35.134026,-85.240797,2120 Northgate Park Ln,,Hixson Pike,11/7/2018 0:00,2018-11-07,0,1541566800,,,,Property Damage,Unknown,Yes,No,No,No,,2,No,No,,37363,Unknown,Unknown,,,Unknown,Unknown,770,18,5,0,2,3,1541563200,0.85,0.69,328,0,0,48.86,4.31,0,48.86,44.45,9.25,,clear-night,clear,0,0,0,0,1,0
,35.136892,-85.241025,Northpoint Blvd,,Hixson Pike,11/19/2018 16:00,2018-11-19,16,1542661200,,,,Property Damage,Angle,No,No,No,No,40,2,No,No,Shoulder and Lap Belt Used,37343,Shoulder and Lap Belt Used,37408,No,No,Daylight,Clear,770,18,5,0,2,3,1542657600,0.55,6.94,242,1,0,62.55,16.3,1,62.55,46.39,6.02,,cloudy,overcast,0,1,0,0,0,0
,35.132249,-85.242397,5100 Hixson Pike,I-1,North Gate Mall,11/21/2018 11:00,2018-11-21,11,1542816000,,,,Property Damage Under,Angle,No,No,No,No,40,2,No,No,Shoulder and Lap Belt Used,37311,Shoulder and Lap Belt Used,37343,No,No,Daylight,Clear,770,18,5,0,2,3,1542812400,0.53,4.05,25,3,0,41.73,5.35,0,43.86,27.75,7.92,,clear-day,clear,0,0,0,0,1,0
,35.135654,-85.239321,Hixson Pike,,Northpoint Blvd,11/21/2018 17:00,2018-11-21,17,1542837600,,,,Property Damage Under,Angle,No,No,No,No,40,2,No,No,,37373,Shoulder and Lap Belt Used,37416,No,No,Daylight,Clear,770,18,5,0,2,3,1542834000,0.35,3.97,24,0,0,54.37,8.65,0,54.37,27.28,6.675,,clear-day,clear,0,0,0,0,1,0
,35.13498,-85.241237,5031 Hixson Pike,,Northpoint Blvd,11/30/2018 13:00,2018-11-30,13,1543600800,,,,Property Damage,Angle,No,No,No,No,,2,No,No,,37343,Shoulder and Lap Belt Used,30741,No,No,Daylight,Rain,770,18,5,0,2,3,1543597200,0.92,5.74,198,3,0.016,57.63,12.84,1,57.63,55.43,2.354,rain,rain,light rain,1,0,0,0,0,1
,35.13598,-85.239618,Northpoint Blvd,,Old Hixson Pike,12/1/2018 3:00,2018-12-01,3,1543651200,,,,Property Damage,"Sideswipe, Opposite Direction",Yes,No,No,No,35,2,No,No,Shoulder and Lap Belt Used,37343,Unknown,37343,No,Yes,Dark - Lighted,Rain,770,18,5,0,2,3,1543647600,0.86,5.11,159,0,0,56.58,13.61,0.95,56.58,52.36,1.749,,fog,foggy,0,0,1,0,0,0
,35.135872,-85.238975,Hixson Pike,,Northpoint Blvd,12/3/2018 10:00,2018-12-03,10,1543849200,,,,Property Damage,Front to Rear,No,No,No,No,40,2,No,No,Shoulder and Lap Belt Used,37343,Shoulder and Lap Belt Used,37343,No,No,Daylight,Clear,770,18,5,0,2,3,1543845600,0.57,3.75,299,1,0,50.4,7.32,0.36,50.4,35.95,8.278,,partly-cloudy-day,partly cloudy,0,1,0,0,0,0
,35.130726,-85.240553,250 Northgate Mall Dr,,Hixson Pike,12/7/2018 0:00,2018-12-07,0,1544158800,,,,Property Damage,Rear to Side,No,No,No,No,15,2,No,No,Shoulder and Lap Belt Used,37379,Shoulder and Lap Belt Used,37379,No,No,Unknown,Clear,770,18,5,0,2,3,1544155200,0.63,0.86,330,0,0,40.51,3.58,1,40.51,28.71,6.445,,cloudy,overcast,0,1,0,0,0,0
,35.137537,-85.243038,Lake Resort Ter,,Lake Resort Dr,12/7/2018 6:00,2018-12-07,6,1544180400,,,,Property Damage,Not Collision with Motor Vehicle in Transport,No,No,No,No,35,1,No,No,Shoulder and Lap Belt Used,37343,,,No,No,Dark - Lighted,Rain,770,18,5,0,2,3,1544176800,0.7,1.15,330,0,0,40.17,6.18,1,40.17,31.2,7.273,,cloudy,overcast,0,1,0,0,0,0
,35.134277,-85.241359,5035 Hixson Pike,SR-319,North Gate Mall,12/20/2018 11:00,2018-12-20,11,1545321600,,,,Property Damage,"Sideswipe, Same Direction",No,No,No,No,40,2,No,No,Shoulder and Lap Belt Used,37406,Shoulder and Lap Belt Used,37421,No,No,Daylight,Rain,770,18,5,0,2,3,1545318000,0.93,4.18,74,2,0.034,44.95,5.26,0.85,46.73,44.73,2.601,rain,rain,light rain,1,0,0,0,0,1
,35.130218,-85.240606,585 Northgate Mall Dr,,Northgate Mall Dr,12/22/2018 0:00,2018-12-22,0,1545454800,,,,Property Damage,Unknown,Yes,No,No,No,,2,No,No,Unknown,Unknown,,37379,,,Unknown,Clear,770,18,5,0,2,3,1545451200,0.81,5.92,294,0,0.001,34.62,12.25,1,39,33.76,9.166,rain,cloudy,overcast,0,1,0,0,0,0
,35.136132,-85.242141,1966 Northpoint Blvd,SR-1966,Hixson Pike,12/28/2018 4:00,2018-12-28,4,1545987600,,,,Property Damage,Front to Rear,No,No,No,No,15,2,No,No,Unknown,37415,Shoulder and Lap Belt Used,37377,No,No,Dark - Not Lighted,Rain,770,18,5,0,2,3,1545984000,0.93,2.06,9,0,0.061,51.64,8.6,1,51.64,49.78,2.201,rain,rain,light rain,1,0,0,0,0,1
,35.13243,-85.243953,1 Hwy 153 Nb @ Hixson Pk Sb - On Ramp,,Hixson Pk,3/15/2019 0:00,2019-03-15,0,1552622400,,,,Property Damage,Not Collision with Motor Vehicle in Transport,Yes,No,No,No,25,1,No,No,Unknown,Unknown,,,,,Dark - Not Lighted,Clear,770,18,5,0,2,3,1552618800,0.9,6.4,209,0,0.101,66.47,8.83,1,65.97,62.8,7.306,rain,rain,rain,1,0,0,0,0,1
,35.133182,-85.242492,5000 Hixson Pike,,Hwy 153,3/25/2019 11:00,2019-03-25,11,1553526000,,,,Property Damage,Front to Rear,No,No,No,No,45,2,No,No,Shoulder and Lap Belt Used,37343,Shoulder and Lap Belt Used,30215,No,No,Daylight,Rain,770,18,5,0,2,3,1553522400,0.57,4.26,200,3,0,60.8,10.78,0.54,60.8,45.4,8.207,,partly-cloudy-day,mostly cloudy,0,1,0,0,0,0
,35.134277,-85.241359,5035 Hixson Pike,,Northpoint Blvd,4/16/2019 12:00,2019-04-16,12,1555430400,,,,Property Damage,"Sideswipe, Opposite Direction",No,No,No,No,45,2,No,No,Shoulder and Lap Belt Used,37406,Shoulder and Lap Belt Used,37379,No,No,Daylight,Clear,770,18,5,0,2,3,1555426800,0.4,3.52,204,8,0,64.71,5.68,0,64.71,40.14,7.215,,clear-day,clear,0,0,0,0,1,0
,35.137205,-85.243167,1944 Northpoint Blvd,,Northpoint Blvd,5/16/2019 0:00,2019-05-16,0,1557979200,,,,Property Damage,Unknown,Yes,No,No,No,,2,No,No,,37353,Unknown,Unknown,,,Daylight,Clear,770,18,5,0,2,3,1557975600,0.8,1.03,171,0,0,62.36,3.87,1,62.36,56.07,5.387,,cloudy,overcast,0,1,0,0,0,0
,35.137205,-85.243167,1944 Northpoint Blvd,,Hwy 153,5/29/2019 16:00,2019-05-29,16,1559160000,,,,Property Damage,"Sideswipe, Same Direction",No,No,No,No,15,2,No,No,Shoulder and Lap Belt Used,37412,Shoulder and Lap Belt Used,37411,No,No,Daylight,Clear,770,18,5,0,2,3,1559156400,0.34,8.71,231,7,0,93.1,16.71,0.19,93.1,60.22,6.127,,partly-cloudy-day,partly cloudy,0,1,0,0,0,0
,35.137205,-85.243167,1944 Northpoint Blvd,I-1,North Point,6/6/2019 14:00,2019-06-06,14,1559844000,,,,Property Damage,Angle,Yes,No,No,No,,2,No,No,,37343,Unknown,Unknown,,,Daylight,Cloudy,770,18,5,0,2,3,1559840400,0.82,4.74,203,6,0.01,76.58,8.07,0.75,75.5,69.45,5.78,rain,partly-cloudy-day,mostly cloudy,0,1,0,0,0,0