Accident,Latitude,Longitude,Street,AltStreet,Intersection,DateTime,Date,Hour,Unix,WeekDay,WeekEnd,DayFrame,AccidentType,CollisionType,HaR,FatalInjury,MedicalTransport,InvolvedPlacardedTruck,PostedSpeed,TotalVehiclesInvolved,PedestrianInvolved,BicycleInvolved,DriverOneSafetyEquipment,DriverOneZip,DriverTwoSafetyEquipment,DriverTwoZip,Drug,Alcohol,LightCondition,Weather,Grid_Block,Grid_Col,Grid_Row,Highway,Land_Use_Mode,Road_Count,HourBefore,humidity,windSpeed,windBearing,uvIndex,precipIntensity,apparentTemperature,windGust,cloudCover,temperature,dewPoint,visibility,precipType,Event,Conditions,Rain,Cloudy,Foggy,Snow,Clear,RainBefore
,35.146261,-85.248527,5540 Highway 153,US-153,Private Rd,2/3/2018 13:00,2018-02-03,13,1517680800,,,,Property Damage,Angle,No,No,No,No,45,2,No,No,Shoulder and Lap Belt Used,37343,Shoulder and Lap Belt Used,37405,No,No,Daylight,Clear,799,16,4,1,7,10,1517677200,0.45,3.27,169,4,0,35.46,7.03,0,37.71,18.07,7.021,,clear-day,clear,0,0,0,0,1,0
,35.146261,-85.248527,5540 Highway 153,SR-1,Hwy 153,2/17/2018 0:00,2018-02-17,0,1518843600,,,,Property Damage Under,Unknown,Yes,No,No,No,15,2,No,No,,37343,Unknown,Unknown,,,Unknown,Unknown,799,16,4,1,7,10,1518840000,0.82,1.46,17,0,0,47.86,2.92,1,47.86,42.75,6.614,,cloudy,overcast,0,1,0,0,0,0
,35.14678,-85.248657,Hwy 153,SR-5546,O Henry Dr,3/5/2018 13:00,2018-03-05,13,1520272800,,,,Property Damage,"Sideswipe, Opposite Direction",No,No,No,No,,2,No,No,,37411,Shoulder and Lap Belt Used,37343,No,No,Daylight,Clear,799,16,4,1,7,10,1520269200,0.44,0.69,187,4,0,53.2,2.65,0.75,53.2,32.1,7.021,,partly-cloudy-day,mostly cloudy,0,1,0,0,0,0
,35.146073,-85.252215,5579 Highway 153,US-153,Private Dr,6/1/2018 14:00,2018-06-01,14,1527876000,,,,Possible Injury,Angle,No,No,Yes,No,45,2,No,No,,37379,Shoulder and Lap Belt Used,37411,No,No,Daylight,Cloudy,799,16,4,1,7,10,1527872400,0.65,5.4,287,7,0,85.01,10.21,0.61,81.81,68.74,6.999,,partly-cloudy-day,mostly cloudy,0,1,0,0,0,0
,35.143097,-85.252415,1011 Gadd Rd,US-1011,Highway 153,6/17/2018 0:00,2018-06-17,0,1529208000,,,,Property Damage,Angle,No,No,No,No,,2,No,No,,37379,Shoulder and Lap Belt Used,37343,,,Unknown,Unknown,799,16,4,1,7,10,1529204400,0.67,3.86,216,0,0,78.68,5.65,0.29,78.03,66.2,6.999,,partly-cloudy-night,partly cloudy,0,1,0,0,0,0
,35.145605,-85.249961,5525 Highway 153,,Berean Ln,6/22/2018 16:00,2018-06-22,16,1529697600,,,,Property Damage,Unknown,Yes,No,No,No,15,2,No,No,,37343,,37343,,,Daylight,Rain,799,16,4,1,7,10,1529694000,0.73,7.57,226,,,82.25,14.9,,79.4,69.79,,rain,clear-night,clear,0,0,0,0,1,0
,35.145605,-85.249961,5525 Highway 153,,Berean Ln,6/22/2018 16:00,2018-06-22,16,1529697600,,,,Property Damage,Unknown,Yes,No,No,No,15,2,No,No,,37343,,37343,,,Daylight,Rain,799,16,4,1,7,10,1529694000,0.73,7.57,226,,,82.25,14.9,,79.4,69.79,,rain,clear-night,clear,0,0,0,0,1,0
,35.145605,-85.249961,5525 Highway 153,,Berean Ln,6/22/2018 16:00,2018-06-22,16,1529697600,,,,Property Damage,Unknown,Yes,No,No,No,15,2,No,No,,37343,,37343,,,Daylight,Rain,799,16,4,1,7,10,1529694000,0.73,5.96,247,6,0.015,79.58,14.35,0.5,78.58,69.23,10,rain,partly-cloudy-day,partly cloudy,0,1,0,0,0,0
,35.145605,-85.249961,5525 Highway 153,,Berean Ln,6/22/2018 16:00,2018-06-22,16,1529697600,,,,Property Damage,Unknown,Yes,No,No,No,15,2,No,No,,37343,,37343,,,Daylight,Rain,799,16,4,1,7,10,1529694000,0.73,5.96,247,6,0.015,79.58,14.35,0.5,78.58,69.23,10,rain,partly-cloudy-day,partly cloudy,0,1,0,0,0,0
,35.14672,-85.248668,5546 Highway 153,US-5500,Gadd Road,11/7/2018 15:00,2018-11-07,15,1541620800,,,,Property Damage,Angle,No,No,No,No,45,2,No,No,Shoulder and Lap Belt Used,37321,Shoulder and Lap Belt Used,37321,No,No,Daylight,Cloudy,799,16,4,1,7,10,1541617200,0.7,3.54,77,2,0.004,59.94,8.57,0.69,59.94,50.23,7.031,rain,rain,possible drizzle,1,0,0,0,0,1
,35.146636,-85.251729,5591 Highway 153,I-1,Hwy 153,12/8/2018 12:00,2018-12-08,12,1544288400,,,,Property Damage Under,Rear to Rear,Yes,No,No,No,,2,No,No,Unknown,Unknown,,37397,,,Daylight,Rain,799,16,4,1,7,10,1544284800,0.94,6.6,43,2,0.035,36.1,10.92,0.85,40.6,38.99,2.253,rain,rain,light rain,1,0,0,0,0,1
,35.146073,-85.252215,Highway 153,,Winding Ln,4/26/2019 0:00,2019-04-26,0,1556251200,,,,Property Damage,Angle,Yes,No,No,No,45,2,No,No,,37404,Unknown,Unknown,,,Unknown,Clear,799,16,4,1,7,10,1556247600,0.82,4.69,196,0,0,63.51,8.53,1,63.51,57.85,3.832,,cloudy,overcast,0,1,0,0,0,0
,35.145605,-85.249961,5525 Highway 153,,5525 Highway 153,6/8/2019 20:00,2019-06-08,20,1560038400,,,,Property Damage,Angle,No,No,No,No,15,2,No,No,,37406,Shoulder and Lap Belt Used,37404,No,No,Daylight,Cloudy,799,16,4,1,7,10,1560034800,0.81,4.62,133,0,0,76.92,10.14,0.75,75.84,69.45,5.079,,partly-cloudy-day,mostly cloudy,0,1,0,0,0,0
,35.14412,-85.253465,1011 Gadd Rd,,Hwy 153,6/21/2019 4:00,2019-06-21,4,1561104000,,,,Property Damage,Unknown,Yes,No,No,No,,2,No,No,,37343,Unknown,Unknown,,,Dark - Lighted,Clear,799,16,4,1,7,10,1561100400,0.86,1.64,329,0,0,71.29,3.56,0.14,70.51,65.96,4.348,,partly-cloudy-night,partly cloudy,0,1,0,0,0,0
,35.046323,-85.237236,Wilcox Blvd,,Tunnel Blvd,2/3/2018 13:00,2018-02-03,13,1517680800,,,,Property Damage,Not Collision with Motor Vehicle in Transport,No,No,No,No,35,1,No,No,Shoulder and Lap Belt Used,37412,,,No,No,Daylight,Cloudy,273,24,17,0,7,15,1517677200,0.44,3.79,167,4,0,35.17,7.86,0,37.96,17.98,6.288,,clear-day,clear,0,0,0,0,1,0
,35.046846,-85.237024,1512 Tunnel Blvd,,Wilcox Blvd,3/9/2018 16:00,2018-03-09,16,1520629200,,,,Property Damage Under,Front to Rear,No,No,No,No,30,2,No,No,Shoulder and Lap Belt Used,23072,Shoulder and Lap Belt Used,37407,No,No,Daylight,Clear,273,24,17,0,7,15,1520625600,0.32,4.6,226,3,0,57.37,8.29,0,57.37,27.5,6.288,,clear-day,clear,0,0,0,0,1,0
,35.047438,-85.238317,3400 Wilcox Blvd,,Tunnel Bld,4/19/2018 13:00,2018-04-19,13,1524157200,,,,Property Damage Under,Front to Rear,No,No,No,No,35,2,No,No,Unknown,37404,Unknown,37411,No,No,Daylight,Clear,273,24,17,0,7,15,1524153600,0.5,5.01,350,6,0,51.99,13.57,0.79,51.99,33.73,6.288,,partly-cloudy-day,mostly cloudy,0,1,0,0,0,0
,35.047083,-85.237299,3400 Wilcox Blvd,,Tunnel Blvd,8/7/2018 0:00,2018-08-07,0,1533614400,,,,Property Damage,Not Collision with Motor Vehicle in Transport,Yes,No,No,No,30,1,No,No,,37404,,,,,Unknown,Clear,273,24,17,0,7,15,1533610800,0.77,1.26,273,0,0,79.26,4.43,0,78.13,70.35,6.492,,clear-night,clear,0,0,0,0,1,0
,35.047083,-85.237299,Tunnel Blvd,,Wilcox Blvd,10/7/2018 19:00,2018-10-07,19,1538953200,,,,Property Damage,Other,Yes,No,No,No,35,2,No,No,Unknown,Unknown,Shoulder and Lap Belt Used,37406,No,No,Dusk,Clear,273,24,17,0,7,15,1538949600,0.6,3.44,111,0,0,87.32,6.66,0.44,83.93,68.41,6.069,,partly-cloudy-day,partly cloudy,0,1,0,0,0,0
,35.04811,-85.236542,1708 Tunnel Blvd,,Hillwood Dr,10/15/2018 22:00,2018-10-15,22,1539655200,,,,Property Damage,Angle,Yes,No,No,No,35,2,No,No,Unknown,Unknown,Shoulder and Lap Belt Used,30680,No,No,Dark - Lighted,Clear,273,24,17,0,7,15,1539651600,0.88,1.52,340,0,0,69.63,6.58,1,68.89,65.31,6.582,,cloudy,overcast,0,1,0,0,0,0
,35.047486,-85.240012,3300 Wilcox Blvd,,Moss,10/27/2018 16:00,2018-10-27,16,1540670400,,,,Property Damage,Unknown,Yes,No,No,No,30,2,No,No,Shoulder and Lap Belt Used,37404,Unknown,73084,No,No,Daylight,Clear,273,24,17,0,7,15,1540666800,0.75,5.19,298,2,0,54.69,11.75,1,54.69,47.04,3.139,,cloudy,overcast,0,1,0,0,0,0
,35.0450038,-85.237623,Tunnel Blvd,,Lillian Ln,12/15/2018 3:00,2018-12-15,3,1544860800,,,,Property Damage,Not Collision with Motor Vehicle in Transport,No,No,No,No,35,1,No,No,,37411,Shoulder and Lap Belt Used,37406,No,Yes,Dark - Lighted,Clear,273,24,17,0,7,15,1544857200,0.96,3.75,124,0,0,52.18,5.34,1,52.18,50.96,3.567,,cloudy,overcast,0,1,0,0,0,0
,35.046636,-85.234857,3500 Wilcox Blvd,,Lillian Ln,1/21/2019 4:00,2019-01-21,4,1548061200,,,,Property Damage,Not Collision with Motor Vehicle in Transport,No,No,No,No,40,1,No,No,Shoulder and Lap Belt Used,37411,,,No,No,Dark - Lighted,Sleet/Hail,273,24,17,0,7,15,1548057600,0.59,7.71,8,0,0,11.02,15.59,0,20.47,8.36,3.324,,clear-night,clear,0,0,0,0,1,0
,35.04852,-85.23986,3231 Wilcox Blvd,,Moss Dr,5/16/2019 17:00,2019-05-16,17,1558040400,,,,Property Damage,"Sideswipe, Same Direction",No,No,No,No,30,2,No,No,Unknown,37411,Unknown,37411,No,No,Daylight,Clear,273,24,17,0,7,15,1558036800,0.42,4.37,301,4,0,85.4,9.35,0.44,85.4,59.94,5.699,,partly-cloudy-day,partly cloudy,0,1,0,0,0,0
,35.047925,-85.239003,3403 Wilcox Blvd,,Tunnel Blvd,5/30/2019 9:00,2019-05-30,9,1559221200,,,,Property Damage,Not Collision with Motor Vehicle in Transport,No,No,No,No,25,2,No,No,Shoulder and Lap Belt Used,37415,,37411,No,No,Daylight,Clear,273,24,17,0,7,15,1559217600,0.68,3.88,177,2,0,76.68,7.63,0,76.18,64.74,2.936,,clear-day,clear,0,0,0,0,1,0
,35.027231,-85.323459,Interstate 24 West Block,I-24,Rossville Blvd,2/4/2018 0:00,2018-02-04,0,1517720400,,,,Property Damage,Not Collision with Motor Vehicle in Transport,No,No,No,No,55,1,No,No,Unknown,37411,,,No,No,Unknown,Rain,48,15,24,0,7,10,1517716800,0.36,5.24,172,0,0,39.7,11.52,0.88,42.89,17.92,3.288,,cloudy,overcast,0,1,0,0,0,0
,35.027231,-85.323459,Interstate 24 West Block,I-24,Hwy 27,2/4/2018 9:00,2018-02-04,9,1517752800,,,,Property Damage,Front to Rear,No,No,No,No,45,2,No,No,Unknown,46952,Unknown,37917,No,No,Daylight,Rain,48,15,24,0,7,10,1517749200,0.9,1.31,181,0,0.032,38.59,4.33,1,38.59,35.87,2.668,rain,rain,light rain,1,0,0,0,0,1
,35.0278175,-85.323042,17800 I 24 EB Interstate,I-24,Broad St,2/21/2018 17:00,2018-02-21,17,1519250400,,,,Property Damage Under,"Sideswipe, Same Direction",No,No,No,No,55,2,No,No,Shoulder and Lap Belt Used,40059,Shoulder and Lap Belt Used,32583,No,No,Daylight,Clear,48,15,24,0,7,10,1519246800,0.6,4.8,167,1,0,78.45,12.74,0.44,78.11,63.13,2.714,,partly-cloudy-day,partly cloudy,0,1,0,0,0,0
,35.027231,-85.323459,17800 Interstate 24 West,,Highway 27,4/11/2018 14:00,2018-04-11,14,1523469600,,,,Property Damage,Front to Rear,No,No,No,No,55,2,No,No,Shoulder and Lap Belt Used,30752,Shoulder and Lap Belt Used,30752,No,No,Daylight,Clear,48,15,24,0,7,10,1523466000,0.36,3.24,36,6,0,63.71,6.12,0.58,63.71,35.99,2.714,,partly-cloudy-day,mostly cloudy,0,1,0,0,0,0
,35.027231,-85.323459,17800 Interstate 24 Eb Interstate,I-24,,4/29/2018 17:00,2018-04-29,17,1525035600,,,,Property Damage,Angle,No,No,No,No,55,2,No,No,Shoulder and Lap Belt Used,35803,Shoulder and Lap Belt Used,37379,No,No,Daylight,Clear,48,15,24,0,7,10,1525032000,0.26,3.27,22,4,0,67.49,8.96,0,67.49,31.16,3.288,,clear-day,clear,0,0,0,0,1,0
,35.02629,-85.323702,17900 Interstate 24 East,,17900 Interstate 24 East,5/28/2018 0:00,2018-05-28,0,1527480000,,,,Property Damage,Not Collision with Motor Vehicle in Transport,No,No,No,No,55,1,No,No,Shoulder and Lap Belt Used,35904,,,No,No,Daylight,Rain,48,15,24,0,7,10,1527476400,0.9,4.53,350,0,0,73.44,4.53,0.58,72.29,69.09,8.89,,partly-cloudy-night,mostly cloudy,0,1,0,0,0,0
,35.02629,-85.323702,HIGHWAY 27 SB,,I-24,9/18/2018 0:00,2018-09-18,0,1537243200,,,,Property Damage,"Sideswipe, Same Direction",No,No,No,No,45,2,No,No,Shoulder and Lap Belt Used,37351,Shoulder and Lap Belt Used,32220,No,No,Unknown,Clear,48,15,24,0,7,10,1537239600,0.84,2.5,340,0,0,74.96,3.92,0.44,73.9,68.93,2.127,,partly-cloudy-night,partly cloudy,0,1,0,0,0,0
,35.028932,-85.322434,17820 Interstate 24 East,I-24,Interstate 24 West,9/24/2018 0:00,2018-09-24,0,1537761600,,,,Property Damage,Not Collision with Motor Vehicle in Transport,Yes,No,No,No,55,1,No,No,Unknown,Unknown,,,,,Unknown,Rain,48,15,24,0,7,10,1537758000,0.78,3.73,27,0,0,75.6,8.36,0.75,74.77,67.37,3.669,,partly-cloudy-night,mostly cloudy,0,1,0,0,0,0
,35.028932,-85.322434,,I-24,Hwy 27 NB Exit,11/16/2018 18:00,2018-11-16,18,1542409200,,,,Possible Injury,Front to Rear,No,No,Yes,No,55,3,No,No,Shoulder and Lap Belt Used,33184,Shoulder and Lap Belt Used,35967,No,No,Dark - Not Lighted,Clear,48,15,24,0,7,10,1542405600,0.63,1.85,279,0,0,49.7,5.9,0.75,49.7,37.56,6.21,,partly-cloudy-night,mostly cloudy,0,1,0,0,0,0
,35.029902,-85.322207,17820 Interstate 24 Westbound,,Browns Ferry Rd,2/8/2019 16:00,2019-02-08,16,1549659600,,,,Property Damage,"Sideswipe, Same Direction",No,No,No,No,55,2,No,No,Shoulder and Lap Belt Used,30752,Shoulder and Lap Belt Used,35979,No,No,Daylight,Clear,48,15,24,0,7,10,1549656000,0.33,7.51,346,2,0,41.51,15.33,0.58,45.5,17.87,6.835,,partly-cloudy-day,mostly cloudy,0,1,0,0,0,0
,35.029902,-85.322207,17820 Interstate 24 Westbound,,Browns Ferry Rd,2/8/2019 16:00,2019-02-08,16,1549659600,,,,Property Damage,"Sideswipe, Same Direction",No,No,No,No,55,2,No,No,Shoulder and Lap Belt Used,30752,Shoulder and Lap Belt Used,35979,No,No,Daylight,Clear,48,15,24,0,7,10,1549656000,0.33,7.51,346,2,0,41.51,15.33,0.58,45.5,17.87,6.835,,partly-cloudy-day,mostly cloudy,0,1,0,0,0,0
,35.029902,-85.322207,17820 Interstate 24 Westbound,,Browns Ferry Rd,2/8/2019 16:00,2019-02-08,16,1549659600,,,,Property Damage,"Sideswipe, Same Direction",No,No,No,No,55,2,No,No,Shoulder and Lap Belt Used,30752,Shoulder and Lap Belt Used,35979,No,No,Daylight,Clear,48,15,24,0,7,10,1549656000,0.33,7.51,346,2,0,41.51,15.33,0.58,45.5,17.87,6.835,,partly-cloudy-day,mostly cloudy,0,1,0,0,0,0
,35.029902,-85.322207,17820 Interstate 24 Westbound,,Browns Ferry Rd,2/8/2019 16:00,2019-02-08,16,1549659600,,,,Property Damage,"Sideswipe, Same Direction",No,No,No,No,55,2,No,No,Shoulder and Lap Belt Used,30752,Shoulder and Lap Belt Used,35979,No,No,Daylight,Clear,48,15,24,0,7,10,1549656000,0.33,7.51,346,2,0,41.51,15.33,0.58,45.5,17.87,6.835,,partly-cloudy-day,mostly cloudy,0,1,0,0,0,0
,35.02629,-85.323702,17820 I-24 EB Interstate,I-24,Broad St,2/20/2019 15:00,2019-02-20,15,1550692800,,,,Suspected Minor Injury,Not Collision with Motor Vehicle in Transport,No,No,No,No,55,1,No,No,Shoulder and Lap Belt Used,37416,,,No,No,Daylight,Rain,48,15,24,0,7,10,1550689200,0.95,5.89,160,3,0.17,42.56,11.52,1,45.66,44.32,0.673,rain,rain,rain,1,0,0,0,0,1
,35.02629,-85.323702,17820 I-24 EB Interstate,I-24,Broad St,2/20/2019 15:00,2019-02-20,15,1550692800,,,,Suspected Minor Injury,Not Collision with Motor Vehicle in Transport,No,No,No,No,55,1,No,No,Shoulder and Lap Belt Used,37416,,,No,No,Daylight,Rain,48,15,24,0,7,10,1550689200,0.95,5.89,160,3,0.17,42.56,11.52,1,45.66,44.32,0.673,rain,rain,rain,1,0,0,0,0,1
,35.02629,-85.323702,17820 I-24 EB Interstate,I-24,Broad St,2/20/2019 15:00,2019-02-20,15,1550692800,,,,Suspected Minor Injury,Not Collision with Motor Vehicle in Transport,No,No,No,No,55,1,No,No,Shoulder and Lap Belt Used,37416,,,No,No,Daylight,Rain,48,15,24,0,7,10,1550689200,0.95,5.89,160,3,0.17,42.56,11.52,1,45.66,44.32,0.673,rain,rain,rain,1,0,0,0,0,1
,35.02629,-85.323702,17820 I-24 EB Interstate,I-24,Broad St,2/20/2019 15:00,2019-02-20,15,1550692800,,,,Suspected Minor Injury,Not Collision with Motor Vehicle in Transport,No,No,No,No,55,1,No,No,Shoulder and Lap Belt Used,37416,,,No,No,Daylight,Rain,48,15,24,0,7,10,1550689200,0.95,5.89,160,3,0.17,42.56,11.52,1,45.66,44.32,0.673,rain,rain,rain,1,0,0,0,0,1
,35.027231,-85.323459,17900 Interstate 24 Westbound,,Market St,4/25/2019 17:00,2019-04-25,17,1556226000,,,,Property Damage Under,Front to Rear,No,No,No,No,55,2,No,No,Shoulder and Lap Belt Used,35740,Shoulder and Lap Belt Used,30134,No,No,Daylight,Clear,48,15,24,0,7,10,1556222400,0.53,9.83,185,3,0,74.52,18.1,0.88,74.52,56.08,4.905,,cloudy,overcast,0,1,0,0,0,0
,35.027231,-85.323459,17900 Interstate 24 Westbound,,Market St,4/25/2019 17:00,2019-04-25,17,1556226000,,,,Property Damage Under,Front to Rear,No,No,No,No,55,2,No,No,Shoulder and Lap Belt Used,35740,Shoulder and Lap Belt Used,30134,No,No,Daylight,Clear,48,15,24,0,7,10,1556222400,0.53,9.83,185,3,0,74.52,18.1,0.88,74.52,56.08,4.905,,cloudy,overcast,0,1,0,0,0,0
,35.027231,-85.323459,17900 Interstate 24 Westbound,,Market St,4/25/2019 17:00,2019-04-25,17,1556226000,,,,Property Damage Under,Front to Rear,No,No,No,No,55,2,No,No,Shoulder and Lap Belt Used,35740,Shoulder and Lap Belt Used,30134,No,No,Daylight,Clear,48,15,24,0,7,10,1556222400,0.53,9.83,185,3,0,74.52,18.1,0.88,74.52,56.08,4.905,,cloudy,overcast,0,1,0,0,0,0
,35.027231,-85.323459,17900 Interstate 24 Westbound,,Market St,4/25/2019 17:00,2019-04-25,17,1556226000,,,,Property Damage Under,Front to Rear,No,No,No,No,55,2,No,No,Shoulder and Lap Belt Used,35740,Shoulder and Lap Belt Used,30134,No,No,Daylight,Clear,48,15,24,0,7,10,1556222400,0.53,9.83,185,3,0,74.52,18.1,0.88,74.52,56.08,4.905,,cloudy,overcast,0,1,0,0,0,0
,35.027231,-85.323459,17800 Interstate,I-24,1780 Interstate,5/14/2019 16:00,2019-05-14,16,1557864000,,,,Property Damage,Not Collision with Motor Vehicle in Transport,No,No,No,No,55,1,No,No,Shoulder and Lap Belt Used,37415,,,No,No,Daylight,Clear,48,15,24,0,7,10,1557860400,0.38,6.65,32,6,0,70.02,11.98,0.15,70.02,43.59,6.553,,partly-cloudy-day,partly cloudy,0,1,0,0,0,0
,35.027231,-85.323459,17800 Interstate,I-24,1780 Interstate,5/14/2019 16:00,2019-05-14,16,1557864000,,,,Property Damage,Not Collision with Motor Vehicle in Transport,No,No,No,No,55,1,No,No,Shoulder and Lap Belt Used,37415,,,No,No,Daylight,Clear,48,15,24,0,7,10,1557860400,0.38,6.65,32,6,0,70.02,11.98,0.15,70.02,43.59,6.553,,partly-cloudy-day,partly cloudy,0,1,0,0,0,0
,35.027231,-85.323459,17800 Interstate,I-24,1780 Interstate,5/14/2019 16:00,2019-05-14,16,1557864000,,,,Property Damage,Not Collision with Motor Vehicle in Transport,No,No,No,No,55,1,No,No,Shoulder and Lap Belt Used,37415,,,No,No,Daylight,Clear,48,15,24,0,7,10,1557860400,0.38,6.65,32,6,0,70.02,11.98,0.15,70.02,43.59,6.553,,partly-cloudy-day,partly cloudy,0,1,0,0,0,0
,35.027231,-85.323459,17800 Interstate,I-24,1780 Interstate,5/14/2019 16:00,2019-05-14,16,1557864000,,,,Property Damage,Not Collision with Motor Vehicle in Transport,No,No,No,No,55,1,No,No,Shoulder and Lap Belt Used,37415,,,No,No,Daylight,Clear,48,15,24,0,7,10,1557860400,0.38,6.65,32,6,0,70.02,11.98,0.15,70.02,43.59,6.553,,partly-cloudy-day,partly cloudy,0,1,0,0,0,0
,35.02629,-85.323702,17500 I 24 East,I-24,17500 I 24 East,5/23/2019 19:00,2019-05-23,19,1558652400,,,,Property Damage Under,Front to Rear,No,No,No,No,65,2,No,No,Unknown,35763,Unknown,37377,,,Dusk,Clear,48,15,24,0,7,10,1558648800,0.45,3.96,236,1,0,92.06,9.33,0.75,89.73,65.58,5.049,,partly-cloudy-day,mostly cloudy,0,1,0,0,0,0
,35.02629,-85.323702,17500 I 24 East,I-24,17500 I 24 East,5/23/2019 19:00,2019-05-23,19,1558652400,,,,Property Damage Under,Front to Rear,No,No,No,No,65,2,No,No,Unknown,35763,Unknown,37377,,,Dusk,Clear,48,15,24,0,7,10,1558648800,0.45,3.96,236,1,0,92.06,9.33,0.75,89.73,65.58,5.049,,partly-cloudy-day,mostly cloudy,0,1,0,0,0,0
,35.02629,-85.323702,17500 I 24 East,I-24,17500 I 24 East,5/23/2019 19:00,2019-05-23,19,1558652400,,,,Property Damage Under,Front to Rear,No,No,No,No,65,2,No,No,Unknown,35763,Unknown,37377,,,Dusk,Clear,48,15,24,0,7,10,1558648800,0.45,3.96,236,1,0,92.06,9.33,0.75,89.73,65.58,5.049,,partly-cloudy-day,mostly cloudy,0,1,0,0,0,0
,35.02629,-85.323702,17500 I 24 East,I-24,17500 I 24 East,5/23/2019 19:00,2019-05-23,19,1558652400,,,,Property Damage Under,Front to Rear,No,No,No,No,65,2,No,No,Unknown,35763,Unknown,37377,,,Dusk,Clear,48,15,24,0,7,10,1558648800,0.45,3.96,236,1,0,92.06,9.33,0.75,89.73,65.58,5.049,,partly-cloudy-day,mostly cloudy,0,1,0,0,0,0
,35.048746,-85.248374,Wilcox Blvd,,Richard Ave,2/4/2018 19:00,2018-02-04,19,1517788800,,,,Property Damage,Angle,No,No,No,No,25,2,No,No,Shoulder and Lap Belt Used,37406,Shoulder and Lap Belt Used,37404,No,No,Dark - Lighted,Clear,272,23,17,0,7,18,1517785200,0.83,1.83,325,0,0,45.72,4.74,1,45.72,40.89,5.849,,cloudy,overcast,0,1,0,0,0,0
,35.047966,-85.243053,Wilcox Blvd,,Greenwood Rd,12/19/2018 16:00,2018-12-19,16,1545253200,,,,Possible Injury,Front to Rear,Yes,No,No,No,30,4,No,No,Shoulder and Lap Belt Used,37343,Shoulder and Lap Belt Used,15021,No,No,Daylight,Clear,272,23,17,0,7,18,1545249600,0.57,3.79,134,0,0,54.5,11.32,0,54.5,39.47,5.967,,clear-day,clear,0,0,0,0,1,0
,35.048746,-85.248374,Wilcox Blvd,,Mary Walker Pl,1/3/2019 18:00,2019-01-03,18,1546556400,,,,Property Damage,Not Collision with Motor Vehicle in Transport,No,No,No,No,35,1,No,No,,37402,Shoulder and Lap Belt Used,33584,No,No,Dark - Lighted,Clear,272,23,17,0,7,18,1546552800,0.9,1.87,55,0,0,51.37,6.53,1,51.37,48.56,5.922,,cloudy,overcast,0,1,0,0,0,0
,35.047966,-85.243053,Greenwood Rd,,Wilcox Blvd,1/6/2019 18:00,2019-01-06,18,1546815600,,,,Possible Injury,Other,Yes,No,Yes,No,35,2,No,No,Unknown,Unknown,Shoulder and Lap Belt Used,37363,No,No,Daylight,Clear,272,23,17,0,7,18,1546812000,0.5,2.01,195,0,0,58.65,6.28,0,58.65,40,3.364,,clear-night,clear,0,0,0,0,1,0
,35.047964,-85.248094,3000 Wilcox Blvd,,Richard Ave.,1/14/2019 17:00,2019-01-14,17,1547503200,,,,Property Damage Under,Front to Rear,No,No,No,No,35,2,No,No,Shoulder and Lap Belt Used,37311,Shoulder and Lap Belt Used,37406,No,No,Daylight,Clear,272,23,17,0,7,18,1547499600,0.75,5.56,319,0,0,35.58,10.28,1,39.6,32.32,8.097,,cloudy,overcast,0,1,0,0,0,0
,35.047966,-85.243053,3200 Wilcox Blvd,,Greenwood Rd,2/19/2019 11:00,2019-02-19,11,1550592000,,,,Possible Injury,Front to Rear,Yes,No,No,No,40,2,No,No,Shoulder and Lap Belt Used,37421,Unknown,37411,No,No,Daylight,Cloudy,272,23,17,0,7,18,1550588400,0.71,7.99,42,3,0,28.64,11.3,1,35.12,26.59,8.3,,cloudy,overcast,0,1,0,0,0,0
,35.0483014,-85.242459,5701 Brainerd Rd,,5600 Brainerd Rd,3/18/2019 16:00,2019-03-18,16,1552939200,,,,Property Damage Under,Angle,No,No,No,No,15,2,No,No,Shoulder and Lap Belt Used,37411,Shoulder and Lap Belt Used,37411,No,No,Daylight,Clear,272,23,17,0,7,18,1552935600,0.17,7.42,351,4,0,55.63,18.38,0,55.63,11.81,3.254,,clear-day,clear,0,0,0,0,1,0
,35.045119,-85.302135,E 8th St,SR-500,Douglas St,2/5/2018 10:00,2018-02-05,10,1517842800,,,,Property Damage,Not Collision with Motor Vehicle in Transport,No,No,No,No,30,1,No,No,Shoulder and Lap Belt Used,37303,,,No,No,Daylight,Clear,128,17,21,0,7,14,1517839200,0.74,3.19,6,1,0,26.47,8.26,1,29.73,22.43,6.286,,cloudy,overcast,0,1,0,0,0,0
,35.0400653,-85.300558,3429 Alton Park Blvd,,W 35th St,2/17/2018 16:00,2018-02-17,16,1518901200,,,,Property Damage,"Sideswipe, Same Direction",No,No,No,No,,2,No,No,,37411,Shoulder and Lap Belt Used,37421,No,No,Daylight,Clear,128,17,21,0,7,14,1518897600,0.82,2.9,235,1,0,61.33,7.3,1,61.33,55.92,5.137,,cloudy,overcast,0,1,0,0,0,0