Accident,Latitude,Longitude,Street,AltStreet,Intersection,DateTime,Date,Hour,Unix,WeekDay,WeekEnd,DayFrame,AccidentType,CollisionType,HaR,FatalInjury,MedicalTransport,InvolvedPlacardedTruck,PostedSpeed,TotalVehiclesInvolved,PedestrianInvolved,BicycleInvolved,DriverOneSafetyEquipment,DriverOneZip,DriverTwoSafetyEquipment,DriverTwoZip,Drug,Alcohol,LightCondition,Weather,Grid_Block,Grid_Col,Grid_Row,Highway,Land_Use_Mode,Road_Count,HourBefore,humidity,windSpeed,windBearing,uvIndex,precipIntensity,apparentTemperature,windGust,cloudCover,temperature,dewPoint,visibility,precipType,Event,Conditions,Rain,Cloudy,Foggy,Snow,Clear,RainBefore
,35.043086,-85.296766,E 8th St,,Palmetto St,2/28/2018 0:00,2018-02-28,0,1519794000,,,,Property Damage,Unknown,Yes,No,No,No,30,2,No,No,Unknown,Unknown,,37375,,,Unknown,Unknown,128,17,21,0,7,14,1519790400,0.55,2.31,175,0,0,56.71,5.56,0.19,56.71,40.67,6.605,,partly-cloudy-night,partly cloudy,0,1,0,0,0,0
,35.042518,-85.296837,700 Central Ave,,McCallie Ave,3/7/2018 9:00,2018-03-07,9,1520431200,,,,Property Damage Under,"Sideswipe, Same Direction",No,No,No,No,30,2,No,No,Shoulder and Lap Belt Used,37920,Shoulder and Lap Belt Used,37343,No,No,Daylight,Clear,128,17,21,0,7,14,1520427600,0.51,5.3,330,1,0,34.57,13.58,0.44,38.58,21.9,5.53,,partly-cloudy-day,partly cloudy,0,1,0,0,0,0
,35.043151,-85.30296,E 10th St,,Douglas St,3/8/2018 13:00,2018-03-08,13,1520532000,,,,Property Damage,Angle,No,No,No,No,30,2,No,No,,37403,Shoulder and Lap Belt Used,37403,No,No,Daylight,Cloudy,128,17,21,0,7,14,1520528400,0.52,3.63,300,5,0,38.21,11.17,0.75,40.47,24.15,3.101,,partly-cloudy-day,mostly cloudy,0,1,0,0,0,0
,35.040688,-85.300567,1250 Market St,,12th St,3/16/2018 11:00,2018-03-16,11,1521212400,,,,Property Damage,"Sideswipe, Same Direction",No,No,No,No,35,2,No,No,,37404,Shoulder and Lap Belt Used,37421,No,No,Daylight,Clear,128,17,21,0,7,14,1521208800,0.38,2.43,239,3,0,60.65,5.86,0,60.65,35.08,6.286,,clear-day,clear,0,0,0,0,1,0
,35.0408858,-85.300735,18000 Interstate 24 HWY,I-24,None intersection,3/19/2018 14:00,2018-03-19,14,1521482400,,,,Property Damage,Front to Rear,Yes,No,No,No,55,2,No,No,Shoulder and Lap Belt Used,30294,Unknown,Unknown,No,No,Daylight,Rain,128,17,21,0,7,14,1521478800,0.89,1.28,159,4,0.001,58.92,4.59,1,58.92,55.67,5.428,rain,cloudy,overcast,0,1,0,0,0,0
,35.043086,-85.296766,E 8th St,,Palmetto St,3/26/2018 17:00,2018-03-26,17,1522098000,,,,Property Damage,Angle,No,No,No,No,35,2,No,No,Shoulder and Lap Belt Used,38457,,37087,No,No,Daylight,Cloudy,128,17,21,0,7,14,1522094400,0.49,4.95,154,2,0,51.36,11.8,1,51.36,32.84,6.286,,cloudy,overcast,0,1,0,0,0,0
,35.045071,-85.301311,750 Douglas St,,Private Property,3/29/2018 12:00,2018-03-29,12,1522339200,,,,Property Damage,Front to Rear,No,No,No,No,,2,No,No,None Used MV Occupant,37404,,37664,No,No,Daylight,Clear,128,17,21,0,7,14,1522335600,0.7,4.11,181,4,0,68.84,11.02,0.75,68.84,58.8,6.286,,partly-cloudy-day,mostly cloudy,0,1,0,0,0,0
,35.041797,-85.297485,E Martin Luther King Blvd,SR-700,University St,4/3/2018 22:00,2018-04-03,22,1522807200,,,,Property Damage,"Sideswipe, Same Direction",Yes,No,No,No,30,2,No,No,,37217,Unknown,Unknown,,,Unknown,Unknown,128,17,21,0,7,14,1522803600,0.59,3.33,191,0,0,73.79,8.53,0.75,73.79,58.8,6.286,,partly-cloudy-night,mostly cloudy,0,1,0,0,0,0
,35.043151,-85.30296,Douglas St,,Douglas St,5/2/2018 0:00,2018-05-02,0,1525233600,,,,Property Damage,Angle,Yes,No,No,No,15,2,No,No,,37075,Unknown,Unknown,,,Unknown,Clear,128,17,21,0,7,14,1525230000,0.64,0.1,,0,0,64.44,0.82,0,64.44,51.85,6.286,,clear-night,clear,0,0,0,0,1,0
,35.0405055,-85.300394,3606 Hughes Ave,,W 37th St,5/2/2018 20:00,2018-05-02,20,1525305600,,,,Property Damage,"Sideswipe, Same Direction",Yes,No,No,No,25,2,No,No,,37410,Unknown,37410,,No,Dark - Lighted,Clear,128,17,21,0,7,14,1525302000,0.46,0.62,202,0,0,79.02,2.3,0,79.02,56.47,5.53,,clear-day,clear,0,0,0,0,1,0
,35.0404274,-85.300443,2100 Hamilton Plc Blvd,,Parkingh lot,5/30/2018 14:00,2018-05-30,14,1527703200,,,,Property Damage,Angle,No,No,No,No,15,2,No,No,,37966,,37404,No,No,Daylight,Clear,128,17,21,0,7,14,1527699600,0.76,5.59,211,6,0,82.87,12.12,0.75,79.57,71.26,6.284,,partly-cloudy-day,mostly cloudy,0,1,0,0,0,0
,35.043151,-85.30296,930 Douglas St,,Non intersection,6/6/2018 18:00,2018-06-06,18,1528322400,,,,Property Damage,Angle,No,No,No,No,15,2,No,No,,37403,Shoulder and Lap Belt Used,37128,No,No,Daylight,Clear,128,17,21,0,7,14,1528318800,0.36,5.86,2,3,0,88.07,9.34,0.19,88.07,58.11,3.658,,partly-cloudy-day,partly cloudy,0,1,0,0,0,0
,35.043869,-85.299541,718 E 8th St,,E 8th St,8/8/2018 15:00,2018-08-08,15,1533754800,,,,Property Damage,Front to Rear,No,No,No,No,15,2,No,No,Shoulder and Lap Belt Used,37402,,37408,No,No,Daylight,Clear,128,17,21,0,7,14,1533751200,0.67,7.39,270,6,0.053,89.29,13.44,0.72,83.95,71.62,0.998,rain,rain,possible light rain,1,0,0,0,0,1
,35.043306,-85.297766,824 E 8th St,,Palmetto St,8/9/2018 0:00,2018-08-09,0,1533787200,,,,Property Damage Under,Unknown,Yes,No,No,No,20,2,No,No,,35216,Unknown,Unknown,,,Unknown,Clear,128,17,21,0,7,14,1533783600,0.94,2.12,214,0,0,73,4.28,0.77,71.73,69.77,0.833,,fog,foggy,0,0,1,0,0,0
,35.0393968,-85.300382,2037 Crescent Club Dr,,Hamill Rd,8/9/2018 16:00,2018-08-09,16,1533844800,,,,Property Damage,Front to Rear,No,No,No,No,30,2,No,No,Shoulder and Lap Belt Used,37830,Shoulder and Lap Belt Used,37411,No,No,Daylight,Rain,128,17,21,0,7,14,1533841200,0.83,5.47,288,4,0.088,75.99,14.81,0.98,74.89,69.43,0.923,rain,rain,light rain,1,0,0,0,0,1
,35.041069,-85.296559,907 Magnolia St,,E Martin Luther King Blvd,9/7/2018 0:00,2018-09-07,0,1536292800,,,,Property Damage,Unknown,Yes,No,No,No,25,2,No,No,Unknown,Unknown,,61843,,,Unknown,Unknown,128,17,21,0,7,14,1536289200,0.88,1.36,337,0,0,74.5,4.13,0.17,73.33,69.56,3.524,,partly-cloudy-night,partly cloudy,0,1,0,0,0,0
,35.043151,-85.30296,930 Douglas Street,,10th street,9/11/2018 14:00,2018-09-11,14,1536688800,,,,Property Damage Under,"Sideswipe, Same Direction",Yes,No,No,No,15,2,No,No,Unknown,Unknown,,,,,Daylight,Clear,128,17,21,0,7,14,1536685200,0.67,3.25,98,6,0,82.03,7.34,0.75,79.6,67.71,2.956,,partly-cloudy-day,mostly cloudy,0,1,0,0,0,0
,35.0425827,-85.30209,1213 Belmeada Ave,,3300 Through Street,9/23/2018 0:00,2018-09-23,0,1537675200,,,,Property Damage,"Sideswipe, Opposite Direction",No,No,No,No,30,2,No,No,,37411,None Used MV Occupant,37411,,Yes,Unknown,Clear,128,17,21,0,7,14,1537671600,0.73,3.24,143,0,0,77.24,6.81,0.77,76.46,67.14,3.578,,partly-cloudy-night,mostly cloudy,0,1,0,0,0,0
,35.041677,-85.296617,4801 TN-58                 rd,,4801 TN-58,9/23/2018 10:00,2018-09-23,10,1537711200,,,,Property Damage,"Sideswipe, Same Direction",Yes,No,No,No,,2,No,No,Unknown,Unknown,,37403,,,Daylight,Clear,128,17,21,0,7,14,1537707600,0.76,2.63,151,2,0,75.75,5.04,0.77,74.97,66.99,5.15,,partly-cloudy-day,mostly cloudy,0,1,0,0,0,0
,35.041925,-85.296741,E Martin Luther King Blvd,,Palmetto st,10/4/2018 15:00,2018-10-04,15,1538679600,,,,Property Damage,Front to Rear,No,No,No,No,30,2,No,No,Shoulder and Lap Belt Used,37411,,37402,No,No,Daylight,Clear,128,17,21,0,7,14,1538676000,0.48,3.35,254,5,0,89.4,8.94,0.44,87.48,65.14,5.238,,partly-cloudy-day,partly cloudy,0,1,0,0,0,0
,35.043151,-85.30296,Douglas St,,Campus St,10/5/2018 16:00,2018-10-05,16,1538769600,,,,Property Damage,Angle,No,No,No,No,15,2,No,No,Shoulder and Lap Belt Used,37069,Shoulder and Lap Belt Used,30038,No,No,Daylight,Clear,128,17,21,0,7,14,1538766000,0.45,1.97,216,4,0,92.08,6.75,0.4,89.81,65.48,2.569,,partly-cloudy-day,partly cloudy,0,1,0,0,0,0
,35.043151,-85.30296,930 Douglas Rd,,E Martin Luther King Blvd,10/11/2018 19:00,2018-10-11,19,1539298800,,,,Property Damage,Unknown,Yes,No,No,No,,2,No,No,Unknown,Unknown,,37064,,,Dark - Unknown Lighting,Clear,128,17,21,0,7,14,1539295200,0.55,7.46,323,0,0,66.02,13.62,0.17,66.02,49.55,5.478,,partly-cloudy-day,partly cloudy,0,1,0,0,0,0
,35.043151,-85.30296,930 Douglas Street,,East 10th St.,10/12/2018 0:00,2018-10-12,0,1539316800,,,,Property Damage,Unknown,Yes,No,No,No,,2,No,No,,38483,Unknown,Unknown,,,Unknown,Unknown,128,17,21,0,7,14,1539313200,0.73,4.83,339,0,0,56.67,9.03,0.24,56.67,48.24,9.648,,partly-cloudy-night,partly cloudy,0,1,0,0,0,0
,35.0397282,-85.300884,W Aquarium Way,,Chestnut St,10/19/2018 16:00,2018-10-19,16,1539979200,,,,Property Damage,"Sideswipe, Same Direction",No,No,No,No,25,2,No,No,Shoulder and Lap Belt Used,30741,Shoulder and Lap Belt Used,37377,No,No,Daylight,Clear,128,17,21,0,7,14,1539975600,0.57,6.04,189,3,0,71.22,9.78,0.75,71.22,55.33,5.371,,partly-cloudy-day,mostly cloudy,0,1,0,0,0,0
,35.043751,-85.30289,900 Douglas St,,Douglas St,10/31/2018 17:00,2018-10-31,17,1541019600,,,,Property Damage,Angle,No,No,No,No,30,2,No,No,,37221,Shoulder and Lap Belt Used,37027,No,No,Daylight,Clear,128,17,21,0,7,14,1541016000,0.62,5.99,200,1,0,73.87,10.45,0.47,73.87,59.97,5.247,,partly-cloudy-day,partly cloudy,0,1,0,0,0,0
,35.0393263,-85.301544,Market St,,E 20th St,11/9/2018 6:00,2018-11-09,6,1541761200,,,,Property Damage,Angle,No,No,No,No,35,2,No,No,Unknown,37410,Unknown,66061,No,No,Dark - Not Lighted,Rain,128,17,21,0,7,14,1541757600,0.94,2.86,195,0,0.007,55.11,9.33,1,55.11,53.54,1.166,rain,rain,possible drizzle,1,0,0,0,0,1
,35.0403142,-85.300163,Hamilton Place Boulevard,,Commons Boulevard,11/19/2018 18:00,2018-11-19,18,1542668400,,,,Property Damage,Angle,No,No,No,No,,2,No,No,Shoulder and Lap Belt Used,30741,Shoulder and Lap Belt Used,37416,No,No,Dark - Lighted,Rain,128,17,21,0,7,14,1542664800,0.74,6.73,227,0,0.002,56.63,14.36,1,56.63,48.39,4.833,rain,rain,possible drizzle,1,0,0,0,0,1
,35.042669,-85.303489,Douglas St,,E 10th St,12/14/2018 15:00,2018-12-14,15,1544817600,,,,Property Damage,Angle,Yes,No,No,No,25,2,No,No,Unknown,Unknown,Shoulder and Lap Belt Used,37410,No,No,Daylight,Rain,128,17,21,0,7,14,1544814000,0.94,5.74,25,1,0.054,47.34,7.89,1,49.61,48.01,1.213,rain,rain,light rain,1,0,0,0,0,1
,35.0390233,-85.301774,E 3rd St,,Hampton St,12/14/2018 21:00,2018-12-14,21,1544839200,,,,Property Damage,Angle,No,No,No,No,15,2,No,No,Shoulder and Lap Belt Used,35961,,37363,No,No,Dark - Lighted,Clear,128,17,21,0,7,14,1544835600,0.94,8.08,46,0,0.009,52.32,13.94,1,52.32,50.69,1.552,rain,rain,possible drizzle,1,0,0,0,0,1
,35.0403391,-85.300023,E 20th St,,Market St,12/27/2018 15:00,2018-12-27,15,1545940800,,,,Property Damage,Angle,No,No,No,No,15,2,No,No,Shoulder and Lap Belt Used,37363,Shoulder and Lap Belt Used,37331,No,No,Daylight,Clear,128,17,21,0,7,14,1545937200,0.69,11.66,155,1,0,55.98,23.93,1,55.98,45.89,8.554,,cloudy,overcast,0,1,0,0,0,0
,35.0398318,-85.300686,Blackford St,,Central Ave,1/2/2019 15:00,2019-01-02,15,1546459200,,,,Property Damage,Angle,No,No,No,No,15,2,No,No,Shoulder and Lap Belt Used,37321,Shoulder and Lap Belt Used,30741,No,No,Daylight,Clear,128,17,21,0,7,14,1546455600,0.93,3.02,29,2,0.011,48.18,6.14,0.98,48.69,46.71,5.821,rain,rain,drizzle,1,0,0,0,0,1
,35.040477,-85.299892,727 E 11th St,,1100 Peeples St,1/11/2019 0:00,2019-01-11,0,1547182800,,,,Property Damage,Unknown,Yes,No,No,No,30,2,No,No,Unknown,Unknown,,37404,,,Unknown,Clear,128,17,21,0,7,14,1547179200,0.58,4.81,20,0,0,25.83,6.99,0,30.78,17.82,3.248,,clear-night,clear,0,0,0,0,1,0
,35.043228,-85.29587,Palmetto St,SR-700,Mccallie Ave,1/29/2019 0:00,2019-01-29,0,1548738000,,,,Property Damage,Angle,No,No,No,No,35,2,No,No,Shoulder and Lap Belt Used,37421,Shoulder and Lap Belt Used,37076,No,No,Dark - Lighted,Clear,128,17,21,0,7,14,1548734400,0.81,4.15,236,0,0.001,45.87,8.71,0.77,47.5,41.82,2.301,rain,partly-cloudy-night,mostly cloudy,0,1,0,0,0,0
,35.0403285,-85.300175,E Martin Luther King Blvd,,Magnolia St,2/1/2019 18:00,2019-02-01,18,1549062000,,,,Property Damage,Angle,No,No,No,No,25,2,No,No,Shoulder and Lap Belt Used,37403,Shoulder and Lap Belt Used,37377,No,No,Dark - Lighted,Clear,128,17,21,0,7,14,1549058400,0.29,2.77,63,0,0,57.9,6.27,0.77,57.9,25.86,6.962,,partly-cloudy-day,mostly cloudy,0,1,0,0,0,0
,35.043222,-85.302106,526 E Martin Luther King Blvd,,Douglas St,2/17/2019 10:00,2019-02-17,10,1550415600,,,,Property Damage,Unknown,Yes,No,No,No,,2,No,No,Unknown,Unknown,,37412,,,Daylight,Unknown,128,17,21,0,7,14,1550412000,0.94,6.03,184,2,0.028,50.14,13.78,1,50.14,48.43,1.065,rain,rain,light rain,1,0,0,0,0,1
,35.0404399,-85.300151,141 Highway 27 SB,US-27,E 4th St,2/21/2019 10:00,2019-02-21,10,1550761200,,,,Property Damage Under,Front to Rear,No,No,No,No,25,2,No,No,Shoulder and Lap Belt Used,29607,Shoulder and Lap Belt Used,37347,No,No,Daylight,Cloudy,128,17,21,0,7,14,1550757600,0.92,1.63,21,2,0,50.78,5.44,1,50.78,48.68,2.738,,cloudy,overcast,0,1,0,0,0,0
,35.0403234,-85.300135,Kellys Ferry Rd,,Fern Ave,3/11/2019 0:00,2019-03-11,0,1552276800,,,,Property Damage Under,Not Collision with Motor Vehicle in Transport,Yes,No,No,No,25,1,No,No,Unknown,Unknown,,,,,Unknown,Clear,128,17,21,0,7,14,1552273200,0.56,5.13,1,0,0,58.28,9.68,0.44,58.28,42.84,6.956,,partly-cloudy-night,partly cloudy,0,1,0,0,0,0
,35.043151,-85.30296,930 Douglas St,,King St,3/13/2019 0:00,2019-03-13,0,1552449600,,,,Property Damage,Unknown,Yes,No,No,No,15,2,No,No,Unknown,Unknown,Shoulder and Lap Belt Used,37411,No,No,Unknown,Clear,128,17,21,0,7,14,1552446000,0.48,2.2,20,0,0,53.26,5.1,0.75,53.26,34.2,7.636,,partly-cloudy-night,mostly cloudy,0,1,0,0,0,0
,35.0405348,-85.300181,120 Hwy 27 NB,US-27,1100 chestnut st,3/28/2019 18:00,2019-03-28,18,1553810400,,,,Property Damage Under,Angle,No,No,No,No,40,2,No,No,Shoulder and Lap Belt Used,37377,Shoulder and Lap Belt Used,37327,No,No,Daylight,Clear,128,17,21,0,7,14,1553806800,0.23,6.56,206,1,0,70.66,11.98,0.4,70.66,31.55,6.864,,partly-cloudy-day,partly cloudy,0,1,0,0,0,0
,35.043151,-85.30296,930 Douglas St,,10th St,4/7/2019 21:00,2019-04-07,21,1554685200,,,,Property Damage,Unknown,Yes,No,No,No,,2,No,No,Unknown,Unknown,,38012,,,Dark - Lighted,Clear,128,17,21,0,7,14,1554681600,0.77,4.4,200,0,0,71.18,8.18,0.75,70.77,63.28,2.85,,partly-cloudy-night,mostly cloudy,0,1,0,0,0,0
,35.043869,-85.299541,E 8th St,,E 8th St,5/3/2019 14:00,2019-05-03,14,1556906400,,,,Property Damage,Front to Rear,No,No,No,No,25,2,No,No,Shoulder and Lap Belt Used,37405,Shoulder and Lap Belt Used,37412,No,No,Daylight,Clear,128,17,21,0,7,14,1556902800,0.48,7.93,228,6,0,83.58,16.71,0.75,82.97,61.49,7.477,,partly-cloudy-day,mostly cloudy,0,1,0,0,0,0
,35.041834,-85.298513,E Martin Luther King Blvd,,E Martin Luther King Blvd,5/12/2019 12:00,2019-05-12,12,1557676800,,,,Property Damage,Angle,No,No,No,No,25,2,No,No,,37421,Shoulder and Lap Belt Used,37377,No,No,Daylight,Rain,128,17,21,0,7,14,1557673200,0.77,7.08,218,4,0,71.94,13.95,1,71.46,64,7.128,,cloudy,overcast,0,1,0,0,0,0
,35.0433,-85.296,4211 Rossville Blvd,,Rossville Blvd,5/26/2019 0:00,2019-05-26,0,1558843200,,,,Property Damage,Unknown,Yes,No,No,No,35,2,No,No,Unknown,Unknown,,37407,,,Unknown,Clear,128,17,21,0,7,14,1558839600,0.71,1.38,307,0,0,78.54,3.44,0.49,77.73,67.54,3.226,,partly-cloudy-night,partly cloudy,0,1,0,0,0,0
,35.0433,-85.296,3700 Rossville Blvd,,Walthall ave,5/31/2019 14:00,2019-05-31,14,1559325600,,,,Property Damage,Not Collision with Motor Vehicle in Transport,No,No,No,No,15,1,No,No,,37403,Shoulder and Lap Belt Used,37380,No,No,Daylight,Clear,128,17,21,0,7,14,1559322000,0.41,6.08,268,7,0,83.26,14.37,0.47,83.26,57.05,6.611,,partly-cloudy-day,partly cloudy,0,1,0,0,0,0
,35.069015,-85.244876,Lockwood St,SR-2605,Noa St,2/5/2018 11:00,2018-02-05,11,1517846400,,,,Property Damage Under,Unknown,Yes,No,No,No,30,2,No,No,,37402,Unknown,Unknown,,,Daylight,Clear,406,22,14,0,7,10,1517842800,0.73,3.91,5,2,0,26.6,7.72,1,30.62,23.07,5.759,,cloudy,overcast,0,1,0,0,0,0
,35.0705,-85.24603,2501 Stuart St,,N Chamberlain Ave,3/8/2018 11:00,2018-03-08,11,1520524800,,,,Property Damage,Angle,No,No,No,No,35,2,No,No,Shoulder and Lap Belt Used,37343,Shoulder and Lap Belt Used,37406,No,No,Daylight,Clear,406,22,14,0,7,10,1520521200,0.58,3.94,308,3,0,35.97,10.2,1,38.78,25.43,6.229,,cloudy,overcast,0,1,0,0,0,0
,35.070929,-85.244201,2600 Wilder St,,Campbell St,3/19/2018 12:00,2018-03-19,12,1521475200,,,,Possible Injury,Angle,No,No,No,No,20,2,No,No,Shoulder and Lap Belt Used,30071,Shoulder and Lap Belt Used,37412,No,No,Daylight,Rain,406,22,14,0,7,10,1521471600,0.94,0.95,138,4,0.139,55.76,3.38,1,55.76,54.01,1.601,rain,rain,rain,1,0,0,0,0,1
,35.067879,-85.24551,2500 Frost St,,Lockwood Street,7/25/2018 16:00,2018-07-25,16,1532548800,,,,Property Damage,Not Collision with Motor Vehicle in Transport,Yes,No,No,No,30,1,No,No,,37406,Unknown,37406,,,Daylight,Clear,406,22,14,0,7,10,1532545200,0.43,3.26,351,6,0,89.09,11.39,0.37,88.3,62.81,4.772,,partly-cloudy-day,partly cloudy,0,1,0,0,0,0
,35.067325,-85.243095,2500 Campbell St,,Glass St,9/24/2018 23:00,2018-09-24,23,1537844400,,,,Property Damage,Other,Yes,No,No,No,25,2,No,No,Shoulder and Lap Belt Used,37411,Unknown,Unknown,No,No,Dark - Lighted,Rain,406,22,14,0,7,10,1537840800,0.95,5.58,169,0,0.228,71.68,13.04,1,70.45,69.08,0.886,rain,rain,rain,1,0,0,0,0,1
,35.073029,-85.241019,Campbell St,SR-3401,Valley Road,9/25/2018 0:00,2018-09-25,0,1537848000,,,,Property Damage,Other,Yes,No,No,No,15,2,No,No,,37406,Unknown,Unknown,,,Unknown,Rain,406,22,14,0,7,10,1537844400,0.96,3.01,163,0,0.185,70.43,9.72,1,69.28,68.12,0.959,rain,rain,rain,1,0,0,0,0,1
,35.073302,-85.241028,Campbell St,SR-3401,New York Ave,11/7/2018 7:00,2018-11-07,7,1541592000,,,,Property Damage Under,Unknown,Yes,No,No,No,15,2,No,No,,37312,Unknown,Unknown,,,Daylight,Clear,406,22,14,0,7,10,1541588400,0.87,2.25,353,0,0,45.91,6.96,0.37,45.91,42.21,3.934,,partly-cloudy-night,partly cloudy,0,1,0,0,0,0
,35.0705,-85.24603,2501 Stuart St,,Stuart St,12/29/2018 11:00,2018-12-29,11,1546099200,,,,Property Damage,"Sideswipe, Same Direction",Yes,No,No,No,15,2,No,No,Unknown,Unknown,Shoulder and Lap Belt Used,37408,No,No,Daylight,Clear,406,22,14,0,7,10,1546095600,0.81,5.35,6,2,0,42.36,8.92,0.75,45.21,39.61,5.917,,partly-cloudy-day,mostly cloudy,0,1,0,0,0,0
,35.069375,-85.244315,Stuart St,SR-2610,Camble St,4/12/2019 21:00,2019-04-12,21,1555117200,,,,Property Damage,Angle,Yes,No,No,No,40,2,No,No,Unknown,37421,Unknown,Unknown,No,No,Dawn,Clear,406,22,14,0,7,10,1555113600,0.57,3.44,331,0,0,69.22,7.06,0.75,69.22,53.26,6.099,,partly-cloudy-night,mostly cloudy,0,1,0,0,0,0
,35.111495,-85.229501,720 Highway 153 Sb,US-720,Dupont Parkway,2/5/2018 15:00,2018-02-05,15,1517860800,,,,Property Damage Under,Front to Rear,No,No,No,No,55,2,No,No,Shoulder and Lap Belt Used,37379,Shoulder and Lap Belt Used,37303,No,No,Daylight,Clear,667,21,8,0,9,1,1517857200,0.59,1.21,62,3,0,39.31,5.6,0,39.31,26.06,6.997,,clear-day,clear,0,0,0,0,1,0
,35.111495,-85.229501,720 Highway 153 Sb,US-720,Dupont Parkway,2/5/2018 15:00,2018-02-05,15,1517860800,,,,Property Damage Under,Front to Rear,No,No,No,No,55,2,No,No,Shoulder and Lap Belt Used,37379,Shoulder and Lap Belt Used,37303,No,No,Daylight,Clear,667,21,8,0,9,1,1517857200,0.59,1.21,62,3,0,39.31,5.6,0,39.31,26.06,6.997,,clear-day,clear,0,0,0,0,1,0
,35.111495,-85.229501,720 Highway 153 Sb,US-720,Dupont Parkway,2/5/2018 15:00,2018-02-05,15,1517860800,,,,Property Damage Under,Front to Rear,No,No,No,No,55,2,No,No,Shoulder and Lap Belt Used,37379,Shoulder and Lap Belt Used,37303,No,No,Daylight,Clear,667,21,8,0,9,1,1517857200,0.59,1.21,62,3,0,39.31,5.6,0,39.31,26.06,6.997,,clear-day,clear,0,0,0,0,1,0
,35.111495,-85.229501,720 Highway 153 Sb,US-720,Dupont Parkway,2/5/2018 15:00,2018-02-05,15,1517860800,,,,Property Damage Under,Front to Rear,No,No,No,No,55,2,No,No,Shoulder and Lap Belt Used,37379,Shoulder and Lap Belt Used,37303,No,No,Daylight,Clear,667,21,8,0,9,1,1517857200,0.59,1.21,62,3,0,39.31,5.6,0,39.31,26.06,6.997,,clear-day,clear,0,0,0,0,1,0
,35.110152,-85.229276,710 - 729 Highway 153 Nb,,Lake Resort Dr,3/2/2018 16:00,2018-03-02,16,1520024400,,,,Property Damage,Front to Rear,No,No,No,No,55,3,No,No,Unknown,37421,Unknown,37415,No,No,Daylight,Clear,667,21,8,0,9,1,1520020800,0.29,5.19,353,2,0,56.6,11.94,0,56.6,24.84,6.81,,clear-day,clear,0,0,0,0,1,0
,35.110152,-85.229276,710 - 729 Highway 153 Nb,,Lake Resort Dr,3/2/2018 16:00,2018-03-02,16,1520024400,,,,Property Damage,Front to Rear,No,No,No,No,55,3,No,No,Unknown,37421,Unknown,37415,No,No,Daylight,Clear,667,21,8,0,9,1,1520020800,0.29,5.19,353,2,0,56.6,11.94,0,56.6,24.84,6.81,,clear-day,clear,0,0,0,0,1,0
,35.110152,-85.229276,710 - 729 Highway 153 Nb,,Lake Resort Dr,3/2/2018 16:00,2018-03-02,16,1520024400,,,,Property Damage,Front to Rear,No,No,No,No,55,3,No,No,Unknown,37421,Unknown,37415,No,No,Daylight,Clear,667,21,8,0,9,1,1520020800,0.29,5.19,353,2,0,56.6,11.94,0,56.6,24.84,6.81,,clear-day,clear,0,0,0,0,1,0
,35.110152,-85.229276,710 - 729 Highway 153 Nb,,Lake Resort Dr,3/2/2018 16:00,2018-03-02,16,1520024400,,,,Property Damage,Front to Rear,No,No,No,No,55,3,No,No,Unknown,37421,Unknown,37415,No,No,Daylight,Clear,667,21,8,0,9,1,1520020800,0.29,5.19,353,2,0,56.6,11.94,0,56.6,24.84,6.81,,clear-day,clear,0,0,0,0,1,0
,35.108598,-85.229187,700 Highway 153 Nb,,Amnicola hwy,8/8/2018 0:00,2018-08-08,0,1533700800,,,,Possible Injury,Unknown,Yes,No,No,No,60,2,No,No,Unknown,Unknown,None Used MV Occupant,37343,No,No,Unknown,Clear,667,21,8,0,9,1,1533697200,0.69,2.47,230,0,0,79.4,5.64,0.36,78.61,67.51,8.189,,partly-cloudy-night,partly cloudy,0,1,0,0,0,0
,35.108598,-85.229187,700 Highway 153 Nb,,Amnicola hwy,8/8/2018 0:00,2018-08-08,0,1533700800,,,,Possible Injury,Unknown,Yes,No,No,No,60,2,No,No,Unknown,Unknown,None Used MV Occupant,37343,No,No,Unknown,Clear,667,21,8,0,9,1,1533697200,0.69,2.47,230,0,0,79.4,5.64,0.36,78.61,67.51,8.189,,partly-cloudy-night,partly cloudy,0,1,0,0,0,0
,35.108598,-85.229187,700 Highway 153 Nb,,Amnicola hwy,8/8/2018 0:00,2018-08-08,0,1533700800,,,,Possible Injury,Unknown,Yes,No,No,No,60,2,No,No,Unknown,Unknown,None Used MV Occupant,37343,No,No,Unknown,Clear,667,21,8,0,9,1,1533697200,0.68,2.47,230,0,0,79.58,5.64,0.36,78.79,67.51,8.189,,partly-cloudy-night,partly cloudy,0,1,0,0,0,0
,35.108598,-85.229187,700 Highway 153 Nb,,Amnicola hwy,8/8/2018 0:00,2018-08-08,0,1533700800,,,,Possible Injury,Unknown,Yes,No,No,No,60,2,No,No,Unknown,Unknown,None Used MV Occupant,37343,No,No,Unknown,Clear,667,21,8,0,9,1,1533697200,0.68,2.47,230,0,0,79.58,5.64,0.36,78.79,67.51,8.189,,partly-cloudy-night,partly cloudy,0,1,0,0,0,0
,35.1087739,-85.230785,6400 Lee Hwy,SR-64,Hwy 153 NB,10/18/2018 14:00,2018-10-18,14,1539885600,,,,Property Damage,Front to Rear,No,No,No,No,40,2,No,No,Shoulder and Lap Belt Used,37421,Shoulder and Lap Belt Used,37341,No,No,Daylight,Clear,667,21,8,0,9,1,1539882000,0.44,7.08,19,5,0,63.46,13.35,0.36,63.46,41.2,6.976,,partly-cloudy-day,partly cloudy,0,1,0,0,0,0