Accident,Latitude,Longitude,Street,AltStreet,Intersection,DateTime,Date,Hour,Unix,WeekDay,WeekEnd,DayFrame,AccidentType,CollisionType,HaR,FatalInjury,MedicalTransport,InvolvedPlacardedTruck,PostedSpeed,TotalVehiclesInvolved,PedestrianInvolved,BicycleInvolved,DriverOneSafetyEquipment,DriverOneZip,DriverTwoSafetyEquipment,DriverTwoZip,Drug,Alcohol,LightCondition,Weather,Grid_Block,Grid_Col,Grid_Row,Highway,Land_Use_Mode,Road_Count,HourBefore,humidity,windSpeed,windBearing,uvIndex,precipIntensity,apparentTemperature,windGust,cloudCover,temperature,dewPoint,visibility,precipType,Event,Conditions,Rain,Cloudy,Foggy,Snow,Clear,RainBefore
,35.1087739,-85.230785,6400 Lee Hwy,SR-64,Hwy 153 NB,10/18/2018 14:00,2018-10-18,14,1539885600,,,,Property Damage,Front to Rear,No,No,No,No,40,2,No,No,Shoulder and Lap Belt Used,37421,Shoulder and Lap Belt Used,37341,No,No,Daylight,Clear,667,21,8,0,9,1,1539882000,0.44,7.08,19,5,0,63.46,13.35,0.36,63.46,41.2,6.976,,partly-cloudy-day,partly cloudy,0,1,0,0,0,0
,35.1087739,-85.230785,6400 Lee Hwy,SR-64,Hwy 153 NB,10/18/2018 14:00,2018-10-18,14,1539885600,,,,Property Damage,Front to Rear,No,No,No,No,40,2,No,No,Shoulder and Lap Belt Used,37421,Shoulder and Lap Belt Used,37341,No,No,Daylight,Clear,667,21,8,0,9,1,1539882000,0.44,7.08,19,5,0,63.36,13.35,0.36,63.36,41.2,6.976,,partly-cloudy-day,partly cloudy,0,1,0,0,0,0
,35.1087739,-85.230785,6400 Lee Hwy,SR-64,Hwy 153 NB,10/18/2018 14:00,2018-10-18,14,1539885600,,,,Property Damage,Front to Rear,No,No,No,No,40,2,No,No,Shoulder and Lap Belt Used,37421,Shoulder and Lap Belt Used,37341,No,No,Daylight,Clear,667,21,8,0,9,1,1539882000,0.44,7.08,19,5,0,63.36,13.35,0.36,63.36,41.2,6.976,,partly-cloudy-day,partly cloudy,0,1,0,0,0,0
,35.10943,-85.23099,N Access Rd,,Lake Resort Drive,11/14/2018 11:00,2018-11-14,11,1542211200,,,,Property Damage,"Sideswipe, Same Direction",No,No,No,No,15,2,No,No,Shoulder and Lap Belt Used,37416,Shoulder and Lap Belt Used,37312,No,No,Daylight,Rain,667,21,8,0,9,1,1542207600,0.87,6.59,41,3,0,35.96,13.49,1,40.48,36.95,5.549,,cloudy,overcast,0,1,0,0,0,0
,35.10943,-85.23099,N Access Rd,,Lake Resort Drive,11/14/2018 11:00,2018-11-14,11,1542211200,,,,Property Damage,"Sideswipe, Same Direction",No,No,No,No,15,2,No,No,Shoulder and Lap Belt Used,37416,Shoulder and Lap Belt Used,37312,No,No,Daylight,Rain,667,21,8,0,9,1,1542207600,0.87,6.59,41,3,0,35.96,13.49,1,40.48,36.95,5.549,,cloudy,overcast,0,1,0,0,0,0
,35.10943,-85.23099,N Access Rd,,Lake Resort Drive,11/14/2018 11:00,2018-11-14,11,1542211200,,,,Property Damage,"Sideswipe, Same Direction",No,No,No,No,15,2,No,No,Shoulder and Lap Belt Used,37416,Shoulder and Lap Belt Used,37312,No,No,Daylight,Rain,667,21,8,0,9,1,1542207600,0.88,6.59,41,3,0,35.72,13.49,1,40.28,36.95,5.549,,cloudy,overcast,0,1,0,0,0,0
,35.10943,-85.23099,N Access Rd,,Lake Resort Drive,11/14/2018 11:00,2018-11-14,11,1542211200,,,,Property Damage,"Sideswipe, Same Direction",No,No,No,No,15,2,No,No,Shoulder and Lap Belt Used,37416,Shoulder and Lap Belt Used,37312,No,No,Daylight,Rain,667,21,8,0,9,1,1542207600,0.88,6.59,41,3,0,35.72,13.49,1,40.28,36.95,5.549,,cloudy,overcast,0,1,0,0,0,0
,35.11036,-85.229395,710-729 Highway 153 Sb,US-700,Amnicola Highway,2/5/2019 7:00,2019-02-05,7,1549368000,,,,Property Damage,Front to Rear,No,No,No,No,55,2,No,No,Shoulder and Lap Belt Used,37343,Shoulder and Lap Belt Used,37343,No,No,Dawn,Clear,667,21,8,0,9,1,1549364400,0.94,1.02,103,0,0,56.35,4.58,1,56.35,54.5,3.218,,cloudy,overcast,0,1,0,0,0,0
,35.109143,-85.231013,5400 Lake Resort Dr,,Trailhead Dr,2/15/2019 23:00,2019-02-15,23,1550289600,,,,Property Damage,Unknown,Yes,No,No,No,45,4,No,No,Unknown,Unknown,Shoulder and Lap Belt Used,37421,No,No,Dark - Not Lighted,Clear,667,21,8,0,9,1,1550286000,0.97,7.42,41,0,0.077,51.34,13.17,1,51.34,50.51,2.915,rain,rain,light rain,1,0,0,0,0,1
,35.109948,-85.229264,570-709 Highway 153 Nb,,DuPont Pkwy,3/7/2019 16:00,2019-03-07,16,1551992400,,,,Property Damage,Front to Rear,Yes,No,No,No,55,2,No,No,Shoulder and Lap Belt Used,37405,Unknown,Unknown,No,No,Daylight,Clear,667,21,8,0,9,1,1551988800,0.2,2.23,181,2,0,51.27,6.82,1,51.27,11.09,8.315,,cloudy,overcast,0,1,0,0,0,0
,35.073738,-85.163708,6500 Bonny Oaks Dr,,Hickory Valley Rd,2/6/2018 23:00,2018-02-06,23,1517976000,,,,Possible Injury,Rear to Side,No,No,Yes,No,50,2,No,No,Shoulder and Lap Belt Used,37416,Shoulder and Lap Belt Used,37421,No,No,Dark - Not Lighted,Clear,637,31,9,0,2,5,1517972400,0.89,0.66,2,0,0,42.92,1.31,0.75,42.92,40.02,5.63,,partly-cloudy-night,mostly cloudy,0,1,0,0,0,0
,35.045906,-85.166093,6800 Shallowford Rd,,Jordan Drive,2/7/2018 14:00,2018-02-07,14,1518030000,,,,Property Damage,Head On,No,No,No,No,40,2,No,No,Shoulder and Lap Belt Used,37411,Shoulder and Lap Belt Used,37341,No,No,Daylight,Cloudy,416,32,14,1,7,10,1518026400,0.86,4.63,325,3,0,45.63,9.82,1,47.59,43.73,6.147,,cloudy,overcast,0,1,0,0,0,0
,35.044,-85.166683,6933 Lee Hwy,US-64,Park Dr,2/17/2018 0:00,2018-02-17,0,1518843600,,,,Property Damage,Unknown,No,No,No,No,,1,No,No,None Used MV Occupant,30740,,,No,No,Unknown,Unknown,416,32,14,1,7,10,1518840000,0.84,2.33,16,0,0,47.94,5.2,1,47.94,43.19,6.013,,cloudy,overcast,0,1,0,0,0,0
,35.042892,-85.168096,Hickory Valley Rd,,Shallowford Rd,3/22/2018 21:00,2018-03-22,21,1521766800,,,,Property Damage Under,Front to Rear,No,No,No,No,45,2,No,No,Shoulder and Lap Belt Used,37343,Shoulder and Lap Belt Used,37412,No,No,Dark - Lighted,Clear,416,32,14,1,7,10,1521763200,0.43,0.97,339,0,0,47.85,3.52,0,47.85,26.17,3.315,,clear-night,clear,0,0,0,0,1,0
,35.044,-85.166683,6933 Lee Hwy,,Lee Hwy,5/15/2018 0:00,2018-05-15,0,1526356800,,,,Property Damage,Unknown,Yes,No,No,No,15,2,No,No,,30736,Unknown,Unknown,,,Daylight,Clear,416,32,14,1,7,10,1526353200,0.76,0.22,173,0,0,75.18,0.54,0.38,74.48,66.25,6.013,,partly-cloudy-night,partly cloudy,0,1,0,0,0,0
,35.0422313,-85.168255,6933 Lee Hwy,,Hickory Valley Road,10/10/2018 0:00,2018-10-10,0,1539144000,,,,Property Damage,Unknown,Yes,No,No,No,,2,No,No,Unknown,Unknown,,30707,,,Daylight,Cloudy,416,32,14,1,7,10,1539140400,0.74,4.33,124,0,0,75.45,4.33,0.75,74.8,65.89,4.356,,partly-cloudy-night,mostly cloudy,0,1,0,0,0,0
,35.041629,-85.171837,6705 Ballard Dr,,Lee Hwy,11/12/2018 19:00,2018-11-12,19,1542067200,,,,Property Damage,Rear to Rear,No,No,No,No,15,2,No,No,Shoulder and Lap Belt Used,37421,,37321,No,No,Dark - Lighted,Clear,416,32,14,1,7,10,1542063600,0.97,4.3,1,0,0,41.76,8.26,1,44.06,43.17,4.228,,cloudy,overcast,0,1,0,0,0,0
,35.044,-85.166683,6933 Lee Hwy,,Shallowford Rd.,12/28/2018 0:00,2018-12-28,0,1545973200,,,,Property Damage,Unknown,Yes,No,No,No,15,2,No,No,Unknown,37421,Unknown,Unknown,No,No,Unknown,Clear,416,32,14,1,7,10,1545969600,0.97,4.42,178,0,0.196,50.79,12.19,1,50.79,50.03,2.73,rain,rain,rain,1,0,0,0,0,1
,35.040619,-85.168462,6802 Lee Hwy,SR-6802,Hickory Valley Road,3/14/2019 13:00,2019-03-14,13,1552582800,,,,Property Damage Under,Front to Rear,No,No,No,No,,2,No,No,Shoulder and Lap Belt Used,37421,Shoulder and Lap Belt Used,37421,No,No,Daylight,Cloudy,416,32,14,1,7,10,1552579200,0.71,13.58,178,4,0,66.33,27.01,1,66.33,56.48,8.604,,cloudy,overcast,0,1,0,0,0,0
,35.043,-85.167391,6901 Lee Hwy,SR-6900,Connor Ln,5/24/2019 12:00,2019-05-24,12,1558713600,,,,Property Damage,Unknown,Yes,No,No,No,,2,No,No,Unknown,Unknown,,37312,,,Daylight,Clear,416,32,14,1,7,10,1558710000,0.53,1.17,242,6,0,92.34,6.24,0.75,88.06,68.86,5.475,,partly-cloudy-day,mostly cloudy,0,1,0,0,0,0
,35.005783,-85.230757,N Terrace,,S Moore,2/7/2018 16:00,2018-02-07,16,1518037200,,,,Property Damage,Angle,No,No,No,No,35,2,No,No,Shoulder and Lap Belt Used,33920,Shoulder and Lap Belt Used,37412,No,No,Daylight,Clear,110,27,22,1,7,19,1518033600,0.82,4,333,1,0,44.15,8.49,1,45.91,40.6,5.812,,cloudy,overcast,0,1,0,0,0,0
,35.006205,-85.231908,400 S Moore Rd,,S Terrace,2/13/2018 0:00,2018-02-13,0,1518498000,,,,Property Damage Under,Angle,Yes,No,No,No,45,2,No,No,Unknown,Unknown,Shoulder and Lap Belt Used,37411,No,No,Unknown,Clear,110,27,22,1,7,19,1518494400,0.84,1.7,18,0,0,43.49,4.14,1,43.49,38.99,5.812,,cloudy,overcast,0,1,0,0,0,0
,35.007176,-85.231362,319 S Moore Rd,,N Terrace,4/20/2018 23:00,2018-04-20,23,1524279600,,,,Possible Injury,Not Collision with Motor Vehicle in Transport,No,No,Yes,No,35,1,No,No,Shoulder and Lap Belt Used,37407,,,,,Dark - Lighted,Clear,110,27,22,1,7,19,1524276000,0.45,0.2,56,0,0,53.35,1.82,0,53.35,32.54,7.9,,clear-night,clear,0,0,0,0,1,0
,35.0067295,-85.233242,4500 S Terrace,,North Moore Rd.,4/27/2018 16:00,2018-04-27,16,1524859200,,,,Property Damage,Front to Rear,No,No,No,No,30,2,No,No,Shoulder and Lap Belt Used,37421,Shoulder and Lap Belt Used,37412,No,No,Daylight,Clear,110,27,22,1,7,19,1524855600,0.37,3.06,314,7,0,72.18,9.24,0,72.18,44.15,6.168,,clear-day,clear,0,0,0,0,1,0
,35.00764,-85.231114,320 S Moore Rd,,N Terrace,6/5/2018 12:00,2018-06-05,12,1528214400,,,,Property Damage,Front to Rear,No,No,No,No,35,2,No,No,Shoulder and Lap Belt Used,37412,Shoulder and Lap Belt Used,37421,No,No,Daylight,Clear,110,27,22,1,7,19,1528210800,0.45,4.97,34,9,0,77.77,11,0,77.77,54.76,5.495,,clear-day,clear,0,0,0,0,1,0
,35.008466,-85.230391,300 S Moore Rd,,Mayfair Ave.,6/15/2018 15:00,2018-06-15,15,1529089200,,,,Possible Injury,Angle,No,No,No,No,25,2,No,No,Shoulder and Lap Belt Used,37379,Shoulder and Lap Belt Used,37312,No,No,Daylight,Clear,110,27,22,1,7,19,1529085600,0.43,5.65,35,9,0,92.92,11.61,0.19,90.63,65.38,6.17,,partly-cloudy-day,partly cloudy,0,1,0,0,0,0
,35.006421,-85.231596,18440 Interstate 24  RD,I-24,S Moore Rd,8/15/2018 19:00,2018-08-15,19,1534374000,,,,Suspected Minor Injury,Front to Rear,No,No,No,No,55,2,No,No,Shoulder and Lap Belt Used,37343,Shoulder and Lap Belt Used,37363,No,No,Daylight,Clear,110,27,22,1,7,19,1534370400,0.63,3.16,106,1,0,89.48,5.63,0.44,84.65,70.55,7.012,,partly-cloudy-day,partly cloudy,0,1,0,0,0,0
,35.007694,-85.230709,S Moore Rd,,N Terrace Rd.,8/23/2018 18:00,2018-08-23,18,1535061600,,,,Possible Injury,Not Collision with Motor Vehicle in Transport,No,No,Yes,No,35,1,No,No,Shoulder and Lap Belt Used,37411,,,No,No,Daylight,Clear,110,27,22,1,7,19,1535058000,0.38,5.32,26,2,0,81.41,11.92,0,81.41,53.66,6.745,,clear-day,clear,0,0,0,0,1,0
,35.007168,-85.231367,North Terrace,,S Moore Rd,9/6/2018 9:00,2018-09-06,9,1536238800,,,,Property Damage,Front to Rear,No,No,No,No,40,2,No,No,Shoulder and Lap Belt Used,37421,Shoulder and Lap Belt Used,37312,No,No,Daylight,Clear,110,27,22,1,7,19,1536235200,0.89,3.15,54,1,0,76.99,5.79,0.75,75.54,72.18,3.372,,partly-cloudy-day,humid and mostly cloudy,0,1,0,0,0,0
,35.007818,-85.234962,18420 Hwy 24 Wb,,18420 Hwy 24 Wb,10/10/2018 20:00,2018-10-10,20,1539216000,,,,Possible Injury,Other,No,No,No,No,55,3,No,No,Shoulder and Lap Belt Used,35578,Shoulder and Lap Belt Used,33177,No,No,Dark - Lighted,Rain,110,27,22,1,7,19,1539212400,0.9,3.56,358,0,0.002,77.07,6.07,1,75.56,72.54,5.88,rain,cloudy,humid and overcast,0,1,0,0,0,0
,35.00646,-85.23231,S Terrace,,S Moore Rd.,10/26/2018 20:00,2018-10-26,20,1540598400,,,,Property Damage Under,Front to Rear,No,No,No,No,40,2,No,No,Shoulder and Lap Belt Used,30741,Shoulder and Lap Belt Used,37421,No,No,Dark - Not Lighted,Rain,110,27,22,1,7,19,1540594800,0.91,4.32,198,0,0,53.43,8.4,1,53.43,50.82,2.714,,cloudy,overcast,0,1,0,0,0,0
,35.005518,-85.230035,4881 S Terrace,,South St Marks Ave,11/14/2018 0:00,2018-11-14,0,1542171600,,,,Property Damage,Not Collision with Motor Vehicle in Transport,Yes,No,No,No,45,1,No,No,,37421,,,,,Unknown,Rain,110,27,22,1,7,19,1542168000,0.82,8.12,20,0,0,35.36,15.71,1,40.69,35.71,6.455,,cloudy,overcast,0,1,0,0,0,0
,35.00757,-85.234715,,I-24,S Terrace,12/1/2018 18:00,2018-12-01,18,1543705200,,,,Property Damage,Front to Rear,No,No,No,No,55,3,No,No,Shoulder and Lap Belt Used,37412,Shoulder and Lap Belt Used,37412,No,No,Dark - Lighted,Rain,110,27,22,1,7,19,1543701600,0.96,3.78,179,0,0.01,55.53,11.62,1,55.53,54.46,3.472,rain,rain,possible drizzle,1,0,0,0,0,1
,35.005794,-85.229886,18450 Hwy 24 Eb,,18450 Hwy 24 EB,12/10/2018 17:00,2018-12-10,17,1544479200,,,,Property Damage Under,Front to Rear,No,No,No,No,55,2,No,No,Shoulder and Lap Belt Used,30736,Shoulder and Lap Belt Used,30755,No,No,Dark - Lighted,Rain,110,27,22,1,7,19,1544475600,0.9,2.66,345,0,0.03,41.46,7.58,0.92,41.46,38.63,2.985,rain,rain,light rain,1,0,0,0,0,1
,35.006759,-85.230217,N Terrace,,Mcbrien Rd,12/14/2018 6:00,2018-12-14,6,1544785200,,,,Property Damage,Angle,No,No,No,No,40,2,No,No,Shoulder and Lap Belt Used,37421,Shoulder and Lap Belt Used,37353,No,No,Dark - Lighted,Clear,110,27,22,1,7,19,1544781600,0.95,0.43,333,0,0.012,47.5,2.2,1,47.5,46.02,5.615,rain,rain,drizzle,1,0,0,0,0,1
,35.005783,-85.230757,S Terrace,,S Lovell Ave,1/1/2019 19:00,2019-01-01,19,1546387200,,,,Possible Injury,Front to Rear,No,No,No,No,30,2,No,No,Shoulder and Lap Belt Used,37412,Shoulder and Lap Belt Used,37411,No,No,Dark - Lighted,Clear,110,27,22,1,7,19,1546383600,0.89,2.4,17,0,0,54.19,5.36,0,54.19,51.05,3.606,,clear-night,clear,0,0,0,0,1,0
,35.007176,-85.231362,S Moore Rd,,N Terrace,5/1/2019 9:00,2019-05-01,9,1556715600,,,,Property Damage,Unknown,Yes,No,No,No,40,2,No,No,Shoulder and Lap Belt Used,37403,Unknown,Unknown,No,No,Daylight,Clear,110,27,22,1,7,19,1556712000,0.76,5.5,180,2,0,70.22,10.64,0,69.96,61.96,6.086,,clear-day,clear,0,0,0,0,1,0
,35.092181,-85.161304,8325 Hickory Valley Rd,SR-8300,Highway 58,2/8/2018 15:00,2018-02-08,15,1518120000,,,,Property Damage,Front to Rear,No,No,No,No,40,2,No,No,Shoulder and Lap Belt Used,37341,Shoulder and Lap Belt Used,33442,No,No,Daylight,Clear,714,30,7,0,-1,-1,1518116400,0.45,3.01,24,3,0,49.11,6.29,0,49.51,28.96,6.776,,clear-day,clear,0,0,0,0,1,0
,35.090411,-85.16137,6300 Hickory Valley Rd,,Old Hickory Valley Rd.,10/20/2018 9:00,2018-10-20,9,1540040400,,,,Property Damage,Not Collision with Motor Vehicle in Transport,No,No,No,No,45,1,No,No,Unknown,37416,,,No,No,Daylight,Rain,714,30,7,0,-1,-1,1540036800,0.92,3.5,267,0,0.006,57.99,8.27,1,57.99,55.57,2.599,rain,rain,drizzle,1,0,0,0,0,1
,35.130367,-85.23925,271 Northgate Mall Dr,,Northgate Mall Dr,2/9/2018 0:00,2018-02-09,0,1518152400,,,,Property Damage Under,Unknown,Yes,No,No,No,15,2,No,No,Unknown,Unknown,,37379,,,Unknown,Clear,771,19,5,0,7,6,1518148800,0.76,0.08,,0,0,35.09,0.45,0,35.09,28.14,6.941,,clear-night,clear,0,0,0,0,1,0
,35.130367,-85.23925,271 Northgate Mall Dr,,Hwy 153,2/14/2018 0:00,2018-02-14,0,1518584400,,,,Property Damage,Angle,Yes,No,No,No,,2,No,No,,37343,Unknown,Unknown,,,Unknown,Rain,771,19,5,0,7,6,1518580800,0.85,0.38,182,0,0,50.37,1.18,1,50.37,45.98,6.675,,cloudy,overcast,0,1,0,0,0,0
,35.130367,-85.23925,271 Northgate Mall Dr,SR-271,Highway 153,2/28/2018 0:00,2018-02-28,0,1519794000,,,,Property Damage,Unknown,Yes,No,No,No,,2,No,No,Unknown,Unknown,,37343,,,Unknown,Unknown,771,19,5,0,7,6,1519790400,0.55,2.49,167,0,0,56.77,4.82,0.19,56.77,40.67,9.997,,partly-cloudy-night,partly cloudy,0,1,0,0,0,0
,35.129513,-85.236767,310 Northgate Mall Dr,,Executive Drive,3/17/2018 18:00,2018-03-17,18,1521324000,,,,Property Damage,Unknown,Yes,No,No,No,,2,No,No,Unknown,Unknown,,37379,,,Daylight,Clear,771,19,5,0,7,6,1521320400,0.51,4.33,223,1,0,75.82,11.26,0.72,75.82,56.51,7.11,,partly-cloudy-day,mostly cloudy,0,1,0,0,0,0
,35.130367,-85.23925,271 Northgate Mall Dr,,Hixson Pk,4/19/2018 16:00,2018-04-19,16,1524168000,,,,Property Damage,Rear to Side,No,No,No,No,15,2,No,No,Shoulder and Lap Belt Used,37343,Shoulder and Lap Belt Used,37379,No,No,Daylight,Cloudy,771,19,5,0,7,6,1524164400,0.42,4.97,345,6,0,56.31,11.49,0,56.31,33.36,7.11,,clear-day,clear,0,0,0,0,1,0
,35.129513,-85.236767,Northgate Mall Dr,,Executive Drive,4/29/2018 0:00,2018-04-29,0,1524974400,,,,Property Damage Under,Angle,Yes,No,No,No,15,2,No,No,,37416,Unknown,Unknown,,,Dark - Lighted,Clear,771,19,5,0,7,6,1524970800,0.43,1.83,340,0,0,58.26,5.02,0,58.26,36.04,7.11,,clear-night,clear,0,0,0,0,1,0
,35.130367,-85.23925,271 Northgate Mall Dr,,Northgate mall dr,8/3/2018 0:00,2018-08-03,0,1533268800,,,,Property Damage Under,Unknown,Yes,No,No,No,20,2,No,No,Unknown,Unknown,,37415,,,Unknown,Unknown,771,19,5,0,7,6,1533265200,0.89,3.33,38,0,0,73.97,7.24,0.95,72.8,69.44,8.133,,cloudy,overcast,0,1,0,0,0,0
,35.131595,-85.237056,278 Northgate Mall Dr,US-278,Hixson Pike,10/8/2018 9:00,2018-10-08,9,1539003600,,,,Property Damage,Angle,No,No,No,No,,2,No,No,Shoulder and Lap Belt Used,37412,Shoulder and Lap Belt Used,37406,No,No,Daylight,Clear,771,19,5,0,7,6,1539000000,0.88,2.14,97,1,0,73.24,3.8,0.35,72.2,68.37,2.76,,partly-cloudy-day,partly cloudy,0,1,0,0,0,0
,35.130372,-85.236698,302 Northgate Mall Dr,,Northgate mall drive,11/17/2018 9:00,2018-11-17,9,1542463200,,,,Property Damage,Unknown,Yes,No,No,No,,2,No,No,Unknown,Unknown,,37397,,,Daylight,Unknown,771,19,5,0,7,6,1542459600,0.96,0.94,93,1,0,35.62,4.47,0.95,35.62,34.63,0.396,,fog,foggy,0,0,1,0,0,0
,35.130367,-85.23925,271 Northgate Mall Dr,,Hwy 153,1/9/2019 0:00,2019-01-09,0,1547010000,,,,Property Damage Under,Unknown,Yes,No,No,No,20,2,No,No,Unknown,Unknown,,37406,,,Unknown,Clear,771,19,5,0,7,6,1547006400,0.45,13.33,329,0,0,43.82,25.22,0.15,49.02,28.38,7.154,,partly-cloudy-night,partly cloudy,0,1,0,0,0,0
,35.130367,-85.23925,Northgate Mall Dr,,Highway 153,2/8/2019 17:00,2019-02-08,17,1549663200,,,,Property Damage,Unknown,Yes,No,No,No,,2,No,No,Unknown,Unknown,,37379,,,Daylight,Clear,771,19,5,0,7,6,1549659600,0.35,8.49,334,0,0,38.88,15.63,0,43.71,17.79,7.191,,clear-day,clear,0,0,0,0,1,0
,35.130367,-85.23925,271 Northgate Mall Dr,,Hixson Pike,2/22/2019 0:00,2019-02-22,0,1550811600,,,,Property Damage Under,Unknown,Yes,No,No,No,,2,No,No,,37343,Unknown,Unknown,,,Daylight,Rain,771,19,5,0,7,6,1550808000,0.91,8.7,31,0,0.028,44.51,16.69,1,48.38,45.99,4.452,rain,rain,light rain,1,0,0,0,0,1
,35.131359,-85.237633,Northgate Mall Dr,,Northgate Mall Dr,4/3/2019 16:00,2019-04-03,16,1554321600,,,,Property Damage,Unknown,Yes,No,No,No,,2,No,No,Unknown,Unknown,,37406,,,Daylight,Clear,771,19,5,0,7,6,1554318000,0.22,3.97,107,5,0,71.11,11.67,0.35,71.11,30.68,8.129,,partly-cloudy-day,partly cloudy,0,1,0,0,0,0
,35.129513,-85.236767,Northgate Mall Dr,,Hwy 153,4/26/2019 0:00,2019-04-26,0,1556251200,,,,Property Damage,Angle,Yes,No,No,No,25,3,No,No,Unknown,Unknown,,37343,,,Daylight,Clear,771,19,5,0,7,6,1556247600,0.82,4.62,197,0,0,63.46,8.81,1,63.46,57.81,4.346,,cloudy,overcast,0,1,0,0,0,0
,35.133161,-85.237684,Northgate Mall Dr,SR-248,Northgate Mall Dr,5/6/2019 0:00,2019-05-06,0,1557115200,,,,Property Damage,Unknown,Yes,No,No,No,,2,No,No,,37415,Unknown,Unknown,,,Unknown,Unknown,771,19,5,0,7,6,1557111600,0.85,3.9,330,0,0,60.85,6.62,0.12,60.85,56.18,5.33,,clear-night,clear,0,0,0,0,1,0
,35.130367,-85.23925,271 Northgate Mall Dr,,Hixson pike,5/8/2019 12:00,2019-05-08,12,1557331200,,,,Property Damage,Angle,No,No,No,No,,2,No,No,Shoulder and Lap Belt Used,37377,Shoulder and Lap Belt Used,37341,No,No,Daylight,Clear,771,19,5,0,7,6,1557327600,0.61,7.22,154,8,0,79.3,14.82,0.12,78.86,64.2,4.617,,clear-day,clear,0,0,0,0,1,0
,35.130367,-85.23925,Northgate Mall Dr,SR-271,EXECUTIVE DR,6/17/2019 0:00,2019-06-17,0,1560744000,,,,Property Damage,Angle,Yes,No,No,No,,2,No,No,,37343,Unknown,Unknown,,,Daylight,Clear,771,19,5,0,7,6,1560740400,0.73,3.92,207,0,0,82.27,7.64,0.61,79.41,69.81,8.439,,partly-cloudy-night,mostly cloudy,0,1,0,0,0,0
,35.130476,-85.239474,255 Northgate Mall Dr,,Executive Dr,6/21/2019 11:00,2019-06-21,11,1561129200,,,,Property Damage,Unknown,Yes,No,No,No,,2,No,No,,37421,Unknown,Unknown,,,Daylight,Clear,771,19,5,0,7,6,1561125600,0.57,3.63,53,6,0,82.77,7.42,0,81.09,64.5,8.388,,clear-day,clear,0,0,0,0,1,0
,34.9982158,-85.156503,Davidson Rd,,Joe Engel Dr,2/9/2018 1:00,2018-02-09,1,1518156000,,,,Property Damage,Not Collision with Motor Vehicle in Transport,No,No,No,No,30,1,No,No,,37421,Shoulder and Lap Belt Used,37421,No,No,Dark - Lighted,Clear,178,36,20,0,7,15,1518152400,0.8,0.23,90,0,0,33.26,0.69,0,33.26,27.61,7.555,,clear-night,clear,0,0,0,0,1,0
,35.029347,-85.178808,1 Hwy 153 Nb @ Lee Hwy - Off Ramp,,Lee Hwy,2/9/2018 13:00,2018-02-09,13,1518199200,,,,Property Damage,"Sideswipe, Same Direction",No,No,No,No,55,2,No,No,Shoulder and Lap Belt Used,37421,Shoulder and Lap Belt Used,37411,No,No,Daylight,Clear,281,32,17,1,7,18,1518195600,0.36,6.37,163,4,0,59.27,13.69,0,59.27,32.04,6.109,,clear-day,clear,0,0,0,0,1,0
,35.029363,-85.181373,Lee Hwy,,Perimiter Dr,3/19/2018 13:00,2018-03-19,13,1521478800,,,,Property Damage,Angle,No,No,No,No,40,2,No,No,Shoulder and Lap Belt Used,37379,Shoulder and Lap Belt Used,30705,No,No,Daylight,Cloudy,281,32,17,1,7,18,1521475200,0.92,1.92,163,4,0.053,57.38,5.86,1,57.38,55.22,2.655,rain,rain,light rain,1,0,0,0,0,1
,35.023518,-85.17968,1507 Hickory Valley Rd,,Hickry Trace Dr,3/26/2018 8:00,2018-03-26,8,1522065600,,,,Property Damage,Angle,No,No,No,No,15,2,No,No,Unknown,37421,,37421,No,No,Daylight,Cloudy,281,32,17,1,7,18,1522062000,0.54,7.39,168,0,0,45.24,,1,48.53,32.67,9.997,,cloudy,overcast,0,1,0,0,0,0
,35.02599,-85.177201,1612 Hickory Valley Rd,,1612 Hickory Valley Rd,4/25/2018 16:00,2018-04-25,16,1524686400,,,,Property Damage,Not Collision with Motor Vehicle in Transport,No,No,No,No,15,1,No,No,,,,37421,,,Daylight,Clear,281,32,17,1,7,18,1524682800,0.66,3.7,344,4,0,63.61,8.67,1,63.61,52.02,5.964,,cloudy,overcast,0,1,0,0,0,0
,35.029962,-85.180681,70 - 109 Highway 153 Sb   rd,,Lee Hwy,6/28/2018 17:00,2018-06-28,17,1530219600,,,,Property Damage,Front to Rear,Yes,No,No,No,55,2,No,No,Shoulder and Lap Belt Used,37363,Unknown,Unknown,No,No,Daylight,Clear,281,32,17,1,7,18,1530216000,0.86,3.25,221,3,0.003,72.21,4.54,1,71.34,66.86,3.092,rain,cloudy,overcast,0,1,0,0,0,0
,35.029674,-85.180168,60 Highway 153 Sb,,Hamilton Place Blvd,8/2/2018 13:00,2018-08-02,13,1533229200,,,,Possible Injury,Not Collision with Motor Vehicle in Transport,No,No,No,No,55,1,No,No,Shoulder and Lap Belt Used,37311,,,No,No,Daylight,Rain,281,32,17,1,7,18,1533225600,0.94,3.65,72,5,0.04,73.17,6.25,1,71.88,69.97,3.679,rain,rain,light rain,1,0,0,0,0,1
,35.024883,-85.178406,,I-75,75 NB,11/9/2018 14:00,2018-11-09,14,1541790000,,,,Property Damage,Unknown,Yes,No,No,No,50,2,No,No,Unknown,Unknown,Shoulder and Lap Belt Used,30161,No,No,Daylight,Cloudy,281,32,17,1,7,18,1541786400,0.91,6.36,293,3,0.005,53.76,9.7,1,53.76,51.07,2.467,rain,rain,possible drizzle,1,0,0,0,0,1