Accident,Latitude,Longitude,Street,AltStreet,Intersection,DateTime,Date,Hour,Unix,WeekDay,WeekEnd,DayFrame,AccidentType,CollisionType,HaR,FatalInjury,MedicalTransport,InvolvedPlacardedTruck,PostedSpeed,TotalVehiclesInvolved,PedestrianInvolved,BicycleInvolved,DriverOneSafetyEquipment,DriverOneZip,DriverTwoSafetyEquipment,DriverTwoZip,Drug,Alcohol,LightCondition,Weather,Grid_Block,Grid_Col,Grid_Row,Highway,Land_Use_Mode,Road_Count,HourBefore,humidity,windSpeed,windBearing,uvIndex,precipIntensity,apparentTemperature,windGust,cloudCover,temperature,dewPoint,visibility,precipType,Event,Conditions,Rain,Cloudy,Foggy,Snow,Clear,RainBefore
,35.028421,-85.1777,1 Highway 153 Sb,,1 Hwy 153,11/19/2018 18:00,2018-11-19,18,1542668400,,,,Property Damage Under,Front to Rear,No,No,No,No,45,2,No,No,Shoulder and Lap Belt Used,30720,Shoulder and Lap Belt Used,37343,No,No,Dark - Not Lighted,Rain,281,32,17,1,7,18,1542664800,0.73,5.77,228,0,0.001,57.42,13.78,1,57.42,48.68,5.31,rain,rain,possible drizzle,1,0,0,0,0,1
,35.0274,-85.17461,1 Highway 153 SB,,Interstate 75,12/9/2018 13:00,2018-12-09,13,1544378400,,,,Possible Injury,Not Collision with Motor Vehicle in Transport,No,No,Yes,No,55,1,No,No,,37421,Shoulder and Lap Belt Used,38019,No,No,Daylight,Rain,281,32,17,1,7,18,1544374800,0.97,6.09,15,2,0,34.87,11.6,1,39.3,38.59,1.737,,fog,foggy,0,0,1,0,0,0
,35.025355,-85.177545,1500 Hickory Valley Rd,,Hickory Valley Circle,12/14/2018 13:00,2018-12-14,13,1544810400,,,,Possible Injury,Head On,No,No,Yes,No,35,3,No,No,Unknown,37421,Unknown,37411,No,No,Daylight,Rain,281,32,17,1,7,18,1544806800,0.98,4.44,348,2,0.046,48.06,4.44,1,49.57,49.07,1.268,rain,rain,light rain,1,0,0,0,0,1
,35.0698456,-85.117145,Old Lee Hwy (7800),,Green Shanty Rd,2/10/2018 5:00,2018-02-10,5,1518256800,,,,Property Damage Under,Not Collision with Motor Vehicle in Transport,Yes,No,No,No,45,1,No,No,Unknown,Unknown,,,,,Dark - Not Lighted,Rain,682,36,8,0,7,7,1518253200,0.94,3.4,179,0,0,50.65,7.37,1,50.65,48.86,6.349,,cloudy,overcast,0,1,0,0,0,0
,35.0698456,-85.117145,Old Lee Hwy (7800),,Green Shanty Rd,2/10/2018 5:00,2018-02-10,5,1518256800,,,,Property Damage Under,Not Collision with Motor Vehicle in Transport,Yes,No,No,No,45,1,No,No,Unknown,Unknown,,,,,Dark - Not Lighted,Rain,682,36,8,0,7,7,1518253200,0.94,3.4,179,0,0,50.65,7.37,1,50.65,48.86,6.349,,cloudy,overcast,0,1,0,0,0,0
,35.0698456,-85.117145,Old Lee Hwy (7800),,Green Shanty Rd,2/10/2018 5:00,2018-02-10,5,1518256800,,,,Property Damage Under,Not Collision with Motor Vehicle in Transport,Yes,No,No,No,45,1,No,No,Unknown,Unknown,,,,,Dark - Not Lighted,Rain,682,36,8,0,7,7,1518253200,0.94,3.4,179,0,0,50.65,7.37,1,50.65,48.86,6.349,,cloudy,overcast,0,1,0,0,0,0
,35.0698456,-85.117145,Old Lee Hwy (7800),,Green Shanty Rd,2/10/2018 5:00,2018-02-10,5,1518256800,,,,Property Damage Under,Not Collision with Motor Vehicle in Transport,Yes,No,No,No,45,1,No,No,Unknown,Unknown,,,,,Dark - Not Lighted,Rain,682,36,8,0,7,7,1518253200,0.94,3.4,179,0,0,50.65,7.37,1,50.65,48.86,6.349,,cloudy,overcast,0,1,0,0,0,0
,35.069262,-85.119566,Lee Hwy,,7754 Old Lee Hwy,6/13/2018 15:00,2018-06-13,15,1528916400,,,,Property Damage,Not Collision with Motor Vehicle in Transport,No,No,No,No,35,1,No,No,Shoulder and Lap Belt Used,37363,,,No,No,Daylight,Rain,682,36,8,0,7,7,1528912800,0.86,3.49,212,6,0.045,75.79,9.83,0.75,74.59,70.06,5.081,rain,rain,possible light rain,1,0,0,0,0,1
,35.069262,-85.119566,Lee Hwy,,7754 Old Lee Hwy,6/13/2018 15:00,2018-06-13,15,1528916400,,,,Property Damage,Not Collision with Motor Vehicle in Transport,No,No,No,No,35,1,No,No,Shoulder and Lap Belt Used,37363,,,No,No,Daylight,Rain,682,36,8,0,7,7,1528912800,0.86,3.49,212,6,0.045,75.79,9.83,0.75,74.59,70.06,5.081,rain,rain,possible light rain,1,0,0,0,0,1
,35.069262,-85.119566,Lee Hwy,,7754 Old Lee Hwy,6/13/2018 15:00,2018-06-13,15,1528916400,,,,Property Damage,Not Collision with Motor Vehicle in Transport,No,No,No,No,35,1,No,No,Shoulder and Lap Belt Used,37363,,,No,No,Daylight,Rain,682,36,8,0,7,7,1528912800,0.86,3.49,212,6,0.045,75.79,9.83,0.75,74.59,70.06,5.081,rain,rain,possible light rain,1,0,0,0,0,1
,35.069262,-85.119566,Lee Hwy,,7754 Old Lee Hwy,6/13/2018 15:00,2018-06-13,15,1528916400,,,,Property Damage,Not Collision with Motor Vehicle in Transport,No,No,No,No,35,1,No,No,Shoulder and Lap Belt Used,37363,,,No,No,Daylight,Rain,682,36,8,0,7,7,1528912800,0.86,3.49,212,6,0.045,75.79,9.83,0.75,74.59,70.06,5.081,rain,rain,possible light rain,1,0,0,0,0,1
,35.067818,-85.122694,820 Interstate,I-75,Bonny Oaks Drive,3/12/2019 16:00,2019-03-12,16,1552420800,,,,Property Damage,Not Collision with Motor Vehicle in Transport,No,No,No,No,55,1,No,No,Shoulder and Lap Belt Used,37363,,,No,No,Daylight,Clear,682,36,8,0,7,7,1552417200,0.27,5.83,33,5,0,62.43,12.1,0,62.43,28.08,8.647,,clear-day,clear,0,0,0,0,1,0
,35.044349,-85.128355,Standifer Gap Rd,SR-2525,Jenkins Rd,2/10/2018 6:00,2018-02-10,6,1518260400,,,,Property Damage,Front to Rear,Yes,No,No,No,40,2,No,No,Shoulder and Lap Belt Used,30721,Unknown,Unknown,No,No,Dawn,Rain,511,37,12,0,7,12,1518256800,0.94,2.53,179,0,0,50.95,5.13,1,50.95,49.26,3.616,,cloudy,overcast,0,1,0,0,0,0
,35.041362,-85.129948,2424-2499 Jenkins Rd,,Holly Hills Dr,3/12/2018 11:00,2018-03-12,11,1520866800,,,,Property Damage,Not Collision with Motor Vehicle in Transport,No,No,No,No,30,1,No,No,,37421,Shoulder and Lap Belt Used,37421,No,No,Daylight,Cloudy,511,37,12,0,7,12,1520863200,0.82,6.06,333,2,0,32.59,14.9,1,37.37,32.39,4.892,,cloudy,overcast,0,1,0,0,0,0
,35.040736,-85.12982,2418 Jenkins Rd,,Holly Hills Dr,6/3/2018 19:00,2018-06-03,19,1528066800,,,,Property Damage,Not Collision with Motor Vehicle in Transport,No,No,No,No,35,1,No,No,Unknown,37421,,,No,No,Daylight,Clear,511,37,12,0,7,12,1528063200,0.63,6.51,332,1,0,88.64,13.12,0.44,84.19,70.13,5.839,,partly-cloudy-day,partly cloudy,0,1,0,0,0,0
,35.041453,-85.13025,2423 Jenkins Rd,,Standifer Gap Rd,9/24/2018 22:00,2018-09-24,22,1537840800,,,,Property Damage,Front to Rear,No,No,No,No,35,2,No,No,,37421,Shoulder and Lap Belt Used,37363,No,No,Dark - Not Lighted,Rain,511,37,12,0,7,12,1537837200,0.96,3.23,171,0,0.026,72.33,7.55,1,71,69.91,2.211,rain,rain,light rain,1,0,0,0,0,1
,35.042616,-85.129266,Pinewood Dr,,Jenkins Rd,11/9/2018 17:00,2018-11-09,17,1541800800,,,,Property Damage Under,Front to Rear,No,No,No,No,35,2,No,No,Unknown,37412,Unknown,37363,No,No,Daylight,Clear,511,37,12,0,7,12,1541797200,0.89,5.94,339,0,0.012,44.28,14.16,1,47.12,44.02,7.555,rain,rain,possible drizzle,1,0,0,0,0,1
,35.0456489,-85.129299,Highway 58,,Swan Rd,11/16/2018 19:00,2018-11-16,19,1542412800,,,,Property Damage Under,"Sideswipe, Same Direction",No,No,No,No,45,2,No,No,Shoulder and Lap Belt Used,37421,Shoulder and Lap Belt Used,37410,No,No,Dark - Lighted,Clear,511,37,12,0,7,12,1542409200,0.79,1.66,215,0,0,44.15,4.41,0,44.15,37.93,6.181,,clear-night,clear,0,0,0,0,1,0
,35.041453,-85.13025,2423 Jenkins Rd,,Holly Hills Dr,11/21/2018 9:00,2018-11-21,9,1542808800,,,,Property Damage,Rear to Side,No,No,No,No,35,2,No,No,Shoulder and Lap Belt Used,37421,Shoulder and Lap Belt Used,37343,No,No,Daylight,Clear,511,37,12,0,7,12,1542805200,0.83,4.95,20,1,0,30.77,8.94,0,35.11,30.55,2.966,,clear-day,clear,0,0,0,0,1,0
,35.088316,-85.215233,,US-153,Amnicola Hwy,2/10/2018 10:00,2018-02-10,10,1518274800,,,,Property Damage,"Sideswipe, Same Direction",No,No,No,No,55,2,No,No,Shoulder and Lap Belt Used,37416,Shoulder and Lap Belt Used,37310,No,No,Daylight,Rain,588,24,10,1,7,10,1518271200,0.93,1.69,174,1,0.007,51.86,5.94,1,51.86,49.88,2.003,rain,rain,drizzle,1,0,0,0,0,1
,35.087431,-85.213791,516 Highway 153 Nb,,58,3/1/2018 18:00,2018-03-01,18,1519945200,,,,Property Damage,Other,No,No,No,No,55,3,No,No,Shoulder and Lap Belt Used,37341,Shoulder and Lap Belt Used,37327,No,No,Daylight,Clear,588,24,10,1,7,10,1519941600,0.88,3.39,279,0,0.013,57.67,8.74,0.75,57.67,54.22,6.238,rain,rain,possible drizzle,1,0,0,0,0,1
,35.087611,-85.214113,520 Hwy 153,,Amnicola hwy,6/19/2018 17:00,2018-06-19,17,1529442000,,,,Property Damage,Front to Rear,No,No,No,No,55,2,No,No,Shoulder and Lap Belt Used,37343,Shoulder and Lap Belt Used,37312,No,No,Daylight,Clear,588,24,10,1,7,10,1529438400,0.59,3.7,294,5,0.012,89.14,7.94,0.34,85.09,69.23,10,rain,partly-cloudy-day,partly cloudy,0,1,0,0,0,0
,35.089237,-85.216935,520-549 Highway 153 Nb,,Amnicola Hwy,8/9/2018 14:00,2018-08-09,14,1533837600,,,,Possible Injury,Front to Rear,No,No,Yes,No,55,2,No,No,Shoulder and Lap Belt Used,37379,Shoulder and Lap Belt Used,37379,No,No,Daylight,Clear,588,24,10,1,7,10,1533834000,0.63,3.59,247,7,0,93.7,7.02,0.69,86.72,72.6,2.081,,partly-cloudy-day,humid and mostly cloudy,0,1,0,0,0,0
,35.087611,-85.214113,520 Highway 153 Nb,,Amnicola Hwy,9/26/2018 8:00,2018-09-26,8,1537963200,,,,Property Damage,Front to Rear,No,No,No,No,50,2,No,No,Shoulder and Lap Belt Used,37341,Shoulder and Lap Belt Used,37302,No,No,Daylight,Rain,588,24,10,1,7,10,1537959600,0.94,2.24,201,0,0.037,73.84,6.29,1,72.49,70.54,1.664,rain,rain,possible light rain,1,0,0,0,0,1
,35.000776,-85.157489,1018 Dodie Dr,,Dodie Dr,2/10/2018 15:00,2018-02-10,15,1518292800,,,,Property Damage Under,Rear to Side,No,No,No,No,25,2,No,No,,37421,Shoulder and Lap Belt Used,37421,No,No,Daylight,Rain,211,36,19,0,7,12,1518289200,0.94,1.99,188,2,0.04,54.88,5.68,1,54.88,53.14,1.901,rain,rain,light rain,1,0,0,0,0,1
,35.005226,-85.154077,Mackey Ave,SR-1101,E Brainerd Rd,6/17/2018 11:00,2018-06-17,11,1529247600,,,,Property Damage,Not Collision with Motor Vehicle in Transport,No,No,No,No,15,1,No,No,,37421,Shoulder and Lap Belt Used,37421,No,No,Daylight,Clear,211,36,19,0,7,12,1529244000,0.66,2.51,45,6,0,88.88,5.68,0.19,83.8,71.3,6.009,,partly-cloudy-day,partly cloudy,0,1,0,0,0,0
,35.005078,-85.153348,E Brainerd Rd,,Mackey Ave,12/10/2018 11:00,2018-12-10,11,1544457600,,,,Property Damage,Angle,No,No,No,No,,2,No,No,Shoulder and Lap Belt Used,37363,,37421,No,No,Daylight,Rain,211,36,19,0,7,12,1544454000,0.89,6.3,10,2,0,34.07,12.79,1,38.76,35.93,5.616,,cloudy,overcast,0,1,0,0,0,0
,35.005469,-85.152149,7961 E Brainerd Rd,,Gunbarrel Rd,5/28/2019 17:00,2019-05-28,17,1559077200,,,,Property Damage Under,Front to Rear,No,No,No,No,40,2,No,No,Shoulder and Lap Belt Used,37214,Shoulder and Lap Belt Used,37421,No,No,Daylight,Clear,211,36,19,0,7,12,1559073600,0.42,6.47,224,4,0,93.07,14.81,0.44,90.99,64.96,5.237,,partly-cloudy-day,partly cloudy,0,1,0,0,0,0
,35.088279,-85.189735,4749 Highway 58,,Oakwood Dr,2/10/2018 19:00,2018-02-10,19,1518307200,,,,Property Damage Under,"Sideswipe, Same Direction",No,No,No,No,45,2,No,No,Unknown,37416,Unknown,37343,No,No,Dark - Not Lighted,Rain,633,27,9,0,7,17,1518303600,0.93,1.17,171,0,0.208,57.73,3.4,1,57.73,55.79,2.571,rain,rain,rain,1,0,0,0,0,1
,35.0865485,-85.191334,450 Highway 153 Nb,,Highway 58,2/15/2018 14:00,2018-02-15,14,1518721200,,,,Possible Injury,Front to Rear,No,No,Yes,No,55,2,No,No,Shoulder and Lap Belt Used,37406,Shoulder and Lap Belt Used,37406,No,No,Daylight,Clear,633,27,9,0,7,17,1518717600,0.79,5.22,212,3,0,69.51,11.77,0.8,69.19,62.29,8.099,,partly-cloudy-day,mostly cloudy,0,1,0,0,0,0
,35.090033,-85.191327,3933 Webb Oaks Ct,,Webb Rd,2/17/2018 0:00,2018-02-17,0,1518843600,,,,Property Damage,Unknown,Yes,No,No,No,15,2,No,No,Unknown,Unknown,,37411,,,Unknown,Rain,633,27,9,0,7,17,1518840000,0.84,1.98,17,0,0,47.75,4.66,1,47.75,43.03,6.072,,cloudy,overcast,0,1,0,0,0,0
,35.086859,-85.188743,4758 Highway 58,,Hal Drive,3/27/2018 12:00,2018-03-27,12,1522166400,,,,Property Damage,Unknown,Yes,No,No,No,15,2,No,No,Unknown,Unknown,,37421,,,Daylight,Clear,633,27,9,0,7,17,1522162800,0.7,3.49,187,4,0,52.34,6.94,1,52.34,42.85,6.48,,cloudy,overcast,0,1,0,0,0,0
,35.088016,-85.191323,3917 Webb Rd,,Hwy58,5/31/2018 15:00,2018-05-31,15,1527793200,,,,Possible Injury,Not Collision with Motor Vehicle in Transport,No,No,No,No,30,2,No,No,Shoulder and Lap Belt Used,37412,Shoulder and Lap Belt Used,37416,No,No,Daylight,Cloudy,633,27,9,0,7,17,1527789600,0.7,5.12,222,5,0.005,89.95,12.23,1,83.8,72.83,5.862,rain,cloudy,humid and overcast,0,1,0,0,0,0
,35.089391,-85.188033,4800 Higway 58 Hwy,,Oakwood Drive,10/18/2018 10:00,2018-10-18,10,1539871200,,,,Property Damage,"Sideswipe, Same Direction",No,No,No,No,45,2,No,No,Shoulder and Lap Belt Used,37363,Shoulder and Lap Belt Used,37341,No,No,Daylight,Clear,633,27,9,0,7,17,1539867600,0.63,8.99,26,2,0,52.5,17.4,0,52.5,40.34,6.19,,clear-day,clear,0,0,0,0,1,0
,35.085973,-85.190723,4700 Hwy 58,,4700 58 Hwy,10/22/2018 0:00,2018-10-22,0,1540180800,,,,Property Damage,Front to Rear,No,No,No,No,45,2,No,No,Shoulder and Lap Belt Used,37416,Shoulder and Lap Belt Used,30752,,No,Unknown,Unknown,633,27,9,0,7,17,1540177200,0.83,0.66,49,0,0,40.84,5.05,0,40.84,35.94,9.354,,clear-night,clear,0,0,0,0,1,0
,35.089428,-85.190258,4000 Oakwood Dr,,Webb Rd,12/10/2018 0:00,2018-12-10,0,1544418000,,,,Property Damage,Head On,No,No,No,No,25,2,No,No,Shoulder and Lap Belt Used,37416,Shoulder and Lap Belt Used,37412,No,No,Unknown,Rain,633,27,9,0,7,17,1544414400,0.91,6.26,19,0,0,34,13.19,1,38.67,36.21,4.053,,cloudy,overcast,0,1,0,0,0,0
,35.089243,-85.188198,4700 58 Hwy,,4700 58 Hwy,2/11/2019 0:00,2019-02-11,0,1549861200,,,,Property Damage,Front to Rear,No,No,No,No,45,2,No,No,Shoulder and Lap Belt Used,37416,Shoulder and Lap Belt Used,37416,No,No,Unknown,Unknown,633,27,9,0,7,17,1549857600,0.91,1.23,183,0,0,40.29,4.91,1,40.29,37.8,7.369,,cloudy,overcast,0,1,0,0,0,0
,35.08788,-85.188389,4762 Highway 58,SR-4762,Oakwood Dr,3/18/2019 13:00,2019-03-18,13,1552928400,,,,Property Damage,"Sideswipe, Same Direction",No,No,No,No,40,2,No,No,Shoulder and Lap Belt Used,37343,Shoulder and Lap Belt Used,37336,No,No,Daylight,Clear,633,27,9,0,7,17,1552924800,0.32,7.65,352,6,0,51.37,17.5,0,51.37,22.18,4.684,,clear-day,clear,0,0,0,0,1,0
,35.085338,-85.068468,Lee Hwy Exit Ramp,I-75,Lee Hwy Exit Ramp,2/12/2018 8:00,2018-02-12,8,1518440400,,,,Property Damage,"Sideswipe, Same Direction",No,No,No,No,55,2,No,No,Shoulder and Lap Belt Used,30736,Shoulder and Lap Belt Used,77568,No,No,Daylight,Clear,852,41,3,0,2,5,1518436800,0.92,3.81,349,0,0.001,37.51,7.21,1,40.01,37.74,8.747,rain,cloudy,overcast,0,1,0,0,0,0
,35.085338,-85.068468,Lee Hwy Exit Ramp,I-75,Lee Hwy Exit Ramp,2/12/2018 8:00,2018-02-12,8,1518440400,,,,Property Damage,"Sideswipe, Same Direction",No,No,No,No,55,2,No,No,Shoulder and Lap Belt Used,30736,Shoulder and Lap Belt Used,77568,No,No,Daylight,Clear,852,41,3,0,2,5,1518436800,0.92,3.81,349,0,0.001,37.51,7.21,1,40.01,37.74,8.747,rain,cloudy,overcast,0,1,0,0,0,0
,35.085338,-85.068468,Lee Hwy Exit Ramp,I-75,Lee Hwy Exit Ramp,2/12/2018 8:00,2018-02-12,8,1518440400,,,,Property Damage,"Sideswipe, Same Direction",No,No,No,No,55,2,No,No,Shoulder and Lap Belt Used,30736,Shoulder and Lap Belt Used,77568,No,No,Daylight,Clear,852,41,3,0,2,5,1518436800,0.92,3.81,349,0,0.001,37.51,7.21,1,40.01,37.74,8.747,rain,cloudy,overcast,0,1,0,0,0,0
,35.085338,-85.068468,Lee Hwy Exit Ramp,I-75,Lee Hwy Exit Ramp,2/12/2018 8:00,2018-02-12,8,1518440400,,,,Property Damage,"Sideswipe, Same Direction",No,No,No,No,55,2,No,No,Shoulder and Lap Belt Used,30736,Shoulder and Lap Belt Used,77568,No,No,Daylight,Clear,852,41,3,0,2,5,1518436800,0.92,3.81,349,0,0.001,37.51,7.21,1,40.01,37.74,8.747,rain,cloudy,overcast,0,1,0,0,0,0
,35.086765,-85.069448,8936 Lee Hwy,,I-75 S/B,3/1/2018 9:00,2018-03-01,9,1519912800,,,,Property Damage,Front to Rear,No,No,No,No,45,4,No,No,Shoulder and Lap Belt Used,37363,Shoulder and Lap Belt Used,37363,No,No,Daylight,Rain,852,41,3,0,2,5,1519909200,0.95,1.92,302,1,0.024,56.61,3.72,1,56.61,55.32,2.11,rain,rain,light rain,1,0,0,0,0,1
,35.086765,-85.069448,8936 Lee Hwy,,I-75 S/B,3/1/2018 9:00,2018-03-01,9,1519912800,,,,Property Damage,Front to Rear,No,No,No,No,45,4,No,No,Shoulder and Lap Belt Used,37363,Shoulder and Lap Belt Used,37363,No,No,Daylight,Rain,852,41,3,0,2,5,1519909200,0.95,1.92,302,1,0.024,56.61,3.72,1,56.61,55.32,2.11,rain,rain,light rain,1,0,0,0,0,1
,35.086765,-85.069448,8936 Lee Hwy,,I-75 S/B,3/1/2018 9:00,2018-03-01,9,1519912800,,,,Property Damage,Front to Rear,No,No,No,No,45,4,No,No,Shoulder and Lap Belt Used,37363,Shoulder and Lap Belt Used,37363,No,No,Daylight,Rain,852,41,3,0,2,5,1519909200,0.95,1.92,302,1,0.024,56.61,3.72,1,56.61,55.32,2.11,rain,rain,light rain,1,0,0,0,0,1
,35.086765,-85.069448,8936 Lee Hwy,,I-75 S/B,3/1/2018 9:00,2018-03-01,9,1519912800,,,,Property Damage,Front to Rear,No,No,No,No,45,4,No,No,Shoulder and Lap Belt Used,37363,Shoulder and Lap Belt Used,37363,No,No,Daylight,Rain,852,41,3,0,2,5,1519909200,0.95,1.92,302,1,0.024,56.61,3.72,1,56.61,55.32,2.11,rain,rain,light rain,1,0,0,0,0,1
,35.087633,-85.070057,8935 Lee Hwy,,Hunter Rs,5/14/2018 12:00,2018-05-14,12,1526313600,,,,Property Damage Under,"Sideswipe, Same Direction",No,No,No,No,35,2,No,No,Shoulder and Lap Belt Used,37363,Shoulder and Lap Belt Used,37341,No,No,Daylight,Clear,852,41,3,0,2,5,1526310000,0.55,1.47,31,8,0,88.05,4.08,0.12,85.1,67.35,6.89,,clear-day,clear,0,0,0,0,1,0
,35.087633,-85.070057,8935 Lee Hwy,,Hunter Rs,5/14/2018 12:00,2018-05-14,12,1526313600,,,,Property Damage Under,"Sideswipe, Same Direction",No,No,No,No,35,2,No,No,Shoulder and Lap Belt Used,37363,Shoulder and Lap Belt Used,37341,No,No,Daylight,Clear,852,41,3,0,2,5,1526310000,0.55,1.47,31,8,0,88.05,4.08,0.12,85.1,67.35,6.89,,clear-day,clear,0,0,0,0,1,0
,35.087633,-85.070057,8935 Lee Hwy,,Hunter Rs,5/14/2018 12:00,2018-05-14,12,1526313600,,,,Property Damage Under,"Sideswipe, Same Direction",No,No,No,No,35,2,No,No,Shoulder and Lap Belt Used,37363,Shoulder and Lap Belt Used,37341,No,No,Daylight,Clear,852,41,3,0,2,5,1526310000,0.55,1.47,31,8,0,88.05,4.08,0.12,85.1,67.35,6.89,,clear-day,clear,0,0,0,0,1,0
,35.087633,-85.070057,8935 Lee Hwy,,Hunter Rs,5/14/2018 12:00,2018-05-14,12,1526313600,,,,Property Damage Under,"Sideswipe, Same Direction",No,No,No,No,35,2,No,No,Shoulder and Lap Belt Used,37363,Shoulder and Lap Belt Used,37341,No,No,Daylight,Clear,852,41,3,0,2,5,1526310000,0.55,1.47,31,8,0,88.05,4.08,0.12,85.1,67.35,6.89,,clear-day,clear,0,0,0,0,1,0
,35.086775,-85.069482,8900 Lee Hwy,,Hunter Rd,6/8/2018 20:00,2018-06-08,20,1528502400,,,,Property Damage,Angle,No,No,No,No,40,2,No,No,Shoulder and Lap Belt Used,49709,Shoulder and Lap Belt Used,37341,No,No,Daylight,Clear,852,41,3,0,2,5,1528498800,0.58,3.55,138,0,0,88.47,6.04,0.19,84.9,68.49,6.866,,partly-cloudy-day,partly cloudy,0,1,0,0,0,0
,35.086775,-85.069482,8900 Lee Hwy,,Hunter Rd,6/8/2018 20:00,2018-06-08,20,1528502400,,,,Property Damage,Angle,No,No,No,No,40,2,No,No,Shoulder and Lap Belt Used,49709,Shoulder and Lap Belt Used,37341,No,No,Daylight,Clear,852,41,3,0,2,5,1528498800,0.58,3.55,138,0,0,88.47,6.04,0.19,84.9,68.49,6.866,,partly-cloudy-day,partly cloudy,0,1,0,0,0,0
,35.086775,-85.069482,8900 Lee Hwy,,Hunter Rd,6/8/2018 20:00,2018-06-08,20,1528502400,,,,Property Damage,Angle,No,No,No,No,40,2,No,No,Shoulder and Lap Belt Used,49709,Shoulder and Lap Belt Used,37341,No,No,Daylight,Clear,852,41,3,0,2,5,1528498800,0.58,3.55,138,0,0,88.47,6.04,0.19,84.9,68.49,6.866,,partly-cloudy-day,partly cloudy,0,1,0,0,0,0
,35.086775,-85.069482,8900 Lee Hwy,,Hunter Rd,6/8/2018 20:00,2018-06-08,20,1528502400,,,,Property Damage,Angle,No,No,No,No,40,2,No,No,Shoulder and Lap Belt Used,49709,Shoulder and Lap Belt Used,37341,No,No,Daylight,Clear,852,41,3,0,2,5,1528498800,0.58,3.55,138,0,0,88.47,6.04,0.19,84.9,68.49,6.866,,partly-cloudy-day,partly cloudy,0,1,0,0,0,0
,35.084997,-85.071142,1140 Interstate,I-75,LEE HWY,7/16/2018 19:00,2018-07-16,19,1531782000,,,,Property Damage,Angle,No,No,No,No,55,3,No,No,Shoulder and Lap Belt Used,36323,None Used MV Occupant,37087,No,No,Daylight,Clear,852,41,3,0,2,5,1531778400,0.68,4.06,167,1,0,93.32,7.97,0,85.58,73.88,6.926,,clear-day,humid,0,0,0,0,1,0
,35.084997,-85.071142,1140 Interstate,I-75,LEE HWY,7/16/2018 19:00,2018-07-16,19,1531782000,,,,Property Damage,Angle,No,No,No,No,55,3,No,No,Shoulder and Lap Belt Used,36323,None Used MV Occupant,37087,No,No,Daylight,Clear,852,41,3,0,2,5,1531778400,0.68,4.06,167,1,0,93.32,7.97,0,85.58,73.88,6.926,,clear-day,humid,0,0,0,0,1,0
,35.084997,-85.071142,1140 Interstate,I-75,LEE HWY,7/16/2018 19:00,2018-07-16,19,1531782000,,,,Property Damage,Angle,No,No,No,No,55,3,No,No,Shoulder and Lap Belt Used,36323,None Used MV Occupant,37087,No,No,Daylight,Clear,852,41,3,0,2,5,1531778400,0.68,4.06,167,1,0,93.26,7.97,0,85.54,73.88,6.926,,clear-day,humid,0,0,0,0,1,0
,35.084997,-85.071142,1140 Interstate,I-75,LEE HWY,7/16/2018 19:00,2018-07-16,19,1531782000,,,,Property Damage,Angle,No,No,No,No,55,3,No,No,Shoulder and Lap Belt Used,36323,None Used MV Occupant,37087,No,No,Daylight,Clear,852,41,3,0,2,5,1531778400,0.68,4.06,167,1,0,93.26,7.97,0,85.54,73.88,6.926,,clear-day,humid,0,0,0,0,1,0
,35.086764,-85.071085,8934 Lee Hwy,SR-8934,Ooltewah Georgetown Rd,8/16/2018 0:00,2018-08-16,0,1534392000,,,,Property Damage,Rear to Rear,Yes,No,No,No,15,2,No,No,,37421,Unknown,Unknown,,,Unknown,Unknown,852,41,3,0,2,5,1534388400,0.88,1.06,146,0,0,75.59,4.3,0,74.34,70.43,3.014,,clear-night,clear,0,0,0,0,1,0
,35.086764,-85.071085,8934 Lee Hwy,SR-8934,Ooltewah Georgetown Rd,8/16/2018 0:00,2018-08-16,0,1534392000,,,,Property Damage,Rear to Rear,Yes,No,No,No,15,2,No,No,,37421,Unknown,Unknown,,,Unknown,Unknown,852,41,3,0,2,5,1534388400,0.88,1.06,146,0,0,75.59,4.3,0,74.34,70.43,3.014,,clear-night,clear,0,0,0,0,1,0
,35.086764,-85.071085,8934 Lee Hwy,SR-8934,Ooltewah Georgetown Rd,8/16/2018 0:00,2018-08-16,0,1534392000,,,,Property Damage,Rear to Rear,Yes,No,No,No,15,2,No,No,,37421,Unknown,Unknown,,,Unknown,Unknown,852,41,3,0,2,5,1534388400,0.88,1.06,146,0,0,75.59,4.3,0,74.34,70.43,3.014,,clear-night,clear,0,0,0,0,1,0
,35.086764,-85.071085,8934 Lee Hwy,SR-8934,Ooltewah Georgetown Rd,8/16/2018 0:00,2018-08-16,0,1534392000,,,,Property Damage,Rear to Rear,Yes,No,No,No,15,2,No,No,,37421,Unknown,Unknown,,,Unknown,Unknown,852,41,3,0,2,5,1534388400,0.88,1.06,146,0,0,75.59,4.3,0,74.34,70.43,3.014,,clear-night,clear,0,0,0,0,1,0
,35.08811,-85.071898,5010 Hunter Rd,,5010 Hunter Rd,9/5/2018 19:00,2018-09-05,19,1536188400,,,,Property Damage,"Sideswipe, Same Direction",No,No,No,No,40,2,No,No,Unknown,37363,Unknown,37312,No,No,Dark - Lighted,Clear,852,41,3,0,2,5,1536184800,0.74,2.23,55,0,0,88.13,6.82,0,82.4,73.19,7.281,,clear-day,humid,0,0,0,0,1,0