Accident,Latitude,Longitude,Street,AltStreet,Intersection,DateTime,Date,Hour,Unix,WeekDay,WeekEnd,DayFrame,AccidentType,CollisionType,HaR,FatalInjury,MedicalTransport,InvolvedPlacardedTruck,PostedSpeed,TotalVehiclesInvolved,PedestrianInvolved,BicycleInvolved,DriverOneSafetyEquipment,DriverOneZip,DriverTwoSafetyEquipment,DriverTwoZip,Drug,Alcohol,LightCondition,Weather,Grid_Block,Grid_Col,Grid_Row,Highway,Land_Use_Mode,Road_Count,HourBefore,humidity,windSpeed,windBearing,uvIndex,precipIntensity,apparentTemperature,windGust,cloudCover,temperature,dewPoint,visibility,precipType,Event,Conditions,Rain,Cloudy,Foggy,Snow,Clear,RainBefore
,35.08811,-85.071898,5010 Hunter Rd,,5010 Hunter Rd,9/5/2018 19:00,2018-09-05,19,1536188400,,,,Property Damage,"Sideswipe, Same Direction",No,No,No,No,40,2,No,No,Unknown,37363,Unknown,37312,No,No,Dark - Lighted,Clear,852,41,3,0,2,5,1536184800,0.74,2.23,55,0,0,88.13,6.82,0,82.4,73.19,7.281,,clear-day,humid,0,0,0,0,1,0
,35.08811,-85.071898,5010 Hunter Rd,,5010 Hunter Rd,9/5/2018 19:00,2018-09-05,19,1536188400,,,,Property Damage,"Sideswipe, Same Direction",No,No,No,No,40,2,No,No,Unknown,37363,Unknown,37312,No,No,Dark - Lighted,Clear,852,41,3,0,2,5,1536184800,0.74,2.23,55,0,0,88.13,6.82,0,82.4,73.19,7.281,,clear-day,humid,0,0,0,0,1,0
,35.08811,-85.071898,5010 Hunter Rd,,5010 Hunter Rd,9/5/2018 19:00,2018-09-05,19,1536188400,,,,Property Damage,"Sideswipe, Same Direction",No,No,No,No,40,2,No,No,Unknown,37363,Unknown,37312,No,No,Dark - Lighted,Clear,852,41,3,0,2,5,1536184800,0.74,2.23,55,0,0,88.13,6.82,0,82.4,73.19,7.281,,clear-day,humid,0,0,0,0,1,0
,35.084202,-85.07327,1130 Interstate 75 Northbound,,Exit 11,10/18/2018 18:00,2018-10-18,18,1539900000,,,,Property Damage,Front to Rear,No,No,No,No,65,2,No,No,Shoulder and Lap Belt Used,37415,Shoulder and Lap Belt Used,37353,No,No,Daylight,Clear,852,41,3,0,2,5,1539896400,0.46,4.17,38,0,0,64.88,7.96,0,64.88,43.41,7.883,,clear-day,clear,0,0,0,0,1,0
,35.084202,-85.07327,1130 Interstate 75 Northbound,,Exit 11,10/18/2018 18:00,2018-10-18,18,1539900000,,,,Property Damage,Front to Rear,No,No,No,No,65,2,No,No,Shoulder and Lap Belt Used,37415,Shoulder and Lap Belt Used,37353,No,No,Daylight,Clear,852,41,3,0,2,5,1539896400,0.46,4.17,38,0,0,64.88,7.96,0,64.88,43.41,7.883,,clear-day,clear,0,0,0,0,1,0
,35.084202,-85.07327,1130 Interstate 75 Northbound,,Exit 11,10/18/2018 18:00,2018-10-18,18,1539900000,,,,Property Damage,Front to Rear,No,No,No,No,65,2,No,No,Shoulder and Lap Belt Used,37415,Shoulder and Lap Belt Used,37353,No,No,Daylight,Clear,852,41,3,0,2,5,1539896400,0.46,4.17,38,0,0,64.62,7.96,0,64.62,43.41,7.883,,clear-day,clear,0,0,0,0,1,0
,35.084202,-85.07327,1130 Interstate 75 Northbound,,Exit 11,10/18/2018 18:00,2018-10-18,18,1539900000,,,,Property Damage,Front to Rear,No,No,No,No,65,2,No,No,Shoulder and Lap Belt Used,37415,Shoulder and Lap Belt Used,37353,No,No,Daylight,Clear,852,41,3,0,2,5,1539896400,0.46,4.17,38,0,0,64.62,7.96,0,64.62,43.41,7.883,,clear-day,clear,0,0,0,0,1,0
,35.087315,-85.071104,Lee Hwy,,Hunter Rd,11/6/2018 7:00,2018-11-06,7,1541505600,,,,Property Damage,Front to Rear,No,No,No,No,25,2,No,No,Shoulder and Lap Belt Used,37363,Shoulder and Lap Belt Used,37363,No,No,Dawn,Rain,852,41,3,0,2,5,1541502000,0.91,2.08,147,0,0,61.26,7.69,1,61.15,58.58,7.085,,cloudy,overcast,0,1,0,0,0,0
,35.087315,-85.071104,Lee Hwy,,Hunter Rd,11/6/2018 7:00,2018-11-06,7,1541505600,,,,Property Damage,Front to Rear,No,No,No,No,25,2,No,No,Shoulder and Lap Belt Used,37363,Shoulder and Lap Belt Used,37363,No,No,Dawn,Rain,852,41,3,0,2,5,1541502000,0.91,2.08,147,0,0,61.26,7.69,1,61.15,58.58,7.085,,cloudy,overcast,0,1,0,0,0,0
,35.087315,-85.071104,Lee Hwy,,Hunter Rd,11/6/2018 7:00,2018-11-06,7,1541505600,,,,Property Damage,Front to Rear,No,No,No,No,25,2,No,No,Shoulder and Lap Belt Used,37363,Shoulder and Lap Belt Used,37363,No,No,Dawn,Rain,852,41,3,0,2,5,1541502000,0.91,2.08,147,0,0,61.35,7.69,1,61.25,58.58,7.085,,cloudy,overcast,0,1,0,0,0,0
,35.087315,-85.071104,Lee Hwy,,Hunter Rd,11/6/2018 7:00,2018-11-06,7,1541505600,,,,Property Damage,Front to Rear,No,No,No,No,25,2,No,No,Shoulder and Lap Belt Used,37363,Shoulder and Lap Belt Used,37363,No,No,Dawn,Rain,852,41,3,0,2,5,1541502000,0.91,2.08,147,0,0,61.35,7.69,1,61.25,58.58,7.085,,cloudy,overcast,0,1,0,0,0,0
,35.085697,-85.065323,9039 Lee Hwy,,I-75,12/6/2018 16:00,2018-12-06,16,1544130000,,,,Property Damage,Other,No,No,No,No,45,2,No,No,,37421,Shoulder and Lap Belt Used,37353,No,No,Daylight,Clear,852,41,3,0,2,5,1544126400,0.45,2.52,250,0,0,43.1,7.6,0.19,43.1,23.21,6.584,,partly-cloudy-day,partly cloudy,0,1,0,0,0,0
,35.085697,-85.065323,9039 Lee Hwy,,I-75,12/6/2018 16:00,2018-12-06,16,1544130000,,,,Property Damage,Other,No,No,No,No,45,2,No,No,,37421,Shoulder and Lap Belt Used,37353,No,No,Daylight,Clear,852,41,3,0,2,5,1544126400,0.45,2.52,250,0,0,43.1,7.6,0.19,43.1,23.21,6.584,,partly-cloudy-day,partly cloudy,0,1,0,0,0,0
,35.085697,-85.065323,9039 Lee Hwy,,I-75,12/6/2018 16:00,2018-12-06,16,1544130000,,,,Property Damage,Other,No,No,No,No,45,2,No,No,,37421,Shoulder and Lap Belt Used,37353,No,No,Daylight,Clear,852,41,3,0,2,5,1544126400,0.45,2.52,250,0,0,43.05,7.6,0.19,43.05,23.21,6.584,,partly-cloudy-day,partly cloudy,0,1,0,0,0,0
,35.085697,-85.065323,9039 Lee Hwy,,I-75,12/6/2018 16:00,2018-12-06,16,1544130000,,,,Property Damage,Other,No,No,No,No,45,2,No,No,,37421,Shoulder and Lap Belt Used,37353,No,No,Daylight,Clear,852,41,3,0,2,5,1544126400,0.45,2.52,250,0,0,43.05,7.6,0.19,43.05,23.21,6.584,,partly-cloudy-day,partly cloudy,0,1,0,0,0,0
,35.08811,-85.071898,5010 Hunter Rd,SR-5010,Lee Hwy,12/20/2018 7:00,2018-12-20,7,1545307200,,,,Property Damage,Angle,No,No,No,No,45,2,No,No,Shoulder and Lap Belt Used,37363,Shoulder and Lap Belt Used,37363,No,No,Daylight,Rain,852,41,3,0,2,5,1545303600,0.89,2.22,12,0,0.002,46.2,2.99,1,46.2,43.14,4.695,rain,rain,possible drizzle,1,0,0,0,0,1
,35.08811,-85.071898,5010 Hunter Rd,SR-5010,Lee Hwy,12/20/2018 7:00,2018-12-20,7,1545307200,,,,Property Damage,Angle,No,No,No,No,45,2,No,No,Shoulder and Lap Belt Used,37363,Shoulder and Lap Belt Used,37363,No,No,Daylight,Rain,852,41,3,0,2,5,1545303600,0.89,2.22,12,0,0.002,46.2,2.99,1,46.2,43.14,4.695,rain,rain,possible drizzle,1,0,0,0,0,1
,35.08811,-85.071898,5010 Hunter Rd,SR-5010,Lee Hwy,12/20/2018 7:00,2018-12-20,7,1545307200,,,,Property Damage,Angle,No,No,No,No,45,2,No,No,Shoulder and Lap Belt Used,37363,Shoulder and Lap Belt Used,37363,No,No,Daylight,Rain,852,41,3,0,2,5,1545303600,0.89,2.22,12,0,0.002,46.21,2.99,1,46.21,43.14,4.695,rain,rain,possible drizzle,1,0,0,0,0,1
,35.08811,-85.071898,5010 Hunter Rd,SR-5010,Lee Hwy,12/20/2018 7:00,2018-12-20,7,1545307200,,,,Property Damage,Angle,No,No,No,No,45,2,No,No,Shoulder and Lap Belt Used,37363,Shoulder and Lap Belt Used,37363,No,No,Daylight,Rain,852,41,3,0,2,5,1545303600,0.89,2.22,12,0,0.002,46.21,2.99,1,46.21,43.14,4.695,rain,rain,possible drizzle,1,0,0,0,0,1
,35.085507,-85.066781,1-9 Exit 11 Off Ramp Nb rd,,Lee Hwy,1/15/2019 18:00,2019-01-15,18,1547593200,,,,Property Damage,"Sideswipe, Same Direction",No,No,No,No,30,2,No,No,Shoulder and Lap Belt Used,30088,Shoulder and Lap Belt Used,37363,No,No,Dark - Not Lighted,Clear,852,41,3,0,2,5,1547589600,0.72,3.53,334,0,0,33.81,3.53,1,36.52,28.39,8.586,,cloudy,overcast,0,1,0,0,0,0
,35.085385,-85.065841,9043 Lee Hwy,,Little debbie parkway,1/28/2019 19:00,2019-01-28,19,1548720000,,,,Property Damage,Angle,No,No,No,No,35,2,No,No,Shoulder and Lap Belt Used,30728,,92346,No,No,Dark - Lighted,Rain,852,41,3,0,2,5,1548716400,0.45,5.29,225,0,0,54.28,11.4,1,54.28,33.17,5.622,,cloudy,overcast,0,1,0,0,0,0
,35.085686,-85.066688,9000 Lee Hwy,SR-9000,I-75 overpass,2/2/2019 8:00,2019-02-02,8,1549112400,,,,Property Damage Under,Front to Rear,No,No,No,No,45,3,No,No,Shoulder and Lap Belt Used,37312,Shoulder and Lap Belt Used,37363,No,No,Daylight,Clear,852,41,3,0,2,5,1549108800,0.89,0.77,17,0,0,32.54,3.78,0,32.54,29.53,7.141,,clear-day,clear,0,0,0,0,1,0
,35.08673,-85.064962,6106 Artesian Cir,,Lee Hwy,2/6/2019 21:00,2019-02-06,21,1549504800,,,,Property Damage,Unknown,Yes,No,No,No,25,2,No,No,,37363,Unknown,Unknown,,,Dark - Not Lighted,Clear,852,41,3,0,2,5,1549501200,0.83,8.99,194,0,0,69.11,15.42,1,68.64,63.29,5.167,,cloudy,overcast,0,1,0,0,0,0
,35.086249,-85.068461,1100 Interstate 75 Nb Rd,,Lee Hwy,4/10/2019 20:00,2019-04-10,20,1554940800,,,,Property Damage Under,Front to Rear,No,No,No,No,35,2,No,No,Shoulder and Lap Belt Used,37363,Shoulder and Lap Belt Used,37363,No,No,Dusk,Clear,852,41,3,0,2,5,1554937200,0.26,1.84,216,0,0,78.57,6.72,0,78.57,40.88,8.168,,clear-day,clear,0,0,0,0,1,0
,35.084291,-85.072967,,I-75,Lee Hwy,4/22/2019 6:00,2019-04-22,6,1555927200,,,,Property Damage,Unknown,Yes,No,No,No,65,2,No,No,Shoulder and Lap Belt Used,37129,Unknown,Unknown,No,No,Dawn,Clear,852,41,3,0,2,5,1555923600,0.94,1.16,18,0,0,42.45,2.92,0,42.45,40.96,6.459,,clear-night,clear,0,0,0,0,1,0
,35.085686,-85.066688,Lee Hwy,,Lee Hwy,5/1/2019 23:00,2019-05-01,23,1556766000,,,,Property Damage,Angle,No,No,No,No,30,2,No,No,Shoulder and Lap Belt Used,37363,Shoulder and Lap Belt Used,37110,No,No,Dark - Lighted,Clear,852,41,3,0,2,5,1556762400,0.9,2.46,156,0,0.008,69.7,9.32,0.79,68.89,65.78,4.786,rain,rain,possible drizzle,1,0,0,0,0,1
,35.0859782,-85.068391,,I-75,Lee Hwy,5/17/2019 18:00,2019-05-17,18,1558130400,,,,Possible Injury,Front to Rear,No,No,Yes,No,55,6,No,No,Shoulder and Lap Belt Used,37312,Shoulder and Lap Belt Used,37323,No,No,Daylight,Clear,852,41,3,0,2,5,1558126800,0.41,4.58,255,2,0,88.31,9.18,0.32,88.03,61.64,8.597,,partly-cloudy-day,partly cloudy,0,1,0,0,0,0
,35.033725,-85.270406,310 S Kelley St,,McCallie Ave,2/12/2018 18:00,2018-02-12,18,1518476400,,,,Property Damage,Unknown,Yes,No,No,No,25,2,No,No,Unknown,Unknown,,37404,,,Daylight,Clear,132,21,21,0,7,21,1518472800,0.81,4.33,36,0,0,41.58,9.14,1,43.92,38.32,5.729,,cloudy,overcast,0,1,0,0,0,0
,35.035364,-85.273225,Mccallie Ave,,N Lyerly St,3/23/2018 8:00,2018-03-23,8,1521806400,,,,Property Damage,Unknown,Yes,No,No,No,15,2,No,No,Unknown,Unknown,,37404,,,Daylight,Clear,132,21,21,0,7,21,1521802800,0.65,0.51,0,0,0,39.53,1,0.75,39.53,28.57,6.315,,partly-cloudy-day,mostly cloudy,0,1,0,0,0,0
,35.033559,-85.269295,2230 Mccallie Ave,,S Lyerly St,5/11/2018 18:00,2018-05-11,18,1526076000,,,,Property Damage,Unknown,Yes,No,No,No,,2,No,No,Unknown,Unknown,,37410,,,Daylight,Clear,132,21,21,0,7,21,1526072400,0.43,1.17,226,2,0,86.98,5.09,0.19,86.6,61.77,6.315,,partly-cloudy-day,partly cloudy,0,1,0,0,0,0
,35.031245,-85.270199,600 S Lyerly St,,Bailey Ave,6/27/2018 16:00,2018-06-27,16,1530129600,,,,Suspected Minor Injury,Angle,No,No,Yes,No,25,2,No,No,Shoulder and Lap Belt Used,37406,Shoulder and Lap Belt Used,37411,No,No,Daylight,Clear,132,21,21,0,7,21,1530126000,0.55,4.99,232,5,0.002,95.53,13.77,0.75,89.39,70.88,3.496,rain,partly-cloudy-day,mostly cloudy,0,1,0,0,0,0
,35.033198,-85.272756,2000Chamberlain Ave,,S Willow St,7/12/2018 20:00,2018-07-12,20,1531440000,,,,Property Damage,Angle,Yes,No,No,No,25,2,No,No,Shoulder and Lap Belt Used,37415,Unknown,Unknown,No,No,Dusk,Clear,132,21,21,0,7,21,1531436400,0.66,1.3,271,0,0,93.35,4.84,0,86.02,73.25,3.311,,clear-day,humid,0,0,0,0,1,0
,35.028758,-85.273135,S Kelley St,US-906,Anderson Ave.,9/4/2018 10:00,2018-09-04,10,1536069600,,,,Property Damage,"Sideswipe, Opposite Direction",Yes,No,No,No,30,2,No,No,,37404,Unknown,Unknown,,,Daylight,Cloudy,132,21,21,0,7,21,1536066000,0.73,3.14,46,3,0,82.09,6.8,0,79.28,69.8,6.14,,clear-day,clear,0,0,0,0,1,0
,35.033164,-85.267303,2400 Mccallie Ave,,Derby St,10/4/2018 18:00,2018-10-04,18,1538690400,,,,Property Damage Under,Front to Rear,No,No,No,No,35,2,No,No,Shoulder and Lap Belt Used,37874,Shoulder and Lap Belt Used,30736,No,No,Dusk,Clear,132,21,21,0,7,21,1538686800,0.48,3.08,234,1,0,91.08,5.91,0.19,88.46,66.27,7.499,,partly-cloudy-day,partly cloudy,0,1,0,0,0,0
,35.029051,-85.271757,Vance Ave,US-2200,S. Lyerly,11/6/2018 13:00,2018-11-06,13,1541527200,,,,Suspected Minor Injury,"Sideswipe, Opposite Direction",No,No,Yes,No,30,2,No,No,Shoulder and Lap Belt Used,37404,Shoulder and Lap Belt Used,37406,No,No,Daylight,Clear,132,21,21,0,7,21,1541523600,0.54,4.81,281,4,0,67.74,10.07,0.44,67.74,50.47,8,,partly-cloudy-day,partly cloudy,0,1,0,0,0,0
,35.031245,-85.270199,2300 Bailey Ave,,S Lylerly St,11/15/2018 19:00,2018-11-15,19,1542326400,,,,Possible Injury,Head On,No,No,Yes,No,35,2,No,No,Shoulder and Lap Belt Used,37410,Shoulder and Lap Belt Used,37411,No,No,Dark - Lighted,Clear,132,21,21,0,7,21,1542322800,0.8,7.53,274,0,0,26.27,12.12,1,32.93,27.29,5.598,,cloudy,overcast,0,1,0,0,0,0
,35.032088,-85.273183,2100 Bailey Ave,,S Willow St,12/17/2018 14:00,2018-12-17,14,1545073200,,,,Property Damage,Angle,No,No,No,No,35,2,No,No,Shoulder and Lap Belt Used,37402,Shoulder and Lap Belt Used,36075,No,No,Daylight,Clear,132,21,21,0,7,21,1545069600,0.44,4.54,341,2,0,57.76,12.1,0,57.76,35.95,5.79,,clear-day,clear,0,0,0,0,1,0
,35.032075,-85.269745,600 S Lyerly St,,Bailey Ave,12/27/2018 15:00,2018-12-27,15,1545940800,,,,Property Damage,Unknown,Yes,No,No,No,40,2,No,No,Shoulder and Lap Belt Used,37404,Unknown,Unknown,No,No,Daylight,Rain,132,21,21,0,7,21,1545937200,0.7,10.8,159,1,0,55.59,22.8,1,55.59,46.11,9.148,,cloudy,overcast,0,1,0,0,0,0
,35.032704,-85.274911,1900 Kirby Ave,US-1900,S. Orchardknob,1/8/2019 13:00,2019-01-08,13,1546970400,,,,Property Damage,Angle,Yes,No,No,No,30,2,No,No,Unknown,Unknown,,30741,,,Daylight,Cloudy,132,21,21,0,7,21,1546966800,0.67,8.79,227,3,0,64.31,13.93,1,64.31,53.16,7.79,,cloudy,overcast,0,1,0,0,0,0
,35.033906,-85.269301,100 N. Lyerly St,,McCallie Ave,2/25/2019 16:00,2019-02-25,16,1551128400,,,,Possible Injury,Angle,No,No,No,No,30,2,No,No,,37347,Shoulder and Lap Belt Used,37347,No,No,Daylight,Clear,132,21,21,0,7,21,1551124800,0.2,5.79,52,2,0,56.62,11.12,0,56.62,16.13,7.39,,clear-day,clear,0,0,0,0,1,0
,35.028869,-85.272276,912 Clifton Pl,,Anderson Ave,2/28/2019 0:00,2019-02-28,0,1551330000,,,,Property Damage Under,Unknown,Yes,No,No,No,25,2,No,No,,37404,Unknown,Unknown,,,Unknown,Unknown,132,21,21,0,7,21,1551326400,0.68,1.6,270,0,0,59.53,6,1,59.53,48.81,6.511,,cloudy,overcast,0,1,0,0,0,0
,35.032371,-85.273219,500 S Willow St,,Bailey Ave,4/2/2019 17:00,2019-04-02,17,1554238800,,,,Property Damage,Angle,Yes,No,No,No,35,2,No,No,,37341,Shoulder and Lap Belt Used,37404,No,No,Daylight,Clear,132,21,21,0,7,21,1554235200,0.31,5.23,319,2,0,61.02,13.3,0.75,61.02,30.43,8.078,,partly-cloudy-day,mostly cloudy,0,1,0,0,0,0
,35.033198,-85.272756,500 S Willow St,,Bailey Ave,5/17/2019 19:00,2019-05-17,19,1558134000,,,,Possible Injury,Angle,No,No,Yes,No,35,2,No,No,,37412,Shoulder and Lap Belt Used,37407,No,No,Daylight,Clear,132,21,21,0,7,21,1558130400,0.4,3.5,273,1,0,87.55,6.77,0.19,87.55,60.48,7.998,,partly-cloudy-day,partly cloudy,0,1,0,0,0,0
,35.034853,-85.27185,Mccallie Ave,,N Willow St,6/21/2019 16:00,2019-06-21,16,1561147200,,,,Property Damage,Angle,No,No,No,No,30,2,No,No,Shoulder and Lap Belt Used,37379,Shoulder and Lap Belt Used,30736,No,No,Daylight,Clear,132,21,21,0,7,21,1561143600,0.46,5.49,232,5,0,91.63,10.24,0.75,89.16,65.92,8.479,,partly-cloudy-day,mostly cloudy,0,1,0,0,0,0
,35.061269,-85.306594,290 River St,,Tremont St,2/13/2018 0:00,2018-02-13,0,1518498000,,,,Property Damage,Unknown,Yes,No,No,No,15,2,No,No,Unknown,Unknown,,37932,,,Unknown,Clear,190,15,19,0,2,7,1518494400,0.84,1.46,25,0,0,43.55,4.02,1,43.55,38.89,5.565,,cloudy,overcast,0,1,0,0,0,0
,35.0616683,-85.307959,Hixson Pike,SR-5604,Hixson Pike,2/18/2018 18:00,2018-02-18,18,1518994800,,,,Property Damage Under,Angle,No,No,No,No,15,2,No,No,Shoulder and Lap Belt Used,37416,Shoulder and Lap Belt Used,37343,No,No,Daylight,Rain,190,15,19,0,2,7,1518991200,0.49,0.47,181,0,0,62.3,1.81,0.75,62.3,42.76,6.372,,partly-cloudy-day,mostly cloudy,0,1,0,0,0,0
,35.0603285,-85.307411,Citygreen Way,,Dayton blvd,3/15/2018 0:00,2018-03-15,0,1521086400,,,,Property Damage Under,Unknown,Yes,No,No,No,20,2,No,No,None Used MV Occupant,37343,Unknown,Unknown,No,No,Unknown,Clear,190,15,19,0,2,7,1521082800,0.47,0.51,261,0,0,37.31,1.85,0,37.31,19.14,6.372,,clear-night,clear,0,0,0,0,1,0
,35.0549924,-85.306384,W 4th St,SR-100,Broad St,3/27/2018 14:00,2018-03-27,14,1522173600,,,,Property Damage,Angle,No,No,No,No,30,2,No,No,Shoulder and Lap Belt Used,37363,Shoulder and Lap Belt Used,37321,No,No,Daylight,Clear,190,15,19,0,2,7,1522170000,0.7,3.07,174,4,0,55.27,7.04,1,55.27,45.49,6.372,,cloudy,overcast,0,1,0,0,0,0
,35.061596,-85.307614,River St,SR-150,Frazier Ave,5/12/2018 0:00,2018-05-12,0,1526097600,,,,Property Damage,Unknown,Yes,No,No,No,,2,No,No,Unknown,Unknown,,37412,,,Unknown,Clear,190,15,19,0,2,7,1526094000,0.67,0.38,195,0,0,72.9,1.39,0,72.79,61,6.058,,clear-night,clear,0,0,0,0,1,0
,35.05528,-85.307628,129 Walnut St,,Cherry St,5/25/2018 0:00,2018-05-25,0,1527220800,,,,Property Damage,Angle,Yes,No,No,No,,2,No,No,,37403,Unknown,Unknown,,,Unknown,Clear,190,15,19,0,2,7,1527217200,0.72,5.93,126,0,0,78.04,8.05,0.68,77.21,67.66,5.561,,partly-cloudy-night,mostly cloudy,0,1,0,0,0,0
,35.056298,-85.30946,2 Market St,,Non intersection,6/1/2018 16:00,2018-06-01,16,1527883200,,,,Property Damage,Unknown,Yes,No,No,No,15,2,No,No,,37379,Unknown,Unknown,,,Daylight,Clear,190,15,19,0,2,7,1527879600,0.66,4.91,221,5,0,83.68,8.73,0.72,80.82,68.36,6.054,,partly-cloudy-day,mostly cloudy,0,1,0,0,0,0
,35.061596,-85.307614,150 River St,,Frazier Ave,6/17/2018 0:00,2018-06-17,0,1529208000,,,,Property Damage Under,Unknown,Yes,No,No,No,,2,No,No,,37406,Unknown,Unknown,,,Unknown,Unknown,190,15,19,0,2,7,1529204400,0.68,3.58,217,0,0,77.81,5.69,0.24,77.19,65.87,6.054,,partly-cloudy-night,partly cloudy,0,1,0,0,0,0
,35.0610163,-85.306257,Manufacturers Rd,SR-313,Manufacturers Rd,8/13/2018 0:00,2018-08-13,0,1534132800,,,,Property Damage Under,Angle,Yes,No,No,No,15,2,No,No,Unknown,Unknown,,37043,,,Daylight,Clear,190,15,19,0,2,7,1534129200,0.74,2.41,356,0,0,76.04,9.08,0.4,75.33,66.45,5.16,,partly-cloudy-night,partly cloudy,0,1,0,0,0,0
,35.0606754,-85.306499,N Market St,SR-110,N Market St,8/27/2018 16:00,2018-08-27,16,1535400000,,,,Property Damage Under,Angle,No,No,No,No,40,2,No,No,Shoulder and Lap Belt Used,37402,Shoulder and Lap Belt Used,37405,No,No,Daylight,Clear,190,15,19,0,2,7,1535396400,0.46,4.34,169,5,0,94.23,9.04,0.44,90.7,67.28,7.198,,partly-cloudy-day,partly cloudy,0,1,0,0,0,0
,35.060584,-85.303866,Tampa St,SR-2,River St,9/9/2018 0:00,2018-09-09,0,1536465600,,,,Property Damage,Unknown,Yes,No,No,No,25,2,No,No,,37921,Unknown,Unknown,,,Unknown,Unknown,190,15,19,0,2,7,1536462000,0.8,3.8,182,0,0,79.05,5.79,0.7,77.81,71.09,3.712,,partly-cloudy-night,mostly cloudy,0,1,0,0,0,0
,35.055607,-85.309406,Market St,,E 1st St,1/17/2019 8:00,2019-01-17,8,1547730000,,,,Property Damage,Angle,No,No,No,No,25,2,No,No,Shoulder and Lap Belt Used,37377,Shoulder and Lap Belt Used,37405,No,No,Daylight,Clear,190,15,19,0,2,7,1547726400,0.9,1.61,94,0,0,34.98,6.7,0.75,34.98,32.21,1.979,,fog,foggy,0,0,1,0,0,0
,35.060253,-85.308951,60 N Market St,,Cherokee Blvd,4/13/2019 14:00,2019-04-13,14,1555178400,,,,Property Damage,"Sideswipe, Same Direction",No,No,No,No,30,2,No,No,Shoulder and Lap Belt Used,37405,Shoulder and Lap Belt Used,37415,No,No,Daylight,Cloudy,190,15,19,0,2,7,1555174800,0.81,7.73,34,5,0,63.84,12.2,0.75,63.84,58,6.425,,partly-cloudy-day,mostly cloudy,0,1,0,0,0,0
,35.061596,-85.307614,150 River St,,Tremont St,5/22/2019 0:00,2019-05-22,0,1558497600,,,,Property Damage Under,Head On,Yes,No,No,No,,2,No,No,Unknown,Unknown,,,,,Unknown,Clear,190,15,19,0,2,7,1558494000,0.7,2.1,143,0,0,76.1,4.14,0,75.56,65.06,7.127,,clear-night,clear,0,0,0,0,1,0
,35.061596,-85.307614,River St,,River St,6/2/2019 0:00,2019-06-02,0,1559448000,,,,Property Damage,Unknown,Yes,No,No,No,15,2,No,No,Unknown,Unknown,,37406,,,Unknown,Clear,190,15,19,0,2,7,1559444400,0.65,2.62,301,0,0,72.25,6.67,0.17,72.25,59.74,6.321,,partly-cloudy-night,partly cloudy,0,1,0,0,0,0
,35.141428,-85.259921,Gadd Rd,,May Circle,2/13/2018 3:00,2018-02-13,3,1518508800,,,,Property Damage,Not Collision with Motor Vehicle in Transport,Yes,No,No,No,40,1,No,No,,37343,,37416,,,Dark - Not Lighted,Unknown,767,15,5,0,7,22,1518505200,0.85,0.84,58,0,0,42.9,1.84,1,42.9,38.7,6.992,,cloudy,overcast,0,1,0,0,0,0
,35.142171,-85.263559,Gadd Rd,,Royal Crest Dr,8/2/2018 0:00,2018-08-02,0,1533182400,,,,Property Damage,"Sideswipe, Opposite Direction",Yes,No,No,No,40,2,No,No,Unknown,Unknown,Shoulder and Lap Belt Used,37405,No,No,Unknown,Unknown,767,15,5,0,7,22,1533178800,0.91,1.4,159,0,0,71.84,7.67,0.96,70.77,68.07,7.028,,cloudy,overcast,0,1,0,0,0,0
,35.012866,-85.184238,,I-75,I-24 Interstate,2/13/2018 7:00,2018-02-13,7,1518523200,,,,Property Damage,Angle,Yes,No,No,No,55,2,No,No,Shoulder and Lap Belt Used,37312,Unknown,Unknown,No,No,Dawn,Clear,207,32,19,1,7,10,1518519600,0.91,0.33,344,0,0,42.57,1.16,1,42.57,40.02,1.997,,fog,foggy,0,0,1,0,0,0
,35.013868,-85.182022,320 Hwy I-75,I-75,E Brainerd Rd,4/10/2018 0:00,2018-04-10,0,1523332800,,,,Property Damage Under,"Sideswipe, Same Direction",No,No,No,No,55,2,No,No,Shoulder and Lap Belt Used,30721,Shoulder and Lap Belt Used,48317,No,No,Unknown,Unknown,207,32,19,1,7,10,1523329200,0.69,1.09,2,0,0,51.54,2.72,0.48,51.54,41.82,5.935,,partly-cloudy-night,partly cloudy,0,1,0,0,0,0
,35.01246,-85.184679,I-75 Interstate,I-75,E. Brainerd Rd,4/15/2018 21:00,2018-04-15,21,1523840400,,,,Possible Injury,Angle,No,No,No,No,55,3,No,No,,37243,Shoulder and Lap Belt Used,37363,No,Yes,Dark - Lighted,Clear,207,32,19,1,7,10,1523836800,0.69,3.34,291,0,0,44.37,8.42,1,45.61,36.1,5.935,,cloudy,overcast,0,1,0,0,0,0
,35.012866,-85.184238,300 Interstate 75 Sb RD,I-75,E Brainerd Rd,4/19/2018 16:00,2018-04-19,16,1524168000,,,,Property Damage,Front to Rear,No,No,No,No,55,2,No,No,Shoulder and Lap Belt Used,30233,Shoulder and Lap Belt Used,30673,No,No,Daylight,Clear,207,32,19,1,7,10,1524164400,0.42,6.22,353,6,0,56.05,12.69,0,56.05,33.5,6.088,,clear-day,clear,0,0,0,0,1,0
,35.01246,-85.184679,300 I-75 Nb interstate,,E Brainerd Rd,5/7/2018 21:00,2018-05-07,21,1525741200,,,,Property Damage,"Sideswipe, Same Direction",Yes,No,No,No,55,2,No,No,Shoulder and Lap Belt Used,31788,Unknown,Unknown,No,No,Dark - Unknown Lighting,Clear,207,32,19,1,7,10,1525737600,0.49,0.53,350,0,0,72.08,1.07,0.44,72.08,51.92,5.812,,partly-cloudy-night,partly cloudy,0,1,0,0,0,0