Accident,Latitude,Longitude,Street,AltStreet,Intersection,DateTime,Date,Hour,Unix,WeekDay,WeekEnd,DayFrame,AccidentType,CollisionType,HaR,FatalInjury,MedicalTransport,InvolvedPlacardedTruck,PostedSpeed,TotalVehiclesInvolved,PedestrianInvolved,BicycleInvolved,DriverOneSafetyEquipment,DriverOneZip,DriverTwoSafetyEquipment,DriverTwoZip,Drug,Alcohol,LightCondition,Weather,Grid_Block,Grid_Col,Grid_Row,Highway,Land_Use_Mode,Road_Count,HourBefore,humidity,windSpeed,windBearing,uvIndex,precipIntensity,apparentTemperature,windGust,cloudCover,temperature,dewPoint,visibility,precipType,Event,Conditions,Rain,Cloudy,Foggy,Snow,Clear,RainBefore
,35.011894,-85.186439,290 Interstate 75 Northbound,I-75,East Brainerd Rd,7/12/2018 8:00,2018-07-12,8,1531396800,,,,Property Damage,Front to Rear,No,No,No,No,55,2,No,No,Shoulder and Lap Belt Used,37419,Shoulder and Lap Belt Used,30728,No,No,Daylight,Clear,207,32,19,1,7,10,1531393200,0.9,1.54,22,0,0,75.26,6.35,0,73.95,70.73,2.625,,clear-day,clear,0,0,0,0,1,0
,35.011883,-85.187204,280 Interstate 75 Hwy,,Exit 2,7/18/2018 19:00,2018-07-18,19,1531954800,,,,Property Damage,"Sideswipe, Same Direction",Yes,No,No,No,55,2,No,No,Unknown,Unknown,Unknown,37406,No,No,Daylight,Clear,207,32,19,1,7,10,1531951200,0.46,4.72,45,1,0,89.21,9.38,0.64,87.61,64.52,7.8,,partly-cloudy-day,mostly cloudy,0,1,0,0,0,0
,35.013587,-85.182854,310 Interstate,I-75,Exit 4,8/1/2018 8:00,2018-08-01,8,1533124800,,,,Property Damage,"Sideswipe, Same Direction",No,No,No,No,55,2,No,No,Shoulder and Lap Belt Used,37857,Shoulder and Lap Belt Used,37311,No,No,Daylight,Rain,207,32,19,1,7,10,1533121200,0.95,2.07,123,0,0,70.92,6.7,1,69.77,68.35,4.9,,cloudy,overcast,0,1,0,0,0,0
,35.015154,-85.188307,1000 Premier Dr,,E Brainerd Rd.,8/6/2018 14:00,2018-08-06,14,1533578400,,,,Property Damage Under,Front to Rear,No,No,No,No,30,2,No,No,,37421,,37422,No,No,Daylight,Clear,207,32,19,1,7,10,1533574800,0.48,3.14,283,8,0,96.64,7.89,0.44,91.57,69.1,4.04,,partly-cloudy-day,partly cloudy,0,1,0,0,0,0
,35.01246,-85.184679,300 Interstate 75 North Bound,I-75,East Brainerd,8/30/2018 5:00,2018-08-30,5,1535619600,,,,Property Damage Under,Not Collision with Motor Vehicle in Transport,No,No,No,No,65,1,No,No,Shoulder and Lap Belt Used,37419,,,No,No,Dark - Lighted,Clear,207,32,19,1,7,10,1535616000,0.93,1.26,333,0,0,72.73,3.87,0,71.5,69.49,3.093,,clear-night,clear,0,0,0,0,1,0
,35.012866,-85.184238,300 Interstate 75 SB Interstate,,East Brainerd Rd,9/14/2018 15:00,2018-09-14,15,1536951600,,,,Property Damage Under,Front to Rear,No,No,No,No,55,2,No,No,Unknown,37421,Unknown,30757,No,No,Daylight,Clear,207,32,19,1,7,10,1536948000,0.47,7.88,13,7,0,94.84,15.96,0.19,90.78,68,3.986,,partly-cloudy-day,partly cloudy,0,1,0,0,0,0
,35.012866,-85.184238,300 Hwy 75 Sb,,300 Hwy 75 SB,9/16/2018 15:00,2018-09-16,15,1537124400,,,,Property Damage,Front to Rear,No,No,No,No,55,2,No,No,Shoulder and Lap Belt Used,37341,Shoulder and Lap Belt Used,37421,No,No,Daylight,Clear,207,32,19,1,7,10,1537120800,0.7,9.13,23,5,0,79.54,15.95,0.75,78.66,68.25,5.752,,partly-cloudy-day,mostly cloudy,0,1,0,0,0,0
,35.012866,-85.184238,300 Interstate,I-75,E Brainerd Rd,9/24/2018 9:00,2018-09-24,9,1537794000,,,,Property Damage,Angle,Yes,No,No,No,55,2,No,No,Unknown,Unknown,Shoulder and Lap Belt Used,37341,No,No,Daylight,Rain,207,32,19,1,7,10,1537790400,0.92,4.15,144,1,0.038,72.51,9.79,1,71.35,68.89,5.036,rain,cloudy,overcast,0,1,0,0,0,0
,35.014698,-85.184567,1029 Roselawn Dr,,Roselawn Ave,11/6/2018 15:00,2018-11-06,15,1541534400,,,,Property Damage,Not Collision with Motor Vehicle in Transport,No,No,No,No,25,1,No,No,Shoulder and Lap Belt Used,30736,,,No,No,Daylight,Clear,207,32,19,1,7,10,1541530800,0.45,6.03,292,2,0,70.85,11.87,0,70.85,48.22,7.993,,clear-day,clear,0,0,0,0,1,0
,35.011883,-85.187204,280 Hwy 75 Sb,,280 Hwy 75 SB,11/13/2018 17:00,2018-11-13,17,1542146400,,,,Property Damage,Front to Rear,No,No,No,No,55,3,No,No,Shoulder and Lap Belt Used,30736,Shoulder and Lap Belt Used,30736,No,No,Dark - Lighted,Clear,207,32,19,1,7,10,1542142800,0.84,7.41,357,0,0,39.15,14.56,1,43.51,38.96,8.039,,cloudy,overcast,0,1,0,0,0,0
,35.018201,-85.187772,5400 Hwy 58,,Hickory Valley Road,12/27/2018 8:00,2018-12-27,8,1545915600,,,,Property Damage,Angle,No,No,No,No,45,2,No,No,Shoulder and Lap Belt Used,37363,Shoulder and Lap Belt Used,37416,No,No,Daylight,Cloudy,207,32,19,1,7,10,1545912000,0.58,7.36,170,0,0,46.24,25.42,0.75,49.35,35.11,9.897,,partly-cloudy-day,mostly cloudy,0,1,0,0,0,0
,35.013868,-85.182022,320 Interstate I 75 Hwy,US-11,Exit,3/24/2019 22:00,2019-03-24,22,1553479200,,,,Property Damage Under,"Sideswipe, Same Direction",No,No,No,No,55,2,No,No,Shoulder and Lap Belt Used,37421,None Used MV Occupant,37421,No,No,Dark - Lighted,Clear,207,32,19,1,7,10,1553475600,0.37,2.64,228,0,0,64.4,4.51,1,64.4,37.74,4.976,,cloudy,overcast,0,1,0,0,0,0
,35.014384,-85.181615,320 Hwy 75 Sb,,320 Hwy 75 SB,5/6/2019 15:00,2019-05-06,15,1557169200,,,,Property Damage,Front to Rear,No,No,No,No,55,2,No,No,Shoulder and Lap Belt Used,30062,,30736,No,No,Daylight,Clear,207,32,19,1,7,10,1557165600,0.41,6.31,19,9,0,77.13,12.69,0,77.13,51.92,7.823,,clear-day,clear,0,0,0,0,1,0
,35.01246,-85.184679,300 I-75 North Bound,I-75,East Brainerd Rd,5/24/2019 18:00,2019-05-24,18,1558735200,,,,Possible Injury,Not Collision with Motor Vehicle in Transport,No,No,Yes,No,55,1,No,No,Shoulder and Lap Belt Used,30728,,,No,No,Daylight,Clear,207,32,19,1,7,10,1558731600,0.42,4.04,292,2,0,93.91,8.85,0.44,91.56,65.29,4.044,,partly-cloudy-day,partly cloudy,0,1,0,0,0,0
,35.011883,-85.187204,280 Interstate 75 Southbound,I-75,Interstate 24,5/31/2019 12:00,2019-05-31,12,1559318400,,,,Property Damage,Front to Rear,No,No,No,No,55,3,No,No,Shoulder and Lap Belt Used,45426,Shoulder and Lap Belt Used,40475,No,No,Daylight,Clear,207,32,19,1,7,10,1559314800,0.5,5.35,285,7,0,79.99,13.44,0.44,79.92,59.85,7.227,,partly-cloudy-day,partly cloudy,0,1,0,0,0,0
,35.106241,-85.348403,1220 Signal Mountain Rd,,Palisades Rd,2/13/2018 15:00,2018-02-13,15,1518552000,,,,Property Damage Under,Not Collision with Motor Vehicle in Transport,No,No,No,No,35,1,No,No,None Used MV Occupant,35971,,,No,No,Daylight,Cloudy,391,7,14,0,0,5,1518548400,0.94,1.51,162,2,0,48.81,4.71,1,48.81,47.07,4.754,,cloudy,overcast,0,1,0,0,0,0
,35.106002,-85.348993,1400 Signal Mountain Blvd,,Palisades Rd,11/15/2018 17:00,2018-11-15,17,1542319200,,,,Suspected Serious Injury,Head On,No,No,Yes,No,35,2,No,No,,45102,Shoulder and Lap Belt Used,37363,No,No,Daylight,Clear,391,7,14,0,0,5,1542315600,0.88,7.24,262,0,0,24.09,13.9,0.75,30.97,27.72,3.758,,partly-cloudy-day,mostly cloudy,0,1,0,0,0,0
,35.106241,-85.348403,1408 Palisades Rd,,Signal Mtn blvd,12/8/2018 0:00,2018-12-08,0,1544245200,,,,Property Damage Under,Not Collision with Motor Vehicle in Transport,No,No,No,No,30,1,No,No,Shoulder and Lap Belt Used,37075,,,No,No,Unknown,Rain,391,7,14,0,0,5,1544241600,0.71,1.35,70,0,0,41.72,4.79,1,41.72,33.09,3.051,,cloudy,overcast,0,1,0,0,0,0
,35.107384,-85.348332,Signal Mountain Blvd,,Sunset Dr,12/19/2018 18:00,2018-12-19,18,1545260400,,,,Property Damage Under,Not Collision with Motor Vehicle in Transport,No,No,No,No,45,1,No,No,Shoulder and Lap Belt Used,37377,,,No,No,Dark - Not Lighted,Clear,391,7,14,0,0,5,1545256800,0.65,1.67,178,0,0,50.01,5.44,1,50.01,38.56,3.823,,cloudy,overcast,0,1,0,0,0,0
,35.106241,-85.348403,1408 Palisades Rd,,1400 Signal Mountain Blvd,1/20/2019 19:00,2019-01-20,19,1548028800,,,,Property Damage,"Sideswipe, Same Direction",Yes,No,No,No,45,2,No,No,Unknown,37377,Shoulder and Lap Belt Used,37343,Yes,Yes,Dark - Not Lighted,Clear,391,7,14,0,0,5,1548025200,0.56,7.75,337,0,0,18.58,14.21,0.44,26.71,13.26,7.394,,partly-cloudy-night,partly cloudy,0,1,0,0,0,0
,35.107384,-85.348332,Signal Mountain Blvd,,Balmoral Dr,2/10/2019 0:00,2019-02-10,0,1549774800,,,,Property Damage,Not Collision with Motor Vehicle in Transport,No,No,No,No,40,1,No,No,Shoulder and Lap Belt Used,37377,,,No,No,Daylight,Rain,391,7,14,0,0,5,1549771200,0.51,4.7,75,0,0,34.77,6.31,0.65,38.34,21.7,6.295,,partly-cloudy-night,mostly cloudy,0,1,0,0,0,0
,35.106241,-85.348403,1408 Palisades Rd,,Signal Mountain Rd.,3/21/2019 14:00,2019-03-21,14,1553191200,,,,Property Damage Under,Front to Rear,No,No,No,No,35,2,No,No,Shoulder and Lap Belt Used,37377,Shoulder and Lap Belt Used,37377,No,No,Daylight,Clear,391,7,14,0,0,5,1553187600,0.52,6.6,322,4,0,53.47,12.97,0.75,53.47,36.31,7.131,,partly-cloudy-day,mostly cloudy,0,1,0,0,0,0
,35.080045,-85.132664,Volkswagen Dr,,Volkswagen Dr,2/14/2018 0:00,2018-02-14,0,1518584400,,,,Property Damage,Unknown,Yes,No,No,No,,2,No,No,Unknown,Unknown,,37322,,,Unknown,Unknown,718,34,7,0,2,1,1518580800,0.87,0.35,175,0,0,49.62,2.13,1,49.62,45.87,6.147,,cloudy,overcast,0,1,0,0,0,0
,35.080045,-85.132664,8001 Volkswagen Dr,,Discorvery Dr.,2/27/2018 13:00,2018-02-27,13,1519754400,,,,Possible Injury,Not Collision with Motor Vehicle in Transport,Yes,No,No,No,,1,No,Yes,Unknown,37412,Unknown,Unknown,No,No,Daylight,Clear,718,34,7,0,2,1,1519750800,0.49,2.77,125,6,0,60.16,8.09,0,60.16,41.01,6.155,,clear-day,clear,0,0,0,0,1,0
,35.080045,-85.132664,Volkswagen Dr,,Ferdinand Piech Way,5/17/2018 17:00,2018-05-17,17,1526590800,,,,Property Damage,Unknown,Yes,No,No,No,,2,No,No,,37421,Unknown,Unknown,,,Unknown,Unknown,718,34,7,0,2,1,1526587200,0.87,0.97,140,4,0.021,72.68,3.01,0.73,71.73,67.55,7.432,rain,rain,possible light rain,1,0,0,0,0,1
,35.080045,-85.132664,8001 Volkswagen Dr,,Bonny Oaks dr,10/30/2018 6:00,2018-10-30,6,1540893600,,,,Possible Injury,Angle,No,No,No,No,15,2,No,No,Shoulder and Lap Belt Used,37406,Shoulder and Lap Belt Used,37379,No,No,Dark - Not Lighted,Clear,718,34,7,0,2,1,1540890000,0.9,1.59,8,0,0,41.32,3.78,0,41.32,38.66,6.596,,clear-night,clear,0,0,0,0,1,0
,35.080045,-85.132664,8001 Volkswagen Dr,,I75 SB,11/7/2018 16:00,2018-11-07,16,1541624400,,,,Property Damage,Unknown,Yes,No,No,No,15,2,No,No,,37166,Unknown,Unknown,,,Daylight,Clear,718,34,7,0,2,1,1541620800,0.82,4.19,13,1,0.005,57.47,9.26,1,57.47,52.03,4.77,rain,rain,possible drizzle,1,0,0,0,0,1
,35.080045,-85.132664,8001 Volkswagen Dr,,Volkswagen Dr,11/14/2018 0:00,2018-11-14,0,1542171600,,,,Property Damage Under,Other,No,No,No,No,15,2,No,No,Unknown,37421,Unknown,48380,No,No,Unknown,Rain,718,34,7,0,2,1,1542168000,0.85,8.41,22,0,0,34.34,16.29,1,39.97,35.78,6.516,,cloudy,overcast,0,1,0,0,0,0
,35.080045,-85.132664,Ferdinand Piech Way,,Volkswagen Dr,11/19/2018 12:00,2018-11-19,12,1542646800,,,,Property Damage,"Sideswipe, Same Direction",No,No,No,No,25,2,No,No,Shoulder and Lap Belt Used,37407,Shoulder and Lap Belt Used,37343,No,No,Daylight,Clear,718,34,7,0,2,1,1542643200,0.57,5.7,198,3,0,60.85,12.59,0,60.85,45.7,6.482,,clear-day,clear,0,0,0,0,1,0
,35.080045,-85.132664,8001 Volkswagen Dr,,Volkswagen Drive,1/16/2019 0:00,2019-01-16,0,1547614800,,,,Property Damage Under,Unknown,Yes,No,No,No,15,2,No,No,Unknown,Unknown,,37412,,,Unknown,Unknown,718,34,7,0,2,1,1547611200,0.84,1.42,359,0,0,32.89,2.18,0.75,32.89,28.5,8.441,,partly-cloudy-night,mostly cloudy,0,1,0,0,0,0
,35.077082,-85.130628,Volkswagen Dr,,8001 Volkswagen Dr,5/6/2019 5:00,2019-05-06,5,1557133200,,,,Property Damage,Rear to Side,No,No,No,No,15,2,No,No,Unknown,37411,Unknown,37421,,,Dark - Lighted,Clear,718,34,7,0,2,1,1557129600,0.99,2.36,348,0,0,55.5,7.16,0,55.5,55.08,6.325,,clear-night,clear,0,0,0,0,1,0
,35.080045,-85.132664,8001 Volkswagen Dr,,Volkswagen Drive,6/10/2019 5:00,2019-06-10,5,1560157200,,,,Property Damage Under,"Sideswipe, Opposite Direction",No,No,No,No,15,2,No,No,,37322,Shoulder and Lap Belt Used,37412,No,No,Dark - Lighted,Rain,718,34,7,0,2,1,1560153600,0.99,1.9,348,0,0.002,72.63,2.46,1,71.18,70.79,2.338,rain,cloudy,overcast,0,1,0,0,0,0
,35.080045,-85.132664,8001 Volkswagen Dr,,Ferdinand Piech Pkwy,6/18/2019 0:00,2019-06-18,0,1560830400,,,,Property Damage Under,Unknown,Yes,No,No,No,,2,No,No,Unknown,Unknown,,30736,,,Daylight,Unknown,718,34,7,0,2,1,1560826800,0.87,2.45,74,0,0,74.56,2.55,0.44,73.44,69.24,4.338,,partly-cloudy-night,partly cloudy,0,1,0,0,0,0
,35.0349049,-85.22061,3201 Wilcox Blvd,,Greenwood Rd,2/14/2018 0:00,2018-02-14,0,1518584400,,,,Property Damage Under,Unknown,Yes,No,No,No,,2,No,No,Unknown,Unknown,,37404,,,Unknown,Clear,237,27,18,0,2,1,1518580800,0.84,0.64,177,0,0,50.41,1.89,1,50.41,45.73,5.882,,cloudy,overcast,0,1,0,0,0,0
,35.0350559,-85.220112,4343 Hwy 58,SR-58,Murray Lake Dr.,4/24/2018 8:00,2018-04-24,8,1524571200,,,,Property Damage,Angle,No,No,No,No,40,2,No,No,Shoulder and Lap Belt Used,37416,Shoulder and Lap Belt Used,37416,No,No,Daylight,Clear,237,27,18,0,2,1,1524567600,0.93,0.23,330,0,0.001,57,0.89,1,57,55.07,6.607,rain,cloudy,overcast,0,1,0,0,0,0
,35.036083,-85.220439,N Moore Rd,,Fellowship Rd,5/23/2018 12:00,2018-05-23,12,1527091200,,,,Property Damage,"Sideswipe, Same Direction",No,No,No,No,35,2,No,No,Shoulder and Lap Belt Used,37397,Shoulder and Lap Belt Used,37416,No,No,Daylight,Clear,237,27,18,0,2,1,1527087600,0.65,4.27,41,6,0,82.72,9.12,0.75,80.27,67.34,5.88,,partly-cloudy-day,mostly cloudy,0,1,0,0,0,0
,35.0348976,-85.219753,6100 Lee Hwy,,Vance Rd,8/20/2018 16:00,2018-08-20,16,1534795200,,,,Property Damage Under,"Sideswipe, Same Direction",Yes,No,No,No,35,2,No,No,Shoulder and Lap Belt Used,30741,Unknown,Unknown,No,No,Daylight,Clear,237,27,18,0,2,1,1534791600,0.68,7.44,185,5,0,89.51,11.13,0.75,83.78,72.27,7.165,,partly-cloudy-day,humid and mostly cloudy,0,1,0,0,0,0
,35.0350913,-85.219586,5800 Brainerd Rd,,Greenway View Dr,8/30/2018 11:00,2018-08-30,11,1535641200,,,,Possible Injury,Angle,No,No,No,No,45,2,No,No,Shoulder and Lap Belt Used,37407,Shoulder and Lap Belt Used,35978,No,No,Daylight,Clear,237,27,18,0,2,1,1535637600,0.7,2.74,136,5,0,84.42,5.54,0.19,80.91,70.1,7.398,,partly-cloudy-day,partly cloudy,0,1,0,0,0,0
,35.0349002,-85.221081,180 Hwy 75 S,I-75,,11/30/2018 23:00,2018-11-30,23,1543636800,,,,Property Damage,Front to Rear,No,No,No,No,55,2,No,No,Shoulder and Lap Belt Used,30736,Shoulder and Lap Belt Used,37421,No,No,Dark - Lighted,Cloudy,237,27,18,0,2,1,1543633200,0.95,1.99,175,0,0.012,58.06,4.47,1,58.06,56.69,3.803,rain,rain,drizzle,1,0,0,0,0,1
,35.0352681,-85.220652,7300 Shallowford Rd,,Lifestyle Way,5/17/2019 16:00,2019-05-17,16,1558123200,,,,Property Damage,Angle,No,No,No,No,40,2,No,No,Shoulder and Lap Belt Used,37363,Shoulder and Lap Belt Used,37363,No,No,Daylight,Clear,237,27,18,0,2,1,1558119600,0.4,5.91,282,6,0,88.18,11.95,0.44,88.18,60.59,8.316,,partly-cloudy-day,partly cloudy,0,1,0,0,0,0
,35.070463,-85.143275,7200 - 8009 Volkswagen Dr,SR-10,Volkswagen Dr,2/14/2018 0:00,2018-02-14,0,1518584400,,,,Property Damage,"Sideswipe, Same Direction",No,No,No,No,30,2,No,No,Shoulder and Lap Belt Used,37341,Shoulder and Lap Belt Used,30741,No,No,Unknown,Rain,639,33,9,0,2,1,1518580800,0.86,0.36,183,0,0,50,2.12,1,50,45.94,6.106,,cloudy,overcast,0,1,0,0,0,0
,35.0720935,-85.14454,Discovery Dr,US-7000,Volkswagon Dr.,4/18/2018 8:00,2018-04-18,8,1524052800,,,,Property Damage,Angle,No,No,No,No,25,2,No,No,Shoulder and Lap Belt Used,37380,Shoulder and Lap Belt Used,37411,No,No,Daylight,Clear,639,33,9,0,2,1,1524049200,0.67,1.45,197,0,0,57,4.58,0,57,46.25,6.585,,clear-day,clear,0,0,0,0,1,0
,35.069627,-85.150019,7000 Bonny Oaks Dr,,Volkswagon Dr,6/18/2018 20:00,2018-06-18,20,1529366400,,,,Property Damage,Angle,No,No,No,No,40,2,No,No,,37307,Shoulder and Lap Belt Used,30736,No,No,Daylight,Clear,639,33,9,0,2,1,1529362800,0.52,3.78,283,0,0,94.74,6.83,0,89.51,69.78,6.008,,clear-day,clear,0,0,0,0,1,0
,35.069494,-85.14957,7000 Bonny Oaks Dr,,Volkswagen Dr,12/17/2018 6:00,2018-12-17,6,1545044400,,,,Property Damage,Angle,No,No,No,No,45,2,No,No,Shoulder and Lap Belt Used,37416,Shoulder and Lap Belt Used,37312,No,No,Dark - Not Lighted,Fog,639,33,9,0,2,1,1545040800,0.98,1.75,337,0,0,37.6,5.19,1,37.6,37,0.308,,fog,foggy,0,0,1,0,0,0
,35.091609,-85.198644,4612 Tarpon Trl,,Lake Haven Dr,2/14/2018 9:00,2018-02-14,9,1518616800,,,,Property Damage,Not Collision with Motor Vehicle in Transport,No,No,No,No,25,1,No,No,None Used MV Occupant,37416,,,No,No,Daylight,Rain,632,26,9,0,7,14,1518613200,0.93,0.58,192,1,0.016,47.78,1.32,1,47.78,45.88,1.606,rain,rain,light rain,1,0,0,0,0,1
,35.087736,-85.197817,4616 Sunflower Ln,,Oakwood,1/4/2019 0:00,2019-01-04,0,1546578000,,,,Property Damage,Unknown,Yes,No,No,No,15,2,No,No,,37416,Unknown,Unknown,,,Unknown,Unknown,632,26,9,0,7,14,1546574400,0.92,4.21,34,0,0,47.56,8.53,1,48.99,46.86,5.811,,cloudy,overcast,0,1,0,0,0,0
,35.087873,-85.19835,4616 Sunflower Ln,,Oakwood Dr,5/29/2019 12:00,2019-05-29,12,1559145600,,,,Property Damage,Angle,Yes,No,No,No,15,2,No,No,Unknown,Unknown,Shoulder and Lap Belt Used,37416,No,No,Daylight,Clear,632,26,9,0,7,14,1559142000,0.4,9.51,238,9,0,87.48,17.13,0,87.48,60.17,7.267,,clear-day,clear,0,0,0,0,1,0
,35.090146,-85.19297,Murray Lake Ln,SR-4,Northland Ln,6/16/2019 0:00,2019-06-16,0,1560657600,,,,Property Damage,Unknown,Yes,No,No,No,25,2,No,No,,37416,,37416,,,Unknown,Unknown,632,26,9,0,7,14,1560654000,0.68,6.02,205,0,0,74.79,11.68,0,74.47,63.02,6.858,,clear-night,clear,0,0,0,0,1,0
,35.012308,-85.15065,1500 Jenkins Rd,US-11,8100 royal dr.,2/14/2018 19:00,2018-02-14,19,1518652800,,,,Property Damage Under,Not Collision with Motor Vehicle in Transport,No,No,No,No,25,1,No,No,Shoulder and Lap Belt Used,37421,,,No,No,Dark - Lighted,Rain,285,36,17,0,7,15,1518649200,0.91,0.75,202,0,0.022,58.22,2.71,1,58.22,55.63,2.212,rain,rain,light rain,1,0,0,0,0,1
,35.012308,-85.15065,1501 Jenkins Rd,SR-1501,Hitchcock Rd,8/9/2018 10:00,2018-08-09,10,1533823200,,,,Property Damage,Not Collision with Motor Vehicle in Transport,No,No,No,No,30,1,No,No,Shoulder and Lap Belt Used,37421,,,No,No,Daylight,Rain,285,36,17,0,7,15,1533819600,0.93,2.21,168,3,0.068,74.52,5.33,0.75,73.14,70.97,3.424,rain,rain,possible light rain,1,0,0,0,0,1
,35.0118,-85.148495,1515 Jenkins Rd,,E Brainered Rd,5/3/2019 20:00,2019-05-03,20,1556928000,,,,Property Damage,Not Collision with Motor Vehicle in Transport,No,No,No,No,35,1,No,No,Shoulder and Lap Belt Used,75068,,,No,No,Daylight,Clear,285,36,17,0,7,15,1556924400,0.55,3.32,280,0,0,78.72,8.66,0.1,78.58,60.94,5.926,,clear-day,clear,0,0,0,0,1,0
,35.107178,-85.149188,5500 Highway 58,,Jewell Road,2/15/2018 7:00,2018-02-15,7,1518696000,,,,Property Damage,Not Collision with Motor Vehicle in Transport,No,No,No,No,50,3,No,No,Shoulder and Lap Belt Used,37341,Shoulder and Lap Belt Used,37341,No,No,Dawn,Clear,813,30,4,0,0,3,1518692400,0.93,2.33,200,0,0,61.22,5.13,1,61.04,59.04,2.381,,cloudy,overcast,0,1,0,0,0,0
,35.018335,-85.286988,I 24 East Bound,I-24,18000 Interstate 24 West,2/15/2018 7:00,2018-02-15,7,1518696000,,,,Property Damage,"Sideswipe, Same Direction",No,No,No,No,65,2,No,No,,30736,Unknown,37379,No,No,Daylight,Rain,53,20,24,1,7,19,1518692400,0.92,2.09,200,0,0,61.59,4.67,1,61.43,59.01,1.577,,fog,foggy,0,0,1,0,0,0
,35.018751,-85.288775,Hwy I 24,I-24,,3/3/2018 0:00,2018-03-03,0,1520053200,,,,Property Damage,Unknown,Yes,No,No,No,25,2,No,No,Unknown,Unknown,Shoulder and Lap Belt Used,37379,,,Unknown,Unknown,53,20,24,1,7,19,1520049600,0.52,2.28,1,0,0,43.28,6.59,0,43.28,26.83,5.646,,clear-night,clear,0,0,0,0,1,0
,35.012535,-85.287838,2805 S Orchard Knob Ave,SR-1,E 28th st,4/12/2018 8:00,2018-04-12,8,1523534400,,,,Property Damage,Unknown,Yes,No,No,No,,2,No,No,Unknown,Unknown,,30721,,,Daylight,Clear,53,20,24,1,7,19,1523530800,0.62,0.22,212,0,0,50.46,2.9,0,50.46,37.77,5.646,,clear-day,clear,0,0,0,0,1,0
,35.012844,-85.287262,2800 S Orchard Knob Ave,,E 28th St,4/15/2018 0:00,2018-04-15,0,1523764800,,,,Property Damage,Unknown,Yes,No,No,No,15,1,No,No,Unknown,Unknown,,,,,Unknown,Rain,53,20,24,1,7,19,1523761200,0.93,0.49,83,0,0.127,61.32,1.72,1,61.15,58.99,1.976,rain,rain,rain,1,0,0,0,0,1
,35.015608,-85.289363,1700 Foust St,SR-1700,S. Hickory,4/28/2018 22:00,2018-04-28,22,1524967200,,,,Possible Injury,Angle,No,No,No,No,35,2,No,No,Unknown,37416,Unknown,37416,No,No,Dark - Lighted,Clear,53,20,24,1,7,19,1524963600,0.4,2.97,343,0,0,63.47,6.91,0,63.47,38.97,5.489,,clear-night,clear,0,0,0,0,1,0
,35.012961,-85.288177,2800 S Hawthorne St,SR-2800,S Hawthorne St,7/8/2018 0:00,2018-07-08,0,1531022400,,,,Property Damage,Unknown,Yes,No,No,No,15,2,No,No,Unknown,Unknown,None Used MV Occupant,37404,No,No,Unknown,Clear,53,20,24,1,7,19,1531018800,0.86,3.75,128,0,0,75.72,4.42,0.75,74.54,69.95,6.34,,partly-cloudy-night,mostly cloudy,0,1,0,0,0,0
,35.01364,-85.28731,E 27th St,,S. Hawthrone,7/29/2018 21:00,2018-07-29,21,1532912400,,,,Property Damage,Angle,Yes,No,No,No,20,2,No,No,Unknown,Unknown,,37404,,,Dark - Not Lighted,Clear,53,20,24,1,7,19,1532908800,0.61,1.08,225,0,0,83.75,4.39,0.19,81.39,66.69,6.427,,partly-cloudy-night,partly cloudy,0,1,0,0,0,0
,35.018751,-85.288775,18050 - 18079 Interstate 24 wb hwy,I-24,4th ave,9/19/2018 16:00,2018-09-19,16,1537387200,,,,Property Damage Under,Front to Rear,No,No,No,No,50,2,No,No,None Used MV Occupant,37923,Unknown,54452,No,No,Daylight,Clear,53,20,24,1,7,19,1537383600,0.4,2.49,26,5,0,93.57,6.95,0.19,91.84,64.18,5.399,,partly-cloudy-day,partly cloudy,0,1,0,0,0,0
,35.016253,-85.290235,18000 Interstate,I-24,I 24,10/11/2018 18:00,2018-10-11,18,1539295200,,,,Property Damage Under,Front to Rear,No,No,No,No,55,3,No,No,Shoulder and Lap Belt Used,37419,Shoulder and Lap Belt Used,37206,No,No,Dusk,Clear,53,20,24,1,7,19,1539291600,0.48,7.5,316,0,0,69.79,16.65,0.01,69.79,49.48,10,,clear-day,clear,0,0,0,0,1,0
,35.018623,-85.289703,18040 Interstate,I-24,18000 Interstate,10/26/2018 19:00,2018-10-26,19,1540594800,,,,Property Damage Under,Angle,No,No,No,No,55,2,No,No,Shoulder and Lap Belt Used,37375,Shoulder and Lap Belt Used,19023,No,No,Dark - Lighted,Rain,53,20,24,1,7,19,1540591200,0.93,3.86,204,0,0.012,52.61,7.65,1,52.61,50.62,2.511,rain,cloudy,overcast,0,1,0,0,0,0
,35.018522,-85.287156,18060 Interstate,I-24,I 24,11/9/2018 17:00,2018-11-09,17,1541800800,,,,Property Damage Under,Front to Rear,No,No,No,No,55,2,No,No,Shoulder and Lap Belt Used,37419,Shoulder and Lap Belt Used,37356,No,No,Daylight,Cloudy,53,20,24,1,7,19,1541797200,0.84,5.83,334,0,0.003,45.17,13.67,1,47.82,43.32,7.995,rain,cloudy,overcast,0,1,0,0,0,0