Accident,Latitude,Longitude,Street,AltStreet,Intersection,DateTime,Date,Hour,Unix,WeekDay,WeekEnd,DayFrame,AccidentType,CollisionType,HaR,FatalInjury,MedicalTransport,InvolvedPlacardedTruck,PostedSpeed,TotalVehiclesInvolved,PedestrianInvolved,BicycleInvolved,DriverOneSafetyEquipment,DriverOneZip,DriverTwoSafetyEquipment,DriverTwoZip,Drug,Alcohol,LightCondition,Weather,Grid_Block,Grid_Col,Grid_Row,Highway,Land_Use_Mode,Road_Count,HourBefore,humidity,windSpeed,windBearing,uvIndex,precipIntensity,apparentTemperature,windGust,cloudCover,temperature,dewPoint,visibility,precipType,Event,Conditions,Rain,Cloudy,Foggy,Snow,Clear,RainBefore
,35.013784,-85.291303,Watage St,SR-1612,E. 28th St,12/14/2018 0:00,2018-12-14,0,1544763600,,,,Property Damage,Not Collision with Motor Vehicle in Transport,Yes,No,No,No,15,1,No,No,,37421,Unknown,Unknown,,,Unknown,Rain,53,20,24,1,7,19,1544760000,0.68,2.01,97,0,0,48.21,6.13,1,48.21,38.07,5.564,,cloudy,overcast,0,1,0,0,0,0
,35.013359,-85.2903,2806 S Hickory St,,E 28th,1/13/2019 4:00,2019-01-13,4,1547370000,,,,Property Damage,Head On,Yes,No,No,No,35,2,No,No,,37407,Unknown,37407,,,Dark - Not Lighted,Rain,53,20,24,1,7,19,1547366400,0.95,4.63,194,0,0.001,35.66,9.06,1,39.05,37.66,5.349,rain,cloudy,overcast,0,1,0,0,0,0
,35.013359,-85.2903,2806 S Hickory St,,E 28th,1/13/2019 4:00,2019-01-13,4,1547370000,,,,Property Damage,Head On,Yes,No,No,No,35,2,No,No,,37407,Unknown,37407,,,Dark - Not Lighted,Rain,53,20,24,1,7,19,1547366400,0.95,4.63,194,0,0.001,35.66,9.06,1,39.05,37.66,5.349,rain,cloudy,overcast,0,1,0,0,0,0
,35.013359,-85.2903,2806 S Hickory St,,E 28th,1/13/2019 4:00,2019-01-13,4,1547370000,,,,Property Damage,Head On,Yes,No,No,No,35,2,No,No,,37407,Unknown,37407,,,Dark - Not Lighted,Rain,53,20,24,1,7,19,1547366400,0.95,4.63,194,0,0.001,35.66,9.06,1,39.05,37.66,5.349,rain,cloudy,overcast,0,1,0,0,0,0
,35.013359,-85.2903,2806 S Hickory St,,E 28th,1/13/2019 4:00,2019-01-13,4,1547370000,,,,Property Damage,Head On,Yes,No,No,No,35,2,No,No,,37407,Unknown,37407,,,Dark - Not Lighted,Rain,53,20,24,1,7,19,1547366400,0.95,4.63,194,0,0.001,35.66,9.06,1,39.05,37.66,5.349,rain,cloudy,overcast,0,1,0,0,0,0
,35.017562,-85.283777,18080 Interstate,I-24,18100 Interstate,4/13/2019 21:00,2019-04-13,21,1555203600,,,,Property Damage Under,Not Collision with Motor Vehicle in Transport,No,No,No,No,55,1,No,No,Shoulder and Lap Belt Used,38801,,,No,No,Dark - Lighted,Clear,53,20,24,1,7,19,1555200000,0.82,4.49,36,0,0,65.74,12.12,0.1,65.61,60.06,3.651,,clear-night,clear,0,0,0,0,1,0
,35.017562,-85.283777,18080 Interstate,I-24,18100 Interstate,4/13/2019 21:00,2019-04-13,21,1555203600,,,,Property Damage Under,Not Collision with Motor Vehicle in Transport,No,No,No,No,55,1,No,No,Shoulder and Lap Belt Used,38801,,,No,No,Dark - Lighted,Clear,53,20,24,1,7,19,1555200000,0.82,4.49,36,0,0,65.74,12.12,0.1,65.61,60.06,3.651,,clear-night,clear,0,0,0,0,1,0
,35.017562,-85.283777,18080 Interstate,I-24,18100 Interstate,4/13/2019 21:00,2019-04-13,21,1555203600,,,,Property Damage Under,Not Collision with Motor Vehicle in Transport,No,No,No,No,55,1,No,No,Shoulder and Lap Belt Used,38801,,,No,No,Dark - Lighted,Clear,53,20,24,1,7,19,1555200000,0.82,4.49,36,0,0,65.74,12.12,0.1,65.61,60.06,3.651,,clear-night,clear,0,0,0,0,1,0
,35.017562,-85.283777,18080 Interstate,I-24,18100 Interstate,4/13/2019 21:00,2019-04-13,21,1555203600,,,,Property Damage Under,Not Collision with Motor Vehicle in Transport,No,No,No,No,55,1,No,No,Shoulder and Lap Belt Used,38801,,,No,No,Dark - Lighted,Clear,53,20,24,1,7,19,1555200000,0.82,4.49,36,0,0,65.74,12.12,0.1,65.61,60.06,3.651,,clear-night,clear,0,0,0,0,1,0
,35.017606,-85.28446,18100 Interstate 24 Eb RD,I-24,4th Ave,5/10/2019 12:00,2019-05-10,12,1557504000,,,,Property Damage,Front to Rear,No,No,No,No,55,2,No,No,Shoulder and Lap Belt Used,37415,Shoulder and Lap Belt Used,30750,No,No,Daylight,Clear,53,20,24,1,7,19,1557500400,0.71,3.73,193,5,0,74.49,7.72,0.75,74.06,63.92,6.925,,partly-cloudy-day,mostly cloudy,0,1,0,0,0,0
,35.017606,-85.28446,18100 Interstate 24 Eb RD,I-24,4th Ave,5/10/2019 12:00,2019-05-10,12,1557504000,,,,Property Damage,Front to Rear,No,No,No,No,55,2,No,No,Shoulder and Lap Belt Used,37415,Shoulder and Lap Belt Used,30750,No,No,Daylight,Clear,53,20,24,1,7,19,1557500400,0.71,3.73,193,5,0,74.49,7.72,0.75,74.06,63.92,6.925,,partly-cloudy-day,mostly cloudy,0,1,0,0,0,0
,35.017606,-85.28446,18100 Interstate 24 Eb RD,I-24,4th Ave,5/10/2019 12:00,2019-05-10,12,1557504000,,,,Property Damage,Front to Rear,No,No,No,No,55,2,No,No,Shoulder and Lap Belt Used,37415,Shoulder and Lap Belt Used,30750,No,No,Daylight,Clear,53,20,24,1,7,19,1557500400,0.71,3.73,193,5,0,74.49,7.72,0.75,74.06,63.92,6.925,,partly-cloudy-day,mostly cloudy,0,1,0,0,0,0
,35.017606,-85.28446,18100 Interstate 24 Eb RD,I-24,4th Ave,5/10/2019 12:00,2019-05-10,12,1557504000,,,,Property Damage,Front to Rear,No,No,No,No,55,2,No,No,Shoulder and Lap Belt Used,37415,Shoulder and Lap Belt Used,30750,No,No,Daylight,Clear,53,20,24,1,7,19,1557500400,0.71,3.73,193,5,0,74.49,7.72,0.75,74.06,63.92,6.925,,partly-cloudy-day,mostly cloudy,0,1,0,0,0,0
,35.017998,-85.285235,181 Interstate,I-24,4th Ave,5/29/2019 17:00,2019-05-29,17,1559163600,,,,Property Damage Under,Angle,Yes,No,No,No,55,2,No,No,Shoulder and Lap Belt Used,22407,Unknown,Unknown,No,No,Daylight,Clear,53,20,24,1,7,19,1559160000,0.33,9.69,225,5,0,92.12,17.78,0.19,92.12,58.56,5.749,,partly-cloudy-day,partly cloudy,0,1,0,0,0,0
,35.017998,-85.285235,181 Interstate,I-24,4th Ave,5/29/2019 17:00,2019-05-29,17,1559163600,,,,Property Damage Under,Angle,Yes,No,No,No,55,2,No,No,Shoulder and Lap Belt Used,22407,Unknown,Unknown,No,No,Daylight,Clear,53,20,24,1,7,19,1559160000,0.33,9.69,225,5,0,92.12,17.78,0.19,92.12,58.56,5.749,,partly-cloudy-day,partly cloudy,0,1,0,0,0,0
,35.017998,-85.285235,181 Interstate,I-24,4th Ave,5/29/2019 17:00,2019-05-29,17,1559163600,,,,Property Damage Under,Angle,Yes,No,No,No,55,2,No,No,Shoulder and Lap Belt Used,22407,Unknown,Unknown,No,No,Daylight,Clear,53,20,24,1,7,19,1559160000,0.33,9.69,225,5,0,92.12,17.78,0.19,92.12,58.56,5.749,,partly-cloudy-day,partly cloudy,0,1,0,0,0,0
,35.017998,-85.285235,181 Interstate,I-24,4th Ave,5/29/2019 17:00,2019-05-29,17,1559163600,,,,Property Damage Under,Angle,Yes,No,No,No,55,2,No,No,Shoulder and Lap Belt Used,22407,Unknown,Unknown,No,No,Daylight,Clear,53,20,24,1,7,19,1559160000,0.33,9.69,225,5,0,92.12,17.78,0.19,92.12,58.56,5.749,,partly-cloudy-day,partly cloudy,0,1,0,0,0,0
,35.0217436,-85.292087,1800 Interstate,I-24,1800 Interstate,2/15/2018 15:00,2018-02-15,15,1518724800,,,,Property Damage Under,Not Collision with Motor Vehicle in Transport,No,No,No,No,55,1,No,No,Shoulder and Lap Belt Used,30721,,,No,No,Daylight,Cloudy,76,19,23,0,7,19,1518721200,0.76,4.8,208,2,0,70.11,11.85,1,69.87,61.86,5.501,,cloudy,overcast,0,1,0,0,0,0
,35.0217436,-85.292087,1800 Interstate,I-24,1800 Interstate,2/15/2018 15:00,2018-02-15,15,1518724800,,,,Property Damage Under,Not Collision with Motor Vehicle in Transport,No,No,No,No,55,1,No,No,Shoulder and Lap Belt Used,30721,,,No,No,Daylight,Cloudy,76,19,23,0,7,19,1518721200,0.76,4.8,208,2,0,70.11,11.85,1,69.87,61.86,5.501,,cloudy,overcast,0,1,0,0,0,0
,35.0217436,-85.292087,1800 Interstate,I-24,1800 Interstate,2/15/2018 15:00,2018-02-15,15,1518724800,,,,Property Damage Under,Not Collision with Motor Vehicle in Transport,No,No,No,No,55,1,No,No,Shoulder and Lap Belt Used,30721,,,No,No,Daylight,Cloudy,76,19,23,0,7,19,1518721200,0.76,4.8,208,2,0,70.11,11.85,1,69.87,61.86,5.501,,cloudy,overcast,0,1,0,0,0,0
,35.0217436,-85.292087,1800 Interstate,I-24,1800 Interstate,2/15/2018 15:00,2018-02-15,15,1518724800,,,,Property Damage Under,Not Collision with Motor Vehicle in Transport,No,No,No,No,55,1,No,No,Shoulder and Lap Belt Used,30721,,,No,No,Daylight,Cloudy,76,19,23,0,7,19,1518721200,0.76,4.8,208,2,0,70.11,11.85,1,69.87,61.86,5.501,,cloudy,overcast,0,1,0,0,0,0
,35.02122,-85.292482,1000 E Main St,,Top St,3/16/2018 16:00,2018-03-16,16,1521230400,,,,Property Damage,Angle,No,No,No,No,25,2,No,No,Shoulder and Lap Belt Used,37411,Shoulder and Lap Belt Used,37408,No,No,Daylight,Clear,76,19,23,0,7,19,1521226800,0.35,2.26,168,5,0,71.19,6.23,0,71.19,42.06,6.201,,clear-day,clear,0,0,0,0,1,0
,35.02122,-85.292482,1000 E Main St,,Top St,3/16/2018 16:00,2018-03-16,16,1521230400,,,,Property Damage,Angle,No,No,No,No,25,2,No,No,Shoulder and Lap Belt Used,37411,Shoulder and Lap Belt Used,37408,No,No,Daylight,Clear,76,19,23,0,7,19,1521226800,0.35,2.26,168,5,0,71.19,6.23,0,71.19,42.06,6.201,,clear-day,clear,0,0,0,0,1,0
,35.02122,-85.292482,1000 E Main St,,Top St,3/16/2018 16:00,2018-03-16,16,1521230400,,,,Property Damage,Angle,No,No,No,No,25,2,No,No,Shoulder and Lap Belt Used,37411,Shoulder and Lap Belt Used,37408,No,No,Daylight,Clear,76,19,23,0,7,19,1521226800,0.35,2.26,168,5,0,71.19,6.23,0,71.19,42.06,6.201,,clear-day,clear,0,0,0,0,1,0
,35.02122,-85.292482,1000 E Main St,,Top St,3/16/2018 16:00,2018-03-16,16,1521230400,,,,Property Damage,Angle,No,No,No,No,25,2,No,No,Shoulder and Lap Belt Used,37411,Shoulder and Lap Belt Used,37408,No,No,Daylight,Clear,76,19,23,0,7,19,1521226800,0.35,2.26,168,5,0,71.19,6.23,0,71.19,42.06,6.201,,clear-day,clear,0,0,0,0,1,0
,35.022247,-85.291758,E 23rd St,,S Holtzclaw Ave,3/22/2018 18:00,2018-03-22,18,1521756000,,,,Property Damage Under,Front to Rear,No,No,No,No,35,2,No,No,Shoulder and Lap Belt Used,37411,Shoulder and Lap Belt Used,37421,No,No,Daylight,Clear,76,19,23,0,7,19,1521752400,0.33,3.95,339,1,0,55.12,9.71,0,55.12,26.25,9.997,,clear-day,clear,0,0,0,0,1,0
,35.022247,-85.291758,E 23rd St,,S Holtzclaw Ave,3/22/2018 18:00,2018-03-22,18,1521756000,,,,Property Damage Under,Front to Rear,No,No,No,No,35,2,No,No,Shoulder and Lap Belt Used,37411,Shoulder and Lap Belt Used,37421,No,No,Daylight,Clear,76,19,23,0,7,19,1521752400,0.33,3.95,339,1,0,55.12,9.71,0,55.12,26.25,9.997,,clear-day,clear,0,0,0,0,1,0
,35.022247,-85.291758,E 23rd St,,S Holtzclaw Ave,3/22/2018 18:00,2018-03-22,18,1521756000,,,,Property Damage Under,Front to Rear,No,No,No,No,35,2,No,No,Shoulder and Lap Belt Used,37411,Shoulder and Lap Belt Used,37421,No,No,Daylight,Clear,76,19,23,0,7,19,1521752400,0.33,3.95,339,1,0,55.12,9.71,0,55.12,26.25,9.997,,clear-day,clear,0,0,0,0,1,0
,35.022247,-85.291758,E 23rd St,,S Holtzclaw Ave,3/22/2018 18:00,2018-03-22,18,1521756000,,,,Property Damage Under,Front to Rear,No,No,No,No,35,2,No,No,Shoulder and Lap Belt Used,37411,Shoulder and Lap Belt Used,37421,No,No,Daylight,Clear,76,19,23,0,7,19,1521752400,0.33,3.95,339,1,0,55.12,9.71,0,55.12,26.25,9.997,,clear-day,clear,0,0,0,0,1,0
,35.022247,-85.291758,S Holtzclaw Ave,,S Holtzclaw Ave,4/9/2018 19:00,2018-04-09,19,1523314800,,,,Possible Injury,Head On,No,No,Yes,No,35,2,No,No,Shoulder and Lap Belt Used,37412,Shoulder and Lap Belt Used,37411,No,No,Daylight,Clear,76,19,23,0,7,19,1523311200,0.47,0.94,2,0,0,64.01,3.58,0,64.01,43.58,5.501,,clear-day,clear,0,0,0,0,1,0
,35.022247,-85.291758,S Holtzclaw Ave,,S Holtzclaw Ave,4/9/2018 19:00,2018-04-09,19,1523314800,,,,Possible Injury,Head On,No,No,Yes,No,35,2,No,No,Shoulder and Lap Belt Used,37412,Shoulder and Lap Belt Used,37411,No,No,Daylight,Clear,76,19,23,0,7,19,1523311200,0.47,0.94,2,0,0,64.01,3.58,0,64.01,43.58,5.501,,clear-day,clear,0,0,0,0,1,0
,35.022247,-85.291758,S Holtzclaw Ave,,S Holtzclaw Ave,4/9/2018 19:00,2018-04-09,19,1523314800,,,,Possible Injury,Head On,No,No,Yes,No,35,2,No,No,Shoulder and Lap Belt Used,37412,Shoulder and Lap Belt Used,37411,No,No,Daylight,Clear,76,19,23,0,7,19,1523311200,0.47,0.94,2,0,0,64.01,3.58,0,64.01,43.58,5.501,,clear-day,clear,0,0,0,0,1,0
,35.022247,-85.291758,S Holtzclaw Ave,,S Holtzclaw Ave,4/9/2018 19:00,2018-04-09,19,1523314800,,,,Possible Injury,Head On,No,No,Yes,No,35,2,No,No,Shoulder and Lap Belt Used,37412,Shoulder and Lap Belt Used,37411,No,No,Daylight,Clear,76,19,23,0,7,19,1523311200,0.47,0.94,2,0,0,64.01,3.58,0,64.01,43.58,5.501,,clear-day,clear,0,0,0,0,1,0
,35.02189,-85.290723,1400 E 23rd St,,S Greenwood,11/25/2018 18:00,2018-11-25,18,1543186800,,,,Property Damage,Front to Rear,No,No,No,No,40,2,No,No,Shoulder and Lap Belt Used,30705,Shoulder and Lap Belt Used,40223,No,No,Dark - Lighted,Cloudy,76,19,23,0,7,19,1543183200,0.78,2.78,105,0,0,51.45,16.01,0.7,51.45,44.83,2.268,,partly-cloudy-night,mostly cloudy,0,1,0,0,0,0
,35.02189,-85.290723,1400 E 23rd St,,S Greenwood,11/25/2018 18:00,2018-11-25,18,1543186800,,,,Property Damage,Front to Rear,No,No,No,No,40,2,No,No,Shoulder and Lap Belt Used,30705,Shoulder and Lap Belt Used,40223,No,No,Dark - Lighted,Cloudy,76,19,23,0,7,19,1543183200,0.78,2.78,105,0,0,51.45,16.01,0.7,51.45,44.83,2.268,,partly-cloudy-night,mostly cloudy,0,1,0,0,0,0
,35.02189,-85.290723,1400 E 23rd St,,S Greenwood,11/25/2018 18:00,2018-11-25,18,1543186800,,,,Property Damage,Front to Rear,No,No,No,No,40,2,No,No,Shoulder and Lap Belt Used,30705,Shoulder and Lap Belt Used,40223,No,No,Dark - Lighted,Cloudy,76,19,23,0,7,19,1543183200,0.78,2.78,105,0,0,51.39,16.01,0.7,51.39,44.83,2.268,,partly-cloudy-night,mostly cloudy,0,1,0,0,0,0
,35.02189,-85.290723,1400 E 23rd St,,S Greenwood,11/25/2018 18:00,2018-11-25,18,1543186800,,,,Property Damage,Front to Rear,No,No,No,No,40,2,No,No,Shoulder and Lap Belt Used,30705,Shoulder and Lap Belt Used,40223,No,No,Dark - Lighted,Cloudy,76,19,23,0,7,19,1543183200,0.78,2.78,105,0,0,51.39,16.01,0.7,51.39,44.83,2.268,,partly-cloudy-night,mostly cloudy,0,1,0,0,0,0
,35.025405,-85.290348,S Holtzclaw Ave,,E 18th St,12/12/2018 0:00,2018-12-12,0,1544590800,,,,Property Damage Under,Unknown,Yes,No,No,No,15,2,No,No,Unknown,Unknown,,37737,,,Daylight,Clear,76,19,23,0,7,19,1544587200,0.75,0.66,268,0,0,31.75,4.31,0,31.75,24.76,6.819,,clear-night,clear,0,0,0,0,1,0
,35.025405,-85.290348,S Holtzclaw Ave,,E 18th St,12/12/2018 0:00,2018-12-12,0,1544590800,,,,Property Damage Under,Unknown,Yes,No,No,No,15,2,No,No,Unknown,Unknown,,37737,,,Daylight,Clear,76,19,23,0,7,19,1544587200,0.75,0.66,268,0,0,31.75,4.31,0,31.75,24.76,6.819,,clear-night,clear,0,0,0,0,1,0
,35.025405,-85.290348,S Holtzclaw Ave,,E 18th St,12/12/2018 0:00,2018-12-12,0,1544590800,,,,Property Damage Under,Unknown,Yes,No,No,No,15,2,No,No,Unknown,Unknown,,37737,,,Daylight,Clear,76,19,23,0,7,19,1544587200,0.75,0.66,268,0,0,31.78,4.31,0,31.78,24.76,6.819,,clear-night,clear,0,0,0,0,1,0
,35.025405,-85.290348,S Holtzclaw Ave,,E 18th St,12/12/2018 0:00,2018-12-12,0,1544590800,,,,Property Damage Under,Unknown,Yes,No,No,No,15,2,No,No,Unknown,Unknown,,37737,,,Daylight,Clear,76,19,23,0,7,19,1544587200,0.75,0.66,268,0,0,31.78,4.31,0,31.78,24.76,6.819,,clear-night,clear,0,0,0,0,1,0
,35.022593,-85.293522,1200 E 23rd St,,S Holtzclaw Ave,4/25/2019 16:00,2019-04-25,16,1556222400,,,,Property Damage,Front to Rear,No,No,No,No,35,2,No,No,Shoulder and Lap Belt Used,37343,Shoulder and Lap Belt Used,37412,No,No,Daylight,Clear,76,19,23,0,7,19,1556218800,0.53,10.9,186,5,0,75.97,15.2,0.44,75.97,57.8,5.359,,partly-cloudy-day,partly cloudy,0,1,0,0,0,0
,35.024642,-85.290464,1900 S Holtzclaw Ave,,E 19th St,5/21/2019 0:00,2019-05-21,0,1558411200,,,,Property Damage Under,Not Collision with Motor Vehicle in Transport,Yes,No,No,No,30,1,No,No,,37402,Unknown,Unknown,,,Dawn,Clear,76,19,23,0,7,19,1558407600,0.66,1.38,342,0,0,68.3,5.07,0,68.3,56.43,6.164,,clear-night,clear,0,0,0,0,1,0
,35.0213942,-85.292158,2400 Rossville Blvd,,Lindberg Ave,5/30/2019 15:00,2019-05-30,15,1559242800,,,,Property Damage,Angle,No,No,No,No,35,2,No,No,Shoulder and Lap Belt Used,37412,Shoulder and Lap Belt Used,37404,No,No,Daylight,Clear,76,19,23,0,7,19,1559239200,0.45,6.94,236,6,0,89.84,14.24,0.75,88.39,64.17,5.048,,partly-cloudy-day,mostly cloudy,0,1,0,0,0,0
,35.082723,-85.078179,1100 Interstate 75 Northbound,,Lee Hwy,2/15/2018 15:00,2018-02-15,15,1518724800,,,,Property Damage,Front to Rear,No,No,No,No,65,2,No,No,Shoulder and Lap Belt Used,37363,Shoulder and Lap Belt Used,31001,No,No,Daylight,Clear,823,40,4,1,0,6,1518721200,0.77,5.16,203,2,0,69.55,11.9,0.81,69.3,61.84,6.462,,partly-cloudy-day,mostly cloudy,0,1,0,0,0,0
,35.082723,-85.078179,Interstate 75 hwy,I-75,Lee Hwy,4/2/2018 8:00,2018-04-02,8,1522670400,,,,Property Damage,"Sideswipe, Same Direction",No,No,No,No,25,2,No,No,Shoulder and Lap Belt Used,36870,Shoulder and Lap Belt Used,30739,No,No,Daylight,Clear,823,40,4,1,0,6,1522666800,0.59,1.52,206,0,0,58.5,2.46,0.55,58.5,44.02,6.367,,partly-cloudy-day,mostly cloudy,0,1,0,0,0,0
,35.083035,-85.078015,I 75 hwy,I-75,Lee Hwy,6/15/2018 16:00,2018-06-15,16,1529092800,,,,Property Damage,Not Collision with Motor Vehicle in Transport,No,No,No,No,55,2,No,No,Shoulder and Lap Belt Used,37303,Shoulder and Lap Belt Used,37363,No,No,Daylight,Clear,823,40,4,1,0,6,1529089200,0.44,4.6,1,7,0,93.02,11.09,0.19,90.51,65.76,6.357,,partly-cloudy-day,partly cloudy,0,1,0,0,0,0
,35.082029,-85.077721,8712 Old Lee Hwy,,Old Cleveland Pike,8/9/2018 10:00,2018-08-09,10,1533823200,,,,Property Damage,Not Collision with Motor Vehicle in Transport,No,No,No,No,40,1,No,No,Shoulder and Lap Belt Used,37421,,,No,No,Daylight,Clear,823,40,4,1,0,6,1533819600,0.94,2.64,173,3,0.08,74.15,5.5,0.75,72.77,70.85,4.437,rain,rain,possible light rain,1,0,0,0,0,1
,35.082937,-85.078216,1100 75 Interstate,I-75,Shallowford Rd,8/29/2018 8:00,2018-08-29,8,1535544000,,,,Property Damage,"Sideswipe, Same Direction",Yes,No,No,No,65,2,No,No,Shoulder and Lap Belt Used,37312,Unknown,Unknown,No,No,Daylight,Clear,823,40,4,1,0,6,1535540400,0.9,1.34,148,0,0,74.64,6.5,0.75,73.38,70.17,4.263,,partly-cloudy-day,mostly cloudy,0,1,0,0,0,0
,35.082723,-85.078179,1100 Interstate 75 Rd,I-1100,Lee Hwy,10/19/2018 10:00,2018-10-19,10,1539957600,,,,Property Damage,Angle,Yes,No,No,No,45,2,No,No,Unknown,Unknown,Shoulder and Lap Belt Used,37416,No,No,Daylight,Clear,823,40,4,1,0,6,1539954000,0.87,0.09,10,2,0,51.58,1.87,0,51.58,47.94,5.879,,clear-day,clear,0,0,0,0,1,0
,35.082937,-85.078216,1100 Interstate 75 Sb Hwy,I-75,Lee Hwy,10/24/2018 0:00,2018-10-24,0,1540353600,,,,Possible Injury,Front to Rear,No,No,Yes,No,70,3,No,No,Shoulder and Lap Belt Used,37323,Shoulder and Lap Belt Used,37311,No,No,Unknown,Unknown,823,40,4,1,0,6,1540350000,0.92,1.23,42,0,0,46.26,3.07,0,46.26,44.06,6.32,,clear-night,clear,0,0,0,0,1,0
,35.082723,-85.078179,1100 Interstate 75 rd,,Old Lee Hwy,10/24/2018 12:00,2018-10-24,12,1540396800,,,,Property Damage,Not Collision with Motor Vehicle in Transport,No,No,No,No,65,1,No,No,Unknown,37311,,,No,No,Daylight,Clear,823,40,4,1,0,6,1540393200,0.59,6.29,20,4,0,59.22,12.57,0,59.22,45.06,6.726,,clear-day,clear,0,0,0,0,1,0
,35.082937,-85.078216,1100 Interstate 75 sb rd,I-1100,Lee Hwy Exit,12/27/2018 7:00,2018-12-27,7,1545912000,,,,Property Damage,Front to Rear,No,No,No,No,65,2,No,No,Shoulder and Lap Belt Used,37343,Shoulder and Lap Belt Used,37311,No,No,Daylight,Clear,823,40,4,1,0,6,1545908400,0.65,4,182,0,0,44.74,20.13,1,46.43,35.2,10,,cloudy,overcast,0,1,0,0,0,0
,35.082723,-85.078179,940 Interstate 75 Nb Rd,I-1100,Exit 11,12/28/2018 10:00,2018-12-28,10,1546009200,,,,Suspected Minor Injury,"Sideswipe, Same Direction",No,No,Yes,No,65,2,No,No,Shoulder and Lap Belt Used,30711,Shoulder and Lap Belt Used,43229,No,No,Daylight,Cloudy,823,40,4,1,0,6,1546005600,0.96,6.32,206,1,0.089,53.33,14.13,0.75,53.33,52.28,5.315,rain,rain,light rain,1,0,0,0,0,1
,35.082353,-85.080465,1100 Interstate 75 Sb Rd,,Lee Hwy,5/20/2019 13:00,2019-05-20,13,1558371600,,,,Possible Injury,Angle,No,No,Yes,No,65,2,No,No,Unknown,37421,Unknown,40380,No,No,Daylight,Clear,823,40,4,1,0,6,1558368000,0.55,2.84,304,8,0,83.08,9.36,0.41,81.56,64.04,7.033,,partly-cloudy-day,partly cloudy,0,1,0,0,0,0
,35.083828,-85.07506,1120 Interstate 75 SB rd,I-75,Lee Hwy,6/20/2019 12:00,2019-06-20,12,1561046400,,,,Property Damage,Angle,No,No,No,No,65,2,No,No,Shoulder and Lap Belt Used,31093,Shoulder and Lap Belt Used,37421,No,No,Daylight,Cloudy,823,40,4,1,0,6,1561042800,0.76,4.32,232,4,0.004,76.14,10.63,1,75.32,67.39,9.054,rain,cloudy,overcast,0,1,0,0,0,0
,35.094661,-85.225106,600 Highway 153 Nb,US-153,Amnicola Hwy.,2/15/2018 17:00,2018-02-15,17,1518732000,,,,Property Damage,Front to Rear,No,No,No,No,55,2,No,No,Shoulder and Lap Belt Used,30736,Shoulder and Lap Belt Used,37343,No,No,Daylight,Clear,586,22,10,1,4,6,1518728400,0.77,4.91,200,0,0,69.47,9.78,1,69.24,61.68,5.873,,cloudy,overcast,0,1,0,0,0,0
,35.094661,-85.225106,Highway 153 NB,SR-153,Amnicola HWY,7/25/2018 2:00,2018-07-25,2,1532498400,,,,Property Damage,Not Collision with Motor Vehicle in Transport,No,No,No,No,55,1,No,No,,37243,Shoulder and Lap Belt Used,37343,No,No,Dark - Not Lighted,Clear,586,22,10,1,4,6,1532494800,0.82,3.11,332,0,0,75.85,6.79,1,74.82,68.89,6.471,,cloudy,overcast,0,1,0,0,0,0
,35.094618,-85.22519,Hwy 153,SR-153,Amnicola Hwy,9/12/2018 13:00,2018-09-12,13,1536771600,,,,Property Damage,Not Collision with Motor Vehicle in Transport,No,No,No,No,55,1,No,No,Shoulder and Lap Belt Used,37363,,,No,No,Daylight,Clear,586,22,10,1,4,6,1536768000,0.65,3.69,206,6,0,89.41,7.56,0.65,84.28,71.14,5.698,,partly-cloudy-day,mostly cloudy,0,1,0,0,0,0
,35.09595,-85.226032,153 highway,SR-610,Amnicola Hwy,9/12/2018 14:00,2018-09-12,14,1536775200,,,,Property Damage,"Sideswipe, Same Direction",No,No,No,No,45,2,No,No,Unknown,37416,Unknown,37302,No,,Daylight,Unknown,586,22,10,1,4,6,1536771600,0.61,3.47,95,6,0,91.01,8.53,0.75,85.7,70.88,6.233,,partly-cloudy-day,mostly cloudy,0,1,0,0,0,0
,35.094661,-85.225106,650 Highway 153 Nb,,Amnicola Hwy,5/3/2019 15:00,2019-05-03,15,1556910000,,,,Property Damage,Front to Rear,No,No,No,No,55,2,No,No,Shoulder and Lap Belt Used,37343,Shoulder and Lap Belt Used,37338,No,No,Daylight,Clear,586,22,10,1,4,6,1556906400,0.46,9.32,238,7,0,83.17,18.13,0.44,83.03,59.84,6.767,,partly-cloudy-day,partly cloudy,0,1,0,0,0,0
,35.060203,-85.130001,750 Interstate 75 State,,Bonny Oaks Drive,2/16/2018 14:00,2018-02-16,14,1518807600,,,,Property Damage,Not Collision with Motor Vehicle in Transport,No,No,No,No,25,1,No,No,Shoulder and Lap Belt Used,37312,,,No,No,Daylight,Rain,600,36,10,0,7,3,1518804000,0.87,5.95,279,3,0.007,62.46,11.77,1,62.43,58.48,1.951,rain,rain,possible drizzle,1,0,0,0,0,1
,35.056528,-85.13274,2626 Walker Rd,SR-2626,Standifer Gap Rd,5/31/2018 18:00,2018-05-31,18,1527804000,,,,Property Damage Under,Angle,Yes,No,No,No,,2,No,No,Unknown,Unknown,,,,,Dusk,Unknown,600,36,10,0,7,3,1527800400,0.76,3.01,128,2,0.011,77.92,9.15,0.75,76.95,68.84,6.115,rain,partly-cloudy-day,mostly cloudy,0,1,0,0,0,0