Accident,Latitude,Longitude,Street,AltStreet,Intersection,DateTime,Date,Hour,Unix,WeekDay,WeekEnd,DayFrame,AccidentType,CollisionType,HaR,FatalInjury,MedicalTransport,InvolvedPlacardedTruck,PostedSpeed,TotalVehiclesInvolved,PedestrianInvolved,BicycleInvolved,DriverOneSafetyEquipment,DriverOneZip,DriverTwoSafetyEquipment,DriverTwoZip,Drug,Alcohol,LightCondition,Weather,Grid_Block,Grid_Col,Grid_Row,Highway,Land_Use_Mode,Road_Count,HourBefore,humidity,windSpeed,windBearing,uvIndex,precipIntensity,apparentTemperature,windGust,cloudCover,temperature,dewPoint,visibility,precipType,Event,Conditions,Rain,Cloudy,Foggy,Snow,Clear,RainBefore
,35.0551656,-85.127738,2100 Hamilton Place Blvd,,Gunbarrel Rd,6/13/2018 15:00,2018-06-13,15,1528916400,,,,Property Damage Under,Angle,No,No,No,No,15,2,No,No,Shoulder and Lap Belt Used,37343,Shoulder and Lap Belt Used,37421,No,No,Daylight,Clear,600,36,10,0,7,3,1528912800,0.87,3.3,212,6,0.045,75.16,9.4,0.75,73.96,69.95,4.267,rain,rain,light rain,1,0,0,0,0,1
,35.05887,-85.13127,20 - 29 Exit 7b Off Ramp Nb rd,,Interstate 75 NB,8/9/2018 10:00,2018-08-09,10,1533823200,,,,Possible Injury,Not Collision with Motor Vehicle in Transport,No,No,No,No,35,1,No,No,Shoulder and Lap Belt Used,37404,,,No,No,Daylight,Rain,600,36,10,0,7,3,1533819600,0.95,2.25,171,3,0.067,73.7,5.44,0.75,72.29,70.86,3.712,rain,rain,possible light rain,1,0,0,0,0,1
,35.058627,-85.131469,7500 Bonny Oaks Dr,,Interstate 75,9/24/2018 17:00,2018-09-24,17,1537822800,,,,Property Damage,Not Collision with Motor Vehicle in Transport,No,No,No,No,35,1,No,No,Shoulder and Lap Belt Used,37421,,,No,No,Dusk,Rain,600,36,10,0,7,3,1537819200,0.96,2.74,113,2,0.034,73.84,7.5,0.75,72.38,71.25,2.414,rain,rain,light rain,1,0,0,0,0,1
,35.056528,-85.13274,2626 Walker Rd,SR-2626,Standifer Gap Rd,10/13/2018 12:00,2018-10-13,12,1539446400,,,,Property Damage,Angle,No,No,No,No,15,2,No,No,Shoulder and Lap Belt Used,37406,,37379,No,No,Daylight,Clear,600,36,10,0,7,3,1539442800,0.69,5.56,31,4,0,56.32,10.87,0.75,56.32,46.09,6.334,,partly-cloudy-day,mostly cloudy,0,1,0,0,0,0
,35.058561,-85.126045,I-75 NB Exit Hwy,,Old Lee Hwy,2/10/2019 3:00,2019-02-10,3,1549785600,,,,Property Damage Under,Not Collision with Motor Vehicle in Transport,No,No,No,No,45,1,No,No,Shoulder and Lap Belt Used,30720,,,No,No,Dark - Not Lighted,Clear,600,36,10,0,7,3,1549782000,0.64,0.72,260,0,0,39.08,0.72,0.16,39.08,27.81,4.848,,partly-cloudy-night,partly cloudy,0,1,0,0,0,0
,35.059147,-85.131205,740 Interstate Highway 75 Nb,,Bonny Oaks Dr,3/11/2019 14:00,2019-03-11,14,1552327200,,,,Property Damage,Not Collision with Motor Vehicle in Transport,No,No,No,No,60,1,No,No,Shoulder and Lap Belt Used,37312,,,No,No,Daylight,Rain,600,36,10,0,7,3,1552323600,0.89,4.99,10,5,0.035,45.73,10.1,0.79,47.88,44.9,6.625,rain,rain,light rain,1,0,0,0,0,1
,35.060433,-85.130056,HWY I 75 South,,Shallowford RD,6/8/2019 6:00,2019-06-08,6,1559988000,,,,Property Damage,Not Collision with Motor Vehicle in Transport,No,No,No,No,55,1,No,No,Shoulder and Lap Belt Used,37416,,,No,No,Dawn,Clear,600,36,10,0,7,3,1559984400,0.95,1.35,130,0,0,70.66,7.71,1,69.55,67.99,4.398,,cloudy,overcast,0,1,0,0,0,0
,35.059274,-85.131048,740 Interstate 75 Nb Interstate,US-75,Bonny Oaks Drive,6/23/2019 16:00,2019-06-23,16,1561320000,,,,Property Damage,Not Collision with Motor Vehicle in Transport,No,No,No,No,35,1,No,No,Shoulder and Lap Belt Used,37362,,,No,No,Daylight,Rain,600,36,10,0,7,3,1561316400,0.65,5.05,318,6,0,90.58,8.83,0.44,84.91,71.66,6.576,,partly-cloudy-day,partly cloudy,0,1,0,0,0,0
,35.048747,-85.130195,7703 Standifer Gap Rd,,I-75,2/17/2018 9:00,2018-02-17,9,1518876000,,,,Property Damage,"Sideswipe, Opposite Direction",No,No,No,No,45,2,No,No,Shoulder and Lap Belt Used,37363,Shoulder and Lap Belt Used,30736,No,No,Daylight,Cloudy,555,36,11,0,7,11,1518872400,0.87,0.36,153,1,0,45.32,1.65,1,45.32,41.65,6.1,,cloudy,overcast,0,1,0,0,0,0
,35.050176,-85.134612,7604 Standifer Gap Rd,,Standifer Gap,9/30/2018 0:00,2018-09-30,0,1538280000,,,,Property Damage Under,Angle,No,No,No,No,15,2,No,No,Shoulder and Lap Belt Used,37421,Restraint Used Type Unknown,37421,,,Unknown,Unknown,555,36,11,0,7,11,1538276400,0.92,1.91,23,0,0,66.22,4.83,0,65.63,63.26,6.096,,clear-night,clear,0,0,0,0,1,0
,35.050176,-85.134612,7604 Standifer Gap Rd,SR-7604,Jenkins Rd,10/13/2018 0:00,2018-10-13,0,1539403200,,,,Property Damage Under,Unknown,Yes,No,No,No,,2,No,No,,37406,Unknown,Unknown,,,Unknown,Clear,555,36,11,0,7,11,1539399600,0.75,0.64,278,0,0,56.44,5.16,1,56.44,48.58,9.997,,cloudy,overcast,0,1,0,0,0,0
,35.053064,-85.128025,18000 Interstate,I-24,Rossville Blvd,10/25/2018 7:00,2018-10-25,7,1540465200,,,,Suspected Minor Injury,Front to Rear,Yes,No,No,No,35,3,No,No,Unknown,Unknown,Shoulder and Lap Belt Used,37341,No,No,Daylight,Clear,555,36,11,0,7,11,1540461600,0.83,3.42,104,0,0,47.78,6.61,0.19,48.66,43.61,7.642,,partly-cloudy-night,partly cloudy,0,1,0,0,0,0
,35.0475,-85.130855,Applebrook Ln,,Standifer Gap Rd,1/18/2019 0:00,2019-01-18,0,1547787600,,,,Property Damage,Angle,Yes,No,No,No,25,2,No,No,Unknown,Unknown,,37412,,,Unknown,Clear,555,36,11,0,7,11,1547784000,1,4.17,189,0,0.004,40.71,10.24,1,43.06,43.06,1.639,rain,rain,possible drizzle,1,0,0,0,0,1
,35.050628,-85.131414,7625 Standifer Gap Rd,,Jenkins Rd,6/19/2019 8:00,2019-06-19,8,1560945600,,,,Property Damage,Angle,Yes,No,No,No,15,2,No,No,None Used MV Occupant,37363,Unknown,Unknown,No,No,Daylight,Clear,555,36,11,0,7,11,1560942000,0.97,4.01,209,1,0.043,72.64,8.69,1,71.24,70.41,4.67,rain,rain,possible light rain,1,0,0,0,0,1
,35.09306,-85.180555,4900 Highway 58,,Jersey Pike,2/17/2018 10:00,2018-02-17,10,1518879600,,,,Property Damage,"Sideswipe, Same Direction",No,No,No,No,50,2,No,No,Shoulder and Lap Belt Used,37363,Shoulder and Lap Belt Used,37341,No,No,Daylight,Clear,674,28,8,0,7,17,1518876000,0.86,1.3,187,2,0,46.59,2.92,1,46.59,42.57,6.329,,cloudy,overcast,0,1,0,0,0,0
,35.09306,-85.180555,4900 Highway 58,,Jersey Pike,2/17/2018 10:00,2018-02-17,10,1518879600,,,,Property Damage,"Sideswipe, Same Direction",No,No,No,No,50,2,No,No,Shoulder and Lap Belt Used,37363,Shoulder and Lap Belt Used,37341,No,No,Daylight,Clear,674,28,8,0,7,17,1518876000,0.86,1.3,187,2,0,46.59,2.92,1,46.59,42.57,6.329,,cloudy,overcast,0,1,0,0,0,0
,35.09306,-85.180555,4900 Highway 58,,Jersey Pike,2/17/2018 10:00,2018-02-17,10,1518879600,,,,Property Damage,"Sideswipe, Same Direction",No,No,No,No,50,2,No,No,Shoulder and Lap Belt Used,37363,Shoulder and Lap Belt Used,37341,No,No,Daylight,Clear,674,28,8,0,7,17,1518876000,0.86,1.3,187,2,0,46.59,2.92,1,46.59,42.57,6.329,,cloudy,overcast,0,1,0,0,0,0
,35.09306,-85.180555,4900 Highway 58,,Jersey Pike,2/17/2018 10:00,2018-02-17,10,1518879600,,,,Property Damage,"Sideswipe, Same Direction",No,No,No,No,50,2,No,No,Shoulder and Lap Belt Used,37363,Shoulder and Lap Belt Used,37341,No,No,Daylight,Clear,674,28,8,0,7,17,1518876000,0.86,1.3,187,2,0,46.59,2.92,1,46.59,42.57,6.329,,cloudy,overcast,0,1,0,0,0,0
,35.092613,-85.180278,58 HWY,,Jersey Pike,3/13/2018 10:00,2018-03-13,10,1520949600,,,,Property Damage,Not Collision with Motor Vehicle in Transport,No,No,No,No,30,1,No,No,Shoulder and Lap Belt Used,37341,,,No,No,Daylight,Clear,674,28,8,0,7,17,1520946000,0.72,2.98,326,1,0,37.22,4.93,0.35,37.22,29.01,6.539,,partly-cloudy-day,partly cloudy,0,1,0,0,0,0
,35.092613,-85.180278,58 HWY,,Jersey Pike,3/13/2018 10:00,2018-03-13,10,1520949600,,,,Property Damage,Not Collision with Motor Vehicle in Transport,No,No,No,No,30,1,No,No,Shoulder and Lap Belt Used,37341,,,No,No,Daylight,Clear,674,28,8,0,7,17,1520946000,0.72,2.98,326,1,0,37.22,4.93,0.35,37.22,29.01,6.539,,partly-cloudy-day,partly cloudy,0,1,0,0,0,0
,35.092613,-85.180278,58 HWY,,Jersey Pike,3/13/2018 10:00,2018-03-13,10,1520949600,,,,Property Damage,Not Collision with Motor Vehicle in Transport,No,No,No,No,30,1,No,No,Shoulder and Lap Belt Used,37341,,,No,No,Daylight,Clear,674,28,8,0,7,17,1520946000,0.72,2.98,326,1,0,37.22,4.93,0.35,37.22,29.01,6.539,,partly-cloudy-day,partly cloudy,0,1,0,0,0,0
,35.092613,-85.180278,58 HWY,,Jersey Pike,3/13/2018 10:00,2018-03-13,10,1520949600,,,,Property Damage,Not Collision with Motor Vehicle in Transport,No,No,No,No,30,1,No,No,Shoulder and Lap Belt Used,37341,,,No,No,Daylight,Clear,674,28,8,0,7,17,1520946000,0.72,2.98,326,1,0,37.22,4.93,0.35,37.22,29.01,6.539,,partly-cloudy-day,partly cloudy,0,1,0,0,0,0
,35.090296,-85.183047,Dodds Ave,SR-4600,Dodds Ave,3/30/2018 17:00,2018-03-30,17,1522443600,,,,Property Damage,Angle,No,No,No,No,40,2,No,No,Unknown,30736,Unknown,37415,No,No,Dawn,Clear,674,28,8,0,7,17,1522440000,0.55,4.81,321,3,0,57.55,11.28,0.75,57.55,41.59,6.759,,partly-cloudy-day,mostly cloudy,0,1,0,0,0,0
,35.090296,-85.183047,Dodds Ave,SR-4600,Dodds Ave,3/30/2018 17:00,2018-03-30,17,1522443600,,,,Property Damage,Angle,No,No,No,No,40,2,No,No,Unknown,30736,Unknown,37415,No,No,Dawn,Clear,674,28,8,0,7,17,1522440000,0.55,4.81,321,3,0,57.55,11.28,0.75,57.55,41.59,6.759,,partly-cloudy-day,mostly cloudy,0,1,0,0,0,0
,35.090296,-85.183047,Dodds Ave,SR-4600,Dodds Ave,3/30/2018 17:00,2018-03-30,17,1522443600,,,,Property Damage,Angle,No,No,No,No,40,2,No,No,Unknown,30736,Unknown,37415,No,No,Dawn,Clear,674,28,8,0,7,17,1522440000,0.55,4.81,321,3,0,57.55,11.28,0.75,57.55,41.59,6.759,,partly-cloudy-day,mostly cloudy,0,1,0,0,0,0
,35.090296,-85.183047,Dodds Ave,SR-4600,Dodds Ave,3/30/2018 17:00,2018-03-30,17,1522443600,,,,Property Damage,Angle,No,No,No,No,40,2,No,No,Unknown,30736,Unknown,37415,No,No,Dawn,Clear,674,28,8,0,7,17,1522440000,0.55,4.81,321,3,0,57.55,11.28,0.75,57.55,41.59,6.759,,partly-cloudy-day,mostly cloudy,0,1,0,0,0,0
,35.091467,-85.181294,4850 Highway 58,,Oakwood Dr,6/13/2018 14:00,2018-06-13,14,1528912800,,,,Property Damage,Unknown,Yes,No,No,No,,2,No,No,Unknown,Unknown,,37421,,,Daylight,Unknown,674,28,8,0,7,17,1528909200,0.8,4.82,181,6,0.017,77.29,9.03,0.75,76.22,69.51,6.741,rain,rain,possible light rain,1,0,0,0,0,1
,35.091467,-85.181294,4850 Highway 58,,Oakwood Dr,6/13/2018 14:00,2018-06-13,14,1528912800,,,,Property Damage,Unknown,Yes,No,No,No,,2,No,No,Unknown,Unknown,,37421,,,Daylight,Unknown,674,28,8,0,7,17,1528909200,0.8,4.82,181,6,0.017,77.29,9.03,0.75,76.22,69.51,6.741,rain,rain,possible light rain,1,0,0,0,0,1
,35.091467,-85.181294,4850 Highway 58,,Oakwood Dr,6/13/2018 14:00,2018-06-13,14,1528912800,,,,Property Damage,Unknown,Yes,No,No,No,,2,No,No,Unknown,Unknown,,37421,,,Daylight,Unknown,674,28,8,0,7,17,1528909200,0.8,4.82,181,6,0.017,77.29,9.03,0.75,76.22,69.51,6.741,rain,rain,possible light rain,1,0,0,0,0,1
,35.091467,-85.181294,4850 Highway 58,,Oakwood Dr,6/13/2018 14:00,2018-06-13,14,1528912800,,,,Property Damage,Unknown,Yes,No,No,No,,2,No,No,Unknown,Unknown,,37421,,,Daylight,Unknown,674,28,8,0,7,17,1528909200,0.8,4.82,181,6,0.017,77.29,9.03,0.75,76.22,69.51,6.741,rain,rain,possible light rain,1,0,0,0,0,1
,35.092909,-85.178734,4970 Highway 58,,Eller Rd,6/25/2018 11:00,2018-06-25,11,1529938800,,,,Property Damage,"Sideswipe, Same Direction",No,No,No,No,40,2,No,No,Shoulder and Lap Belt Used,37327,Shoulder and Lap Belt Used,30736,No,No,Daylight,Clear,674,28,8,0,7,17,1529935200,0.71,2.85,223,7,0,89.1,10.61,0,83.22,72.8,5.876,,clear-day,humid,0,0,0,0,1,0
,35.092909,-85.178734,4970 Highway 58,,Eller Rd,6/25/2018 11:00,2018-06-25,11,1529938800,,,,Property Damage,"Sideswipe, Same Direction",No,No,No,No,40,2,No,No,Shoulder and Lap Belt Used,37327,Shoulder and Lap Belt Used,30736,No,No,Daylight,Clear,674,28,8,0,7,17,1529935200,0.71,2.85,223,7,0,89.1,10.61,0,83.22,72.8,5.876,,clear-day,humid,0,0,0,0,1,0
,35.092909,-85.178734,4970 Highway 58,,Eller Rd,6/25/2018 11:00,2018-06-25,11,1529938800,,,,Property Damage,"Sideswipe, Same Direction",No,No,No,No,40,2,No,No,Shoulder and Lap Belt Used,37327,Shoulder and Lap Belt Used,30736,No,No,Daylight,Clear,674,28,8,0,7,17,1529935200,0.71,2.85,223,7,0,89.36,10.61,0,83.4,72.8,5.876,,clear-day,humid,0,0,0,0,1,0
,35.092909,-85.178734,4970 Highway 58,,Eller Rd,6/25/2018 11:00,2018-06-25,11,1529938800,,,,Property Damage,"Sideswipe, Same Direction",No,No,No,No,40,2,No,No,Shoulder and Lap Belt Used,37327,Shoulder and Lap Belt Used,30736,No,No,Daylight,Clear,674,28,8,0,7,17,1529935200,0.71,2.85,223,7,0,89.36,10.61,0,83.4,72.8,5.876,,clear-day,humid,0,0,0,0,1,0
,35.0912059,-85.179295,6800 Ferdinand Piech Way,,Highway 58,7/21/2018 0:00,2018-07-21,0,1532145600,,,,Property Damage,Not Collision with Motor Vehicle in Transport,Yes,No,No,No,25,1,No,No,Unknown,Unknown,,,,,Unknown,Unknown,674,28,8,0,7,17,1532142000,0.75,6.03,186,0,0,79.27,11.53,0.44,78.22,69.69,6.208,,partly-cloudy-night,partly cloudy,0,1,0,0,0,0
,35.0912059,-85.179295,6800 Ferdinand Piech Way,,Highway 58,7/21/2018 0:00,2018-07-21,0,1532145600,,,,Property Damage,Not Collision with Motor Vehicle in Transport,Yes,No,No,No,25,1,No,No,Unknown,Unknown,,,,,Unknown,Unknown,674,28,8,0,7,17,1532142000,0.75,6.03,186,0,0,79.27,11.53,0.44,78.22,69.69,6.208,,partly-cloudy-night,partly cloudy,0,1,0,0,0,0
,35.0912059,-85.179295,6800 Ferdinand Piech Way,,Highway 58,7/21/2018 0:00,2018-07-21,0,1532145600,,,,Property Damage,Not Collision with Motor Vehicle in Transport,Yes,No,No,No,25,1,No,No,Unknown,Unknown,,,,,Unknown,Unknown,674,28,8,0,7,17,1532142000,0.75,6.03,186,0,0,79.33,11.53,0.44,78.28,69.69,6.208,,partly-cloudy-night,partly cloudy,0,1,0,0,0,0
,35.0912059,-85.179295,6800 Ferdinand Piech Way,,Highway 58,7/21/2018 0:00,2018-07-21,0,1532145600,,,,Property Damage,Not Collision with Motor Vehicle in Transport,Yes,No,No,No,25,1,No,No,Unknown,Unknown,,,,,Unknown,Unknown,674,28,8,0,7,17,1532142000,0.75,6.03,186,0,0,79.33,11.53,0.44,78.28,69.69,6.208,,partly-cloudy-night,partly cloudy,0,1,0,0,0,0
,35.090296,-85.183047,Jersey Pike,,Oakwood Dr,7/29/2018 0:00,2018-07-29,0,1532836800,,,,Property Damage,Unknown,Yes,No,No,No,15,2,No,No,Unknown,Unknown,,37416,,,Unknown,Unknown,674,28,8,0,7,17,1532833200,0.72,3.5,346,0,0,71.42,9.68,0,71.21,61.75,6.928,,clear-night,clear,0,0,0,0,1,0
,35.090296,-85.183047,Jersey Pike,,Oakwood Dr,7/29/2018 0:00,2018-07-29,0,1532836800,,,,Property Damage,Unknown,Yes,No,No,No,15,2,No,No,Unknown,Unknown,,37416,,,Unknown,Unknown,674,28,8,0,7,17,1532833200,0.72,3.5,346,0,0,71.42,9.68,0,71.21,61.75,6.928,,clear-night,clear,0,0,0,0,1,0
,35.090296,-85.183047,Jersey Pike,,Oakwood Dr,7/29/2018 0:00,2018-07-29,0,1532836800,,,,Property Damage,Unknown,Yes,No,No,No,15,2,No,No,Unknown,Unknown,,37416,,,Unknown,Unknown,674,28,8,0,7,17,1532833200,0.72,3.5,346,0,0,71.37,9.68,0,71.16,61.75,6.928,,clear-night,clear,0,0,0,0,1,0
,35.090296,-85.183047,Jersey Pike,,Oakwood Dr,7/29/2018 0:00,2018-07-29,0,1532836800,,,,Property Damage,Unknown,Yes,No,No,No,15,2,No,No,Unknown,Unknown,,37416,,,Unknown,Unknown,674,28,8,0,7,17,1532833200,0.72,3.5,346,0,0,71.37,9.68,0,71.16,61.75,6.928,,clear-night,clear,0,0,0,0,1,0
,35.093334,-85.179931,4920 Highway 58,SR-4920,Eller Road,11/8/2018 13:00,2018-11-08,13,1541700000,,,,Property Damage,Front to Rear,No,No,No,No,50,2,No,No,Shoulder and Lap Belt Used,37341,Shoulder and Lap Belt Used,37363,No,No,Daylight,Rain,674,28,8,0,7,17,1541696400,0.72,4.57,24,3,0,54.09,10.93,1,54.09,45.16,8.087,,cloudy,overcast,0,1,0,0,0,0
,35.093334,-85.179931,4920 Highway 58,SR-4920,Eller Road,11/8/2018 13:00,2018-11-08,13,1541700000,,,,Property Damage,Front to Rear,No,No,No,No,50,2,No,No,Shoulder and Lap Belt Used,37341,Shoulder and Lap Belt Used,37363,No,No,Daylight,Rain,674,28,8,0,7,17,1541696400,0.72,4.57,24,3,0,54.09,10.93,1,54.09,45.16,8.087,,cloudy,overcast,0,1,0,0,0,0
,35.093334,-85.179931,4920 Highway 58,SR-4920,Eller Road,11/8/2018 13:00,2018-11-08,13,1541700000,,,,Property Damage,Front to Rear,No,No,No,No,50,2,No,No,Shoulder and Lap Belt Used,37341,Shoulder and Lap Belt Used,37363,No,No,Daylight,Rain,674,28,8,0,7,17,1541696400,0.72,4.57,24,3,0,54.12,10.93,1,54.12,45.16,8.087,,cloudy,overcast,0,1,0,0,0,0
,35.093334,-85.179931,4920 Highway 58,SR-4920,Eller Road,11/8/2018 13:00,2018-11-08,13,1541700000,,,,Property Damage,Front to Rear,No,No,No,No,50,2,No,No,Shoulder and Lap Belt Used,37341,Shoulder and Lap Belt Used,37363,No,No,Daylight,Rain,674,28,8,0,7,17,1541696400,0.72,4.57,24,3,0,54.12,10.93,1,54.12,45.16,8.087,,cloudy,overcast,0,1,0,0,0,0
,35.092909,-85.178734,4970 Hwy 58,,Jersey Pike,12/8/2018 18:00,2018-12-08,18,1544310000,,,,Property Damage Under,Front to Rear,No,No,No,No,30,2,No,No,Shoulder and Lap Belt Used,37404,Shoulder and Lap Belt Used,37421,No,No,Dark - Lighted,Rain,674,28,8,0,7,17,1544306400,0.97,8.02,43,0,0.107,33.66,11.54,1,39.25,38.39,3.208,rain,rain,rain,1,0,0,0,0,1
,35.092909,-85.178734,4970 Hwy 58,,Jersey Pike,12/8/2018 18:00,2018-12-08,18,1544310000,,,,Property Damage Under,Front to Rear,No,No,No,No,30,2,No,No,Shoulder and Lap Belt Used,37404,Shoulder and Lap Belt Used,37421,No,No,Dark - Lighted,Rain,674,28,8,0,7,17,1544306400,0.97,8.02,43,0,0.107,33.66,11.54,1,39.25,38.39,3.208,rain,rain,rain,1,0,0,0,0,1
,35.092909,-85.178734,4970 Hwy 58,,Jersey Pike,12/8/2018 18:00,2018-12-08,18,1544310000,,,,Property Damage Under,Front to Rear,No,No,No,No,30,2,No,No,Shoulder and Lap Belt Used,37404,Shoulder and Lap Belt Used,37421,No,No,Dark - Lighted,Rain,674,28,8,0,7,17,1544306400,0.96,8.02,43,0,0.107,33.75,11.54,1,39.32,38.39,3.208,rain,rain,rain,1,0,0,0,0,1
,35.092909,-85.178734,4970 Hwy 58,,Jersey Pike,12/8/2018 18:00,2018-12-08,18,1544310000,,,,Property Damage Under,Front to Rear,No,No,No,No,30,2,No,No,Shoulder and Lap Belt Used,37404,Shoulder and Lap Belt Used,37421,No,No,Dark - Lighted,Rain,674,28,8,0,7,17,1544306400,0.96,8.02,43,0,0.107,33.75,11.54,1,39.32,38.39,3.208,rain,rain,rain,1,0,0,0,0,1
,35.092294,-85.180538,4856 58 Hwy,SR-480020,Jersey Pike,3/5/2019 0:00,2019-03-05,0,1551762000,,,,Possible Injury,Head On,No,No,No,No,35,2,No,No,,37341,Shoulder and Lap Belt Used,37350,No,No,Unknown,Clear,674,28,8,0,7,17,1551758400,0.53,6.29,338,0,0,20.15,10.62,0.07,27.1,12.31,10,,clear-night,clear,0,0,0,0,1,0
,35.085843,-85.177529,4606 Oakwood Dr,,Swan Road,4/12/2019 9:00,2019-04-12,9,1555074000,,,,Property Damage Under,Not Collision with Motor Vehicle in Transport,Yes,No,No,No,30,1,No,No,,37402,Unknown,Unknown,,,Daylight,Clear,674,28,8,0,7,17,1555070400,0.91,7.12,208,1,0.007,67.06,13.19,1,66.45,63.68,6.653,rain,rain,possible drizzle,1,0,0,0,0,1
,35.09172,-85.178458,4850 Jersey Pike,SR-1,58,5/27/2019 0:00,2019-05-27,0,1558929600,,,,Possible Injury,Other,No,No,No,No,35,3,No,No,Shoulder and Lap Belt Used,37406,Shoulder and Lap Belt Used,37416,No,No,Unknown,Unknown,674,28,8,0,7,17,1558926000,0.68,0.96,300,0,0,76.12,4.65,0.34,75.65,64.42,4.287,,partly-cloudy-night,partly cloudy,0,1,0,0,0,0
,35.093325,-85.179952,4918 Highway 58,,Jersey Pike,6/6/2019 14:00,2019-06-06,14,1559844000,,,,Property Damage,Front to Rear,No,No,No,No,50,2,No,No,Shoulder and Lap Belt Used,37416,Shoulder and Lap Belt Used,37416,No,No,Daylight,Rain,674,28,8,0,7,17,1559840400,0.83,4.19,200,5,0.005,76.11,8.37,0.98,75,69.5,5.986,rain,cloudy,overcast,0,1,0,0,0,0
,35.091357,-85.18161,4850 Hwy 58,US-58,58 Hwy,6/10/2019 0:00,2019-06-10,0,1560139200,,,,Property Damage,Other,No,No,No,No,15,2,No,No,,37407,Shoulder and Lap Belt Used,37363,No,,Unknown,Unknown,674,28,8,0,7,17,1560135600,0.95,2.76,11,0,0.005,73.58,4.08,0.63,72.19,70.66,6.682,rain,rain,possible drizzle,1,0,0,0,0,1
,35.099881,-85.1697,Highway 58,,Champion Rd,2/18/2018 14:00,2018-02-18,14,1518980400,,,,Property Damage,Front to Rear,No,No,No,No,40,2,No,No,Shoulder and Lap Belt Used,37416,Shoulder and Lap Belt Used,37416,No,No,Daylight,Clear,748,29,6,0,0,1,1518976800,0.5,1.17,93,5,0,58.64,5.41,0,58.64,39.95,6.341,,clear-day,clear,0,0,0,0,1,0
,35.100544,-85.168794,5300 Highway 58,,Hickory Valley Rd,1/17/2019 18:00,2019-01-17,18,1547766000,,,,Property Damage,Front to Rear,No,No,No,No,55,2,No,No,Shoulder and Lap Belt Used,37363,Shoulder and Lap Belt Used,37363,No,No,Dark - Not Lighted,Rain,748,29,6,0,0,1,1547762400,0.92,6.35,190,0,0,38.01,12.47,1,42.07,39.93,2.79,,cloudy,overcast,0,1,0,0,0,0
,35.099881,-85.1697,Highway 58,,Champion Rd,2/25/2019 6:00,2019-02-25,6,1551092400,,,,Property Damage,Front to Rear,No,No,No,No,50,2,No,No,Shoulder and Lap Belt Used,37416,Shoulder and Lap Belt Used,37341,No,No,Dark - Lighted,Clear,748,29,6,0,0,1,1551088800,0.59,2.97,329,0,0,35.18,7.48,0,35.18,22.45,7.782,,clear-night,clear,0,0,0,0,1,0
,35.068588,-85.299595,605 Lytle St,,Colville Street,2/18/2018 21:00,2018-02-18,21,1519005600,,,,Property Damage,Rear to Side,Yes,No,No,No,25,2,No,No,,37405,Unknown,Unknown,,,Unknown,Clear,264,15,17,0,7,32,1519002000,0.66,2.94,180,0,0,60.22,5.76,1,60.22,48.9,5.626,,cloudy,overcast,0,1,0,0,0,0
,35.071065,-85.303245,803 Forest Ave,,Collville St,5/25/2018 0:00,2018-05-25,0,1527220800,,,,Property Damage,Unknown,Yes,No,No,No,25,2,No,No,,37405,Unknown,Unknown,,,Unknown,Clear,264,15,17,0,7,32,1527217200,0.73,5.94,126,0,0,77.83,7.99,0.67,77.01,67.65,5.62,,partly-cloudy-night,mostly cloudy,0,1,0,0,0,0
,35.0694496,-85.302122,501 Colville St,,Tucker St,11/17/2018 1:00,2018-11-17,1,1542434400,,,,Property Damage,"Sideswipe, Same Direction",No,No,No,No,25,4,No,No,,43201,,30741,,No,Dark - Lighted,Clear,264,15,17,0,7,32,1542430800,0.86,0.96,328,0,0,37.51,4.84,0.05,37.51,33.65,2.652,,clear-night,clear,0,0,0,0,1,0
,35.066654,-85.19375,4200-4299 Jersey Pike,,Hwy 153,2/19/2018 20:00,2018-02-19,20,1519088400,,,,Property Damage Under,Angle,No,No,No,No,55,2,No,No,Shoulder and Lap Belt Used,37404,Shoulder and Lap Belt Used,37341,No,No,Dark - Lighted,Clear,502,28,12,0,2,1,1519084800,0.85,2.66,164,0,0,63.04,6.55,0.7,63.04,58.45,6.013,,partly-cloudy-night,mostly cloudy,0,1,0,0,0,0
,35.06559,-85.194373,4200 Jersey Pike,,Highway 153,7/11/2018 17:00,2018-07-11,17,1531342800,,,,Property Damage Under,Front to Rear,No,No,No,No,25,2,No,No,Shoulder and Lap Belt Used,38305,Shoulder and Lap Belt Used,37341,No,No,Daylight,Clear,502,28,12,0,2,1,1531339200,0.43,3.36,330,5,0,96.72,7.33,0.19,93,67.04,8.126,,partly-cloudy-day,partly cloudy,0,1,0,0,0,0
,35.06487,-85.195673,4179 Jersey Pike,,HWY 153 S,9/19/2018 16:00,2018-09-19,16,1537387200,,,,Property Damage,Angle,No,No,No,No,40,2,No,No,Shoulder and Lap Belt Used,37321,Shoulder and Lap Belt Used,37321,No,No,Daylight,Clear,502,28,12,0,2,1,1537383600,0.4,2.48,8,5,0,93.63,7.37,0.19,91.87,64.24,5.461,,partly-cloudy-day,partly cloudy,0,1,0,0,0,0