Accident,Latitude,Longitude,Street,AltStreet,Intersection,DateTime,Date,Hour,Unix,WeekDay,WeekEnd,DayFrame,AccidentType,CollisionType,HaR,FatalInjury,MedicalTransport,InvolvedPlacardedTruck,PostedSpeed,TotalVehiclesInvolved,PedestrianInvolved,BicycleInvolved,DriverOneSafetyEquipment,DriverOneZip,DriverTwoSafetyEquipment,DriverTwoZip,Drug,Alcohol,LightCondition,Weather,Grid_Block,Grid_Col,Grid_Row,Highway,Land_Use_Mode,Road_Count,HourBefore,humidity,windSpeed,windBearing,uvIndex,precipIntensity,apparentTemperature,windGust,cloudCover,temperature,dewPoint,visibility,precipType,Event,Conditions,Rain,Cloudy,Foggy,Snow,Clear,RainBefore
,35.064314,-85.196161,Jersey Pike,,Cromwell Rd,11/30/2018 19:00,2018-11-30,19,1543622400,,,,Property Damage,Angle,Yes,No,No,No,35,2,No,No,Unknown,37363,Unknown,Unknown,No,No,Dark - Lighted,Rain,502,28,12,0,2,1,1543618800,0.97,2.96,218,0,0.048,58.63,8.61,1,58.52,57.7,1.595,rain,rain,light rain,1,0,0,0,0,1
,35.064314,-85.196161,Cromwell Rd,,Jersey Pike,12/20/2018 18:00,2018-12-20,18,1545346800,,,,Property Damage,Angle,No,No,No,No,35,2,No,No,Unknown,37406,Unknown,37311,No,No,Dark - Lighted,Rain,502,28,12,0,2,1,1545343200,0.95,2.78,355,0,0.043,46.26,6.89,1,46.26,44.95,1.581,rain,rain,light rain,1,0,0,0,0,1
,35.069225,-85.192687,4300 Jersey Pike,,Bonny Oaks Dr,5/12/2019 3:00,2019-05-12,3,1557644400,,,,Property Damage,Not Collision with Motor Vehicle in Transport,No,No,No,No,30,1,No,No,Shoulder and Lap Belt Used,37416,,,No,No,Dark - Lighted,Rain,502,28,12,0,2,1,1557640800,0.9,4.7,197,0,0,68.31,6.5,1,67.63,64.55,3.487,,cloudy,overcast,0,1,0,0,0,0
,35.077231,-85.245548,Taylor St,,Taylor St,2/20/2018 6:00,2018-02-20,6,1519124400,,,,Possible Injury,Not Collision with Motor Vehicle in Transport,Yes,No,No,No,35,1,Yes,No,Unknown,37404,Unknown,Unknown,No,No,Dark - Lighted,Clear,450,21,13,0,7,11,1519120800,0.93,1.28,191,0,0,58,2.75,0.75,58,55.96,4.223,,partly-cloudy-night,mostly cloudy,0,1,0,0,0,0
,35.080773,-85.243602,2300 - 2569 Harrison Pike,,None,1/12/2019 19:00,2019-01-12,19,1547337600,,,,Property Damage,Not Collision with Motor Vehicle in Transport,No,No,No,No,35,1,No,No,Shoulder and Lap Belt Used,37406,,,No,No,Dark - Not Lighted,Rain,450,21,13,0,7,11,1547334000,0.95,0.23,295,0,0.099,39.01,2.4,1,39.01,37.65,1.447,rain,rain,rain,1,0,0,0,0,1
,35.056969,-85.316172,180 Highway 27 Sb,SR-27,4th St,2/21/2018 8:00,2018-02-21,8,1519218000,,,,Property Damage Under,Front to Rear,No,No,No,No,45,2,No,No,Shoulder and Lap Belt Used,37406,Shoulder and Lap Belt Used,37415,No,No,Daylight,Clear,156,14,20,1,2,17,1519214400,0.88,3.26,174,0,0,67.31,7.63,1,66.79,63.11,5.523,,cloudy,overcast,0,1,0,0,0,0
,35.056969,-85.316172,180 Highway 27 Sb,,400 Chestnut St,4/20/2018 11:00,2018-04-20,11,1524236400,,,,Property Damage,Front to Rear,No,No,No,No,25,2,No,No,Shoulder and Lap Belt Used,37075,Shoulder and Lap Belt Used,37412,No,No,Daylight,Clear,156,14,20,1,2,17,1524232800,0.45,3.6,65,6,0,54.08,8.92,0,54.08,33.02,3.069,,clear-day,clear,0,0,0,0,1,0
,35.051848,-85.31787,1 Cameron Hill Cir,SR-1,6th,4/26/2018 9:00,2018-04-26,9,1524747600,,,,Property Damage,Unknown,Yes,No,No,No,15,2,No,No,Unknown,Unknown,,,,,Daylight,Clear,156,14,20,1,2,17,1524744000,0.9,0.17,297,1,0.03,53.7,0.6,1,53.7,50.97,2.499,rain,rain,light rain,1,0,0,0,0,1
,35.051848,-85.31787,1 Cameron Hill Cir,,W Martin Luther King Blvd,7/5/2018 0:00,2018-07-05,0,1530763200,,,,Property Damage,Unknown,Yes,No,No,No,,2,No,No,Unknown,Unknown,,37406,,,Unknown,Unknown,156,14,20,1,2,17,1530759600,0.87,2.39,181,0,0,77.03,2.39,0.75,75.67,71.57,0.344,,fog,foggy,0,0,1,0,0,0
,35.051848,-85.31787,Cameron Hill Cir,SR-1,W. 6th St,7/23/2018 15:00,2018-07-23,15,1532372400,,,,Property Damage Under,Angle,Yes,No,No,No,,2,No,No,,37363,Unknown,Unknown,,,Daylight,Clear,156,14,20,1,2,17,1532368800,0.61,3.95,0,6,0,84.49,9.26,0.75,81.95,67.06,2.026,,partly-cloudy-day,mostly cloudy,0,1,0,0,0,0
,35.057757,-85.316447,200 Highway 27 Sb,,Manufactuers Rd a5,9/20/2018 15:00,2018-09-20,15,1537470000,,,,Property Damage,Front to Rear,No,No,No,No,45,2,No,No,Shoulder and Lap Belt Used,37312,Shoulder and Lap Belt Used,37419,No,No,Daylight,Clear,156,14,20,1,2,17,1537466400,0.41,4.97,130,6,0,94.8,9.37,0.41,92.49,65.05,5.065,,partly-cloudy-day,partly cloudy,0,1,0,0,0,0
,35.054018,-85.320627,495 Riverfront Pkwy,,W Martin Luther King Blvd,12/12/2018 0:00,2018-12-12,0,1544590800,,,,Property Damage,Unknown,Yes,No,No,No,,2,No,No,,39507,Unknown,Unknown,,,Unknown,Unknown,156,14,20,1,2,17,1544587200,0.72,0.69,274,0,0,32.32,4.27,0,32.32,24.17,8.141,,clear-night,clear,0,0,0,0,1,0
,35.057348,-85.316129,200 Highway 27 Nb,US-27,Manufacturers,3/20/2019 10:00,2019-03-20,10,1553090400,,,,Property Damage Under,Not Collision with Motor Vehicle in Transport,No,No,No,No,35,1,No,No,Shoulder and Lap Belt Used,30736,,,No,No,Daylight,Clear,156,14,20,1,2,17,1553086800,0.55,1.89,136,2,0,43.36,6.39,0,43.36,28.34,6.698,,clear-day,clear,0,0,0,0,1,0
,35.057757,-85.316447,200 Highway 27 SB,,Manufacturers Rd,3/28/2019 20:00,2019-03-28,20,1553817600,,,,Property Damage Under,Front to Rear,No,No,No,No,45,2,No,No,Shoulder and Lap Belt Used,37419,Shoulder and Lap Belt Used,37412,No,No,Dark - Lighted,Clear,156,14,20,1,2,17,1553814000,0.29,4.03,199,0,0,66.31,10.19,0.68,66.31,32.85,1.836,,fog,foggy,0,0,1,0,0,0
,35.057534,-85.316124,200 Highway 27 Nb,US-27,100 Hwy 27 SB,4/10/2019 13:00,2019-04-10,13,1554915600,,,,Property Damage,Not Collision with Motor Vehicle in Transport,No,No,No,No,45,1,No,No,Shoulder and Lap Belt Used,37343,,,No,No,Daylight,Clear,156,14,20,1,2,17,1554912000,0.27,7.44,31,8,0,75.64,13.07,0.17,75.64,39.73,3.355,,partly-cloudy-day,partly cloudy,0,1,0,0,0,0
,35.056969,-85.316172,180 Highway 27 Sb,,4th St,5/29/2019 8:00,2019-05-29,8,1559131200,,,,Property Damage,Not Collision with Motor Vehicle in Transport,No,No,No,No,45,1,No,No,Shoulder and Lap Belt Used,37415,,,No,No,Daylight,Clear,156,14,20,1,2,17,1559127600,0.78,3.09,222,1,0,73.36,6.16,0.4,72.71,65.5,2.967,,partly-cloudy-day,partly cloudy,0,1,0,0,0,0
,35.0641704,-85.25374,Amnicola Hwy,,Dupont Prky,2/21/2018 10:00,2018-02-21,10,1519225200,,,,Property Damage,Front to Rear,No,No,No,No,45,2,No,No,Shoulder and Lap Belt Used,37072,Shoulder and Lap Belt Used,34741,No,No,Daylight,Clear,360,21,15,0,7,15,1519221600,0.87,3.16,180,2,0,68.67,8.34,1,68.07,64.1,6.245,,cloudy,overcast,0,1,0,0,0,0
,35.0645425,-85.253206,2000 McCallie Ave,,Willow St,3/1/2018 9:00,2018-03-01,9,1519912800,,,,Possible Injury,Front to Rear,No,No,Yes,No,35,2,No,No,Shoulder and Lap Belt Used,37412,Shoulder and Lap Belt Used,37411,No,No,Daylight,Rain,360,21,15,0,7,15,1519909200,0.95,1.38,313,1,0.029,56.3,3.42,1,56.3,54.8,1.825,rain,rain,light rain,1,0,0,0,0,1
,35.065441,-85.249733,Glass St,,Daisy St,4/6/2018 0:00,2018-04-06,0,1522987200,,,,Property Damage,Unknown,Yes,No,No,No,30,2,No,No,Unknown,Unknown,,37341,,,Unknown,Rain,360,21,15,0,7,15,1522983600,0.48,0.16,180,0,0,50,0.43,0.75,50,31.21,6.245,,partly-cloudy-night,mostly cloudy,0,1,0,0,0,0
,35.069185,-85.251366,Dodson Ave,,Fairleigh St,4/28/2018 1:00,2018-04-28,1,1524891600,,,,Property Damage,Front to Rear,Yes,No,No,No,,2,No,No,Shoulder and Lap Belt Used,37406,Unknown,Unknown,,,Dark - Not Lighted,Clear,360,21,15,0,7,15,1524888000,0.7,0.49,271,0,0,56.12,1.28,0,56.12,46.51,6.558,,clear-night,clear,0,0,0,0,1,0
,35.069363,-85.250384,Gunbarrel Rd,SR-2000,Goodwin Rd,5/14/2018 16:00,2018-05-14,16,1526328000,,,,Possible Injury,Front to Rear,No,No,Yes,No,40,2,No,No,Unknown,37416,None Used MV Occupant,37412,No,No,Daylight,Clear,360,21,15,0,7,15,1526324400,0.45,0.91,76,6,0,91.98,2.97,0.44,89.63,65.64,6.245,,partly-cloudy-day,partly cloudy,0,1,0,0,0,0
,35.063561,-85.252028,2319 Crutchfield St,,Davenport,6/9/2018 0:00,2018-06-09,0,1528516800,,,,Property Damage,Unknown,Yes,No,No,No,25,2,No,No,,37406,Unknown,Unknown,,,Unknown,Unknown,360,21,15,0,7,15,1528513200,0.74,3.99,155,0,0,75.72,7.79,0.38,75.04,66.19,3.678,,partly-cloudy-night,partly cloudy,0,1,0,0,0,0
,35.069185,-85.251366,2716 Dodson Ave,,Fairleigh St.,7/2/2018 11:00,2018-07-02,11,1530543600,,,,Property Damage,Unknown,Yes,No,No,No,15,2,No,No,,37402,Unknown,Unknown,,,Daylight,Clear,360,21,15,0,7,15,1530540000,0.81,4.44,120,4,0,79.97,6.28,0.78,78.61,72.26,6.92,,partly-cloudy-day,humid and mostly cloudy,0,1,0,0,0,0
,35.066152,-85.254169,2409 Dodson Ave,SR-2409,Crutchfield,7/17/2018 13:00,2018-07-17,13,1531846800,,,,Possible Injury,Not Collision with Motor Vehicle in Transport,No,No,No,No,,1,No,No,,37402,Shoulder and Lap Belt Used,30742,No,No,Daylight,Clear,360,21,15,0,7,15,1531843200,0.65,2.88,183,6,0,95.63,8.99,0.75,87.1,74.1,3.394,,partly-cloudy-day,humid and mostly cloudy,0,1,0,0,0,0
,35.063925,-85.253016,2301 Crutchfield St,,Glass St,7/28/2018 0:00,2018-07-28,0,1532750400,,,,Property Damage,Unknown,Yes,No,No,No,15,2,No,No,Unknown,Unknown,,37323,,,Unknown,Unknown,360,21,15,0,7,15,1532746800,0.78,2.99,335,0,0,74.91,7.47,0.65,74.13,66.82,6.421,,partly-cloudy-night,mostly cloudy,0,1,0,0,0,0
,35.0646619,-85.252672,300 Glenwood Drive,,2500 East 3rd St,8/1/2018 12:00,2018-08-01,12,1533139200,,,,Property Damage,Front to Rear,No,No,No,No,30,3,No,No,Shoulder and Lap Belt Used,37406,Shoulder and Lap Belt Used,37397,No,No,Daylight,Rain,360,21,15,0,7,15,1533135600,0.95,3.43,119,5,0.105,71.1,5.96,0.97,69.96,68.34,2.923,rain,rain,rain,1,0,0,0,0,1
,35.06399,-85.253255,2300 Glass St,,Crutchfield Street,10/28/2018 13:00,2018-10-28,13,1540746000,,,,Property Damage,Angle,No,No,No,No,30,2,No,No,Shoulder and Lap Belt Used,37406,Shoulder and Lap Belt Used,37406,No,No,Daylight,Cloudy,360,21,15,0,7,15,1540742400,0.65,6.74,197,4,0,64.77,12.92,0.16,64.77,52.68,7.854,,partly-cloudy-day,partly cloudy,0,1,0,0,0,0
,35.06399,-85.253255,Glass St,US-11,Crutchfield,12/1/2018 2:00,2018-12-01,2,1543647600,,,,Property Damage,Angle,Yes,No,No,No,35,2,No,No,Shoulder and Lap Belt Used,37404,Unknown,Unknown,No,No,Dark - Not Lighted,Rain,360,21,15,0,7,15,1543644000,0.92,3.76,110,0,0.001,56.22,11.41,1,56.22,54.04,1.064,rain,fog,foggy,0,0,1,0,0,0
,35.06448,-85.25222,Meade Cir,SR-2413,Meade Cir,12/1/2018 3:00,2018-12-01,3,1543651200,,,,Property Damage,Unknown,Yes,No,No,No,20,2,No,No,,37406,Unknown,Unknown,,,Daylight,Rain,360,21,15,0,7,15,1543647600,0.88,4.68,158,0,0,56.46,12.87,0.97,56.46,52.8,1.434,,fog,foggy,0,0,1,0,0,0
,35.069184,-85.24991,2200 Bachman St,,Taylor St,3/17/2019 0:00,2019-03-17,0,1552795200,,,,Property Damage,Not Collision with Motor Vehicle in Transport,No,No,No,No,35,1,No,No,,37406,,,,,Dark - Lighted,Clear,360,21,15,0,7,15,1552791600,0.39,4.22,345,0,0,41.82,6.52,0,44.05,20.63,7.059,,clear-night,clear,0,0,0,0,1,0
,35.068608,-85.251903,2700 Dodson Ave,,Bachman,4/18/2019 18:00,2019-04-18,18,1555624800,,,,Suspected Minor Injury,Angle,No,No,Yes,No,35,2,No,No,Shoulder and Lap Belt Used,37406,Shoulder and Lap Belt Used,37411,No,No,Daylight,Clear,360,21,15,0,7,15,1555621200,0.4,9.45,175,2,0,78.38,20.93,0.44,78.38,52.17,2.797,,partly-cloudy-day,partly cloudy,0,1,0,0,0,0
,35.065498,-85.25109,2314 Daisy St,SR-2,WHEELER AVE,4/26/2019 0:00,2019-04-26,0,1556251200,,,,Property Damage,Unknown,Yes,No,No,No,30,2,No,No,Unknown,Unknown,,37406,,,Unknown,Unknown,360,21,15,0,7,15,1556247600,0.85,5.02,196,0,0,62.33,9.44,1,62.33,57.88,3.456,,cloudy,overcast,0,1,0,0,0,0
,35.064254,-85.254489,Dodson Ave,,Crutchfield St,4/30/2019 13:00,2019-04-30,13,1556643600,,,,Property Damage,Front to Rear,No,No,No,No,35,2,No,No,Shoulder and Lap Belt Used,30741,Shoulder and Lap Belt Used,80474,No,No,Daylight,Clear,360,21,15,0,7,15,1556640000,0.43,7.86,195,10,0,80.82,14.87,0,80.82,56.35,7.024,,clear-day,clear,0,0,0,0,1,0
,35.064708,-85.251419,2404 Glass St,,Latta St,6/18/2019 0:00,2019-06-18,0,1560830400,,,,Property Damage,Angle,Yes,No,No,No,15,2,No,No,,37421,Unknown,Unknown,,,Dark - Lighted,Clear,360,21,15,0,7,15,1560826800,0.84,2.83,14,0,0,75.37,3.92,0.71,74.27,69.29,3.721,,partly-cloudy-night,mostly cloudy,0,1,0,0,0,0
,35.011984,-85.156293,7637 E Brainerd Rd,,Reserve Way,2/21/2018 22:00,2018-02-21,22,1519268400,,,,Property Damage,Angle,No,No,No,No,40,2,No,No,Shoulder and Lap Belt Used,37311,Shoulder and Lap Belt Used,37411,No,No,Dark - Lighted,Clear,246,36,18,0,7,3,1519264800,0.76,1.51,164,0,0,71.33,5.27,0.75,70.96,63.11,5.971,,partly-cloudy-night,mostly cloudy,0,1,0,0,0,0
,35.009221,-85.157751,7705 Aspen Lodge Way,,East Brainerd Road,4/16/2018 0:00,2018-04-16,0,1523851200,,,,Property Damage,Unknown,Yes,No,No,No,,2,No,No,,37421,Unknown,Unknown,,,Unknown,Clear,246,36,18,0,7,3,1523847600,0.76,3.9,286,0,0.001,39.55,10.97,1,41.85,34.84,7.643,rain,cloudy,overcast,0,1,0,0,0,0
,35.009279,-85.157597,Aspen Lodge Way,SR-7704,Reserve Way,4/21/2018 13:00,2018-04-21,13,1524330000,,,,Property Damage,Unknown,Yes,No,No,No,25,2,No,No,Unknown,Unknown,,37421,,,Daylight,Clear,246,36,18,0,7,3,1524326400,0.31,4.29,136,10,0,68.61,10.91,0,68.61,36.36,6.006,,clear-day,clear,0,0,0,0,1,0
,35.009935,-85.157083,Timber Ln,,E Brainerd Rd,5/3/2018 0:00,2018-05-03,0,1525320000,,,,Property Damage,Unknown,Yes,No,No,No,15,2,No,No,,37421,Unknown,Unknown,,,Dark - Not Lighted,Clear,246,36,18,0,7,3,1525316400,0.66,0.6,191,0,0,67.8,1.12,0.19,67.8,55.97,5.669,,partly-cloudy-night,partly cloudy,0,1,0,0,0,0
,35.005782,-85.152794,E Brainerd Rd,,Graysville Rd,1/15/2019 19:00,2019-01-15,19,1547596800,,,,Property Damage Under,"Sideswipe, Same Direction",No,No,No,No,40,2,No,No,Shoulder and Lap Belt Used,37421,Shoulder and Lap Belt Used,37416,No,No,Dark - Lighted,Clear,246,36,18,0,7,3,1547593200,0.72,3.96,343,0,0,33.71,5.24,1,36.84,28.79,7.979,,cloudy,overcast,0,1,0,0,0,0
,35.007582,-85.153775,7820 E Brainerd Rd,,Jenkins Road,4/28/2019 14:00,2019-04-28,14,1556474400,,,,Property Damage,Angle,No,No,No,No,40,2,No,No,Shoulder and Lap Belt Used,37363,Shoulder and Lap Belt Used,30728,No,No,Daylight,Clear,246,36,18,0,7,3,1556470800,0.43,5.69,286,7,0,79.57,12.95,0.44,79.57,55.16,7.854,,partly-cloudy-day,partly cloudy,0,1,0,0,0,0
,35.009916,-85.156981,1375 Timber Ln,,E. Brainerd Rd.,4/30/2019 0:00,2019-04-30,0,1556596800,,,,Property Damage,Unknown,Yes,No,No,No,15,2,No,No,Unknown,Unknown,,37421,,,Unknown,Clear,246,36,18,0,7,3,1556593200,0.64,3.49,223,0,0,68.94,8.53,0,68.94,56.05,5.886,,clear-night,clear,0,0,0,0,1,0
,35.010076,-85.315022,3509 Ohls Ave,,W 35th Street,2/22/2018 4:00,2018-02-22,4,1519290000,,,,Property Damage Under,"Sideswipe, Same Direction",Yes,No,No,No,25,2,No,No,,,Unknown,Unknown,,,Dark - Not Lighted,Clear,10,17,26,0,7,11,1519286400,0.81,1.98,208,0,0,67.83,5.06,0,67.57,61.49,2.828,,clear-night,clear,0,0,0,0,1,0
,35.010463,-85.321415,1020 W 37th St,,Tennessee Ave,3/17/2018 0:00,2018-03-17,0,1521259200,,,,Property Damage,Unknown,Yes,No,No,No,,2,No,No,,37410,Unknown,Unknown,,,Unknown,Clear,10,17,26,0,7,11,1521255600,0.66,1.81,216,0,0,58.92,4.53,0.14,58.92,47.44,3.675,,partly-cloudy-night,partly cloudy,0,1,0,0,0,0
,35.008204,-85.315472,460 Water St,,None intersection,6/25/2018 23:00,2018-06-25,23,1529982000,,,,Property Damage,Not Collision with Motor Vehicle in Transport,Yes,No,No,No,15,1,No,No,Unknown,Unknown,,,,,Dark - Not Lighted,Clear,10,17,26,0,7,11,1529978400,0.92,1.96,188,0,0,72.62,5.13,0.44,71.47,68.91,2.162,,partly-cloudy-night,partly cloudy,0,1,0,0,0,0
,35.008606,-85.314752,Chandler Ave,SR-3700,W 38th St,12/13/2018 15:00,2018-12-13,15,1544731200,,,,Property Damage,Front to Rear,No,No,No,No,35,2,No,No,Shoulder and Lap Belt Used,37407,Shoulder and Lap Belt Used,37407,No,No,Daylight,Clear,10,17,26,0,7,11,1544727600,0.43,6.99,131,1,0,56.55,10.95,0.75,56.55,34.5,2.653,,partly-cloudy-day,mostly cloudy,0,1,0,0,0,0
,35.0131212,-85.311707,975 E 3rd St,,Central Ave,12/20/2018 16:00,2018-12-20,16,1545339600,,,,Property Damage,Angle,Yes,No,No,No,25,2,No,No,Shoulder and Lap Belt Used,35772,Unknown,Unknown,No,No,Daylight,Rain,10,17,26,0,7,11,1545336000,0.95,3.63,39,0,0.08,45.63,7.57,1,46.94,45.68,1.873,rain,rain,light rain,1,0,0,0,0,1
,35.0131212,-85.311707,975 E 3rd St,,Central Ave,12/20/2018 16:00,2018-12-20,16,1545339600,,,,Property Damage,Angle,Yes,No,No,No,25,2,No,No,Shoulder and Lap Belt Used,35772,Unknown,Unknown,No,No,Daylight,Rain,10,17,26,0,7,11,1545336000,0.95,3.63,39,0,0.08,45.63,7.57,1,46.94,45.68,1.873,rain,rain,light rain,1,0,0,0,0,1
,35.0131212,-85.311707,975 E 3rd St,,Central Ave,12/20/2018 16:00,2018-12-20,16,1545339600,,,,Property Damage,Angle,Yes,No,No,No,25,2,No,No,Shoulder and Lap Belt Used,35772,Unknown,Unknown,No,No,Daylight,Rain,10,17,26,0,7,11,1545336000,0.94,3.48,49,0,0.081,45.42,7.19,1,46.63,45.13,2.455,rain,rain,light rain,1,0,0,0,0,1
,35.0131212,-85.311707,975 E 3rd St,,Central Ave,12/20/2018 16:00,2018-12-20,16,1545339600,,,,Property Damage,Angle,Yes,No,No,No,25,2,No,No,Shoulder and Lap Belt Used,35772,Unknown,Unknown,No,No,Daylight,Rain,10,17,26,0,7,11,1545336000,0.94,3.48,49,0,0.081,45.42,7.19,1,46.63,45.13,2.455,rain,rain,light rain,1,0,0,0,0,1
,35.012892,-85.312468,400 W 33rd St,,Croll Ct,2/4/2019 20:00,2019-02-04,20,1549328400,,,,Possible Injury,Not Collision with Motor Vehicle in Transport,No,No,No,No,30,1,No,No,Shoulder and Lap Belt Used,37918,,,No,No,Dark - Lighted,Clear,10,17,26,0,7,11,1549324800,0.8,2.79,167,0,0,59.5,6.29,0.81,59.5,53.32,5.755,,partly-cloudy-night,mostly cloudy,0,1,0,0,0,0
,35.012892,-85.312468,400 W 33rd St,,Croll Ct,2/4/2019 20:00,2019-02-04,20,1549328400,,,,Possible Injury,Not Collision with Motor Vehicle in Transport,No,No,No,No,30,1,No,No,Shoulder and Lap Belt Used,37918,,,No,No,Dark - Lighted,Clear,10,17,26,0,7,11,1549324800,0.8,2.79,167,0,0,59.5,6.29,0.81,59.5,53.32,5.755,,partly-cloudy-night,mostly cloudy,0,1,0,0,0,0
,35.012892,-85.312468,400 W 33rd St,,Croll Ct,2/4/2019 20:00,2019-02-04,20,1549328400,,,,Possible Injury,Not Collision with Motor Vehicle in Transport,No,No,No,No,30,1,No,No,Shoulder and Lap Belt Used,37918,,,No,No,Dark - Lighted,Clear,10,17,26,0,7,11,1549324800,0.8,2.79,167,0,0,59.5,6.29,0.81,59.5,53.32,5.755,,partly-cloudy-night,mostly cloudy,0,1,0,0,0,0
,35.012892,-85.312468,400 W 33rd St,,Croll Ct,2/4/2019 20:00,2019-02-04,20,1549328400,,,,Possible Injury,Not Collision with Motor Vehicle in Transport,No,No,No,No,30,1,No,No,Shoulder and Lap Belt Used,37918,,,No,No,Dark - Lighted,Clear,10,17,26,0,7,11,1549324800,0.8,2.79,167,0,0,59.5,6.29,0.81,59.5,53.32,5.755,,partly-cloudy-night,mostly cloudy,0,1,0,0,0,0
,35.0130032,-85.311613,Mccallie Ave,,Campus St,3/1/2019 21:00,2019-03-01,21,1551492000,,,,Property Damage,Angle,No,No,No,No,15,2,No,No,Shoulder and Lap Belt Used,37405,,37402,No,No,Dark - Lighted,Clear,10,17,26,0,7,11,1551488400,0.78,5.56,295,0,0,50.52,8.6,0.86,50.52,43.91,3.177,,partly-cloudy-night,mostly cloudy,0,1,0,0,0,0
,35.0130032,-85.311613,Mccallie Ave,,Campus St,3/1/2019 21:00,2019-03-01,21,1551492000,,,,Property Damage,Angle,No,No,No,No,15,2,No,No,Shoulder and Lap Belt Used,37405,,37402,No,No,Dark - Lighted,Clear,10,17,26,0,7,11,1551488400,0.78,5.56,295,0,0,50.52,8.6,0.86,50.52,43.91,3.177,,partly-cloudy-night,mostly cloudy,0,1,0,0,0,0
,35.0130032,-85.311613,Mccallie Ave,,Campus St,3/1/2019 21:00,2019-03-01,21,1551492000,,,,Property Damage,Angle,No,No,No,No,15,2,No,No,Shoulder and Lap Belt Used,37405,,37402,No,No,Dark - Lighted,Clear,10,17,26,0,7,11,1551488400,0.78,5.56,295,0,0,50.52,8.6,0.86,50.52,43.91,3.177,,partly-cloudy-night,mostly cloudy,0,1,0,0,0,0
,35.0130032,-85.311613,Mccallie Ave,,Campus St,3/1/2019 21:00,2019-03-01,21,1551492000,,,,Property Damage,Angle,No,No,No,No,15,2,No,No,Shoulder and Lap Belt Used,37405,,37402,No,No,Dark - Lighted,Clear,10,17,26,0,7,11,1551488400,0.78,5.56,295,0,0,50.52,8.6,0.86,50.52,43.91,3.177,,partly-cloudy-night,mostly cloudy,0,1,0,0,0,0
,35.0131709,-85.311565,2717 rossville blvd,,Foust st,4/27/2019 17:00,2019-04-27,17,1556398800,,,,Property Damage,Front to Rear,Yes,No,No,No,60,2,No,No,Shoulder and Lap Belt Used,37405,Unknown,Unknown,No,No,Daylight,Clear,10,17,26,0,7,11,1556395200,0.25,8.19,205,4,0,77.83,17.21,0.33,77.83,38.94,5.052,,partly-cloudy-day,partly cloudy,0,1,0,0,0,0
,35.0131709,-85.311565,2717 rossville blvd,,Foust st,4/27/2019 17:00,2019-04-27,17,1556398800,,,,Property Damage,Front to Rear,Yes,No,No,No,60,2,No,No,Shoulder and Lap Belt Used,37405,Unknown,Unknown,No,No,Daylight,Clear,10,17,26,0,7,11,1556395200,0.25,8.19,205,4,0,77.83,17.21,0.33,77.83,38.94,5.052,,partly-cloudy-day,partly cloudy,0,1,0,0,0,0
,35.0131709,-85.311565,2717 rossville blvd,,Foust st,4/27/2019 17:00,2019-04-27,17,1556398800,,,,Property Damage,Front to Rear,Yes,No,No,No,60,2,No,No,Shoulder and Lap Belt Used,37405,Unknown,Unknown,No,No,Daylight,Clear,10,17,26,0,7,11,1556395200,0.25,8.19,205,4,0,77.83,17.21,0.33,77.83,38.94,5.052,,partly-cloudy-day,partly cloudy,0,1,0,0,0,0
,35.0131709,-85.311565,2717 rossville blvd,,Foust st,4/27/2019 17:00,2019-04-27,17,1556398800,,,,Property Damage,Front to Rear,Yes,No,No,No,60,2,No,No,Shoulder and Lap Belt Used,37405,Unknown,Unknown,No,No,Daylight,Clear,10,17,26,0,7,11,1556395200,0.25,8.19,205,4,0,77.83,17.21,0.33,77.83,38.94,5.052,,partly-cloudy-day,partly cloudy,0,1,0,0,0,0
,35.0131455,-85.311576,E Martin Luther King Blvd,,University St,4/28/2019 17:00,2019-04-28,17,1556485200,,,,Property Damage,Front to Rear,No,No,No,No,25,2,No,No,Shoulder and Lap Belt Used,37404,Shoulder and Lap Belt Used,37406,No,No,Daylight,Clear,10,17,26,0,7,11,1556481600,0.28,6.44,283,3,0,82.15,11.91,0.33,82.15,45.88,7.218,,partly-cloudy-day,partly cloudy,0,1,0,0,0,0
,35.0131455,-85.311576,E Martin Luther King Blvd,,University St,4/28/2019 17:00,2019-04-28,17,1556485200,,,,Property Damage,Front to Rear,No,No,No,No,25,2,No,No,Shoulder and Lap Belt Used,37404,Shoulder and Lap Belt Used,37406,No,No,Daylight,Clear,10,17,26,0,7,11,1556481600,0.28,6.44,283,3,0,82.15,11.91,0.33,82.15,45.88,7.218,,partly-cloudy-day,partly cloudy,0,1,0,0,0,0
,35.0131455,-85.311576,E Martin Luther King Blvd,,University St,4/28/2019 17:00,2019-04-28,17,1556485200,,,,Property Damage,Front to Rear,No,No,No,No,25,2,No,No,Shoulder and Lap Belt Used,37404,Shoulder and Lap Belt Used,37406,No,No,Daylight,Clear,10,17,26,0,7,11,1556481600,0.28,6.44,283,3,0,82.15,11.91,0.33,82.15,45.88,7.218,,partly-cloudy-day,partly cloudy,0,1,0,0,0,0