Accident,Latitude,Longitude,Street,AltStreet,Intersection,DateTime,Date,Hour,Unix,WeekDay,WeekEnd,DayFrame,AccidentType,CollisionType,HaR,FatalInjury,MedicalTransport,InvolvedPlacardedTruck,PostedSpeed,TotalVehiclesInvolved,PedestrianInvolved,BicycleInvolved,DriverOneSafetyEquipment,DriverOneZip,DriverTwoSafetyEquipment,DriverTwoZip,Drug,Alcohol,LightCondition,Weather,Grid_Block,Grid_Col,Grid_Row,Highway,Land_Use_Mode,Road_Count,HourBefore,humidity,windSpeed,windBearing,uvIndex,precipIntensity,apparentTemperature,windGust,cloudCover,temperature,dewPoint,visibility,precipType,Event,Conditions,Rain,Cloudy,Foggy,Snow,Clear,RainBefore
,35.0131455,-85.311576,E Martin Luther King Blvd,,University St,4/28/2019 17:00,2019-04-28,17,1556485200,,,,Property Damage,Front to Rear,No,No,No,No,25,2,No,No,Shoulder and Lap Belt Used,37404,Shoulder and Lap Belt Used,37406,No,No,Daylight,Clear,10,17,26,0,7,11,1556481600,0.28,6.44,283,3,0,82.15,11.91,0.33,82.15,45.88,7.218,,partly-cloudy-day,partly cloudy,0,1,0,0,0,0
,35.0131632,-85.311536,W Martin Luther King Blvd,,Boynton Dr,4/28/2019 18:00,2019-04-28,18,1556488800,,,,Property Damage,Front to Rear,No,No,No,No,30,2,No,No,Shoulder and Lap Belt Used,37085,Shoulder and Lap Belt Used,33305,No,No,Daylight,Clear,10,17,26,0,7,11,1556485200,0.29,4.3,306,2,0,82.51,8.72,0.44,82.51,46.89,6.961,,partly-cloudy-day,partly cloudy,0,1,0,0,0,0
,35.0131632,-85.311536,W Martin Luther King Blvd,,Boynton Dr,4/28/2019 18:00,2019-04-28,18,1556488800,,,,Property Damage,Front to Rear,No,No,No,No,30,2,No,No,Shoulder and Lap Belt Used,37085,Shoulder and Lap Belt Used,33305,No,No,Daylight,Clear,10,17,26,0,7,11,1556485200,0.29,4.3,306,2,0,82.51,8.72,0.44,82.51,46.89,6.961,,partly-cloudy-day,partly cloudy,0,1,0,0,0,0
,35.0131632,-85.311536,W Martin Luther King Blvd,,Boynton Dr,4/28/2019 18:00,2019-04-28,18,1556488800,,,,Property Damage,Front to Rear,No,No,No,No,30,2,No,No,Shoulder and Lap Belt Used,37085,Shoulder and Lap Belt Used,33305,No,No,Daylight,Clear,10,17,26,0,7,11,1556485200,0.29,4.3,306,2,0,82.51,8.72,0.44,82.51,46.89,6.961,,partly-cloudy-day,partly cloudy,0,1,0,0,0,0
,35.0131632,-85.311536,W Martin Luther King Blvd,,Boynton Dr,4/28/2019 18:00,2019-04-28,18,1556488800,,,,Property Damage,Front to Rear,No,No,No,No,30,2,No,No,Shoulder and Lap Belt Used,37085,Shoulder and Lap Belt Used,33305,No,No,Daylight,Clear,10,17,26,0,7,11,1556485200,0.29,4.3,306,2,0,82.51,8.72,0.44,82.51,46.89,6.961,,partly-cloudy-day,partly cloudy,0,1,0,0,0,0
,35.0127372,-85.311589,Carter St,,W 10th St,5/16/2019 18:00,2019-05-16,18,1558044000,,,,Property Damage,Front to Rear,No,No,No,No,30,2,No,No,Shoulder and Lap Belt Used,37421,Shoulder and Lap Belt Used,37379,No,No,Daylight,Clear,10,17,26,0,7,11,1558040400,0.41,3.2,284,2,0,86.46,8.95,0.44,86.46,60.1,5.413,,partly-cloudy-day,partly cloudy,0,1,0,0,0,0
,35.0127372,-85.311589,Carter St,,W 10th St,5/16/2019 18:00,2019-05-16,18,1558044000,,,,Property Damage,Front to Rear,No,No,No,No,30,2,No,No,Shoulder and Lap Belt Used,37421,Shoulder and Lap Belt Used,37379,No,No,Daylight,Clear,10,17,26,0,7,11,1558040400,0.41,3.2,284,2,0,86.46,8.95,0.44,86.46,60.1,5.413,,partly-cloudy-day,partly cloudy,0,1,0,0,0,0
,35.0127372,-85.311589,Carter St,,W 10th St,5/16/2019 18:00,2019-05-16,18,1558044000,,,,Property Damage,Front to Rear,No,No,No,No,30,2,No,No,Shoulder and Lap Belt Used,37421,Shoulder and Lap Belt Used,37379,No,No,Daylight,Clear,10,17,26,0,7,11,1558040400,0.41,3.2,284,2,0,86.46,8.95,0.44,86.46,60.1,5.413,,partly-cloudy-day,partly cloudy,0,1,0,0,0,0
,35.0127372,-85.311589,Carter St,,W 10th St,5/16/2019 18:00,2019-05-16,18,1558044000,,,,Property Damage,Front to Rear,No,No,No,No,30,2,No,No,Shoulder and Lap Belt Used,37421,Shoulder and Lap Belt Used,37379,No,No,Daylight,Clear,10,17,26,0,7,11,1558040400,0.41,3.2,284,2,0,86.46,8.95,0.44,86.46,60.1,5.413,,partly-cloudy-day,partly cloudy,0,1,0,0,0,0
,35.0127738,-85.311581,Georgia Ave,,E Martin Luther King Blvd,5/16/2019 19:00,2019-05-16,19,1558047600,,,,Property Damage,Head On,No,No,No,No,25,2,No,No,,37421,,77090,No,No,Daylight,Clear,10,17,26,0,7,11,1558044000,0.43,4.08,270,1,0,84.79,9.38,0.44,84.79,60,5.558,,partly-cloudy-day,partly cloudy,0,1,0,0,0,0
,35.0127738,-85.311581,Georgia Ave,,E Martin Luther King Blvd,5/16/2019 19:00,2019-05-16,19,1558047600,,,,Property Damage,Head On,No,No,No,No,25,2,No,No,,37421,,77090,No,No,Daylight,Clear,10,17,26,0,7,11,1558044000,0.43,4.08,270,1,0,84.79,9.38,0.44,84.79,60,5.558,,partly-cloudy-day,partly cloudy,0,1,0,0,0,0
,35.0127738,-85.311581,Georgia Ave,,E Martin Luther King Blvd,5/16/2019 19:00,2019-05-16,19,1558047600,,,,Property Damage,Head On,No,No,No,No,25,2,No,No,,37421,,77090,No,No,Daylight,Clear,10,17,26,0,7,11,1558044000,0.43,4.08,270,1,0,84.79,9.38,0.44,84.79,60,5.558,,partly-cloudy-day,partly cloudy,0,1,0,0,0,0
,35.0127738,-85.311581,Georgia Ave,,E Martin Luther King Blvd,5/16/2019 19:00,2019-05-16,19,1558047600,,,,Property Damage,Head On,No,No,No,No,25,2,No,No,,37421,,77090,No,No,Daylight,Clear,10,17,26,0,7,11,1558044000,0.43,4.08,270,1,0,84.79,9.38,0.44,84.79,60,5.558,,partly-cloudy-day,partly cloudy,0,1,0,0,0,0
,35.013146,-85.311599,Mccallie Ave,,Douglas St,5/24/2019 16:00,2019-05-24,16,1558728000,,,,Property Damage,Front to Rear,No,No,No,No,30,3,No,No,Shoulder and Lap Belt Used,37338,Shoulder and Lap Belt Used,37412,No,No,Daylight,Clear,10,17,26,0,7,11,1558724400,0.41,3.8,240,5,0,95.14,7.79,0.75,92.59,65.41,2.779,,partly-cloudy-day,mostly cloudy,0,1,0,0,0,0
,35.013146,-85.311599,Mccallie Ave,,Douglas St,5/24/2019 16:00,2019-05-24,16,1558728000,,,,Property Damage,Front to Rear,No,No,No,No,30,3,No,No,Shoulder and Lap Belt Used,37338,Shoulder and Lap Belt Used,37412,No,No,Daylight,Clear,10,17,26,0,7,11,1558724400,0.41,3.8,240,5,0,95.14,7.79,0.75,92.59,65.41,2.779,,partly-cloudy-day,mostly cloudy,0,1,0,0,0,0
,35.013146,-85.311599,Mccallie Ave,,Douglas St,5/24/2019 16:00,2019-05-24,16,1558728000,,,,Property Damage,Front to Rear,No,No,No,No,30,3,No,No,Shoulder and Lap Belt Used,37338,Shoulder and Lap Belt Used,37412,No,No,Daylight,Clear,10,17,26,0,7,11,1558724400,0.41,3.8,240,5,0,95.14,7.79,0.75,92.59,65.41,2.779,,partly-cloudy-day,mostly cloudy,0,1,0,0,0,0
,35.013146,-85.311599,Mccallie Ave,,Douglas St,5/24/2019 16:00,2019-05-24,16,1558728000,,,,Property Damage,Front to Rear,No,No,No,No,30,3,No,No,Shoulder and Lap Belt Used,37338,Shoulder and Lap Belt Used,37412,No,No,Daylight,Clear,10,17,26,0,7,11,1558724400,0.41,3.8,240,5,0,95.14,7.79,0.75,92.59,65.41,2.779,,partly-cloudy-day,mostly cloudy,0,1,0,0,0,0
,35.0132386,-85.311595,Siskin Dr,,Blackford St,5/29/2019 15:00,2019-05-29,15,1559156400,,,,Property Damage,Angle,No,No,No,No,15,2,No,No,Shoulder and Lap Belt Used,30739,Shoulder and Lap Belt Used,30741,No,No,Daylight,Clear,10,17,26,0,7,11,1559152800,0.33,9.99,238,7,0,92.25,16.68,0.44,92.25,58.67,5.773,,partly-cloudy-day,partly cloudy,0,1,0,0,0,0
,35.0132386,-85.311595,Siskin Dr,,Blackford St,5/29/2019 15:00,2019-05-29,15,1559156400,,,,Property Damage,Angle,No,No,No,No,15,2,No,No,Shoulder and Lap Belt Used,30739,Shoulder and Lap Belt Used,30741,No,No,Daylight,Clear,10,17,26,0,7,11,1559152800,0.33,9.99,238,7,0,92.25,16.68,0.44,92.25,58.67,5.773,,partly-cloudy-day,partly cloudy,0,1,0,0,0,0
,35.0132386,-85.311595,Siskin Dr,,Blackford St,5/29/2019 15:00,2019-05-29,15,1559156400,,,,Property Damage,Angle,No,No,No,No,15,2,No,No,Shoulder and Lap Belt Used,30739,Shoulder and Lap Belt Used,30741,No,No,Daylight,Clear,10,17,26,0,7,11,1559152800,0.33,9.99,238,7,0,92.25,16.68,0.44,92.25,58.67,5.773,,partly-cloudy-day,partly cloudy,0,1,0,0,0,0
,35.0132386,-85.311595,Siskin Dr,,Blackford St,5/29/2019 15:00,2019-05-29,15,1559156400,,,,Property Damage,Angle,No,No,No,No,15,2,No,No,Shoulder and Lap Belt Used,30739,Shoulder and Lap Belt Used,30741,No,No,Daylight,Clear,10,17,26,0,7,11,1559152800,0.33,9.99,238,7,0,92.25,16.68,0.44,92.25,58.67,5.773,,partly-cloudy-day,partly cloudy,0,1,0,0,0,0
,35.0130915,-85.311593,W 4th St,,Chestnut St,5/31/2019 16:00,2019-05-31,16,1559332800,,,,Property Damage,Front to Rear,No,No,No,No,25,2,No,No,Shoulder and Lap Belt Used,37347,Shoulder and Lap Belt Used,37380,No,No,Daylight,Clear,10,17,26,0,7,11,1559329200,0.35,8.08,296,5,0,84.66,16.14,0.44,84.66,53.93,2.972,,partly-cloudy-day,partly cloudy,0,1,0,0,0,0
,35.0130915,-85.311593,W 4th St,,Chestnut St,5/31/2019 16:00,2019-05-31,16,1559332800,,,,Property Damage,Front to Rear,No,No,No,No,25,2,No,No,Shoulder and Lap Belt Used,37347,Shoulder and Lap Belt Used,37380,No,No,Daylight,Clear,10,17,26,0,7,11,1559329200,0.35,8.08,296,5,0,84.66,16.14,0.44,84.66,53.93,2.972,,partly-cloudy-day,partly cloudy,0,1,0,0,0,0
,35.0130915,-85.311593,W 4th St,,Chestnut St,5/31/2019 16:00,2019-05-31,16,1559332800,,,,Property Damage,Front to Rear,No,No,No,No,25,2,No,No,Shoulder and Lap Belt Used,37347,Shoulder and Lap Belt Used,37380,No,No,Daylight,Clear,10,17,26,0,7,11,1559329200,0.35,8.08,296,5,0,84.66,16.14,0.44,84.66,53.93,2.972,,partly-cloudy-day,partly cloudy,0,1,0,0,0,0
,35.0130915,-85.311593,W 4th St,,Chestnut St,5/31/2019 16:00,2019-05-31,16,1559332800,,,,Property Damage,Front to Rear,No,No,No,No,25,2,No,No,Shoulder and Lap Belt Used,37347,Shoulder and Lap Belt Used,37380,No,No,Daylight,Clear,10,17,26,0,7,11,1559329200,0.35,8.08,296,5,0,84.66,16.14,0.44,84.66,53.93,2.972,,partly-cloudy-day,partly cloudy,0,1,0,0,0,0
,35.027003,-85.253575,3300 Brainerd Rd,,Rosemont Dr,2/22/2018 13:00,2018-02-22,13,1519322400,,,,Suspected Minor Injury,Angle,No,No,Yes,No,40,2,No,No,,37421,Shoulder and Lap Belt Used,33301,No,No,Daylight,Clear,134,23,21,0,7,23,1519318800,0.63,2.75,187,5,0,77.23,7.96,0.44,76.9,63.14,6.268,,partly-cloudy-day,partly cloudy,0,1,0,0,0,0
,35.0266315,-85.254206,100 Elmwood Dr,,Brainerd Rd,3/10/2018 23:00,2018-03-10,23,1520740800,,,,Property Damage Under,Not Collision with Motor Vehicle in Transport,No,No,No,No,25,1,No,No,Shoulder and Lap Belt Used,37406,,,No,No,Dark - Lighted,Clear,134,23,21,0,7,23,1520737200,0.94,0.13,,0,0.001,51.3,0.7,1,51.3,49.56,1.908,rain,fog,foggy,0,0,1,0,0,0
,35.029215,-85.257468,3100 Brainerd Rd,,South crest Rd,3/25/2018 6:00,2018-03-25,6,1521972000,,,,Property Damage,Not Collision with Motor Vehicle in Transport,No,No,No,No,30,1,No,No,Shoulder and Lap Belt Used,37407,,,No,No,Dark - Lighted,Rain,134,23,21,0,7,23,1521968400,0.92,2.19,36,0,0,47.1,4.21,1,47.1,44.94,6.268,,cloudy,overcast,0,1,0,0,0,0
,35.026337,-85.253458,3300 Rosemont Dr,,Brainerd Rd,12/31/2018 8:00,2018-12-31,8,1546261200,,,,Property Damage Under,Not Collision with Motor Vehicle in Transport,No,No,No,No,25,1,No,No,Unknown,37411,,,No,No,Daylight,Unknown,134,23,21,0,7,23,1546257600,0.99,1.68,4,0,0.002,55.97,6.18,1,55.97,55.68,2.939,rain,cloudy,overcast,0,1,0,0,0,0
,35.026045,-85.173476,410 Interstate,I-75,E Brainerd Rd,2/22/2018 18:00,2018-02-22,18,1519340400,,,,Property Damage,Front to Rear,No,No,No,No,55,2,No,No,Shoulder and Lap Belt Used,37917,Shoulder and Lap Belt Used,37412,No,No,Daylight,Clear,282,33,17,0,7,9,1519336800,0.56,1.78,205,0,0,76.94,5.35,0.36,76.92,60.09,6.088,,partly-cloudy-day,partly cloudy,0,1,0,0,0,0
,35.024637,-85.174285,400 Interstate 75 Sb RD,I-75,E Brainerd Rd,8/2/2018 17:00,2018-08-02,17,1533243600,,,,Property Damage,Not Collision with Motor Vehicle in Transport,No,No,No,No,55,1,No,No,Shoulder and Lap Belt Used,32531,,,No,No,Daylight,Rain,282,33,17,0,7,9,1533240000,0.88,3.83,37,4,0.014,75.79,7.2,0.75,74.53,70.58,4.716,rain,rain,possible drizzle,1,0,0,0,0,1
,35.02432,-85.174239,Interstate 75 Hwy,I-75,Shallowford Road,8/13/2018 12:00,2018-08-13,12,1534176000,,,,Property Damage Under,Not Collision with Motor Vehicle in Transport,Yes,No,No,No,65,2,No,No,Unknown,Unknown,Shoulder and Lap Belt Used,29643,No,No,Daylight,Unknown,282,33,17,0,7,9,1534172400,0.62,4.93,45,8,0,85.03,6.57,0,82.21,67.69,9.996,,clear-day,clear,0,0,0,0,1,0
,35.027321,-85.174299,1 Hwy 153 SB,US-153,I 75,9/26/2018 16:00,2018-09-26,16,1537992000,,,,Property Damage,Not Collision with Motor Vehicle in Transport,No,No,No,No,45,1,No,No,Shoulder and Lap Belt Used,37416,,,No,No,Daylight,Rain,282,33,17,0,7,9,1537988400,0.94,2.31,18,3,0.039,73.56,4.98,1,72.2,70.49,4.131,rain,rain,light rain,1,0,0,0,0,1
,35.024637,-85.174285,400 Interstate 75 Sb RD,I-75,E Brainerd Rd,10/24/2018 18:00,2018-10-24,18,1540418400,,,,Property Damage,Not Collision with Motor Vehicle in Transport,No,No,No,No,55,1,No,No,Shoulder and Lap Belt Used,37347,,,No,No,Daylight,Clear,282,33,17,0,7,9,1540414800,0.39,6.13,25,0,0,66.12,11.58,0,66.12,40.36,8.206,,clear-day,clear,0,0,0,0,1,0
,35.025747,-85.173437,Interstate 75 Hwy NB at exit 3B,I-75,6900 East Brainerd Rd,11/7/2018 0:00,2018-11-07,0,1541566800,,,,Property Damage,"Sideswipe, Same Direction",No,No,No,No,70,2,No,No,Shoulder and Lap Belt Used,30753,Shoulder and Lap Belt Used,33770,No,No,Unknown,Unknown,282,33,17,0,7,9,1541563200,0.92,0.67,349,0,0,48.38,4.67,0,48.38,46.12,3.558,,clear-night,clear,0,0,0,0,1,0
,35.02182,-85.175837,380 Interstate,I-75,Highway 153 Nb,11/27/2018 19:00,2018-11-27,19,1543363200,,,,Property Damage,Angle,Yes,No,No,No,55,2,No,No,Unknown,Unknown,Shoulder and Lap Belt Used,37412,No,No,Dark - Not Lighted,Clear,282,33,17,0,7,9,1543359600,0.59,3.2,331,0,0,28.07,4.77,0.44,31.14,18.44,5.355,,partly-cloudy-night,partly cloudy,0,1,0,0,0,0
,35.026011,-85.174534,,I-75,Hickory Valley,12/25/2018 23:00,2018-12-25,23,1545796800,,,,Property Damage,Angle,No,No,No,No,45,2,No,No,Shoulder and Lap Belt Used,37407,Shoulder and Lap Belt Used,30075,No,No,Dark - Not Lighted,Clear,282,33,17,0,7,9,1545793200,0.86,1.91,89,0,0,37.74,5.25,0.44,37.74,34.04,3.731,,partly-cloudy-night,partly cloudy,0,1,0,0,0,0
,35.02432,-85.174239,400 Interstate 75 Northbound,I-75,Interstate 75,2/22/2019 10:00,2019-02-22,10,1550847600,,,,Property Damage,Not Collision with Motor Vehicle in Transport,No,No,No,No,55,1,No,No,Shoulder and Lap Belt Used,37421,,,No,No,Daylight,Rain,282,33,17,0,7,9,1550844000,0.96,5.56,32,2,0.005,44.85,14.15,1,47.43,46.42,4.105,rain,rain,drizzle,1,0,0,0,0,1
,35.02432,-85.174239,18500 Interstate,I-24,Interstate 75,3/24/2019 10:00,2019-03-24,10,1553436000,,,,Property Damage,Rear to Side,Yes,No,No,No,55,2,No,No,Unknown,Unknown,Shoulder and Lap Belt Used,37421,No,No,Daylight,Clear,282,33,17,0,7,9,1553432400,0.51,2.87,123,2,0,49.97,7.21,0.31,49.97,32.73,10,,partly-cloudy-day,partly cloudy,0,1,0,0,0,0
,35.024637,-85.174285,400 Interstate 75 SB Road,,East Brainerd,6/18/2019 19:00,2019-06-18,19,1560898800,,,,Property Damage,"Sideswipe, Same Direction",Yes,No,No,No,55,2,No,No,Unknown,Unknown,Shoulder and Lap Belt Used,37407,No,No,Dusk,Clear,282,33,17,0,7,9,1560895200,0.74,5.13,157,1,0.003,84.37,10.43,0.44,80.46,71.6,6.025,rain,partly-cloudy-day,partly cloudy,0,1,0,0,0,0
,35.085655,-85.211025,500 Highway 153 Sb,,HWY 58,2/23/2018 20:00,2018-02-23,20,1519434000,,,,Property Damage,Angle,Yes,No,No,No,55,2,No,No,Restraint Used Type Unknown,30736,Unknown,Unknown,No,No,Dark - Lighted,Clear,589,25,10,1,7,25,1519430400,0.63,1.27,163,0,0,71.71,2.89,0.44,71.71,58.31,6.206,,partly-cloudy-night,partly cloudy,0,1,0,0,0,0
,35.086065,-85.211434,500 Hwy 153 NB,US-153,Amnicola Hwy,11/16/2018 18:00,2018-11-16,18,1542409200,,,,Property Damage,Front to Rear,No,No,No,No,55,2,No,No,Shoulder and Lap Belt Used,37343,Shoulder and Lap Belt Used,30736,No,No,Dark - Not Lighted,Clear,589,25,10,1,7,25,1542405600,0.65,1.5,279,0,0,48.92,5.66,0.61,48.92,37.77,7.039,,partly-cloudy-night,mostly cloudy,0,1,0,0,0,0
,35.086065,-85.211434,500 Highway 153 Nb,,Amnicola Hwy,11/27/2018 16:00,2018-11-27,16,1543352400,,,,Property Damage,Front to Rear,Yes,No,No,No,55,2,No,No,Unknown,Unknown,Shoulder and Lap Belt Used,37421,No,No,Daylight,Clear,589,25,10,1,7,25,1543348800,0.48,9.19,307,0,0,28.02,18.6,0.39,35.14,17.49,2.038,,partly-cloudy-day,partly cloudy,0,1,0,0,0,0
,35.08201,-85.20625,1-9 Exit Highway 58 N Off Ramp Sb,,Highway 58,12/10/2018 17:00,2018-12-10,17,1544479200,,,,Property Damage Under,"Sideswipe, Same Direction",Yes,No,No,No,45,3,No,No,Shoulder and Lap Belt Used,37312,Shoulder and Lap Belt Used,37363,No,No,Dusk,Rain,589,25,10,1,7,25,1544475600,0.86,3.1,346,0,0.025,40.54,7.91,1,42.02,38.17,3.286,rain,rain,light rain,1,0,0,0,0,1
,35.082506,-85.205529,4700 Amnicola Hwy,,Highway 58,12/22/2018 16:00,2018-12-22,16,1545512400,,,,Property Damage,"Sideswipe, Same Direction",No,No,No,No,35,2,No,No,Unknown,37416,Shoulder and Lap Belt Used,37341,No,No,Daylight,Clear,589,25,10,1,7,25,1545508800,0.44,2.62,216,1,0,50.52,6.87,0.36,50.52,29.68,5.942,,partly-cloudy-day,partly cloudy,0,1,0,0,0,0
,35.081924,-85.205887,460 HWY 58 SB EX RMP,US-58,400 153 HWY SB,1/7/2019 0:00,2019-01-07,0,1546837200,,,,Property Damage,Front to Rear,No,No,No,No,20,2,No,No,Shoulder and Lap Belt Used,30741,Shoulder and Lap Belt Used,30736,No,No,Unknown,Clear,589,25,10,1,7,25,1546833600,0.8,1.41,117,0,0,45.81,2.65,0.15,45.81,39.86,3.524,,partly-cloudy-night,partly cloudy,0,1,0,0,0,0
,35.082562,-85.206217,4300 58 HWY,US-58,153 HWY NB,1/13/2019 0:00,2019-01-13,0,1547355600,,,,Property Damage,Not Collision with Motor Vehicle in Transport,No,No,No,No,15,1,No,No,Shoulder and Lap Belt Used,37416,,37412,No,No,Unknown,Rain,589,25,10,1,7,25,1547352000,0.96,5.79,187,0,0.01,34.6,11.87,1,38.91,37.74,2.395,rain,rain,possible drizzle,1,0,0,0,0,1
,35.081951,-85.206117,460 Highway 153 Sb,,Highway 58,1/20/2019 20:00,2019-01-20,20,1548032400,,,,Property Damage,Front to Rear,No,No,No,No,55,2,No,No,Shoulder and Lap Belt Used,37406,Shoulder and Lap Belt Used,37406,No,No,Dark - Not Lighted,Clear,589,25,10,1,7,25,1548028800,0.55,9.07,338,0,0,19.06,16.32,0,27.81,13.74,4.172,,clear-night,clear,0,0,0,0,1,0
,35.082562,-85.206217,4300 58 HWY,SR-4300,Hwy 58,1/28/2019 0:00,2019-01-28,0,1548651600,,,,Property Damage,Front to Rear,No,No,No,No,35,2,No,No,Shoulder and Lap Belt Used,37406,Shoulder and Lap Belt Used,37406,No,No,Unknown,Clear,589,25,10,1,7,25,1548648000,0.75,1.18,241,0,0,37.42,4.2,0.8,37.42,30.32,7.083,,partly-cloudy-night,mostly cloudy,0,1,0,0,0,0
,35.08265,-85.20628,4200 Hwy 58,US-153,58,6/24/2019 0:00,2019-06-24,0,1561348800,,,,Property Damage,Front to Rear,No,No,No,No,25,2,No,No,Shoulder and Lap Belt Used,37421,Shoulder and Lap Belt Used,37407,No,No,Unknown,Unknown,589,25,10,1,7,25,1561345200,0.86,2.74,188,0,0,77.64,4.59,0.39,76.29,71.66,5.823,,partly-cloudy-night,partly cloudy,0,1,0,0,0,0
,35.114572,-85.252004,Hixson Pike,,Hixson Pike,2/24/2018 0:00,2018-02-24,0,1519448400,,,,Property Damage,Unknown,No,No,No,No,15,1,No,No,None Used MV Occupant,37379,,,No,No,Unknown,Cloudy,664,18,8,0,4,1,1519444800,0.7,0.42,166,0,0,68.65,3.75,1,68.65,58.46,2.6,,cloudy,overcast,0,1,0,0,0,0
,35.114572,-85.252004,Hixson Pike,,Hixson Pike,2/24/2018 0:00,2018-02-24,0,1519448400,,,,Property Damage,Unknown,No,No,No,No,15,1,No,No,None Used MV Occupant,37379,,,No,No,Unknown,Cloudy,664,18,8,0,4,1,1519444800,0.7,0.42,166,0,0,68.65,3.75,1,68.65,58.46,2.6,,cloudy,overcast,0,1,0,0,0,0
,35.114572,-85.252004,Hixson Pike,,Hixson Pike,2/24/2018 0:00,2018-02-24,0,1519448400,,,,Property Damage,Unknown,No,No,No,No,15,1,No,No,None Used MV Occupant,37379,,,No,No,Unknown,Cloudy,664,18,8,0,4,1,1519444800,0.7,0.42,166,0,0,68.65,3.75,1,68.65,58.46,2.6,,cloudy,overcast,0,1,0,0,0,0
,35.114572,-85.252004,Hixson Pike,,Hixson Pike,2/24/2018 0:00,2018-02-24,0,1519448400,,,,Property Damage,Unknown,No,No,No,No,15,1,No,No,None Used MV Occupant,37379,,,No,No,Unknown,Cloudy,664,18,8,0,4,1,1519444800,0.7,0.42,166,0,0,68.65,3.75,1,68.65,58.46,2.6,,cloudy,overcast,0,1,0,0,0,0
,35.118126,-85.249421,4490 Hixson Pike,,Hamill Rd,3/2/2018 8:00,2018-03-02,8,1519995600,,,,Property Damage,Unknown,Yes,No,No,No,,2,No,No,,37421,Unknown,Unknown,,,Daylight,Unknown,664,18,8,0,4,1,1519992000,0.68,4.22,358,0,0,40.93,9.53,0,43.29,33.39,6.703,,clear-day,clear,0,0,0,0,1,0
,35.118126,-85.249421,4490 Hixson Pike,,Hamill Rd,3/2/2018 8:00,2018-03-02,8,1519995600,,,,Property Damage,Unknown,Yes,No,No,No,,2,No,No,,37421,Unknown,Unknown,,,Daylight,Unknown,664,18,8,0,4,1,1519992000,0.68,4.22,358,0,0,40.93,9.53,0,43.29,33.39,6.703,,clear-day,clear,0,0,0,0,1,0
,35.118126,-85.249421,4490 Hixson Pike,,Hamill Rd,3/2/2018 8:00,2018-03-02,8,1519995600,,,,Property Damage,Unknown,Yes,No,No,No,,2,No,No,,37421,Unknown,Unknown,,,Daylight,Unknown,664,18,8,0,4,1,1519992000,0.68,4.22,358,0,0,40.93,9.53,0,43.29,33.39,6.703,,clear-day,clear,0,0,0,0,1,0
,35.118126,-85.249421,4490 Hixson Pike,,Hamill Rd,3/2/2018 8:00,2018-03-02,8,1519995600,,,,Property Damage,Unknown,Yes,No,No,No,,2,No,No,,37421,Unknown,Unknown,,,Daylight,Unknown,664,18,8,0,4,1,1519992000,0.68,4.22,358,0,0,40.93,9.53,0,43.29,33.39,6.703,,clear-day,clear,0,0,0,0,1,0
,35.1181671,-85.249696,Highway 153,US-6500,Boyscout,5/7/2018 6:00,2018-05-07,6,1525687200,,,,Property Damage,"Sideswipe, Same Direction",No,No,No,No,45,2,No,No,Shoulder and Lap Belt Used,37405,Shoulder and Lap Belt Used,37347,No,No,Dark - Lighted,Clear,664,18,8,0,4,1,1525683600,0.77,0.15,270,0,0,59.36,0.54,0.19,59.36,52.23,7.03,,partly-cloudy-night,partly cloudy,0,1,0,0,0,0
,35.1181671,-85.249696,Highway 153,US-6500,Boyscout,5/7/2018 6:00,2018-05-07,6,1525687200,,,,Property Damage,"Sideswipe, Same Direction",No,No,No,No,45,2,No,No,Shoulder and Lap Belt Used,37405,Shoulder and Lap Belt Used,37347,No,No,Dark - Lighted,Clear,664,18,8,0,4,1,1525683600,0.77,0.15,270,0,0,59.36,0.54,0.19,59.36,52.23,7.03,,partly-cloudy-night,partly cloudy,0,1,0,0,0,0
,35.1181671,-85.249696,Highway 153,US-6500,Boyscout,5/7/2018 6:00,2018-05-07,6,1525687200,,,,Property Damage,"Sideswipe, Same Direction",No,No,No,No,45,2,No,No,Shoulder and Lap Belt Used,37405,Shoulder and Lap Belt Used,37347,No,No,Dark - Lighted,Clear,664,18,8,0,4,1,1525683600,0.77,0.15,270,0,0,59.36,0.54,0.19,59.36,52.23,7.03,,partly-cloudy-night,partly cloudy,0,1,0,0,0,0
,35.1181671,-85.249696,Highway 153,US-6500,Boyscout,5/7/2018 6:00,2018-05-07,6,1525687200,,,,Property Damage,"Sideswipe, Same Direction",No,No,No,No,45,2,No,No,Shoulder and Lap Belt Used,37405,Shoulder and Lap Belt Used,37347,No,No,Dark - Lighted,Clear,664,18,8,0,4,1,1525683600,0.77,0.15,270,0,0,59.36,0.54,0.19,59.36,52.23,7.03,,partly-cloudy-night,partly cloudy,0,1,0,0,0,0
,35.1185621,-85.249314,Hixson Pike,SR-4515,Hamill,6/1/2018 6:00,2018-06-01,6,1527847200,,,,Property Damage,Not Collision with Motor Vehicle in Transport,Yes,No,No,No,20,1,No,No,,37343,Unknown,Unknown,,,Dark - Not Lighted,Clear,664,18,8,0,4,1,1527843600,0.92,4.04,192,0,0,69.66,7.65,0.79,68.76,66.33,6.068,,partly-cloudy-night,mostly cloudy,0,1,0,0,0,0