Accident,Latitude,Longitude,Street,AltStreet,Intersection,DateTime,Date,Hour,Unix,WeekDay,WeekEnd,DayFrame,AccidentType,CollisionType,HaR,FatalInjury,MedicalTransport,InvolvedPlacardedTruck,PostedSpeed,TotalVehiclesInvolved,PedestrianInvolved,BicycleInvolved,DriverOneSafetyEquipment,DriverOneZip,DriverTwoSafetyEquipment,DriverTwoZip,Drug,Alcohol,LightCondition,Weather,Grid_Block,Grid_Col,Grid_Row,Highway,Land_Use_Mode,Road_Count,HourBefore,humidity,windSpeed,windBearing,uvIndex,precipIntensity,apparentTemperature,windGust,cloudCover,temperature,dewPoint,visibility,precipType,Event,Conditions,Rain,Cloudy,Foggy,Snow,Clear,RainBefore
,35.1185621,-85.249314,Hixson Pike,SR-4515,Hamill,6/1/2018 6:00,2018-06-01,6,1527847200,,,,Property Damage,Not Collision with Motor Vehicle in Transport,Yes,No,No,No,20,1,No,No,,37343,Unknown,Unknown,,,Dark - Not Lighted,Clear,664,18,8,0,4,1,1527843600,0.92,4.04,192,0,0,69.66,7.65,0.79,68.76,66.33,6.068,,partly-cloudy-night,mostly cloudy,0,1,0,0,0,0
,35.1185621,-85.249314,Hixson Pike,SR-4515,Hamill,6/1/2018 6:00,2018-06-01,6,1527847200,,,,Property Damage,Not Collision with Motor Vehicle in Transport,Yes,No,No,No,20,1,No,No,,37343,Unknown,Unknown,,,Dark - Not Lighted,Clear,664,18,8,0,4,1,1527843600,0.92,4.04,192,0,0,69.66,7.65,0.79,68.76,66.33,6.068,,partly-cloudy-night,mostly cloudy,0,1,0,0,0,0
,35.1185621,-85.249314,Hixson Pike,SR-4515,Hamill,6/1/2018 6:00,2018-06-01,6,1527847200,,,,Property Damage,Not Collision with Motor Vehicle in Transport,Yes,No,No,No,20,1,No,No,,37343,Unknown,Unknown,,,Dark - Not Lighted,Clear,664,18,8,0,4,1,1527843600,0.92,4.04,192,0,0,69.66,7.65,0.79,68.76,66.33,6.068,,partly-cloudy-night,mostly cloudy,0,1,0,0,0,0
,35.116545,-85.249373,Dupont Pkwy,,Exit Hixson Pike On Ramp Sb,8/1/2018 15:00,2018-08-01,15,1533150000,,,,Property Damage,Not Collision with Motor Vehicle in Transport,No,No,No,No,55,1,No,No,,37402,Shoulder and Lap Belt Used,30736,No,No,Daylight,Rain,664,18,8,0,4,1,1533146400,0.9,2.88,126,6,0.013,73.45,6.07,0.83,72.3,69.12,5.626,rain,rain,drizzle,1,0,0,0,0,1
,35.116545,-85.249373,Dupont Pkwy,,Exit Hixson Pike On Ramp Sb,8/1/2018 15:00,2018-08-01,15,1533150000,,,,Property Damage,Not Collision with Motor Vehicle in Transport,No,No,No,No,55,1,No,No,,37402,Shoulder and Lap Belt Used,30736,No,No,Daylight,Rain,664,18,8,0,4,1,1533146400,0.9,2.88,126,6,0.013,73.45,6.07,0.83,72.3,69.12,5.626,rain,rain,drizzle,1,0,0,0,0,1
,35.116545,-85.249373,Dupont Pkwy,,Exit Hixson Pike On Ramp Sb,8/1/2018 15:00,2018-08-01,15,1533150000,,,,Property Damage,Not Collision with Motor Vehicle in Transport,No,No,No,No,55,1,No,No,,37402,Shoulder and Lap Belt Used,30736,No,No,Daylight,Rain,664,18,8,0,4,1,1533146400,0.9,2.88,126,6,0.013,73.49,6.07,0.83,72.34,69.12,5.626,rain,rain,drizzle,1,0,0,0,0,1
,35.116545,-85.249373,Dupont Pkwy,,Exit Hixson Pike On Ramp Sb,8/1/2018 15:00,2018-08-01,15,1533150000,,,,Property Damage,Not Collision with Motor Vehicle in Transport,No,No,No,No,55,1,No,No,,37402,Shoulder and Lap Belt Used,30736,No,No,Daylight,Rain,664,18,8,0,4,1,1533146400,0.9,2.88,126,6,0.013,73.49,6.07,0.83,72.34,69.12,5.626,rain,rain,drizzle,1,0,0,0,0,1
,35.115201,-85.254503,4123 Hixson Pike,SR-1,Hixson Pk,8/9/2018 14:00,2018-08-09,14,1533837600,,,,Property Damage,Angle,No,No,No,No,,2,No,No,Shoulder and Lap Belt Used,37343,Shoulder and Lap Belt Used,37415,No,No,Daylight,Cloudy,664,18,8,0,4,1,1533834000,0.63,3.41,217,6,0,94.34,6.82,0.7,87.05,72.83,7.16,,partly-cloudy-day,humid and mostly cloudy,0,1,0,0,0,0
,35.115201,-85.254503,4123 Hixson Pike,SR-1,Hixson Pk,8/9/2018 14:00,2018-08-09,14,1533837600,,,,Property Damage,Angle,No,No,No,No,,2,No,No,Shoulder and Lap Belt Used,37343,Shoulder and Lap Belt Used,37415,No,No,Daylight,Cloudy,664,18,8,0,4,1,1533834000,0.63,3.41,217,6,0,94.34,6.82,0.7,87.05,72.83,7.16,,partly-cloudy-day,humid and mostly cloudy,0,1,0,0,0,0
,35.115201,-85.254503,4123 Hixson Pike,SR-1,Hixson Pk,8/9/2018 14:00,2018-08-09,14,1533837600,,,,Property Damage,Angle,No,No,No,No,,2,No,No,Shoulder and Lap Belt Used,37343,Shoulder and Lap Belt Used,37415,No,No,Daylight,Cloudy,664,18,8,0,4,1,1533834000,0.62,3.41,217,6,0,94.57,6.82,0.7,87.23,72.83,7.16,,partly-cloudy-day,humid and mostly cloudy,0,1,0,0,0,0
,35.115201,-85.254503,4123 Hixson Pike,SR-1,Hixson Pk,8/9/2018 14:00,2018-08-09,14,1533837600,,,,Property Damage,Angle,No,No,No,No,,2,No,No,Shoulder and Lap Belt Used,37343,Shoulder and Lap Belt Used,37415,No,No,Daylight,Cloudy,664,18,8,0,4,1,1533834000,0.62,3.41,217,6,0,94.57,6.82,0.7,87.23,72.83,7.16,,partly-cloudy-day,humid and mostly cloudy,0,1,0,0,0,0
,35.11824,-85.250814,Hixson Pike,,Hamill Rd,8/12/2018 14:00,2018-08-12,14,1534096800,,,,Property Damage,Angle,No,No,No,No,40,2,No,No,Shoulder and Lap Belt Used,37415,Shoulder and Lap Belt Used,37343,No,No,Daylight,Clear,664,18,8,0,4,1,1534093200,0.52,1.41,347,6,0,91.57,11.31,0.66,87.81,68.16,8.077,,partly-cloudy-day,mostly cloudy,0,1,0,0,0,0
,35.11824,-85.250814,Hixson Pike,,Hamill Rd,8/12/2018 14:00,2018-08-12,14,1534096800,,,,Property Damage,Angle,No,No,No,No,40,2,No,No,Shoulder and Lap Belt Used,37415,Shoulder and Lap Belt Used,37343,No,No,Daylight,Clear,664,18,8,0,4,1,1534093200,0.52,1.41,347,6,0,91.57,11.31,0.66,87.81,68.16,8.077,,partly-cloudy-day,mostly cloudy,0,1,0,0,0,0
,35.11824,-85.250814,Hixson Pike,,Hamill Rd,8/12/2018 14:00,2018-08-12,14,1534096800,,,,Property Damage,Angle,No,No,No,No,40,2,No,No,Shoulder and Lap Belt Used,37415,Shoulder and Lap Belt Used,37343,No,No,Daylight,Clear,664,18,8,0,4,1,1534093200,0.52,1.41,347,6,0,91.77,11.31,0.66,87.99,68.16,8.077,,partly-cloudy-day,mostly cloudy,0,1,0,0,0,0
,35.11824,-85.250814,Hixson Pike,,Hamill Rd,8/12/2018 14:00,2018-08-12,14,1534096800,,,,Property Damage,Angle,No,No,No,No,40,2,No,No,Shoulder and Lap Belt Used,37415,Shoulder and Lap Belt Used,37343,No,No,Daylight,Clear,664,18,8,0,4,1,1534093200,0.52,1.41,347,6,0,91.77,11.31,0.66,87.99,68.16,8.077,,partly-cloudy-day,mostly cloudy,0,1,0,0,0,0
,35.118126,-85.249421,Hamill Rd,,Hixson Pike,10/1/2018 11:00,2018-10-01,11,1538406000,,,,Property Damage,Rear to Rear,No,No,No,No,35,2,No,No,,37421,Shoulder and Lap Belt Used,37377,No,No,Daylight,Clear,664,18,8,0,4,1,1538402400,0.76,4.09,186,4,0,74.9,10.53,0.63,74.22,65.99,5.279,,partly-cloudy-day,mostly cloudy,0,1,0,0,0,0
,35.118126,-85.249421,Hamill Rd,,Hixson Pike,10/1/2018 11:00,2018-10-01,11,1538406000,,,,Property Damage,Rear to Rear,No,No,No,No,35,2,No,No,,37421,Shoulder and Lap Belt Used,37377,No,No,Daylight,Clear,664,18,8,0,4,1,1538402400,0.76,4.09,186,4,0,74.9,10.53,0.63,74.22,65.99,5.279,,partly-cloudy-day,mostly cloudy,0,1,0,0,0,0
,35.118126,-85.249421,Hamill Rd,,Hixson Pike,10/1/2018 11:00,2018-10-01,11,1538406000,,,,Property Damage,Rear to Rear,No,No,No,No,35,2,No,No,,37421,Shoulder and Lap Belt Used,37377,No,No,Daylight,Clear,664,18,8,0,4,1,1538402400,0.76,4.09,186,4,0,74.89,10.53,0.63,74.22,65.99,5.279,,partly-cloudy-day,mostly cloudy,0,1,0,0,0,0
,35.118126,-85.249421,Hamill Rd,,Hixson Pike,10/1/2018 11:00,2018-10-01,11,1538406000,,,,Property Damage,Rear to Rear,No,No,No,No,35,2,No,No,,37421,Shoulder and Lap Belt Used,37377,No,No,Daylight,Clear,664,18,8,0,4,1,1538402400,0.76,4.09,186,4,0,74.89,10.53,0.63,74.22,65.99,5.279,,partly-cloudy-day,mostly cloudy,0,1,0,0,0,0
,35.1146549,-85.256086,Hamill Rd,,Northpoint Blvd,11/18/2018 18:00,2018-11-18,18,1542582000,,,,Property Damage Under,Front to Rear,No,No,No,No,35,2,No,No,Shoulder and Lap Belt Used,37343,Shoulder and Lap Belt Used,37343,No,No,Dusk,Clear,664,18,8,0,4,1,1542578400,0.63,1.74,135,0,0,56.17,6.28,0.37,56.17,43.72,7.918,,partly-cloudy-night,partly cloudy,0,1,0,0,0,0
,35.1146549,-85.256086,Hamill Rd,,Northpoint Blvd,11/18/2018 18:00,2018-11-18,18,1542582000,,,,Property Damage Under,Front to Rear,No,No,No,No,35,2,No,No,Shoulder and Lap Belt Used,37343,Shoulder and Lap Belt Used,37343,No,No,Dusk,Clear,664,18,8,0,4,1,1542578400,0.63,1.74,135,0,0,56.17,6.28,0.37,56.17,43.72,7.918,,partly-cloudy-night,partly cloudy,0,1,0,0,0,0
,35.1146549,-85.256086,Hamill Rd,,Northpoint Blvd,11/18/2018 18:00,2018-11-18,18,1542582000,,,,Property Damage Under,Front to Rear,No,No,No,No,35,2,No,No,Shoulder and Lap Belt Used,37343,Shoulder and Lap Belt Used,37343,No,No,Dusk,Clear,664,18,8,0,4,1,1542578400,0.62,1.74,135,0,0,56.39,6.28,0.37,56.39,43.72,7.918,,partly-cloudy-night,partly cloudy,0,1,0,0,0,0
,35.1146549,-85.256086,Hamill Rd,,Northpoint Blvd,11/18/2018 18:00,2018-11-18,18,1542582000,,,,Property Damage Under,Front to Rear,No,No,No,No,35,2,No,No,Shoulder and Lap Belt Used,37343,Shoulder and Lap Belt Used,37343,No,No,Dusk,Clear,664,18,8,0,4,1,1542578400,0.62,1.74,135,0,0,56.39,6.28,0.37,56.39,43.72,7.918,,partly-cloudy-night,partly cloudy,0,1,0,0,0,0
,35.118126,-85.249421,8212 Shallowford Road,,Morris Hill Road,1/30/2019 13:00,2019-01-30,13,1548871200,,,,Property Damage Under,Not Collision with Motor Vehicle in Transport,No,No,No,No,15,1,No,No,,37416,Shoulder and Lap Belt Used,37421,No,No,Daylight,Rain,664,18,8,0,4,1,1548867600,0.42,10.27,304,3,0,27.49,18.94,0.75,35.14,14.36,7.619,,partly-cloudy-day,mostly cloudy,0,1,0,0,0,0
,35.116891,-85.251124,4305 Hixson Pike,SR-1,Hixson Pike,3/5/2019 14:00,2019-03-05,14,1551812400,,,,Property Damage Under,Not Collision with Motor Vehicle in Transport,No,No,No,No,30,1,No,No,,37343,Unknown,37421,No,No,Daylight,Clear,664,18,8,0,4,1,1551808800,0.28,6.96,303,4,0,31.88,17.41,0,37.27,7.11,7.64,,clear-day,clear,0,0,0,0,1,0
,35.028961,-85.288147,E Main St,,S Holtzclaw Ave,2/25/2018 15:00,2018-02-25,15,1519588800,,,,Property Damage Under,Front to Rear,No,No,No,No,30,2,No,No,Shoulder and Lap Belt Used,37407,Shoulder and Lap Belt Used,37343,No,No,Daylight,Cloudy,102,19,22,0,7,22,1519585200,0.84,2.15,174,3,0,57.43,6.47,0.75,57.43,52.49,6.211,,partly-cloudy-day,mostly cloudy,0,1,0,0,0,0
,35.031869,-85.286247,1000 S Holtzclaw Ave,,Bennett Ave,4/9/2018 13:00,2018-04-09,13,1523293200,,,,Property Damage Under,"Sideswipe, Opposite Direction",No,No,No,No,40,2,No,No,Shoulder and Lap Belt Used,37379,Shoulder and Lap Belt Used,37380,No,No,Daylight,Clear,102,19,22,0,7,22,1523289600,0.67,1.06,116,5,0,57.25,4.03,0.75,57.25,46.34,6.211,,partly-cloudy-day,mostly cloudy,0,1,0,0,0,0
,35.028961,-85.288147,S Holtzclaw Ave,,E Main St,7/2/2018 15:00,2018-07-02,15,1530558000,,,,Possible Injury,Front to Rear,No,No,No,No,40,2,No,No,Shoulder and Lap Belt Used,30728,Shoulder and Lap Belt Used,30728,No,No,Daylight,Clear,102,19,22,0,7,22,1530554400,0.58,4.01,124,6,0,93.38,8.55,0.75,87.66,70.83,3.587,,partly-cloudy-day,mostly cloudy,0,1,0,0,0,0
,35.030219,-85.288875,1200 E 14th St,US-1,S holtzclaw ave,1/4/2019 18:00,2019-01-04,18,1546642800,,,,Property Damage,Not Collision with Motor Vehicle in Transport,No,No,No,No,30,1,No,No,,37402,Shoulder and Lap Belt Used,37321,No,No,Dark - Unknown Lighting,Rain,102,19,22,0,7,22,1546639200,0.67,9.71,252,0,0,44.17,22.37,0.77,48.41,37.93,6.454,,partly-cloudy-night,mostly cloudy,0,1,0,0,0,0
,35.028245,-85.286796,1400 E Main St,US-1400,Holzclaw,4/3/2019 13:00,2019-04-03,13,1554310800,,,,Property Damage,Unknown,Yes,No,No,No,15,2,No,No,Unknown,Unknown,,37406,,,Daylight,Clear,102,19,22,0,7,22,1554307200,0.25,3.15,117,6,0,66.07,9.59,0.39,66.07,29.66,6.631,,partly-cloudy-day,partly cloudy,0,1,0,0,0,0
,35.028961,-85.288147,E Main St,SR-1800,S Holtzclaw Ave,4/10/2019 5:00,2019-04-10,5,1554886800,,,,Property Damage,"Sideswipe, Same Direction",Yes,No,No,No,35,2,No,No,Unknown,Unknown,Shoulder and Lap Belt Used,35986,No,No,Dark - Lighted,Clear,102,19,22,0,7,22,1554883200,0.76,3.67,337,0,0,58.37,7.79,0,58.37,50.69,6.486,,clear-night,clear,0,0,0,0,1,0
,35.028245,-85.286796,1400 E Main St,SR-1,1400 E Main St,6/13/2019 18:00,2019-06-13,18,1560463200,,,,Property Damage,Rear to Rear,No,No,No,No,15,2,No,No,Shoulder and Lap Belt Used,37408,Shoulder and Lap Belt Used,37416,No,No,Daylight,Clear,102,19,22,0,7,22,1560459600,0.34,10.25,304,2,0,78.06,16.8,0.44,78.06,47.51,7.094,,partly-cloudy-day,partly cloudy,0,1,0,0,0,0
,35.045801,-85.263662,800 Dodson Ave,,Milne Street,2/25/2018 22:00,2018-02-25,22,1519614000,,,,Property Damage,Angle,No,No,No,No,35,2,No,No,Shoulder and Lap Belt Used,37421,Shoulder and Lap Belt Used,37406,No,No,Dark - Lighted,Rain,196,21,19,0,7,12,1519610400,0.92,0.81,183,0,0.004,53.98,0.9,1,53.98,51.76,5.62,rain,rain,drizzle,1,0,0,0,0,1
,35.04263,-85.26507,Ramsey St,,Dodson Ave,2/27/2018 18:00,2018-02-27,18,1519772400,,,,Possible Injury,Front to Rear,No,No,Yes,No,25,2,No,No,Shoulder and Lap Belt Used,37406,Shoulder and Lap Belt Used,37404,No,No,Dark - Lighted,Clear,196,21,19,0,7,12,1519768800,0.43,2.8,161,0,0,62.12,6.99,0,62.12,39.57,6.53,,clear-day,clear,0,0,0,0,1,0
,35.043304,-85.269107,600 Roanoke Avenue,SR-600,Raulston Street,3/21/2018 8:00,2018-03-21,8,1521633600,,,,Property Damage,"Sideswipe, Same Direction",Yes,No,No,No,30,2,No,No,Unknown,Unknown,,37343,,,Daylight,Clear,196,21,19,0,7,12,1521630000,0.76,4.58,308,0,0,32.49,10.11,1,36.3,29.56,5.62,,cloudy,overcast,0,1,0,0,0,0
,35.0443704,-85.264598,2525 Desales Ave,,Glenwood drive,5/10/2018 0:00,2018-05-10,0,1525924800,,,,Property Damage Under,Unknown,Yes,No,No,No,,2,No,No,Unknown,Unknown,Shoulder and Lap Belt Used,21205,No,No,Unknown,Unknown,196,21,19,0,7,12,1525921200,0.67,0.45,232,0,0,69.53,1.47,0,69.53,58.17,5.338,,clear-night,clear,0,0,0,0,1,0
,35.043996,-85.26522,2285 Wilcox Blvd,,None,5/31/2018 0:00,2018-05-31,0,1527739200,,,,Property Damage,Unknown,Yes,No,No,No,,2,No,No,Shoulder and Lap Belt Used,37406,Unknown,Unknown,,,Unknown,Unknown,196,21,19,0,7,12,1527735600,0.86,3.43,222,0,0,73.36,7.45,0.69,72.36,68.07,5.651,,partly-cloudy-night,mostly cloudy,0,1,0,0,0,0
,35.04289,-85.261407,Citico Ave,,N Chamberlain Ave,6/12/2018 23:00,2018-06-12,23,1528858800,,,,Property Damage,Angle,No,No,No,No,35,2,No,No,,37411,Shoulder and Lap Belt Used,37323,No,No,Dark - Unknown Lighting,Clear,196,21,19,0,7,12,1528855200,0.77,4.82,156,0,0,76.75,10.76,0.41,75.85,68.08,5.619,,partly-cloudy-night,partly cloudy,0,1,0,0,0,0
,35.0403303,-85.262798,DeSales Avenue,,Derby Ave,6/15/2018 0:00,2018-06-15,0,1529035200,,,,Property Damage,"Sideswipe, Same Direction",Yes,No,No,No,15,2,No,No,,37339,,37421,,,Unknown,Clear,196,21,19,0,7,12,1529031600,0.83,1.05,290,0,,77.56,,,76.33,70.76,,rain,clear-night,clear,0,0,0,0,1,0
,35.041442,-85.268941,2020 Blackford St,US-2000,N Beech Street,9/17/2018 9:00,2018-09-17,9,1537189200,,,,Property Damage,Unknown,Yes,No,No,No,25,2,No,No,,37406,Unknown,Unknown,,,Daylight,Clear,196,21,19,0,7,12,1537185600,0.88,3.37,263,1,0,73.61,7.8,0.78,72.52,68.74,3.006,,partly-cloudy-day,mostly cloudy,0,1,0,0,0,0
,35.044989,-85.266977,2089 Citico Ave,,N willow St,11/4/2018 1:00,2018-11-04,1,1541307600,,,,Property Damage,Not Collision with Motor Vehicle in Transport,No,No,No,No,30,1,No,No,Shoulder and Lap Belt Used,37406,,,No,No,Dark - Lighted,Clear,196,21,19,0,7,12,1541304000,0.86,1.63,42,0,0,44.91,2.32,0,44.91,40.94,6.044,,clear-night,clear,0,0,0,0,1,0
,35.044989,-85.266977,2089 Citico Ave,,N willow St,11/4/2018 1:00,2018-11-04,1,1541307600,,,,Property Damage,Not Collision with Motor Vehicle in Transport,No,No,No,No,30,1,No,No,Shoulder and Lap Belt Used,37406,,,No,No,Dark - Lighted,Clear,196,21,19,0,7,12,1541304000,0.86,1.63,42,0,0,44.91,2.32,0,44.91,40.94,6.044,,clear-night,clear,0,0,0,0,1,0
,35.044989,-85.266977,2089 Citico Ave,,N willow St,11/4/2018 1:00,2018-11-04,1,1541307600,,,,Property Damage,Not Collision with Motor Vehicle in Transport,No,No,No,No,30,1,No,No,Shoulder and Lap Belt Used,37406,,,No,No,Dark - Lighted,Clear,196,21,19,0,7,12,1541304000,0.87,1.51,39,0,0,44.34,4.13,0,44.34,40.58,6.318,,clear-night,clear,0,0,0,0,1,0
,35.044989,-85.266977,2089 Citico Ave,,N willow St,11/4/2018 1:00,2018-11-04,1,1541307600,,,,Property Damage,Not Collision with Motor Vehicle in Transport,No,No,No,No,30,1,No,No,Shoulder and Lap Belt Used,37406,,,No,No,Dark - Lighted,Clear,196,21,19,0,7,12,1541304000,0.87,1.51,39,0,0,44.34,4.13,0,44.34,40.58,6.318,,clear-night,clear,0,0,0,0,1,0
,35.045853,-85.263633,900 Dodson Ave,,Rawlings Street,12/6/2018 11:00,2018-12-06,11,1544112000,,,,Property Damage,"Sideswipe, Same Direction",Yes,No,No,No,30,2,No,No,Shoulder and Lap Belt Used,37416,Unknown,37406,No,No,Daylight,Cloudy,196,21,19,0,7,12,1544108400,0.65,2.15,346,2,0,33.69,6.08,0.66,33.69,23.31,2.714,,partly-cloudy-day,mostly cloudy,0,1,0,0,0,0
,35.042087,-85.269937,500 Roanoke Ave,SR-0,Cleveland Ave.,1/21/2019 15:00,2019-01-21,15,1548100800,,,,Property Damage,Angle,No,No,No,No,20,2,No,No,Shoulder and Lap Belt Used,30741,Shoulder and Lap Belt Used,37415,No,No,Daylight,Clear,196,21,19,0,7,12,1548097200,0.31,6.11,25,2,0,24.06,12.19,0.17,30.25,3.03,4.132,,partly-cloudy-day,partly cloudy,0,1,0,0,0,0
,35.043564,-85.268946,2000 Sharp St,,Roanoke Ave,2/18/2019 0:00,2019-02-18,0,1550466000,,,,Property Damage,Not Collision with Motor Vehicle in Transport,Yes,No,No,No,30,1,No,No,,37404,Shoulder and Lap Belt Used,37421,No,No,Unknown,Clear,196,21,19,0,7,12,1550462400,0.95,3.14,312,0,0.094,50.05,9.25,1,50.05,48.77,3.286,rain,rain,light rain,1,0,0,0,0,1
,35.043287,-85.262464,2400 Citico Ave,,Wheeler Ave,3/25/2019 0:00,2019-03-25,0,1553486400,,,,Property Damage,Unknown,Yes,No,No,No,30,2,No,No,Unknown,Unknown,,37404,,,Unknown,Clear,196,21,19,0,7,12,1553482800,0.46,3.41,207,0,0,59.93,5.16,0.75,59.93,38.98,6.549,,partly-cloudy-night,mostly cloudy,0,1,0,0,0,0
,35.041762,-85.26335,615 Derby St,,Derby St,5/1/2019 15:00,2019-05-01,15,1556737200,,,,Property Damage,Unknown,Yes,No,No,No,,2,No,No,,37411,Unknown,Unknown,,,Daylight,Unknown,196,21,19,0,7,12,1556733600,0.4,9.34,209,8,0,83.35,18.23,0.19,83.35,56.79,6.356,,partly-cloudy-day,partly cloudy,0,1,0,0,0,0
,35.082166,-85.238663,2500 Harrison Pike,,Ridgecrest Cir,2/26/2018 3:00,2018-02-26,3,1519632000,,,,Property Damage,Not Collision with Motor Vehicle in Transport,No,No,No,No,25,1,No,No,,37416,,37404,No,No,Dark - Not Lighted,Rain,496,22,12,0,7,11,1519628400,0.93,1,196,0,0.031,54.15,2.49,1,54.15,52.12,7.339,rain,rain,light rain,1,0,0,0,0,1
,35.081882,-85.236536,3907 Meadow Lane,SR-3900,Harrison Pike,7/8/2018 1:00,2018-07-08,1,1531026000,,,,Property Damage,Not Collision with Motor Vehicle in Transport,No,No,No,No,25,1,No,No,Shoulder and Lap Belt Used,37406,,,No,Yes,Dark - Not Lighted,Clear,496,22,12,0,7,11,1531022400,0.81,3.21,163,0,0,75.55,3.34,0.79,74.56,68.51,6.467,,partly-cloudy-night,mostly cloudy,0,1,0,0,0,0
,35.080717,-85.235871,Harrison Pike,,Meadow Ln,7/20/2018 23:00,2018-07-20,23,1532142000,,,,Possible Injury,Angle,Yes,No,No,No,35,2,No,No,Unknown,Unknown,Shoulder and Lap Belt Used,37410,No,No,Dark - Not Lighted,Clear,496,22,12,0,7,11,1532138400,0.72,3.71,185,0,0,83.14,11.01,0.44,79.95,70.19,2.016,,partly-cloudy-night,partly cloudy,0,1,0,0,0,0
,35.08104,-85.236081,2601 Harrison Pike,,Addison,11/29/2018 7:00,2018-11-29,7,1543492800,,,,Property Damage,Not Collision with Motor Vehicle in Transport,No,No,No,No,30,1,No,No,Shoulder and Lap Belt Used,37416,,,No,No,Dark - Not Lighted,Clear,496,22,12,0,7,11,1543489200,0.76,1.2,103,0,0,29.32,3.49,0.66,29.32,22.64,6.568,,partly-cloudy-night,mostly cloudy,0,1,0,0,0,0
,35.08082,-85.236174,Harrison Pike,,Meadow Ln,12/10/2018 0:00,2018-12-10,0,1544418000,,,,Property Damage,Unknown,No,No,No,No,35,1,No,No,,37404,,,,,Unknown,Rain,496,22,12,0,7,11,1544414400,0.9,6.21,18,0,0,34.27,12.75,1,38.87,36.08,3.106,,cloudy,overcast,0,1,0,0,0,0
,35.080359,-85.234495,2614 Harrison Pike,,Addison Rd,5/4/2019 5:00,2019-05-04,5,1556960400,,,,Possible Injury,Not Collision with Motor Vehicle in Transport,No,No,No,No,30,1,No,No,Unknown,37341,,,,Yes,Dark - Lighted,Clear,496,22,12,0,7,11,1556956800,0.9,1.75,14,0,0,65.09,3.29,0,64.7,61.64,3.594,,clear-night,clear,0,0,0,0,1,0
,35.083043,-85.232726,Lake Resort Dr,,N Access Rd,5/31/2019 16:00,2019-05-31,16,1559332800,,,,Property Damage,Unknown,Yes,No,No,No,15,2,No,No,None Used MV Occupant,37406,Unknown,Unknown,No,No,Daylight,Clear,496,22,12,0,7,11,1559329200,0.35,8.77,287,5,0,84.12,16.2,0.44,84.12,53.9,2.397,,partly-cloudy-day,partly cloudy,0,1,0,0,0,0
,35.09661,-85.174164,5012 Highway 58,,Eller Rd,2/26/2018 17:00,2018-02-26,17,1519682400,,,,Property Damage,Angle,No,No,No,No,50,2,No,No,Shoulder and Lap Belt Used,37416,Shoulder and Lap Belt Used,37421,No,No,Daylight,Clear,712,28,7,0,7,8,1519678800,0.72,3.26,39,1,0,55.29,7.64,0.75,55.29,46.58,8.093,,partly-cloudy-day,mostly cloudy,0,1,0,0,0,0
,35.094017,-85.180163,4921 Highway 58,US-58,Jersey pike,3/19/2018 17:00,2018-03-19,17,1521493200,,,,Property Damage,Front to Rear,No,No,No,No,40,3,No,No,Shoulder and Lap Belt Used,37341,Shoulder and Lap Belt Used,37416,No,No,Daylight,Rain,712,28,7,0,7,8,1521489600,0.93,1.17,133,2,0.013,58.81,3.17,1,58.81,56.87,3.684,rain,rain,drizzle,1,0,0,0,0,1
,35.09333,-85.177982,4974 Highway 58,US-58,Hwy 58,3/31/2018 0:00,2018-03-31,0,1522468800,,,,Property Damage,Not Collision with Motor Vehicle in Transport,Yes,No,No,No,15,1,No,No,,37416,Unknown,Unknown,,,Unknown,Unknown,712,28,7,0,7,8,1522465200,0.76,0.38,339,0,0,46.27,1.48,0,46.27,39.05,8.395,,clear-night,clear,0,0,0,0,1,0
,35.097909,-85.173453,5125 Highway 58,,Lantana Ln,4/18/2018 8:00,2018-04-18,8,1524052800,,,,Possible Injury,Front to Rear,No,No,No,No,55,3,No,No,,37341,Shoulder and Lap Belt Used,37308,No,No,Daylight,Clear,712,28,7,0,7,8,1524049200,0.68,1.34,197,0,0,56.81,4.5,0,56.81,46.34,6.583,,clear-day,clear,0,0,0,0,1,0
,35.097287,-85.179474,Eller Rd,,Hwy 58,7/11/2018 0:00,2018-07-11,0,1531281600,,,,Property Damage,Unknown,Yes,No,No,No,25,2,No,No,Unknown,Unknown,,37363,,,Unknown,Unknown,712,28,7,0,7,8,1531278000,0.83,1.15,314,0,0,77.36,5.39,0,76.13,70.71,5.791,,clear-night,clear,0,0,0,0,1,0
,35.096649,-85.17325,5100 58 Hwy,,Champion Rd,10/9/2018 0:00,2018-10-09,0,1539057600,,,,Property Damage,"Sideswipe, Same Direction",No,No,No,No,45,2,No,No,Shoulder and Lap Belt Used,37416,Shoulder and Lap Belt Used,37412,No,No,Unknown,Clear,712,28,7,0,7,8,1539054000,0.77,2.34,104,0,0.002,75.13,5.78,0.93,74.38,66.61,6.397,rain,cloudy,overcast,0,1,0,0,0,0