Accident,Latitude,Longitude,Street,AltStreet,Intersection,DateTime,Date,Hour,Unix,WeekDay,WeekEnd,DayFrame,AccidentType,CollisionType,HaR,FatalInjury,MedicalTransport,InvolvedPlacardedTruck,PostedSpeed,TotalVehiclesInvolved,PedestrianInvolved,BicycleInvolved,DriverOneSafetyEquipment,DriverOneZip,DriverTwoSafetyEquipment,DriverTwoZip,Drug,Alcohol,LightCondition,Weather,Grid_Block,Grid_Col,Grid_Row,Highway,Land_Use_Mode,Road_Count,HourBefore,humidity,windSpeed,windBearing,uvIndex,precipIntensity,apparentTemperature,windGust,cloudCover,temperature,dewPoint,visibility,precipType,Event,Conditions,Rain,Cloudy,Foggy,Snow,Clear,RainBefore
,35.016971,-85.206001,5972 Brainerd Rd,,Brainerd Rd,3/2/2019 11:00,2019-03-02,11,1551542400,,,,Property Damage Under,Front to Rear,No,No,No,No,,2,No,No,Shoulder and Lap Belt Used,37421,Shoulder and Lap Belt Used,37406,No,No,Daylight,Clear,171,29,20,0,7,7,1551538800,0.7,4.75,36,3,0,47.77,10.49,1,49.49,40.02,4.094,,cloudy,overcast,0,1,0,0,0,0
,35.0177544,-85.205631,280 Interstate 75 Southbound,I-75,Interstate 24,5/30/2019 13:00,2019-05-30,13,1559235600,,,,Property Damage,Front to Rear,No,No,No,No,55,2,No,No,Shoulder and Lap Belt Used,30120,Shoulder and Lap Belt Used,37341,No,No,Daylight,Clear,171,29,20,0,7,7,1559232000,0.41,8.71,212,11,0,87.01,17.9,0,87.01,60.35,5.502,,clear-day,clear,0,0,0,0,1,0
,35.0138178,-85.211269,4700 Highway 58,SR-58,Highway 58,6/7/2019 14:00,2019-06-07,14,1559930400,,,,Property Damage,Angle,Yes,No,No,No,45,2,No,No,Unknown,Unknown,,37416,No,No,Daylight,Clear,171,29,20,0,7,7,1559926800,0.7,7.65,230,6,0,87.35,14.94,0.75,82.53,71.58,7.036,,partly-cloudy-day,mostly cloudy,0,1,0,0,0,0
,35.01587,-85.207906,5900 Brainerd Rd,,East Brainerd Rd,6/13/2019 8:00,2019-06-13,8,1560427200,,,,Property Damage,Rear to Side,No,No,No,No,45,2,No,No,Shoulder and Lap Belt Used,30725,Shoulder and Lap Belt Used,37310,No,No,Daylight,Clear,171,29,20,0,7,7,1560423600,0.82,4.89,266,0,0,65.14,9.57,0.48,65.08,59.44,6.693,,partly-cloudy-day,partly cloudy,0,1,0,0,0,0
,35.095195,-85.24767,1 Dupont Pkwy Nb @ Amnicola Eb - On Ramp,,AMNICOLA,3/1/2018 17:00,2018-03-01,17,1519941600,,,,Possible Injury,Not Collision with Motor Vehicle in Transport,No,No,Yes,No,40,1,No,No,Shoulder and Lap Belt Used,37343,,,No,No,Daylight,Rain,539,20,11,0,7,4,1519938000,0.9,4.11,244,1,0.005,58.33,9.1,0.75,58.33,55.3,2.414,rain,rain,drizzle,1,0,0,0,0,1
,35.092987,-85.244966,S Creek Rd,SR-4139,S Creek Rd,7/25/2018 7:00,2018-07-25,7,1532516400,,,,Property Damage,Head On,No,No,No,No,15,2,No,No,,37412,,37406,No,No,Daylight,Clear,539,20,11,0,7,4,1532512800,0.86,3.27,319,0,0,71.68,7.77,0.44,70.84,66.55,3.286,,partly-cloudy-day,partly cloudy,0,1,0,0,0,0
,35.093896,-85.250575,4100 Amnicola Hwy,,South Creek Rd,8/15/2018 10:00,2018-08-15,10,1534341600,,,,Property Damage Under,Angle,Yes,No,No,No,50,2,No,No,Shoulder and Lap Belt Used,37402,Unknown,Unknown,No,No,Daylight,Unknown,539,20,11,0,7,4,1534338000,0.73,2.69,97,3,0,76.68,5.65,0.63,75.95,66.7,4.461,,partly-cloudy-day,mostly cloudy,0,1,0,0,0,0
,35.093896,-85.250575,4100 Amnicola Hwy,,S Creek Rd,11/2/2018 19:00,2018-11-02,19,1541199600,,,,Property Damage,Unknown,Yes,No,No,No,40,2,No,No,Shoulder and Lap Belt Used,30152,Unknown,37406,No,No,Dark - Lighted,Clear,539,20,11,0,7,4,1541196000,0.7,3.26,270,0,0,47.59,9.2,0.79,48.37,39.14,5.837,,partly-cloudy-night,mostly cloudy,0,1,0,0,0,0
,35.001294,-85.210866,120 Interstate,I-75,Ringgold Rd,3/1/2018 20:00,2018-03-01,20,1519952400,,,,Property Damage,Front to Rear,Yes,No,No,No,55,2,No,No,Unknown,Unknown,Shoulder and Lap Belt Used,37311,No,No,Dark - Lighted,Clear,113,30,22,0,9,1,1519948800,0.8,3.76,320,0,0,56.11,8.44,0.71,56.11,50.16,6.103,,partly-cloudy-night,mostly cloudy,0,1,0,0,0,0
,35.0041371,-85.211794,200 Hwy75 S,I-75,,3/12/2018 7:00,2018-03-12,7,1520852400,,,,Property Damage,Front to Rear,No,No,No,No,55,2,No,No,Shoulder and Lap Belt Used,38126,Shoulder and Lap Belt Used,37312,No,No,Dark - Lighted,Clear,113,30,22,0,9,1,1520848800,0.8,5.73,320,0,0,33.88,11.23,1,38.26,32.58,5.862,,cloudy,overcast,0,1,0,0,0,0
,35.003622,-85.211966,120 I 75 rd,I-75,I 24,3/15/2018 3:00,2018-03-15,3,1521097200,,,,Possible Injury,Angle,Yes,No,Yes,No,55,2,No,No,Shoulder and Lap Belt Used,53218,Unknown,Unknown,No,No,Dark - Lighted,Clear,113,30,22,0,9,1,1521093600,0.58,0.14,270,0,0,34.23,1.89,0,34.23,21.17,5.862,,clear-night,clear,0,0,0,0,1,0
,35.001294,-85.210866,I-75 Interstate,I-75,I-24 Interstate,5/29/2018 19:00,2018-05-29,19,1527634800,,,,Property Damage,Not Collision with Motor Vehicle in Transport,No,No,No,No,55,1,No,No,,37243,Shoulder and Lap Belt Used,37379,No,No,Dusk,Rain,113,30,22,0,9,1,1527631200,0.88,4.49,141,1,0.083,77.62,12.72,0.75,76.17,72.35,6.105,rain,rain,light rain and humid,1,0,0,0,0,1
,35.001866,-85.211955,125 Interstate 75 Southbound,I-75,Interstate 24,6/13/2018 13:00,2018-06-13,13,1528909200,,,,Property Damage Under,Front to Rear,No,No,No,No,55,2,No,No,Shoulder and Lap Belt Used,37412,Shoulder and Lap Belt Used,37075,No,No,Daylight,Rain,113,30,22,0,9,1,1528905600,0.78,6.72,187,6,0.012,77.98,10.2,0.75,76.93,69.45,6.105,rain,rain,possible drizzle,1,0,0,0,0,1
,35.002679,-85.21117,130 Interstate 75 Nb RD,I-75,I-24,6/27/2018 20:00,2018-06-27,20,1530144000,,,,Property Damage,Not Collision with Motor Vehicle in Transport,No,No,No,No,55,1,No,No,Shoulder and Lap Belt Used,30736,,,No,No,Daylight,Rain,113,30,22,0,9,1,1530140400,0.81,3.18,136,0,0.1,78.24,7.21,1,77.03,70.75,1.768,rain,rain,rain,1,0,0,0,0,1
,35.001294,-85.210866,150 Interstate 75 Nb RD,I-75,I-24,8/8/2018 18:00,2018-08-08,18,1533765600,,,,Possible Injury,Not Collision with Motor Vehicle in Transport,No,No,No,No,55,1,No,No,Shoulder and Lap Belt Used,30291,,,No,No,Daylight,Rain,113,30,22,0,9,1,1533762000,0.86,2.83,353,2,0,75.49,7.92,0.75,74.32,69.85,3.068,,partly-cloudy-day,mostly cloudy,0,1,0,0,0,0
,35.001154,-85.211604,120 Interstate 75 Southbound,I-75,Interstate 75 Southbound,8/16/2018 0:00,2018-08-16,0,1534392000,,,,Possible Injury,Not Collision with Motor Vehicle in Transport,No,No,Yes,No,55,1,No,No,None Used MV Occupant,37323,,,,Yes,Unknown,Clear,113,30,22,0,9,1,1534388400,0.89,1.46,230,0,0,76.17,4,0,74.82,71.31,2.03,,clear-night,clear,0,0,0,0,1,0
,35.001294,-85.210866,120 Interstate 75 Nb St,I-75,I 24,9/6/2018 10:00,2018-09-06,10,1536242400,,,,Property Damage,Not Collision with Motor Vehicle in Transport,No,No,No,No,55,1,No,No,Shoulder and Lap Belt Used,31217,,,No,No,Daylight,Clear,113,30,22,0,9,1,1536238800,0.82,2.28,57,2,0,81.61,4.87,0.75,78.66,72.53,7.472,,partly-cloudy-day,humid and mostly cloudy,0,1,0,0,0,0
,35.001294,-85.210866,120 Hwy 75 NB,,Hwy 75 SB,9/24/2018 20:00,2018-09-24,20,1537833600,,,,Property Damage,Not Collision with Motor Vehicle in Transport,No,No,No,No,45,1,No,No,Shoulder and Lap Belt Used,37421,,,No,No,Dark - Lighted,Rain,113,30,22,0,9,1,1537830000,0.95,3.1,50,0,0.036,73.31,3.1,1,71.96,70.37,1.362,rain,rain,light rain,1,0,0,0,0,1
,35.0043118,-85.212552,"Exit 185B, Interstate 24 Eastbound",I-24,Interstate 75 NB,10/26/2018 0:00,2018-10-26,0,1540526400,,,,Property Damage,Angle,Yes,No,No,No,55,2,No,No,Shoulder and Lap Belt Used,37066,Unknown,Unknown,No,No,Daylight,Rain,113,30,22,0,9,1,1540522800,0.95,2.53,114,0,0.167,47.96,5.1,1,47.96,46.62,2.205,rain,rain,rain,1,0,0,0,0,1
,35.004212,-85.210479,140 Interstate 75 Northbound,I-75,Interstate 24 WB,11/9/2018 10:00,2018-11-09,10,1541775600,,,,Property Damage,Not Collision with Motor Vehicle in Transport,No,No,No,No,55,1,No,No,Shoulder and Lap Belt Used,30736,,,No,No,Daylight,Rain,113,30,22,0,9,1,1541772000,0.96,2.86,242,2,0.117,57.08,3.94,0.75,57.08,55.9,2.471,rain,rain,rain,1,0,0,0,0,1
,35.004212,-85.210479,140 Interstate 75 Northbound,I-75,Interstate 24 WB,11/9/2018 10:00,2018-11-09,10,1541775600,,,,Property Damage,Angle,No,No,No,No,55,2,No,No,Shoulder and Lap Belt Used,30721,Shoulder and Lap Belt Used,30721,No,No,Daylight,Rain,113,30,22,0,9,1,1541772000,0.96,2.86,242,2,0.117,57.08,3.94,0.75,57.08,55.9,2.471,rain,rain,rain,1,0,0,0,0,1
,35.002679,-85.21117,130 Hwy 75 Nb,,130 Hwy 75 NB,11/14/2018 22:00,2018-11-14,22,1542250800,,,,Property Damage,Not Collision with Motor Vehicle in Transport,No,No,No,No,45,1,No,No,Shoulder and Lap Belt Used,30032,,,No,No,Dark - Lighted,Rain,113,30,22,0,9,1,1542247200,0.95,4.22,85,0,0.072,39.63,5.03,1,42.17,40.85,2.351,rain,rain,light rain,1,0,0,0,0,1
,35.001294,-85.210866,120 I-75 Northbound,I-75,120 Interstate 75 Nb,11/17/2018 0:00,2018-11-17,0,1542430800,,,,Possible Injury,Not Collision with Motor Vehicle in Transport,No,No,Yes,No,55,1,No,No,Shoulder and Lap Belt Used,30013,,,,,Unknown,Clear,113,30,22,0,9,1,1542427200,0.91,0.46,221,0,0,36.86,2.04,0,36.86,34.42,1.903,,fog,foggy,0,0,1,0,0,0
,35.004602,-85.211372,120 Interstate 75 Southbound,,Interstate 24 Eastbound,11/25/2018 23:00,2018-11-25,23,1543204800,,,,Fatal,Front to Rear,No,Yes,Yes,No,55,2,No,No,,30736,Unknown,30032,No,Yes,Dark - Not Lighted,Rain,113,30,22,0,9,1,1543201200,0.91,10.26,162,0,0.001,44.53,20.75,1,48.86,46.49,7.049,rain,cloudy,overcast,0,1,0,0,0,0
,35.004877,-85.211081,140 I 75 South Interstate,I-75,Interstate 24 West,1/2/2019 18:00,2019-01-02,18,1546470000,,,,Property Damage,Angle,No,No,No,No,55,2,No,No,Shoulder and Lap Belt Used,37421,Shoulder and Lap Belt Used,37421,No,No,Dark - Lighted,Rain,113,30,22,0,9,1,1546466400,0.95,2.13,138,0,0.028,48.6,4.57,1,48.6,47.32,3.2,rain,rain,light rain,1,0,0,0,0,1
,35.003375,-85.212044,120-159 Interstate 75 Sb St,I-75,I-24,1/31/2019 2:00,2019-01-31,2,1548918000,,,,Property Damage,Not Collision with Motor Vehicle in Transport,No,No,No,No,55,1,No,No,Shoulder and Lap Belt Used,30736,,,No,No,Dark - Lighted,Clear,113,30,22,0,9,1,1548914400,0.57,2.42,40,0,0,24.67,4.68,1,24.67,11.54,4.96,,cloudy,overcast,0,1,0,0,0,0
,35.001294,-85.210866,120 Hwy 75 Nb,,Hwy 24 WB,4/2/2019 21:00,2019-04-02,21,1554253200,,,,Possible Injury,"Sideswipe, Same Direction",No,No,No,No,45,2,No,No,Shoulder and Lap Belt Used,37415,Shoulder and Lap Belt Used,27609,No,No,Dark - Lighted,Clear,113,30,22,0,9,1,1554249600,0.4,3.03,306,0,0,54.57,7.22,0,54.57,30.61,6.323,,clear-night,clear,0,0,0,0,1,0
,35.001294,-85.210866,120 Interstate,I-75,E Brainerd Rd,4/4/2019 9:00,2019-04-04,9,1554382800,,,,Property Damage Under,Angle,No,No,No,No,55,2,No,No,Shoulder and Lap Belt Used,37416,Shoulder and Lap Belt Used,30078,No,No,Daylight,Clear,113,30,22,0,9,1,1554379200,0.69,0.95,133,1,0,49.64,3.65,0,49.64,39.84,5.296,,clear-day,clear,0,0,0,0,1,0
,35.001823,-85.211162,Exit 2 Off Ramp Northbound,I-24,Interstate 75 Northbound,4/7/2019 7:00,2019-04-07,7,1554634800,,,,Possible Injury,Front to Rear,No,No,Yes,No,50,2,No,No,Shoulder and Lap Belt Used,37343,Shoulder and Lap Belt Used,37402,No,No,Dawn,Rain,113,30,22,0,9,1,1554631200,0.99,4.33,173,0,0.016,62.41,11.39,0.75,61.87,61.56,3.561,rain,rain,drizzle,1,0,0,0,0,1
,35.002989,-85.212107,130 Hwy 75 Sb,,Ringgold Rd,5/25/2019 12:00,2019-05-25,12,1558800000,,,,Property Damage,Front to Rear,Yes,No,No,No,65,2,No,No,Unknown,37336,Shoulder and Lap Belt Used,37397,No,No,Daylight,Clear,113,30,22,0,9,1,1558796400,0.49,4.56,278,7,0,90.74,11.66,0.44,88.07,66.43,7.025,,partly-cloudy-day,partly cloudy,0,1,0,0,0,0
,35.07169,-85.310188,102 Peak St,,Spears Ave,3/2/2018 12:00,2018-03-02,12,1520010000,,,,Property Damage,Rear to Side,No,No,No,No,15,2,No,No,Shoulder and Lap Belt Used,37405,,37377,No,No,Daylight,Clear,263,14,17,0,7,26,1520006400,0.39,5.84,15,6,0,50.32,13.73,0,50.32,26.12,6.692,,clear-day,clear,0,0,0,0,1,0
,35.075482,-85.308662,21 Lawn St,,Hamilton Ave,4/18/2018 0:00,2018-04-18,0,1524024000,,,,Property Damage,Unknown,Yes,No,No,No,25,2,No,No,,37405,Unknown,Unknown,,,Unknown,Clear,263,14,17,0,7,26,1524020400,0.48,2.21,222,0,0,64.54,6.43,0,64.54,44.29,7.517,,clear-night,clear,0,0,0,0,1,0
,35.073495,-85.305196,1000 Dallas Rd,,Sylvan St,5/16/2018 15:00,2018-05-16,15,1526497200,,,,Possible Injury,Not Collision with Motor Vehicle in Transport,No,No,No,No,35,1,No,Yes,None Used MV Occupant,37415,Shoulder and Lap Belt Used,37343,No,No,Daylight,Cloudy,263,14,17,0,7,26,1526493600,0.64,0.66,195,6,0,83.68,3.2,0.75,81.01,67.7,6.692,,partly-cloudy-day,mostly cloudy,0,1,0,0,0,0
,35.072645,-85.311702,812 Merriam St,,Mixon St,7/17/2018 0:00,2018-07-17,0,1531800000,,,,Property Damage Under,Not Collision with Motor Vehicle in Transport,No,No,No,No,25,1,No,No,,37421,Shoulder and Lap Belt Used,37404,No,No,Unknown,Clear,263,14,17,0,7,26,1531796400,0.88,2.84,249,0,0,77.19,4.8,0.24,75.75,72.11,7.365,,partly-cloudy-night,humid and partly cloudy,0,1,0,0,0,0
,35.072948,-85.305436,902 Dallas Rd,,Sylvan Street,11/2/2018 22:00,2018-11-02,22,1541210400,,,,Property Damage,Angle,Yes,No,No,No,,2,No,No,Unknown,Unknown,Shoulder and Lap Belt Used,37363,No,No,Dark - Lighted,Clear,263,14,17,0,7,26,1541206800,0.86,0.84,316,0,0,43.27,2.31,0.41,43.27,39.46,7.103,,partly-cloudy-night,partly cloudy,0,1,0,0,0,0
,35.07413,-85.308036,910 N Market St,,Sawyer Street,12/2/2018 12:00,2018-12-02,12,1543770000,,,,Property Damage,Angle,No,No,No,No,30,2,No,No,Shoulder and Lap Belt Used,37408,Shoulder and Lap Belt Used,30291,No,No,Daylight,Clear,263,14,17,0,7,26,1543766400,0.43,7.94,203,3,0,67.93,15.28,0.17,67.93,44.65,7.115,,partly-cloudy-day,partly cloudy,0,1,0,0,0,0
,35.072725,-85.305843,Dallas Rd,,Sylvan St,1/9/2019 0:00,2019-01-09,0,1547010000,,,,Property Damage,"Sideswipe, Same Direction",Yes,No,No,No,35,2,No,No,Shoulder and Lap Belt Used,37405,Unknown,Unknown,No,No,Unknown,Clear,263,14,17,0,7,26,1547006400,0.45,12.97,327,0,0,43.58,24.06,0.17,48.76,28.6,6.815,,partly-cloudy-night,partly cloudy,0,1,0,0,0,0
,35.070949,-85.312299,707 Merriam St,,Chambliss St,6/4/2019 13:00,2019-06-04,13,1559667600,,,,Property Damage,Angle,Yes,No,No,No,25,2,No,No,,37311,,37323,,,Daylight,Clear,263,14,17,0,7,26,1559664000,0.46,5.75,169,9,0,79.64,9.94,0.17,79.64,56.8,6.937,,partly-cloudy-day,partly cloudy,0,1,0,0,0,0
,35.009996,-85.311494,1000 38th street,,Hughes Avenue,3/2/2018 23:00,2018-03-02,23,1520049600,,,,Property Damage,Angle,Yes,No,No,No,30,2,No,No,,37410,Unknown,Unknown,,,Dark - Lighted,Clear,11,18,26,0,7,10,1520046000,0.48,2.29,5,0,0,44.63,6.11,0,44.63,26.15,2.847,,clear-night,clear,0,0,0,0,1,0
,35.012814,-85.310796,3412 Hughes Ave,SR-3400,400 West 35th Street,8/15/2018 15:00,2018-08-15,15,1534359600,,,,Property Damage,Angle,Yes,No,No,No,25,2,No,No,Unknown,Unknown,,37404,,,Daylight,Clear,11,18,26,0,7,10,1534356000,0.49,4.11,145,6,0,93.4,6.83,0.75,89.55,67.95,3.378,,partly-cloudy-day,mostly cloudy,0,1,0,0,0,0
,35.0122114,-85.311337,Hixson Pike,,Longview Dr,1/4/2019 18:00,2019-01-04,18,1546642800,,,,Property Damage,Angle,No,No,No,No,30,2,No,No,Shoulder and Lap Belt Used,37343,Shoulder and Lap Belt Used,37343,No,No,Dark - Lighted,Clear,11,18,26,0,7,10,1546639200,0.67,9.69,252,0,0,44.17,21.23,0.75,48.41,37.87,3.605,,partly-cloudy-night,mostly cloudy,0,1,0,0,0,0
,35.0122114,-85.311337,Hixson Pike,,Longview Dr,1/4/2019 18:00,2019-01-04,18,1546642800,,,,Property Damage,Angle,No,No,No,No,30,2,No,No,Shoulder and Lap Belt Used,37343,Shoulder and Lap Belt Used,37343,No,No,Dark - Lighted,Clear,11,18,26,0,7,10,1546639200,0.67,9.69,252,0,0,44.17,21.23,0.75,48.41,37.87,3.605,,partly-cloudy-night,mostly cloudy,0,1,0,0,0,0
,35.0122114,-85.311337,Hixson Pike,,Longview Dr,1/4/2019 18:00,2019-01-04,18,1546642800,,,,Property Damage,Angle,No,No,No,No,30,2,No,No,Shoulder and Lap Belt Used,37343,Shoulder and Lap Belt Used,37343,No,No,Dark - Lighted,Clear,11,18,26,0,7,10,1546639200,0.67,9.69,252,0,0,44.17,21.23,0.75,48.41,37.87,3.605,,partly-cloudy-night,mostly cloudy,0,1,0,0,0,0
,35.0122114,-85.311337,Hixson Pike,,Longview Dr,1/4/2019 18:00,2019-01-04,18,1546642800,,,,Property Damage,Angle,No,No,No,No,30,2,No,No,Shoulder and Lap Belt Used,37343,Shoulder and Lap Belt Used,37343,No,No,Dark - Lighted,Clear,11,18,26,0,7,10,1546639200,0.67,9.69,252,0,0,44.17,21.23,0.75,48.41,37.87,3.605,,partly-cloudy-night,mostly cloudy,0,1,0,0,0,0
,35.006116,-85.309206,3709 Dorris St,,W 38th St,1/13/2019 0:00,2019-01-13,0,1547355600,,,,Property Damage,Unknown,Yes,No,No,No,25,2,No,No,,37410,Unknown,Unknown,,,Unknown,Rain,11,18,26,0,7,10,1547352000,0.95,5.48,174,0,0.004,34.68,10.96,1,38.79,37.49,1.979,rain,rain,possible drizzle,1,0,0,0,0,1
,35.006116,-85.309206,3709 Dorris St,,W 38th St,1/13/2019 0:00,2019-01-13,0,1547355600,,,,Property Damage,Unknown,Yes,No,No,No,25,2,No,No,,37410,Unknown,Unknown,,,Unknown,Rain,11,18,26,0,7,10,1547352000,0.95,5.48,174,0,0.004,34.68,10.96,1,38.79,37.49,1.979,rain,rain,possible drizzle,1,0,0,0,0,1
,35.006116,-85.309206,3709 Dorris St,,W 38th St,1/13/2019 0:00,2019-01-13,0,1547355600,,,,Property Damage,Unknown,Yes,No,No,No,25,2,No,No,,37410,Unknown,Unknown,,,Unknown,Rain,11,18,26,0,7,10,1547352000,0.95,5.48,174,0,0.004,34.68,10.96,1,38.79,37.49,1.979,rain,rain,possible drizzle,1,0,0,0,0,1
,35.006116,-85.309206,3709 Dorris St,,W 38th St,1/13/2019 0:00,2019-01-13,0,1547355600,,,,Property Damage,Unknown,Yes,No,No,No,25,2,No,No,,37410,Unknown,Unknown,,,Unknown,Rain,11,18,26,0,7,10,1547352000,0.95,5.48,174,0,0.004,34.68,10.96,1,38.79,37.49,1.979,rain,rain,possible drizzle,1,0,0,0,0,1
,35.0124586,-85.31158,Chestnut St,,W Aquariumway,5/10/2019 17:00,2019-05-10,17,1557522000,,,,Property Damage,Angle,No,No,No,No,25,2,No,No,Shoulder and Lap Belt Used,37404,Shoulder and Lap Belt Used,37343,No,No,Daylight,Clear,11,18,26,0,7,10,1557518400,0.52,3.07,209,4,0,83.3,6.85,0.67,82.16,62.96,2.757,,partly-cloudy-day,mostly cloudy,0,1,0,0,0,0
,35.0124586,-85.31158,Chestnut St,,W Aquariumway,5/10/2019 17:00,2019-05-10,17,1557522000,,,,Property Damage,Angle,No,No,No,No,25,2,No,No,Shoulder and Lap Belt Used,37404,Shoulder and Lap Belt Used,37343,No,No,Daylight,Clear,11,18,26,0,7,10,1557518400,0.52,3.07,209,4,0,83.3,6.85,0.67,82.16,62.96,2.757,,partly-cloudy-day,mostly cloudy,0,1,0,0,0,0
,35.0124586,-85.31158,Chestnut St,,W Aquariumway,5/10/2019 17:00,2019-05-10,17,1557522000,,,,Property Damage,Angle,No,No,No,No,25,2,No,No,Shoulder and Lap Belt Used,37404,Shoulder and Lap Belt Used,37343,No,No,Daylight,Clear,11,18,26,0,7,10,1557518400,0.52,3.07,209,4,0,83.3,6.85,0.67,82.16,62.96,2.757,,partly-cloudy-day,mostly cloudy,0,1,0,0,0,0
,35.0124586,-85.31158,Chestnut St,,W Aquariumway,5/10/2019 17:00,2019-05-10,17,1557522000,,,,Property Damage,Angle,No,No,No,No,25,2,No,No,Shoulder and Lap Belt Used,37404,Shoulder and Lap Belt Used,37343,No,No,Daylight,Clear,11,18,26,0,7,10,1557518400,0.52,3.07,209,4,0,83.3,6.85,0.67,82.16,62.96,2.757,,partly-cloudy-day,mostly cloudy,0,1,0,0,0,0
,35.0125055,-85.31152,Interstate rd,,Dodds Ave,5/10/2019 20:00,2019-05-10,20,1557532800,,,,Property Damage,"Sideswipe, Same Direction",Yes,No,No,No,65,2,No,No,Unknown,Unknown,Shoulder and Lap Belt Used,49107,No,No,Daylight,Clear,11,18,26,0,7,10,1557529200,0.64,2.5,203,0,0,77.73,3.91,0.61,77.29,64.16,3.182,,partly-cloudy-day,mostly cloudy,0,1,0,0,0,0
,35.0125055,-85.31152,Interstate rd,,Dodds Ave,5/10/2019 20:00,2019-05-10,20,1557532800,,,,Property Damage,"Sideswipe, Same Direction",Yes,No,No,No,65,2,No,No,Unknown,Unknown,Shoulder and Lap Belt Used,49107,No,No,Daylight,Clear,11,18,26,0,7,10,1557529200,0.64,2.5,203,0,0,77.73,3.91,0.61,77.29,64.16,3.182,,partly-cloudy-day,mostly cloudy,0,1,0,0,0,0
,35.0125055,-85.31152,Interstate rd,,Dodds Ave,5/10/2019 20:00,2019-05-10,20,1557532800,,,,Property Damage,"Sideswipe, Same Direction",Yes,No,No,No,65,2,No,No,Unknown,Unknown,Shoulder and Lap Belt Used,49107,No,No,Daylight,Clear,11,18,26,0,7,10,1557529200,0.64,2.5,203,0,0,77.73,3.91,0.61,77.29,64.16,3.182,,partly-cloudy-day,mostly cloudy,0,1,0,0,0,0
,35.0125055,-85.31152,Interstate rd,,Dodds Ave,5/10/2019 20:00,2019-05-10,20,1557532800,,,,Property Damage,"Sideswipe, Same Direction",Yes,No,No,No,65,2,No,No,Unknown,Unknown,Shoulder and Lap Belt Used,49107,No,No,Daylight,Clear,11,18,26,0,7,10,1557529200,0.64,2.5,203,0,0,77.73,3.91,0.61,77.29,64.16,3.182,,partly-cloudy-day,mostly cloudy,0,1,0,0,0,0
,35.0119591,-85.311482,E 4th St,,Houston St,5/16/2019 17:00,2019-05-16,17,1558040400,,,,Property Damage,Angle,No,No,No,No,15,2,No,No,Shoulder and Lap Belt Used,37405,Shoulder and Lap Belt Used,37421,No,No,Daylight,Clear,11,18,26,0,7,10,1558036800,0.42,4.19,303,3,0,85.71,9.02,0.75,85.71,60.01,5.31,,partly-cloudy-day,mostly cloudy,0,1,0,0,0,0
,35.0119591,-85.311482,E 4th St,,Houston St,5/16/2019 17:00,2019-05-16,17,1558040400,,,,Property Damage,Angle,No,No,No,No,15,2,No,No,Shoulder and Lap Belt Used,37405,Shoulder and Lap Belt Used,37421,No,No,Daylight,Clear,11,18,26,0,7,10,1558036800,0.42,4.19,303,3,0,85.71,9.02,0.75,85.71,60.01,5.31,,partly-cloudy-day,mostly cloudy,0,1,0,0,0,0
,35.0119591,-85.311482,E 4th St,,Houston St,5/16/2019 17:00,2019-05-16,17,1558040400,,,,Property Damage,Angle,No,No,No,No,15,2,No,No,Shoulder and Lap Belt Used,37405,Shoulder and Lap Belt Used,37421,No,No,Daylight,Clear,11,18,26,0,7,10,1558036800,0.42,4.19,303,3,0,85.71,9.02,0.75,85.71,60.01,5.31,,partly-cloudy-day,mostly cloudy,0,1,0,0,0,0
,35.0119591,-85.311482,E 4th St,,Houston St,5/16/2019 17:00,2019-05-16,17,1558040400,,,,Property Damage,Angle,No,No,No,No,15,2,No,No,Shoulder and Lap Belt Used,37405,Shoulder and Lap Belt Used,37421,No,No,Daylight,Clear,11,18,26,0,7,10,1558036800,0.42,4.19,303,3,0,85.71,9.02,0.75,85.71,60.01,5.31,,partly-cloudy-day,mostly cloudy,0,1,0,0,0,0
,35.0121449,-85.311589,W 4th St,,Chestnut St,5/17/2019 15:00,2019-05-17,15,1558119600,,,,Property Damage,Front to Rear,Yes,No,No,No,30,2,No,No,Shoulder and Lap Belt Used,30161,Unknown,Unknown,No,No,Daylight,Clear,11,18,26,0,7,10,1558116000,0.4,5.77,270,6,0,88.15,11.56,0.75,88.15,60.52,4.822,,partly-cloudy-day,mostly cloudy,0,1,0,0,0,0
,35.0121449,-85.311589,W 4th St,,Chestnut St,5/17/2019 15:00,2019-05-17,15,1558119600,,,,Property Damage,Front to Rear,Yes,No,No,No,30,2,No,No,Shoulder and Lap Belt Used,30161,Unknown,Unknown,No,No,Daylight,Clear,11,18,26,0,7,10,1558116000,0.4,5.77,270,6,0,88.15,11.56,0.75,88.15,60.52,4.822,,partly-cloudy-day,mostly cloudy,0,1,0,0,0,0
,35.0121449,-85.311589,W 4th St,,Chestnut St,5/17/2019 15:00,2019-05-17,15,1558119600,,,,Property Damage,Front to Rear,Yes,No,No,No,30,2,No,No,Shoulder and Lap Belt Used,30161,Unknown,Unknown,No,No,Daylight,Clear,11,18,26,0,7,10,1558116000,0.4,5.77,270,6,0,88.15,11.56,0.75,88.15,60.52,4.822,,partly-cloudy-day,mostly cloudy,0,1,0,0,0,0