Accident,Latitude,Longitude,Street,AltStreet,Intersection,DateTime,Date,Hour,Unix,WeekDay,WeekEnd,DayFrame,AccidentType,CollisionType,HaR,FatalInjury,MedicalTransport,InvolvedPlacardedTruck,PostedSpeed,TotalVehiclesInvolved,PedestrianInvolved,BicycleInvolved,DriverOneSafetyEquipment,DriverOneZip,DriverTwoSafetyEquipment,DriverTwoZip,Drug,Alcohol,LightCondition,Weather,Grid_Block,Grid_Col,Grid_Row,Highway,Land_Use_Mode,Road_Count,HourBefore,humidity,windSpeed,windBearing,uvIndex,precipIntensity,apparentTemperature,windGust,cloudCover,temperature,dewPoint,visibility,precipType,Event,Conditions,Rain,Cloudy,Foggy,Snow,Clear,RainBefore
,35.0121449,-85.311589,W 4th St,,Chestnut St,5/17/2019 15:00,2019-05-17,15,1558119600,,,,Property Damage,Front to Rear,Yes,No,No,No,30,2,No,No,Shoulder and Lap Belt Used,30161,Unknown,Unknown,No,No,Daylight,Clear,11,18,26,0,7,10,1558116000,0.4,5.77,270,6,0,88.15,11.56,0.75,88.15,60.52,4.822,,partly-cloudy-day,mostly cloudy,0,1,0,0,0,0
,35.015913,-85.274058,3514 Rossville Blvd,,E 35th Street,3/3/2018 0:00,2018-03-03,0,1520053200,,,,Property Damage,"Sideswipe, Opposite Direction",Yes,No,No,No,15,2,No,No,None Used MV Occupant,37406,Unknown,Unknown,No,,Unknown,Clear,79,22,23,0,7,14,1520049600,0.53,2.3,1,0,0,42.56,6.58,0,42.56,26.84,5.705,,clear-night,clear,0,0,0,0,1,0
,35.015913,-85.274058,3514 Rossville Blvd,,E 35th Street,3/3/2018 0:00,2018-03-03,0,1520053200,,,,Property Damage,"Sideswipe, Opposite Direction",Yes,No,No,No,15,2,No,No,None Used MV Occupant,37406,Unknown,Unknown,No,,Unknown,Clear,79,22,23,0,7,14,1520049600,0.53,2.3,1,0,0,42.56,6.58,0,42.56,26.84,5.705,,clear-night,clear,0,0,0,0,1,0
,35.015913,-85.274058,3514 Rossville Blvd,,E 35th Street,3/3/2018 0:00,2018-03-03,0,1520053200,,,,Property Damage,"Sideswipe, Opposite Direction",Yes,No,No,No,15,2,No,No,None Used MV Occupant,37406,Unknown,Unknown,No,,Unknown,Clear,79,22,23,0,7,14,1520049600,0.53,2.3,1,0,0,42.56,6.58,0,42.56,26.84,5.705,,clear-night,clear,0,0,0,0,1,0
,35.015913,-85.274058,3514 Rossville Blvd,,E 35th Street,3/3/2018 0:00,2018-03-03,0,1520053200,,,,Property Damage,"Sideswipe, Opposite Direction",Yes,No,No,No,15,2,No,No,None Used MV Occupant,37406,Unknown,Unknown,No,,Unknown,Clear,79,22,23,0,7,14,1520049600,0.53,2.3,1,0,0,42.56,6.58,0,42.56,26.84,5.705,,clear-night,clear,0,0,0,0,1,0
,35.016958,-85.26894,18180 Interstate,I-24,18000 Interstate,5/11/2018 15:00,2018-05-11,15,1526065200,,,,Property Damage Under,Angle,No,No,No,No,55,2,No,No,Shoulder and Lap Belt Used,37302,Shoulder and Lap Belt Used,30736,No,No,Daylight,Clear,79,22,23,0,7,14,1526061600,0.45,1.96,247,7,0,88.06,6,0.44,87.17,63.05,6.274,,partly-cloudy-day,partly cloudy,0,1,0,0,0,0
,35.016958,-85.26894,18180 Interstate,I-24,18000 Interstate,5/11/2018 15:00,2018-05-11,15,1526065200,,,,Property Damage Under,Angle,No,No,No,No,55,2,No,No,Shoulder and Lap Belt Used,37302,Shoulder and Lap Belt Used,30736,No,No,Daylight,Clear,79,22,23,0,7,14,1526061600,0.45,1.96,247,7,0,88.06,6,0.44,87.17,63.05,6.274,,partly-cloudy-day,partly cloudy,0,1,0,0,0,0
,35.016958,-85.26894,18180 Interstate,I-24,18000 Interstate,5/11/2018 15:00,2018-05-11,15,1526065200,,,,Property Damage Under,Angle,No,No,No,No,55,2,No,No,Shoulder and Lap Belt Used,37302,Shoulder and Lap Belt Used,30736,No,No,Daylight,Clear,79,22,23,0,7,14,1526061600,0.45,1.96,247,7,0,88.06,6,0.44,87.17,63.05,6.274,,partly-cloudy-day,partly cloudy,0,1,0,0,0,0
,35.016958,-85.26894,18180 Interstate,I-24,18000 Interstate,5/11/2018 15:00,2018-05-11,15,1526065200,,,,Property Damage Under,Angle,No,No,No,No,55,2,No,No,Shoulder and Lap Belt Used,37302,Shoulder and Lap Belt Used,30736,No,No,Daylight,Clear,79,22,23,0,7,14,1526061600,0.45,1.96,247,7,0,88.06,6,0.44,87.17,63.05,6.274,,partly-cloudy-day,partly cloudy,0,1,0,0,0,0
,35.014835,-85.27154,18160 Interstate,I-24,18000 Interstate,5/18/2018 15:00,2018-05-18,15,1526670000,,,,Property Damage Under,Angle,Yes,No,No,No,55,2,No,No,Unknown,Unknown,Shoulder and Lap Belt Used,35979,No,No,Daylight,Clear,79,22,23,0,7,14,1526666400,0.7,2.92,171,7,0.001,81.69,7.45,0.59,79.19,68.46,6.274,rain,partly-cloudy-day,mostly cloudy,0,1,0,0,0,0
,35.014835,-85.27154,18160 Interstate,I-24,18000 Interstate,5/18/2018 15:00,2018-05-18,15,1526670000,,,,Property Damage Under,Angle,Yes,No,No,No,55,2,No,No,Unknown,Unknown,Shoulder and Lap Belt Used,35979,No,No,Daylight,Clear,79,22,23,0,7,14,1526666400,0.7,2.92,171,7,0.001,81.69,7.45,0.59,79.19,68.46,6.274,rain,partly-cloudy-day,mostly cloudy,0,1,0,0,0,0
,35.014835,-85.27154,18160 Interstate,I-24,18000 Interstate,5/18/2018 15:00,2018-05-18,15,1526670000,,,,Property Damage Under,Angle,Yes,No,No,No,55,2,No,No,Unknown,Unknown,Shoulder and Lap Belt Used,35979,No,No,Daylight,Clear,79,22,23,0,7,14,1526666400,0.7,2.92,171,7,0.001,81.69,7.45,0.59,79.19,68.46,6.274,rain,partly-cloudy-day,mostly cloudy,0,1,0,0,0,0
,35.014835,-85.27154,18160 Interstate,I-24,18000 Interstate,5/18/2018 15:00,2018-05-18,15,1526670000,,,,Property Damage Under,Angle,Yes,No,No,No,55,2,No,No,Unknown,Unknown,Shoulder and Lap Belt Used,35979,No,No,Daylight,Clear,79,22,23,0,7,14,1526666400,0.7,2.92,171,7,0.001,81.69,7.45,0.59,79.19,68.46,6.274,rain,partly-cloudy-day,mostly cloudy,0,1,0,0,0,0
,35.014987,-85.275609,18130 Interstate,I-24,1812 Interstae,5/31/2018 16:00,2018-05-31,16,1527796800,,,,Property Damage,Front to Rear,No,No,No,No,55,3,No,No,Shoulder and Lap Belt Used,39047,Shoulder and Lap Belt Used,37336,No,No,Daylight,Clear,79,22,23,0,7,14,1527793200,0.78,4.15,170,4,0.016,78.95,12.98,1,77.79,70.47,6.276,rain,cloudy,overcast,0,1,0,0,0,0
,35.014987,-85.275609,18130 Interstate,I-24,1812 Interstae,5/31/2018 16:00,2018-05-31,16,1527796800,,,,Property Damage,Front to Rear,No,No,No,No,55,3,No,No,Shoulder and Lap Belt Used,39047,Shoulder and Lap Belt Used,37336,No,No,Daylight,Clear,79,22,23,0,7,14,1527793200,0.78,4.15,170,4,0.016,78.95,12.98,1,77.79,70.47,6.276,rain,cloudy,overcast,0,1,0,0,0,0
,35.014987,-85.275609,18130 Interstate,I-24,1812 Interstae,5/31/2018 16:00,2018-05-31,16,1527796800,,,,Property Damage,Front to Rear,No,No,No,No,55,3,No,No,Shoulder and Lap Belt Used,39047,Shoulder and Lap Belt Used,37336,No,No,Daylight,Clear,79,22,23,0,7,14,1527793200,0.78,4.15,170,4,0.016,78.95,12.98,1,77.79,70.47,6.276,rain,cloudy,overcast,0,1,0,0,0,0
,35.014987,-85.275609,18130 Interstate,I-24,1812 Interstae,5/31/2018 16:00,2018-05-31,16,1527796800,,,,Property Damage,Front to Rear,No,No,No,No,55,3,No,No,Shoulder and Lap Belt Used,39047,Shoulder and Lap Belt Used,37336,No,No,Daylight,Clear,79,22,23,0,7,14,1527793200,0.78,4.15,170,4,0.016,78.95,12.98,1,77.79,70.47,6.276,rain,cloudy,overcast,0,1,0,0,0,0
,35.014566,-85.27282,1810 inerstate,I-24,4th Ave,6/1/2018 1:00,2018-06-01,1,1527829200,,,,Possible Injury,Not Collision with Motor Vehicle in Transport,No,No,Yes,No,50,1,No,No,Shoulder and Lap Belt Used,30021,,,No,No,Dark - Not Lighted,Rain,79,22,23,0,7,14,1527825600,0.94,6.05,140,0,0.098,69.34,13.92,1,68.4,66.5,6.276,rain,rain,light rain,1,0,0,0,0,1
,35.014566,-85.27282,1810 inerstate,I-24,4th Ave,6/1/2018 1:00,2018-06-01,1,1527829200,,,,Possible Injury,Not Collision with Motor Vehicle in Transport,No,No,Yes,No,50,1,No,No,Shoulder and Lap Belt Used,30021,,,No,No,Dark - Not Lighted,Rain,79,22,23,0,7,14,1527825600,0.94,6.05,140,0,0.098,69.34,13.92,1,68.4,66.5,6.276,rain,rain,light rain,1,0,0,0,0,1
,35.014566,-85.27282,1810 inerstate,I-24,4th Ave,6/1/2018 1:00,2018-06-01,1,1527829200,,,,Possible Injury,Not Collision with Motor Vehicle in Transport,No,No,Yes,No,50,1,No,No,Shoulder and Lap Belt Used,30021,,,No,No,Dark - Not Lighted,Rain,79,22,23,0,7,14,1527825600,0.94,6.05,140,0,0.098,69.34,13.92,1,68.4,66.5,6.276,rain,rain,light rain,1,0,0,0,0,1
,35.014566,-85.27282,1810 inerstate,I-24,4th Ave,6/1/2018 1:00,2018-06-01,1,1527829200,,,,Possible Injury,Not Collision with Motor Vehicle in Transport,No,No,Yes,No,50,1,No,No,Shoulder and Lap Belt Used,30021,,,No,No,Dark - Not Lighted,Rain,79,22,23,0,7,14,1527825600,0.94,6.05,140,0,0.098,69.34,13.92,1,68.4,66.5,6.276,rain,rain,light rain,1,0,0,0,0,1
,35.016776,-85.272902,Dodds Ave,,E 21st St,6/12/2018 16:00,2018-06-12,16,1528833600,,,,Property Damage,Angle,No,No,No,No,35,2,No,No,Shoulder and Lap Belt Used,37341,Shoulder and Lap Belt Used,37347,No,No,Daylight,Clear,79,22,23,0,7,14,1528830000,0.59,6.68,171,6,0,87.27,12.5,0.44,84.08,67.97,5.707,,partly-cloudy-day,partly cloudy,0,1,0,0,0,0
,35.016776,-85.272902,Dodds Ave,,E 21st St,6/12/2018 16:00,2018-06-12,16,1528833600,,,,Property Damage,Angle,No,No,No,No,35,2,No,No,Shoulder and Lap Belt Used,37341,Shoulder and Lap Belt Used,37347,No,No,Daylight,Clear,79,22,23,0,7,14,1528830000,0.59,6.68,171,6,0,87.27,12.5,0.44,84.08,67.97,5.707,,partly-cloudy-day,partly cloudy,0,1,0,0,0,0
,35.016776,-85.272902,Dodds Ave,,E 21st St,6/12/2018 16:00,2018-06-12,16,1528833600,,,,Property Damage,Angle,No,No,No,No,35,2,No,No,Shoulder and Lap Belt Used,37341,Shoulder and Lap Belt Used,37347,No,No,Daylight,Clear,79,22,23,0,7,14,1528830000,0.59,6.68,171,6,0,87.27,12.5,0.44,84.08,67.97,5.707,,partly-cloudy-day,partly cloudy,0,1,0,0,0,0
,35.016776,-85.272902,Dodds Ave,,E 21st St,6/12/2018 16:00,2018-06-12,16,1528833600,,,,Property Damage,Angle,No,No,No,No,35,2,No,No,Shoulder and Lap Belt Used,37341,Shoulder and Lap Belt Used,37347,No,No,Daylight,Clear,79,22,23,0,7,14,1528830000,0.59,6.68,171,6,0,87.27,12.5,0.44,84.08,67.97,5.707,,partly-cloudy-day,partly cloudy,0,1,0,0,0,0
,35.018381,-85.270879,Reece St,,E 18th St,6/17/2018 0:00,2018-06-17,0,1529208000,,,,Property Damage,"Sideswipe, Same Direction",Yes,No,No,No,15,2,No,No,Unknown,Unknown,Unknown,Unknown,,,Unknown,Clear,79,22,23,0,7,14,1529204400,0.71,3.42,216,0,0,76.52,5.76,0.19,75.87,65.97,5.917,,partly-cloudy-night,partly cloudy,0,1,0,0,0,0
,35.018381,-85.270879,Reece St,,E 18th St,6/17/2018 0:00,2018-06-17,0,1529208000,,,,Property Damage,"Sideswipe, Same Direction",Yes,No,No,No,15,2,No,No,Unknown,Unknown,Unknown,Unknown,,,Unknown,Clear,79,22,23,0,7,14,1529204400,0.71,3.42,216,0,0,76.52,5.76,0.19,75.87,65.97,5.917,,partly-cloudy-night,partly cloudy,0,1,0,0,0,0
,35.018381,-85.270879,Reece St,,E 18th St,6/17/2018 0:00,2018-06-17,0,1529208000,,,,Property Damage,"Sideswipe, Same Direction",Yes,No,No,No,15,2,No,No,Unknown,Unknown,Unknown,Unknown,,,Unknown,Clear,79,22,23,0,7,14,1529204400,0.71,3.42,216,0,0,76.52,5.76,0.19,75.87,65.97,5.917,,partly-cloudy-night,partly cloudy,0,1,0,0,0,0
,35.018381,-85.270879,Reece St,,E 18th St,6/17/2018 0:00,2018-06-17,0,1529208000,,,,Property Damage,"Sideswipe, Same Direction",Yes,No,No,No,15,2,No,No,Unknown,Unknown,Unknown,Unknown,,,Unknown,Clear,79,22,23,0,7,14,1529204400,0.71,3.42,216,0,0,76.52,5.76,0.19,75.87,65.97,5.917,,partly-cloudy-night,partly cloudy,0,1,0,0,0,0
,35.014983,-85.275052,24 WB st,I-24,Westside Dr,6/29/2018 0:00,2018-06-29,0,1530244800,,,,Property Damage,Angle,No,No,No,No,55,2,No,No,Shoulder and Lap Belt Used,37421,Shoulder and Lap Belt Used,39211,No,No,Unknown,Clear,79,22,23,0,7,14,1530241200,1,1.64,285,0,0,67.62,3.13,0.44,66.57,66.57,5.273,,partly-cloudy-night,partly cloudy,0,1,0,0,0,0
,35.014983,-85.275052,24 WB st,I-24,Westside Dr,6/29/2018 0:00,2018-06-29,0,1530244800,,,,Property Damage,Angle,No,No,No,No,55,2,No,No,Shoulder and Lap Belt Used,37421,Shoulder and Lap Belt Used,39211,No,No,Unknown,Clear,79,22,23,0,7,14,1530241200,1,1.64,285,0,0,67.62,3.13,0.44,66.57,66.57,5.273,,partly-cloudy-night,partly cloudy,0,1,0,0,0,0
,35.014983,-85.275052,24 WB st,I-24,Westside Dr,6/29/2018 0:00,2018-06-29,0,1530244800,,,,Property Damage,Angle,No,No,No,No,55,2,No,No,Shoulder and Lap Belt Used,37421,Shoulder and Lap Belt Used,39211,No,No,Unknown,Clear,79,22,23,0,7,14,1530241200,0.98,1.64,285,0,0,68.09,3.13,0.44,67.06,66.6,5.273,,partly-cloudy-night,partly cloudy,0,1,0,0,0,0
,35.014983,-85.275052,24 WB st,I-24,Westside Dr,6/29/2018 0:00,2018-06-29,0,1530244800,,,,Property Damage,Angle,No,No,No,No,55,2,No,No,Shoulder and Lap Belt Used,37421,Shoulder and Lap Belt Used,39211,No,No,Unknown,Clear,79,22,23,0,7,14,1530241200,0.98,1.64,285,0,0,68.09,3.13,0.44,67.06,66.6,5.273,,partly-cloudy-night,partly cloudy,0,1,0,0,0,0
,35.014566,-85.27282,18150 Interstate,I-24,18010 Interstate,6/29/2018 19:00,2018-06-29,19,1530313200,,,,Property Damage Under,Front to Rear,Yes,No,No,No,55,2,No,No,Shoulder and Lap Belt Used,37330,Unknown,,No,No,Daylight,Clear,79,22,23,0,7,14,1530309600,0.56,3.12,63,1,0,93.51,6.81,0.44,88,70.5,3.662,,partly-cloudy-day,partly cloudy,0,1,0,0,0,0
,35.014566,-85.27282,18150 Interstate,I-24,18010 Interstate,6/29/2018 19:00,2018-06-29,19,1530313200,,,,Property Damage Under,Front to Rear,Yes,No,No,No,55,2,No,No,Shoulder and Lap Belt Used,37330,Unknown,,No,No,Daylight,Clear,79,22,23,0,7,14,1530309600,0.56,3.12,63,1,0,93.51,6.81,0.44,88,70.5,3.662,,partly-cloudy-day,partly cloudy,0,1,0,0,0,0
,35.014566,-85.27282,18150 Interstate,I-24,18010 Interstate,6/29/2018 19:00,2018-06-29,19,1530313200,,,,Property Damage Under,Front to Rear,Yes,No,No,No,55,2,No,No,Shoulder and Lap Belt Used,37330,Unknown,,No,No,Daylight,Clear,79,22,23,0,7,14,1530309600,0.56,3.12,63,1,0,93.82,6.81,0.44,88.25,70.5,3.662,,partly-cloudy-day,partly cloudy,0,1,0,0,0,0
,35.014566,-85.27282,18150 Interstate,I-24,18010 Interstate,6/29/2018 19:00,2018-06-29,19,1530313200,,,,Property Damage Under,Front to Rear,Yes,No,No,No,55,2,No,No,Shoulder and Lap Belt Used,37330,Unknown,,No,No,Daylight,Clear,79,22,23,0,7,14,1530309600,0.56,3.12,63,1,0,93.82,6.81,0.44,88.25,70.5,3.662,,partly-cloudy-day,partly cloudy,0,1,0,0,0,0
,35.014566,-85.27282,18150  Interstate,I-24,18100 Interstate,7/13/2018 15:00,2018-07-13,15,1531508400,,,,Property Damage Under,Front to Rear,Yes,No,No,No,55,3,No,No,Shoulder and Lap Belt Used,30725,Shoulder and Lap Belt Used,37412,No,No,Daylight,Clear,79,22,23,0,7,14,1531504800,0.5,3.85,292,7,0,96.59,10.08,0.44,91.06,69.79,8.159,,partly-cloudy-day,partly cloudy,0,1,0,0,0,0
,35.014566,-85.27282,18150  Interstate,I-24,18100 Interstate,7/13/2018 15:00,2018-07-13,15,1531508400,,,,Property Damage Under,Front to Rear,Yes,No,No,No,55,3,No,No,Shoulder and Lap Belt Used,30725,Shoulder and Lap Belt Used,37412,No,No,Daylight,Clear,79,22,23,0,7,14,1531504800,0.5,3.85,292,7,0,96.59,10.08,0.44,91.06,69.79,8.159,,partly-cloudy-day,partly cloudy,0,1,0,0,0,0
,35.014566,-85.27282,18150  Interstate,I-24,18100 Interstate,7/13/2018 15:00,2018-07-13,15,1531508400,,,,Property Damage Under,Front to Rear,Yes,No,No,No,55,3,No,No,Shoulder and Lap Belt Used,30725,Shoulder and Lap Belt Used,37412,No,No,Daylight,Clear,79,22,23,0,7,14,1531504800,0.5,3.85,292,7,0,96.6,10.08,0.44,91.07,69.79,8.159,,partly-cloudy-day,partly cloudy,0,1,0,0,0,0
,35.014566,-85.27282,18150  Interstate,I-24,18100 Interstate,7/13/2018 15:00,2018-07-13,15,1531508400,,,,Property Damage Under,Front to Rear,Yes,No,No,No,55,3,No,No,Shoulder and Lap Belt Used,30725,Shoulder and Lap Belt Used,37412,No,No,Daylight,Clear,79,22,23,0,7,14,1531504800,0.5,3.85,292,7,0,96.6,10.08,0.44,91.07,69.79,8.159,,partly-cloudy-day,partly cloudy,0,1,0,0,0,0
,35.016228,-85.273583,2115 Dodds Ave,,E 23RD STREET,7/14/2018 0:00,2018-07-14,0,1531540800,,,,Possible Injury,Not Collision with Motor Vehicle in Transport,No,No,Yes,No,15,1,No,No,,37404,Unknown,30742,No,No,Dark - Not Lighted,Clear,79,22,23,0,7,14,1531537200,0.79,3.1,195,0,0,82.47,3.1,0.75,79.17,72.22,6.447,,partly-cloudy-night,humid and mostly cloudy,0,1,0,0,0,0
,35.016228,-85.273583,2115 Dodds Ave,,E 23RD STREET,7/14/2018 0:00,2018-07-14,0,1531540800,,,,Possible Injury,Not Collision with Motor Vehicle in Transport,No,No,Yes,No,15,1,No,No,,37404,Unknown,30742,No,No,Dark - Not Lighted,Clear,79,22,23,0,7,14,1531537200,0.79,3.1,195,0,0,82.47,3.1,0.75,79.17,72.22,6.447,,partly-cloudy-night,humid and mostly cloudy,0,1,0,0,0,0
,35.016228,-85.273583,2115 Dodds Ave,,E 23RD STREET,7/14/2018 0:00,2018-07-14,0,1531540800,,,,Possible Injury,Not Collision with Motor Vehicle in Transport,No,No,Yes,No,15,1,No,No,,37404,Unknown,30742,No,No,Dark - Not Lighted,Clear,79,22,23,0,7,14,1531537200,0.79,3.1,195,0,0,82.55,3.1,0.75,79.22,72.22,6.447,,partly-cloudy-night,humid and mostly cloudy,0,1,0,0,0,0
,35.016228,-85.273583,2115 Dodds Ave,,E 23RD STREET,7/14/2018 0:00,2018-07-14,0,1531540800,,,,Possible Injury,Not Collision with Motor Vehicle in Transport,No,No,Yes,No,15,1,No,No,,37404,Unknown,30742,No,No,Dark - Not Lighted,Clear,79,22,23,0,7,14,1531537200,0.79,3.1,195,0,0,82.55,3.1,0.75,79.22,72.22,6.447,,partly-cloudy-night,humid and mostly cloudy,0,1,0,0,0,0
,35.01899,-85.271409,Dodds Ave,,E 18th Street,7/20/2018 22:00,2018-07-20,22,1532138400,,,,Property Damage Under,"Sideswipe, Same Direction",Yes,No,No,No,30,2,No,No,Unknown,Unknown,Shoulder and Lap Belt Used,37416,No,No,Dark - Lighted,Clear,79,22,23,0,7,14,1532134800,0.74,3.63,190,0,0,83.15,8.99,0.4,79.82,70.88,2.266,,partly-cloudy-night,partly cloudy,0,1,0,0,0,0
,35.01899,-85.271409,Dodds Ave,,E 18th Street,7/20/2018 22:00,2018-07-20,22,1532138400,,,,Property Damage Under,"Sideswipe, Same Direction",Yes,No,No,No,30,2,No,No,Unknown,Unknown,Shoulder and Lap Belt Used,37416,No,No,Dark - Lighted,Clear,79,22,23,0,7,14,1532134800,0.74,3.63,190,0,0,83.15,8.99,0.4,79.82,70.88,2.266,,partly-cloudy-night,partly cloudy,0,1,0,0,0,0
,35.01899,-85.271409,Dodds Ave,,E 18th Street,7/20/2018 22:00,2018-07-20,22,1532138400,,,,Property Damage Under,"Sideswipe, Same Direction",Yes,No,No,No,30,2,No,No,Unknown,Unknown,Shoulder and Lap Belt Used,37416,No,No,Dark - Lighted,Clear,79,22,23,0,7,14,1532134800,0.74,3.63,190,0,0,83.26,8.99,0.4,79.89,70.88,2.266,,partly-cloudy-night,partly cloudy,0,1,0,0,0,0
,35.01899,-85.271409,Dodds Ave,,E 18th Street,7/20/2018 22:00,2018-07-20,22,1532138400,,,,Property Damage Under,"Sideswipe, Same Direction",Yes,No,No,No,30,2,No,No,Unknown,Unknown,Shoulder and Lap Belt Used,37416,No,No,Dark - Lighted,Clear,79,22,23,0,7,14,1532134800,0.74,3.63,190,0,0,83.26,8.99,0.4,79.89,70.88,2.266,,partly-cloudy-night,partly cloudy,0,1,0,0,0,0
,35.014539,-85.274053,18100 Interstate,I-24,181 I24,8/18/2018 16:00,2018-08-18,16,1534622400,,,,Property Damage Under,Front to Rear,No,No,No,No,55,2,No,No,Shoulder and Lap Belt Used,37086,Shoulder and Lap Belt Used,37373,No,No,Daylight,Clear,79,22,23,0,7,14,1534618800,0.63,4.61,279,5,0,88.01,11.23,0.75,83.84,69.82,7.105,,partly-cloudy-day,mostly cloudy,0,1,0,0,0,0
,35.014539,-85.274053,18100 Interstate,I-24,181 I24,8/18/2018 16:00,2018-08-18,16,1534622400,,,,Property Damage Under,Front to Rear,No,No,No,No,55,2,No,No,Shoulder and Lap Belt Used,37086,Shoulder and Lap Belt Used,37373,No,No,Daylight,Clear,79,22,23,0,7,14,1534618800,0.63,4.61,279,5,0,88.01,11.23,0.75,83.84,69.82,7.105,,partly-cloudy-day,mostly cloudy,0,1,0,0,0,0
,35.014539,-85.274053,18100 Interstate,I-24,181 I24,8/18/2018 16:00,2018-08-18,16,1534622400,,,,Property Damage Under,Front to Rear,No,No,No,No,55,2,No,No,Shoulder and Lap Belt Used,37086,Shoulder and Lap Belt Used,37373,No,No,Daylight,Clear,79,22,23,0,7,14,1534618800,0.63,4.61,279,5,0,87.99,11.23,0.75,83.82,69.82,7.105,,partly-cloudy-day,mostly cloudy,0,1,0,0,0,0
,35.014539,-85.274053,18100 Interstate,I-24,181 I24,8/18/2018 16:00,2018-08-18,16,1534622400,,,,Property Damage Under,Front to Rear,No,No,No,No,55,2,No,No,Shoulder and Lap Belt Used,37086,Shoulder and Lap Belt Used,37373,No,No,Daylight,Clear,79,22,23,0,7,14,1534618800,0.63,4.61,279,5,0,87.99,11.23,0.75,83.82,69.82,7.105,,partly-cloudy-day,mostly cloudy,0,1,0,0,0,0
,35.016228,-85.273583,23rd St,,S Lyerly St,9/16/2018 11:00,2018-09-16,11,1537110000,,,,Property Damage,Angle,Yes,No,No,No,40,2,No,No,Shoulder and Lap Belt Used,37404,Unknown,Unknown,No,No,Daylight,Clear,79,22,23,0,7,14,1537106400,0.72,10.69,19,4,0,77.28,17.17,0.75,76.54,66.89,6.487,,partly-cloudy-day,mostly cloudy,0,1,0,0,0,0
,35.016228,-85.273583,23rd St,,S Lyerly St,9/16/2018 11:00,2018-09-16,11,1537110000,,,,Property Damage,Angle,Yes,No,No,No,40,2,No,No,Shoulder and Lap Belt Used,37404,Unknown,Unknown,No,No,Daylight,Clear,79,22,23,0,7,14,1537106400,0.72,10.69,19,4,0,77.28,17.17,0.75,76.54,66.89,6.487,,partly-cloudy-day,mostly cloudy,0,1,0,0,0,0
,35.016228,-85.273583,23rd St,,S Lyerly St,9/16/2018 11:00,2018-09-16,11,1537110000,,,,Property Damage,Angle,Yes,No,No,No,40,2,No,No,Shoulder and Lap Belt Used,37404,Unknown,Unknown,No,No,Daylight,Clear,79,22,23,0,7,14,1537106400,0.72,10.69,19,4,0,77.23,17.17,0.75,76.49,66.89,6.487,,partly-cloudy-day,mostly cloudy,0,1,0,0,0,0
,35.016228,-85.273583,23rd St,,S Lyerly St,9/16/2018 11:00,2018-09-16,11,1537110000,,,,Property Damage,Angle,Yes,No,No,No,40,2,No,No,Shoulder and Lap Belt Used,37404,Unknown,Unknown,No,No,Daylight,Clear,79,22,23,0,7,14,1537106400,0.72,10.69,19,4,0,77.23,17.17,0.75,76.49,66.89,6.487,,partly-cloudy-day,mostly cloudy,0,1,0,0,0,0
,35.0155605,-85.270344,18100 Interstate,I-24,18100 Interstate,12/14/2018 18:00,2018-12-14,18,1544828400,,,,Property Damage,Angle,No,No,No,No,55,2,No,No,Shoulder and Lap Belt Used,37379,Shoulder and Lap Belt Used,30741,No,No,Dark - Lighted,Rain,79,22,23,0,7,14,1544824800,0.97,3.2,28,0,0.015,50.92,5.99,1,50.92,50.04,2.303,rain,rain,drizzle,1,0,0,0,0,1
,35.0155605,-85.270344,18100 Interstate,I-24,18100 Interstate,12/14/2018 18:00,2018-12-14,18,1544828400,,,,Property Damage,Angle,No,No,No,No,55,2,No,No,Shoulder and Lap Belt Used,37379,Shoulder and Lap Belt Used,30741,No,No,Dark - Lighted,Rain,79,22,23,0,7,14,1544824800,0.97,3.2,28,0,0.015,50.92,5.99,1,50.92,50.04,2.303,rain,rain,drizzle,1,0,0,0,0,1
,35.0155605,-85.270344,18100 Interstate,I-24,18100 Interstate,12/14/2018 18:00,2018-12-14,18,1544828400,,,,Property Damage,Angle,No,No,No,No,55,2,No,No,Shoulder and Lap Belt Used,37379,Shoulder and Lap Belt Used,30741,No,No,Dark - Lighted,Rain,79,22,23,0,7,14,1544824800,0.97,3.2,28,0,0.015,50.91,5.99,1,50.91,50.04,2.303,rain,rain,drizzle,1,0,0,0,0,1
,35.0155605,-85.270344,18100 Interstate,I-24,18100 Interstate,12/14/2018 18:00,2018-12-14,18,1544828400,,,,Property Damage,Angle,No,No,No,No,55,2,No,No,Shoulder and Lap Belt Used,37379,Shoulder and Lap Belt Used,30741,No,No,Dark - Lighted,Rain,79,22,23,0,7,14,1544824800,0.97,3.2,28,0,0.015,50.91,5.99,1,50.91,50.04,2.303,rain,rain,drizzle,1,0,0,0,0,1