Accident,Latitude,Longitude,Street,AltStreet,Intersection,DateTime,Date,Hour,Unix,WeekDay,WeekEnd,DayFrame,AccidentType,CollisionType,HaR,FatalInjury,MedicalTransport,InvolvedPlacardedTruck,PostedSpeed,TotalVehiclesInvolved,PedestrianInvolved,BicycleInvolved,DriverOneSafetyEquipment,DriverOneZip,DriverTwoSafetyEquipment,DriverTwoZip,Drug,Alcohol,LightCondition,Weather,Grid_Block,Grid_Col,Grid_Row,Highway,Land_Use_Mode,Road_Count,HourBefore,humidity,windSpeed,windBearing,uvIndex,precipIntensity,apparentTemperature,windGust,cloudCover,temperature,dewPoint,visibility,precipType,Event,Conditions,Rain,Cloudy,Foggy,Snow,Clear,RainBefore
,35.016341,-85.268414,1820 Old Ringgold Rd,,Old Ringgold Rd,3/3/2019 15:00,2019-03-03,15,1551643200,,,,Property Damage,Not Collision with Motor Vehicle in Transport,No,No,No,No,15,1,No,No,,37404,Shoulder and Lap Belt Used,37406,,Yes,Daylight,Rain,79,22,23,0,7,14,1551639600,1,3.66,224,3,0.132,43.86,5.8,1,45.42,45.42,2.649,rain,rain,rain,1,0,0,0,0,1
,35.019629,-85.270877,Dodds Ave,,E 17TH Street,3/23/2019 0:00,2019-03-23,0,1553313600,,,,Property Damage Under,"Sideswipe, Same Direction",Yes,No,No,No,40,2,No,No,Unknown,37411,Unknown,Unknown,No,No,Dark - Lighted,Clear,79,22,23,0,7,14,1553310000,0.42,5.52,327,0,0,51.03,10.12,0,51.03,28.76,5.964,,clear-night,clear,0,0,0,0,1,0
,35.014835,-85.27154,18160 Interstate,I-24,18200 Interstate,3/30/2019 17:00,2019-03-30,17,1553979600,,,,Property Damage Under,Front to Rear,Yes,No,No,No,55,3,No,No,Shoulder and Lap Belt Used,37341,Unknown,Unknown,No,No,Daylight,Clear,79,22,23,0,7,14,1553976000,0.45,8.72,200,2,0,71.82,16.75,0.75,71.82,49.53,5.448,,partly-cloudy-day,mostly cloudy,0,1,0,0,0,0
,35.014443,-85.272512,18150 Interstate,I-24,18260 Interstate,5/1/2019 21:00,2019-05-01,21,1556758800,,,,Property Damage,Angle,No,No,No,No,55,2,No,No,Shoulder and Lap Belt Used,37408,Shoulder and Lap Belt Used,46112,No,No,Dark - Lighted,Clear,79,22,23,0,7,14,1556755200,0.67,3.71,144,0,0.01,75.27,10.38,0.75,74.91,63.38,6.938,rain,rain,possible drizzle,1,0,0,0,0,1
,35.014562,-85.272976,I-24 w bound,I-24,14th Ave,5/18/2019 0:00,2019-05-18,0,1558152000,,,,Property Damage,"Sideswipe, Same Direction",Yes,No,No,No,55,2,No,No,Unknown,Unknown,Shoulder and Lap Belt Used,37217,No,No,Dark - Lighted,Clear,79,22,23,0,7,14,1558148400,0.77,0.9,295,0,0,73.2,4.74,0.44,72.64,64.9,6.018,,partly-cloudy-night,partly cloudy,0,1,0,0,0,0
,35.015804,-85.270234,18170 Interstate 24 eb rd,I-24,Westside Dr,6/7/2019 0:00,2019-06-07,0,1559880000,,,,Property Damage,Not Collision with Motor Vehicle in Transport,Yes,No,No,No,55,1,No,No,Unknown,Unknown,,,,,Unknown,Rain,79,22,23,0,7,14,1559876400,0.95,1.72,121,0,0,72.01,3.82,1,70.77,69.25,2.843,,cloudy,overcast,0,1,0,0,0,0
,35.0315074,-85.308752,2000 Market Street,,20th Street,3/4/2018 12:00,2018-03-04,12,1520182800,,,,Property Damage,Angle,Yes,No,No,No,35,2,No,No,,30736,Unknown,30752,No,No,Daylight,Clear,74,17,23,1,2,17,1520179200,0.3,2.82,38,6,0,54.85,7.24,0,54.85,23.83,6.263,,clear-day,clear,0,0,0,0,1,0
,35.031887,-85.30835,Market St,,W 20th St,4/9/2018 23:00,2018-04-09,23,1523329200,,,,Property Damage,Angle,Yes,No,No,No,25,2,No,No,Shoulder and Lap Belt Used,37411,Unknown,37411,No,No,Dark - Lighted,Clear,74,17,23,1,2,17,1523325600,0.62,0.66,354,0,0,53.42,2.48,0.75,53.42,40.78,6.598,,partly-cloudy-night,mostly cloudy,0,1,0,0,0,0
,35.0327527,-85.306333,1 Cameron Hill Circle,,None,4/13/2018 9:00,2018-04-13,9,1523624400,,,,Property Damage,Rear to Rear,No,No,No,No,25,2,No,No,,37416,,37343,,,Daylight,Clear,74,17,23,1,2,17,1523620800,0.67,1.98,199,1,0,60.45,5.21,0,60.45,49.48,5.477,,clear-day,clear,0,0,0,0,1,0
,35.031664,-85.307569,E 20th St,,Market St,4/16/2018 0:00,2018-04-16,0,1523851200,,,,Property Damage Under,Unknown,Yes,No,No,No,15,2,No,No,,37402,Unknown,Unknown,,,Unknown,Unknown,74,17,23,1,2,17,1523847600,0.76,3.68,285,0,0.001,39.61,10.7,1,41.73,34.63,6.92,rain,cloudy,overcast,0,1,0,0,0,0
,35.031664,-85.307569,101 E 20th St,,Parking Lot,6/2/2018 15:00,2018-06-02,15,1527966000,,,,Property Damage,Unknown,Yes,No,No,No,15,2,No,No,,32809,Unknown,Unknown,,,Daylight,Clear,74,17,23,1,2,17,1527962400,0.51,3.3,314,6,0,92.45,8.1,0.75,88.49,68.33,3.212,,partly-cloudy-day,mostly cloudy,0,1,0,0,0,0
,35.029983,-85.304858,E 20th St,,Washington St,6/8/2018 18:00,2018-06-08,18,1528495200,,,,Property Damage,Front to Rear,Yes,No,No,No,35,2,No,No,Unknown,37404,Unknown,Unknown,,,Daylight,Clear,74,17,23,1,2,17,1528491600,0.46,2.01,83,2,0,90.66,6.88,0.75,88.61,65.27,3.212,,partly-cloudy-day,mostly cloudy,0,1,0,0,0,0
,35.030162,-85.308331,2100 Market St,,W 20th,6/22/2018 18:00,2018-06-22,18,1529704800,,,,Property Damage Under,Unknown,No,No,No,No,20,2,No,No,Shoulder and Lap Belt Used,37043,Shoulder and Lap Belt Used,30707,No,No,Dark - Not Lighted,Clear,74,17,23,1,2,17,1529701200,0.84,5.41,83,2,0.092,76.08,10.05,1,74.94,69.74,6.851,rain,rain,light rain,1,0,0,0,0,1
,35.02908,-85.310838,17900 Interstate 24 Eb St,,Market St,7/17/2018 12:00,2018-07-17,12,1531843200,,,,Property Damage,Not Collision with Motor Vehicle in Transport,No,No,No,No,55,1,No,No,Shoulder and Lap Belt Used,35763,,,No,No,Daylight,Clear,74,17,23,1,2,17,1531839600,0.73,3.64,218,5,0,90.73,7.39,0.75,83.73,74,3.331,,partly-cloudy-day,humid and mostly cloudy,0,1,0,0,0,0
,35.032214,-85.305593,1826 Cappella St,,E. 20th St,9/3/2018 0:00,2018-09-03,0,1535947200,,,,Property Damage Under,Angle,Yes,No,No,No,15,2,No,No,,37421,Unknown,Unknown,,,Unknown,Cloudy,74,17,23,1,2,17,1535943600,0.81,1.15,23,0,0,76.91,3.73,0.4,75.8,69.7,6.108,,partly-cloudy-night,partly cloudy,0,1,0,0,0,0
,35.032214,-85.305593,1826 Cappella St,,E 19th Street,9/6/2018 0:00,2018-09-06,0,1536206400,,,,Property Damage Under,Unknown,Yes,No,No,No,,2,No,No,Unknown,Unknown,,37415,,,Daylight,Clear,74,17,23,1,2,17,1536202800,0.87,2.52,62,0,0,78.55,6.77,0.68,77.05,72.96,2.823,,partly-cloudy-night,humid and mostly cloudy,0,1,0,0,0,0
,35.03095,-85.305743,301 E 20th St,SR-2000,E 20th St,9/10/2018 13:00,2018-09-10,13,1536598800,,,,Property Damage,Angle,No,No,No,No,,2,No,No,,37353,Shoulder and Lap Belt Used,30741,No,No,Daylight,Rain,74,17,23,1,2,17,1536595200,0.88,5.59,340,5,0.576,75.03,8.27,1,73.8,70.12,0.72,rain,rain,heavy rain,1,0,0,0,0,1
,35.026825,-85.305237,17940 Interstate 24 Eb Rd,,Washington St,9/21/2018 16:00,2018-09-21,16,1537560000,,,,Property Damage,Front to Rear,No,No,No,No,55,2,No,No,Shoulder and Lap Belt Used,30750,Shoulder and Lap Belt Used,30752,No,No,Daylight,Clear,74,17,23,1,2,17,1537556400,0.44,5.7,127,4,0,91.83,11.83,0.72,89.76,65.15,2.873,,partly-cloudy-day,mostly cloudy,0,1,0,0,0,0
,35.029599,-85.305758,310 E 20th St,,E 20th St,9/27/2018 0:00,2018-09-27,0,1538020800,,,,Property Damage Under,Unknown,Yes,No,No,No,,2,No,No,,37363,Unknown,Unknown,,,Daylight,Rain,74,17,23,1,2,17,1538017200,0.92,1.52,56,0,0,72.61,4.93,1,71.43,69.12,2.369,,cloudy,overcast,0,1,0,0,0,0
,35.028574,-85.309034,17906 Interstate,I-24,Market St,12/14/2018 13:00,2018-12-14,13,1544810400,,,,Property Damage,Front to Rear,No,No,No,No,55,2,No,No,Shoulder and Lap Belt Used,37377,Shoulder and Lap Belt Used,37415,No,No,Daylight,Rain,74,17,23,1,2,17,1544806800,0.92,5.3,10,2,0.061,46.84,5.3,1,48.98,46.87,1.39,rain,rain,light rain,1,0,0,0,0,1
,35.031481,-85.308826,1910 Market St,,E 20th St,1/11/2019 14:00,2019-01-11,14,1547233200,,,,Property Damage,Head On,No,No,No,No,35,2,No,No,Shoulder and Lap Belt Used,37412,Shoulder and Lap Belt Used,37415,No,No,Daylight,Clear,74,17,23,1,2,17,1547229600,0.37,4.87,78,2,0,40.65,8.61,0.68,43.47,18.9,3.068,,partly-cloudy-day,mostly cloudy,0,1,0,0,0,0
,35.031481,-85.308826,1910 Market St,,E 20th St,1/11/2019 14:00,2019-01-11,14,1547233200,,,,Property Damage,Head On,No,No,No,No,35,2,No,No,Shoulder and Lap Belt Used,37412,Shoulder and Lap Belt Used,37415,No,No,Daylight,Clear,74,17,23,1,2,17,1547229600,0.37,4.87,78,2,0,40.65,8.61,0.68,43.47,18.9,3.068,,partly-cloudy-day,mostly cloudy,0,1,0,0,0,0
,35.031481,-85.308826,1910 Market St,,E 20th St,1/11/2019 14:00,2019-01-11,14,1547233200,,,,Property Damage,Head On,No,No,No,No,35,2,No,No,Shoulder and Lap Belt Used,37412,Shoulder and Lap Belt Used,37415,No,No,Daylight,Clear,74,17,23,1,2,17,1547229600,0.37,4.87,78,2,0,40.65,8.61,0.68,43.47,18.9,3.068,,partly-cloudy-day,mostly cloudy,0,1,0,0,0,0
,35.031481,-85.308826,1910 Market St,,E 20th St,1/11/2019 14:00,2019-01-11,14,1547233200,,,,Property Damage,Head On,No,No,No,No,35,2,No,No,Shoulder and Lap Belt Used,37412,Shoulder and Lap Belt Used,37415,No,No,Daylight,Clear,74,17,23,1,2,17,1547229600,0.37,4.87,78,2,0,40.65,8.61,0.68,43.47,18.9,3.068,,partly-cloudy-day,mostly cloudy,0,1,0,0,0,0
,35.029599,-85.305758,310 E 20th St,,300 W 20th St,2/8/2019 11:00,2019-02-08,11,1549641600,,,,Property Damage Under,Rear to Side,No,No,No,No,15,2,No,No,,37411,Shoulder and Lap Belt Used,37407,No,No,Daylight,Clear,74,17,23,1,2,17,1549638000,0.56,10.46,342,4,0,32.96,18.95,0,39.61,25.24,7.45,,clear-day,clear,0,0,0,0,1,0
,35.029599,-85.305758,310 E 20th St,,300 W 20th St,2/8/2019 11:00,2019-02-08,11,1549641600,,,,Property Damage Under,Rear to Side,No,No,No,No,15,2,No,No,,37411,Shoulder and Lap Belt Used,37407,No,No,Daylight,Clear,74,17,23,1,2,17,1549638000,0.56,10.46,342,4,0,32.96,18.95,0,39.61,25.24,7.45,,clear-day,clear,0,0,0,0,1,0
,35.029599,-85.305758,310 E 20th St,,300 W 20th St,2/8/2019 11:00,2019-02-08,11,1549641600,,,,Property Damage Under,Rear to Side,No,No,No,No,15,2,No,No,,37411,Shoulder and Lap Belt Used,37407,No,No,Daylight,Clear,74,17,23,1,2,17,1549638000,0.56,10.46,342,4,0,32.96,18.95,0,39.61,25.24,7.45,,clear-day,clear,0,0,0,0,1,0
,35.029599,-85.305758,310 E 20th St,,300 W 20th St,2/8/2019 11:00,2019-02-08,11,1549641600,,,,Property Damage Under,Rear to Side,No,No,No,No,15,2,No,No,,37411,Shoulder and Lap Belt Used,37407,No,No,Daylight,Clear,74,17,23,1,2,17,1549638000,0.56,10.46,342,4,0,32.96,18.95,0,39.61,25.24,7.45,,clear-day,clear,0,0,0,0,1,0
,35.031887,-85.30835,1910 Market St,,1800 Market St,3/28/2019 0:00,2019-03-28,0,1553745600,,,,Property Damage,Not Collision with Motor Vehicle in Transport,No,No,No,No,25,1,No,No,None Used MV Occupant,37421,,,No,No,Dark - Lighted,Clear,74,17,23,1,2,17,1553742000,0.46,3.37,171,0,0,53.94,7,0.17,53.94,33.59,6.435,,partly-cloudy-night,partly cloudy,0,1,0,0,0,0
,35.031887,-85.30835,1910 Market St,,1800 Market St,3/28/2019 0:00,2019-03-28,0,1553745600,,,,Property Damage,Not Collision with Motor Vehicle in Transport,No,No,No,No,25,1,No,No,None Used MV Occupant,37421,,,No,No,Dark - Lighted,Clear,74,17,23,1,2,17,1553742000,0.46,3.37,171,0,0,53.94,7,0.17,53.94,33.59,6.435,,partly-cloudy-night,partly cloudy,0,1,0,0,0,0
,35.031887,-85.30835,1910 Market St,,1800 Market St,3/28/2019 0:00,2019-03-28,0,1553745600,,,,Property Damage,Not Collision with Motor Vehicle in Transport,No,No,No,No,25,1,No,No,None Used MV Occupant,37421,,,No,No,Dark - Lighted,Clear,74,17,23,1,2,17,1553742000,0.46,3.37,171,0,0,53.94,7,0.17,53.94,33.59,6.435,,partly-cloudy-night,partly cloudy,0,1,0,0,0,0
,35.031887,-85.30835,1910 Market St,,1800 Market St,3/28/2019 0:00,2019-03-28,0,1553745600,,,,Property Damage,Not Collision with Motor Vehicle in Transport,No,No,No,No,25,1,No,No,None Used MV Occupant,37421,,,No,No,Dark - Lighted,Clear,74,17,23,1,2,17,1553742000,0.46,3.37,171,0,0,53.94,7,0.17,53.94,33.59,6.435,,partly-cloudy-night,partly cloudy,0,1,0,0,0,0
,35.02908,-85.310838,Interstate 24 East,I-24,I24 East,3/30/2019 13:00,2019-03-30,13,1553965200,,,,Property Damage Under,"Sideswipe, Same Direction",Yes,No,No,No,55,2,No,No,Unknown,Unknown,Shoulder and Lap Belt Used,37347,No,No,Daylight,Clear,74,17,23,1,2,17,1553961600,0.46,13.26,214,5,0,71.8,25.14,0.68,71.8,50.16,6.915,,partly-cloudy-day,mostly cloudy,0,1,0,0,0,0
,35.02908,-85.310838,Interstate 24 East,I-24,I24 East,3/30/2019 13:00,2019-03-30,13,1553965200,,,,Property Damage Under,"Sideswipe, Same Direction",Yes,No,No,No,55,2,No,No,Unknown,Unknown,Shoulder and Lap Belt Used,37347,No,No,Daylight,Clear,74,17,23,1,2,17,1553961600,0.46,13.26,214,5,0,71.8,25.14,0.68,71.8,50.16,6.915,,partly-cloudy-day,mostly cloudy,0,1,0,0,0,0
,35.02908,-85.310838,Interstate 24 East,I-24,I24 East,3/30/2019 13:00,2019-03-30,13,1553965200,,,,Property Damage Under,"Sideswipe, Same Direction",Yes,No,No,No,55,2,No,No,Unknown,Unknown,Shoulder and Lap Belt Used,37347,No,No,Daylight,Clear,74,17,23,1,2,17,1553961600,0.46,13.26,214,5,0,71.8,25.14,0.68,71.8,50.16,6.915,,partly-cloudy-day,mostly cloudy,0,1,0,0,0,0
,35.02908,-85.310838,Interstate 24 East,I-24,I24 East,3/30/2019 13:00,2019-03-30,13,1553965200,,,,Property Damage Under,"Sideswipe, Same Direction",Yes,No,No,No,55,2,No,No,Unknown,Unknown,Shoulder and Lap Belt Used,37347,No,No,Daylight,Clear,74,17,23,1,2,17,1553961600,0.46,13.26,214,5,0,71.8,25.14,0.68,71.8,50.16,6.915,,partly-cloudy-day,mostly cloudy,0,1,0,0,0,0
,35.03095,-85.305743,301 E 20th St,,301 E 20th St,4/9/2019 9:00,2019-04-09,9,1554814800,,,,Property Damage,Angle,No,No,No,No,,2,No,No,Shoulder and Lap Belt Used,30741,,37402,No,No,Daylight,Clear,74,17,23,1,2,17,1554811200,0.94,5.63,31,1,0,62.73,10.49,1,62.35,60.71,2.115,,cloudy,overcast,0,1,0,0,0,0
,35.03095,-85.305743,301 E 20th St,,301 E 20th St,4/9/2019 9:00,2019-04-09,9,1554814800,,,,Property Damage,Angle,No,No,No,No,,2,No,No,Shoulder and Lap Belt Used,30741,,37402,No,No,Daylight,Clear,74,17,23,1,2,17,1554811200,0.94,5.63,31,1,0,62.73,10.49,1,62.35,60.71,2.115,,cloudy,overcast,0,1,0,0,0,0
,35.03095,-85.305743,301 E 20th St,,301 E 20th St,4/9/2019 9:00,2019-04-09,9,1554814800,,,,Property Damage,Angle,No,No,No,No,,2,No,No,Shoulder and Lap Belt Used,30741,,37402,No,No,Daylight,Clear,74,17,23,1,2,17,1554811200,0.94,5.63,31,1,0,62.73,10.49,1,62.35,60.71,2.115,,cloudy,overcast,0,1,0,0,0,0
,35.03095,-85.305743,301 E 20th St,,301 E 20th St,4/9/2019 9:00,2019-04-09,9,1554814800,,,,Property Damage,Angle,No,No,No,No,,2,No,No,Shoulder and Lap Belt Used,30741,,37402,No,No,Daylight,Clear,74,17,23,1,2,17,1554811200,0.94,5.63,31,1,0,62.73,10.49,1,62.35,60.71,2.115,,cloudy,overcast,0,1,0,0,0,0
,35.0314056,-85.308921,400 Birmingham Hwy,,Cummings Road,4/12/2019 9:00,2019-04-12,9,1555074000,,,,Suspected Minor Injury,Not Collision with Motor Vehicle in Transport,No,No,Yes,No,45,1,No,No,,30752,None Used MV Occupant,37332,,No,Daylight,Clear,74,17,23,1,2,17,1555070400,0.89,6.37,209,1,0.014,68.2,11.22,1,67.58,64.09,4.754,rain,rain,possible drizzle,1,0,0,0,0,1
,35.0314056,-85.308921,400 Birmingham Hwy,,Cummings Road,4/12/2019 9:00,2019-04-12,9,1555074000,,,,Suspected Minor Injury,Not Collision with Motor Vehicle in Transport,No,No,Yes,No,45,1,No,No,,30752,None Used MV Occupant,37332,,No,Daylight,Clear,74,17,23,1,2,17,1555070400,0.89,6.37,209,1,0.014,68.2,11.22,1,67.58,64.09,4.754,rain,rain,possible drizzle,1,0,0,0,0,1
,35.0314056,-85.308921,400 Birmingham Hwy,,Cummings Road,4/12/2019 9:00,2019-04-12,9,1555074000,,,,Suspected Minor Injury,Not Collision with Motor Vehicle in Transport,No,No,Yes,No,45,1,No,No,,30752,None Used MV Occupant,37332,,No,Daylight,Clear,74,17,23,1,2,17,1555070400,0.89,6.37,209,1,0.014,68.2,11.22,1,67.58,64.09,4.754,rain,rain,possible drizzle,1,0,0,0,0,1
,35.0314056,-85.308921,400 Birmingham Hwy,,Cummings Road,4/12/2019 9:00,2019-04-12,9,1555074000,,,,Suspected Minor Injury,Not Collision with Motor Vehicle in Transport,No,No,Yes,No,45,1,No,No,,30752,None Used MV Occupant,37332,,No,Daylight,Clear,74,17,23,1,2,17,1555070400,0.89,6.37,209,1,0.014,68.2,11.22,1,67.58,64.09,4.754,rain,rain,possible drizzle,1,0,0,0,0,1
,35.028211,-85.310136,2300 - 2399 Market St,,W 25th St,4/12/2019 21:00,2019-04-12,21,1555117200,,,,Property Damage,"Sideswipe, Same Direction",No,No,No,No,35,2,No,No,Shoulder and Lap Belt Used,37411,Shoulder and Lap Belt Used,37172,No,No,Dark - Not Lighted,Clear,74,17,23,1,2,17,1555113600,0.57,3.46,330,0,0,69.52,6.42,0.75,69.52,53.6,5.059,,partly-cloudy-night,mostly cloudy,0,1,0,0,0,0
,35.028211,-85.310136,2300 - 2399 Market St,,W 25th St,4/12/2019 21:00,2019-04-12,21,1555117200,,,,Property Damage,"Sideswipe, Same Direction",No,No,No,No,35,2,No,No,Shoulder and Lap Belt Used,37411,Shoulder and Lap Belt Used,37172,No,No,Dark - Not Lighted,Clear,74,17,23,1,2,17,1555113600,0.57,3.46,330,0,0,69.52,6.42,0.75,69.52,53.6,5.059,,partly-cloudy-night,mostly cloudy,0,1,0,0,0,0
,35.028211,-85.310136,2300 - 2399 Market St,,W 25th St,4/12/2019 21:00,2019-04-12,21,1555117200,,,,Property Damage,"Sideswipe, Same Direction",No,No,No,No,35,2,No,No,Shoulder and Lap Belt Used,37411,Shoulder and Lap Belt Used,37172,No,No,Dark - Not Lighted,Clear,74,17,23,1,2,17,1555113600,0.57,3.46,330,0,0,69.52,6.42,0.75,69.52,53.6,5.059,,partly-cloudy-night,mostly cloudy,0,1,0,0,0,0
,35.028211,-85.310136,2300 - 2399 Market St,,W 25th St,4/12/2019 21:00,2019-04-12,21,1555117200,,,,Property Damage,"Sideswipe, Same Direction",No,No,No,No,35,2,No,No,Shoulder and Lap Belt Used,37411,Shoulder and Lap Belt Used,37172,No,No,Dark - Not Lighted,Clear,74,17,23,1,2,17,1555113600,0.57,3.46,330,0,0,69.52,6.42,0.75,69.52,53.6,5.059,,partly-cloudy-night,mostly cloudy,0,1,0,0,0,0
,35.029236,-85.304591,E 23rd St,SR-0000,Central Ave,5/2/2019 16:00,2019-05-02,16,1556827200,,,,Property Damage,"Sideswipe, Same Direction",No,No,No,No,35,2,No,No,Shoulder and Lap Belt Used,30725,Shoulder and Lap Belt Used,30736,No,No,Daylight,Clear,74,17,23,1,2,17,1556823600,0.5,8.07,167,6,0,85.61,15.31,0.44,84.34,63.76,1.824,,fog,foggy,0,0,1,0,0,0
,35.029236,-85.304591,E 23rd St,SR-0000,Central Ave,5/2/2019 16:00,2019-05-02,16,1556827200,,,,Property Damage,"Sideswipe, Same Direction",No,No,No,No,35,2,No,No,Shoulder and Lap Belt Used,30725,Shoulder and Lap Belt Used,30736,No,No,Daylight,Clear,74,17,23,1,2,17,1556823600,0.5,8.07,167,6,0,85.61,15.31,0.44,84.34,63.76,1.824,,fog,foggy,0,0,1,0,0,0
,35.029236,-85.304591,E 23rd St,SR-0000,Central Ave,5/2/2019 16:00,2019-05-02,16,1556827200,,,,Property Damage,"Sideswipe, Same Direction",No,No,No,No,35,2,No,No,Shoulder and Lap Belt Used,30725,Shoulder and Lap Belt Used,30736,No,No,Daylight,Clear,74,17,23,1,2,17,1556823600,0.5,8.07,167,6,0,85.61,15.31,0.44,84.34,63.76,1.824,,fog,foggy,0,0,1,0,0,0
,35.029236,-85.304591,E 23rd St,SR-0000,Central Ave,5/2/2019 16:00,2019-05-02,16,1556827200,,,,Property Damage,"Sideswipe, Same Direction",No,No,No,No,35,2,No,No,Shoulder and Lap Belt Used,30725,Shoulder and Lap Belt Used,30736,No,No,Daylight,Clear,74,17,23,1,2,17,1556823600,0.5,8.07,167,6,0,85.61,15.31,0.44,84.34,63.76,1.824,,fog,foggy,0,0,1,0,0,0
,35.028195,-85.307278,17900 I24 West,I-24,17900 I 24 Off Ramp,5/8/2019 9:00,2019-05-08,9,1557320400,,,,Property Damage Under,"Sideswipe, Same Direction",No,No,No,No,55,2,No,No,Shoulder and Lap Belt Used,30168,Shoulder and Lap Belt Used,37421,No,No,Daylight,Clear,74,17,23,1,2,17,1557316800,0.8,3.21,100,2,0,67.82,6.85,0,67.59,61.27,3.433,,clear-day,clear,0,0,0,0,1,0
,35.028195,-85.307278,17900 I24 West,I-24,17900 I 24 Off Ramp,5/8/2019 9:00,2019-05-08,9,1557320400,,,,Property Damage Under,"Sideswipe, Same Direction",No,No,No,No,55,2,No,No,Shoulder and Lap Belt Used,30168,Shoulder and Lap Belt Used,37421,No,No,Daylight,Clear,74,17,23,1,2,17,1557316800,0.8,3.21,100,2,0,67.82,6.85,0,67.59,61.27,3.433,,clear-day,clear,0,0,0,0,1,0
,35.028195,-85.307278,17900 I24 West,I-24,17900 I 24 Off Ramp,5/8/2019 9:00,2019-05-08,9,1557320400,,,,Property Damage Under,"Sideswipe, Same Direction",No,No,No,No,55,2,No,No,Shoulder and Lap Belt Used,30168,Shoulder and Lap Belt Used,37421,No,No,Daylight,Clear,74,17,23,1,2,17,1557316800,0.8,3.21,100,2,0,67.82,6.85,0,67.59,61.27,3.433,,clear-day,clear,0,0,0,0,1,0
,35.028195,-85.307278,17900 I24 West,I-24,17900 I 24 Off Ramp,5/8/2019 9:00,2019-05-08,9,1557320400,,,,Property Damage Under,"Sideswipe, Same Direction",No,No,No,No,55,2,No,No,Shoulder and Lap Belt Used,30168,Shoulder and Lap Belt Used,37421,No,No,Daylight,Clear,74,17,23,1,2,17,1557316800,0.8,3.21,100,2,0,67.82,6.85,0,67.59,61.27,3.433,,clear-day,clear,0,0,0,0,1,0
,35.026766,-85.305118,17940 Interstate,I-24,Market St,6/9/2019 17:00,2019-06-09,17,1560114000,,,,Property Damage,Not Collision with Motor Vehicle in Transport,No,No,No,No,55,1,No,No,Shoulder and Lap Belt Used,30093,,,No,No,Daylight,Rain,74,17,23,1,2,17,1560110400,0.68,4.32,146,4,0,86.48,7.31,0.75,82.25,70.68,3.809,,partly-cloudy-day,mostly cloudy,0,1,0,0,0,0
,35.026766,-85.305118,17940 Interstate,I-24,Market St,6/9/2019 17:00,2019-06-09,17,1560114000,,,,Property Damage,Not Collision with Motor Vehicle in Transport,No,No,No,No,55,1,No,No,Shoulder and Lap Belt Used,30093,,,No,No,Daylight,Rain,74,17,23,1,2,17,1560110400,0.68,4.32,146,4,0,86.48,7.31,0.75,82.25,70.68,3.809,,partly-cloudy-day,mostly cloudy,0,1,0,0,0,0
,35.026766,-85.305118,17940 Interstate,I-24,Market St,6/9/2019 17:00,2019-06-09,17,1560114000,,,,Property Damage,Not Collision with Motor Vehicle in Transport,No,No,No,No,55,1,No,No,Shoulder and Lap Belt Used,30093,,,No,No,Daylight,Rain,74,17,23,1,2,17,1560110400,0.68,4.32,146,4,0,86.48,7.31,0.75,82.25,70.68,3.809,,partly-cloudy-day,mostly cloudy,0,1,0,0,0,0
,35.026766,-85.305118,17940 Interstate,I-24,Market St,6/9/2019 17:00,2019-06-09,17,1560114000,,,,Property Damage,Not Collision with Motor Vehicle in Transport,No,No,No,No,55,1,No,No,Shoulder and Lap Belt Used,30093,,,No,No,Daylight,Rain,74,17,23,1,2,17,1560110400,0.68,4.32,146,4,0,86.48,7.31,0.75,82.25,70.68,3.809,,partly-cloudy-day,mostly cloudy,0,1,0,0,0,0
,35.073232,-85.296423,Federal St,,Endicott St,3/5/2018 0:00,2018-03-05,0,1520226000,,,,Possible Injury,Angle,No,No,Yes,No,30,3,No,No,,37409,Shoulder and Lap Belt Used,37404,No,No,Unknown,Cloudy,309,15,16,0,7,22,1520222400,0.45,0.12,,0,0,47.75,0.69,0,47.75,27.66,6.679,,clear-night,clear,0,0,0,0,1,0
,35.073776,-85.298897,1114 Liberty St,,Federal St,5/23/2018 0:00,2018-05-23,0,1527048000,,,,Property Damage,Unknown,Yes,No,No,No,25,2,No,No,,37405,Unknown,Unknown,,,Unknown,Unknown,309,15,16,0,7,22,1527044400,0.89,1.55,127,0,0,70.53,6.21,0.72,69.68,66.34,6.408,,partly-cloudy-night,mostly cloudy,0,1,0,0,0,0
,35.0781706,-85.297627,700 I-75 Sb Rd,,Old Lee Hwy,6/13/2018 18:00,2018-06-13,18,1528927200,,,,Property Damage,Angle,No,No,No,No,60,2,No,No,Unknown,37410,Unknown,30157,No,No,Daylight,Clear,309,15,16,0,7,22,1528923600,0.9,2.37,252,2,0.023,74.68,4.47,0.72,73.43,70.21,2.797,rain,rain,light rain,1,0,0,0,0,1