Accident,Latitude,Longitude,Street,AltStreet,Intersection,DateTime,Date,Hour,Unix,WeekDay,WeekEnd,DayFrame,AccidentType,CollisionType,HaR,FatalInjury,MedicalTransport,InvolvedPlacardedTruck,PostedSpeed,TotalVehiclesInvolved,PedestrianInvolved,BicycleInvolved,DriverOneSafetyEquipment,DriverOneZip,DriverTwoSafetyEquipment,DriverTwoZip,Drug,Alcohol,LightCondition,Weather,Grid_Block,Grid_Col,Grid_Row,Highway,Land_Use_Mode,Road_Count,HourBefore,humidity,windSpeed,windBearing,uvIndex,precipIntensity,apparentTemperature,windGust,cloudCover,temperature,dewPoint,visibility,precipType,Event,Conditions,Rain,Cloudy,Foggy,Snow,Clear,RainBefore
,35.07681,-85.295077,920 Dartmouth St,,Knicherbocker Ave,11/3/2018 0:00,2018-11-03,0,1541217600,,,,Property Damage,"Sideswipe, Opposite Direction",Yes,No,No,No,25,2,No,No,Unknown,Unknown,,62959,,,Unknown,Clear,309,15,16,0,7,22,1541214000,0.9,1.63,279,0,0,43.1,5.39,0.78,43.1,40.36,7.075,,partly-cloudy-night,mostly cloudy,0,1,0,0,0,0
,35.078563,-85.301476,Dallas Rd,SR-1310,Market St,2/9/2019 0:00,2019-02-09,0,1549688400,,,,Possible Injury,Not Collision with Motor Vehicle in Transport,No,No,Yes,No,35,1,No,No,,37405,Shoulder and Lap Belt Used,37415,No,No,Dark - Lighted,Clear,309,15,16,0,7,22,1549684800,0.51,9.67,350,0,0,26.21,18.6,0,33.87,17.51,5.211,,clear-night,clear,0,0,0,0,1,0
,35.015328,-85.251282,S Germantown Rd,,Frawley St,3/5/2018 15:00,2018-03-05,15,1520280000,,,,Property Damage,Angle,No,No,No,No,35,2,No,No,Shoulder and Lap Belt Used,37411,Shoulder and Lap Belt Used,37411,No,No,Daylight,Cloudy,107,24,22,1,7,23,1520276400,0.53,1.13,129,3,0,53.54,3.07,1,53.54,36.79,6.237,,cloudy,overcast,0,1,0,0,0,0
,35.014228,-85.25151,3600 S. Terrace,SR-3600,S. Germantown Road,3/26/2018 15:00,2018-03-26,15,1522090800,,,,Property Damage,Angle,No,No,No,No,30,2,No,No,Shoulder and Lap Belt Used,37421,Shoulder and Lap Belt Used,37412,No,No,Daylight,Clear,107,24,22,1,7,23,1522087200,0.44,9.63,177,4,0,51.31,11.39,1,51.31,30.07,9.997,,cloudy,overcast,0,1,0,0,0,0
,35.014375,-85.252128,18300 I-24 EB Interstate,,S. Germantown,4/15/2018 11:00,2018-04-15,11,1523804400,,,,Property Damage,Not Collision with Motor Vehicle in Transport,No,No,No,No,55,1,No,No,Shoulder and Lap Belt Used,37421,,,No,No,Daylight,Rain,107,24,22,1,7,23,1523800800,0.93,3.38,259,3,0.092,51.35,6.71,1,51.35,49.41,2.056,rain,rain,light rain,1,0,0,0,0,1
,35.014375,-85.252128,18300 Interstate,I-24,Moore Rd,5/6/2018 13:00,2018-05-06,13,1525626000,,,,Property Damage,Front to Rear,Yes,No,No,No,55,2,No,No,Shoulder and Lap Belt Used,30096,Unknown,37412,No,Yes,Daylight,Clear,107,24,22,1,7,23,1525622400,0.46,4.14,351,9,0,74.2,10.61,0.19,74.2,52.18,6.049,,partly-cloudy-day,partly cloudy,0,1,0,0,0,0
,35.017257,-85.249877,300 S Germantown Rd,,Navajo Dr,5/10/2018 17:00,2018-05-10,17,1525986000,,,,Property Damage,"Sideswipe, Same Direction",No,No,No,No,35,2,No,No,Shoulder and Lap Belt Used,37377,Shoulder and Lap Belt Used,37421,No,No,Daylight,Clear,107,24,22,1,7,23,1525982400,0.81,1.65,336,3,0.058,69.01,4.33,0.75,68.65,62.49,5.473,rain,rain,light rain,1,0,0,0,0,1
,35.014375,-85.252128,18200 24 East,I-24,183200 24 East,6/15/2018 14:00,2018-06-15,14,1529085600,,,,Property Damage,"Sideswipe, Same Direction",No,No,No,No,55,2,No,No,,37407,Restraint Used Type Unknown,30080,No,No,Daylight,Clear,107,24,22,1,7,23,1529082000,0.48,5.06,33,10,0,91.6,11.81,0.19,88.77,66.57,5.762,,partly-cloudy-day,partly cloudy,0,1,0,0,0,0
,35.017646,-85.250341,S Germantown Rd,,Navajo Dr,6/19/2018 15:00,2018-06-19,15,1529434800,,,,Property Damage,Angle,No,No,No,No,35,2,No,No,Shoulder and Lap Belt Used,37411,Shoulder and Lap Belt Used,30742,No,No,Daylight,Clear,107,24,22,1,7,23,1529431200,0.57,3.76,305,9,0,91.51,8.75,0.19,86.72,69.88,2.291,,partly-cloudy-day,partly cloudy,0,1,0,0,0,0
,35.014733,-85.251611,415 South Germantown Road,,North Terrace,8/1/2018 0:00,2018-08-01,0,1533096000,,,,Property Damage Under,Front to Rear,No,No,No,No,35,2,No,No,Unknown,30736,Unknown,37412,No,No,Daylight,Rain,107,24,22,1,7,23,1533092400,0.94,2.83,148,0,0.019,71.33,8.14,1,70.19,68.39,3.622,rain,rain,light rain,1,0,0,0,0,1
,35.013826,-85.252077,S Terrace,,S Germantown Rd,9/24/2018 17:00,2018-09-24,17,1537822800,,,,Property Damage,Head On,No,No,No,No,35,2,No,No,Shoulder and Lap Belt Used,37311,Shoulder and Lap Belt Used,37312,No,No,Daylight,Rain,107,24,22,1,7,23,1537819200,0.96,3.33,51,2,0.059,74.39,5.11,0.75,72.9,71.61,1.762,rain,rain,light rain,1,0,0,0,0,1
,35.014338,-85.252069,18310 I24 eb Interstate,,South Moore Rd,11/15/2018 17:00,2018-11-15,17,1542319200,,,,Possible Injury,Front to Rear,No,No,No,No,55,2,No,No,Unknown,30139,Unknown,30736,No,No,Dark - Lighted,Cloudy,107,24,22,1,7,23,1542315600,0.79,6.98,235,0,0,28.02,13.84,1,34.08,28.37,5.918,,cloudy,overcast,0,1,0,0,0,0
,35.015328,-85.251282,S Germantown Rd,,South Terrace Rd,11/21/2018 9:00,2018-11-21,9,1542808800,,,,Property Damage,Angle,No,No,No,No,30,2,No,No,Shoulder and Lap Belt Used,37405,Shoulder and Lap Belt Used,37415,No,No,Daylight,Clear,107,24,22,1,7,23,1542805200,0.83,4.24,18,1,0,32.21,7.61,0,35.79,30.99,3.049,,clear-day,clear,0,0,0,0,1,0
,35.013826,-85.252077,3700 - 3849 S Terrace,,S Germantown Rd,12/8/2018 23:00,2018-12-08,23,1544328000,,,,Property Damage,Not Collision with Motor Vehicle in Transport,No,No,No,No,55,1,No,No,,37402,Shoulder and Lap Belt Used,37323,No,No,Dark - Lighted,Rain,107,24,22,1,7,23,1544324400,0.99,5.33,30,0,0.16,35,5.33,1,38.97,38.68,1.787,rain,rain,rain,1,0,0,0,0,1
,35.014733,-85.251611,N Terrace,,S Germantown Rd,1/4/2019 16:00,2019-01-04,16,1546635600,,,,Property Damage,Front to Rear,No,No,No,No,35,2,No,No,Shoulder and Lap Belt Used,37404,Shoulder and Lap Belt Used,37343,No,No,Daylight,Cloudy,107,24,22,1,7,23,1546632000,0.78,10.44,235,1,0.056,51.53,20.07,0.75,51.53,44.73,6.832,rain,rain,light rain,1,0,0,0,0,1
,35.014375,-85.252128,Hwy 18310 Interstate 24 Eb,,Germantown Rd,1/19/2019 14:00,2019-01-19,14,1547924400,,,,Possible Injury,Not Collision with Motor Vehicle in Transport,No,No,Yes,No,55,1,No,No,Shoulder and Lap Belt Used,92679,,,No,No,Daylight,Rain,107,24,22,1,7,23,1547920800,1,4.58,190,2,0.22,54.21,10.58,1,54.21,54.21,1.236,rain,rain,rain,1,0,0,0,0,1
,35.014338,-85.252069,18310-18399 Interstate 24 Eb Rd,I-24,Germantown Rd,3/1/2019 7:00,2019-03-01,7,1551441600,,,,Possible Injury,Not Collision with Motor Vehicle in Transport,No,No,No,No,55,1,No,No,Shoulder and Lap Belt Used,37377,,,No,No,Dawn,Rain,107,24,22,1,7,23,1551438000,0.97,1.85,217,0,0.076,55.55,4.97,1,55.55,54.73,3.632,rain,rain,light rain,1,0,0,0,0,1
,35.013824,-85.252075,529 S Germantown Rd,,S Terrace,4/5/2019 0:00,2019-04-05,0,1554436800,,,,Property Damage,Front to Rear,Yes,No,No,No,35,2,No,No,Shoulder and Lap Belt Used,37421,Unknown,Unknown,No,No,Dusk,Clear,107,24,22,1,7,23,1554433200,0.83,4.14,187,0,0.024,56.72,11.02,1,56.72,51.51,5.459,rain,rain,possible light rain,1,0,0,0,0,1
,35.014733,-85.251611,3700 - 3799 N Terrace,SR-1,S. Germantown Rd.,4/23/2019 15:00,2019-04-23,15,1556046000,,,,Property Damage,"Sideswipe, Same Direction",No,No,No,No,30,2,No,No,Shoulder and Lap Belt Used,48168,Shoulder and Lap Belt Used,35966,No,No,Daylight,Clear,107,24,22,1,7,23,1556042400,0.29,7.26,234,8,0,82,16.23,0,82,46.72,7.662,,clear-day,clear,0,0,0,0,1,0
,35.014602,-85.251685,508  S Germantown Rd,,S Terrace,6/5/2019 11:00,2019-06-05,11,1559746800,,,,Property Damage,Angle,No,No,No,No,40,2,No,No,Shoulder and Lap Belt Used,37404,Shoulder and Lap Belt Used,37321,No,No,Daylight,Cloudy,107,24,22,1,7,23,1559743200,0.73,2.23,199,5,0,76.08,4.48,0.44,75.43,65.97,5.114,,partly-cloudy-day,partly cloudy,0,1,0,0,0,0
,35.014602,-85.251685,500 Germantown Rd,,South Terrace,6/14/2019 12:00,2019-06-14,12,1560528000,,,,Property Damage,Front to Rear,Yes,No,No,No,35,2,No,No,Shoulder and Lap Belt Used,64055,Unknown,30721,No,No,Daylight,Clear,107,24,22,1,7,23,1560524400,0.38,5.11,50,8,0,72.24,10.09,0,72.24,45.05,3.554,,clear-day,clear,0,0,0,0,1,0
,35.007983,-85.277733,Dodds Ave,,E 28th St,3/5/2018 17:00,2018-03-05,17,1520287200,,,,Possible Injury,Front to Rear,No,No,Yes,No,35,2,No,No,Shoulder and Lap Belt Used,37404,Shoulder and Lap Belt Used,37404,No,No,Daylight,Rain,34,22,25,0,7,14,1520283600,0.59,0.97,160,1,0,53.63,2.69,1,53.63,39.52,5.667,,cloudy,overcast,0,1,0,0,0,0
,35.006294,-85.278923,Dodds Ave,SR-3009,E. 30th,3/21/2018 17:00,2018-03-21,17,1521666000,,,,Possible Injury,Angle,No,No,Yes,No,40,2,No,No,Unknown,37407,Unknown,37405,No,No,Daylight,Clear,34,22,25,0,7,14,1521662400,0.46,6.95,325,2,0,42.56,15.99,1,46.14,26.31,5.667,,cloudy,overcast,0,1,0,0,0,0
,35.003545,-85.281102,3321 Dodds Ave,,E 32nd St,8/27/2018 15:00,2018-08-27,15,1535396400,,,,Property Damage,"Sideswipe, Same Direction",No,No,No,No,15,2,No,No,,37407,Shoulder and Lap Belt Used,33545,,,Daylight,Clear,34,22,25,0,7,14,1535392800,0.5,2.54,158,5,0,92.36,8.11,0.75,88.71,67.84,8.003,,partly-cloudy-day,mostly cloudy,0,1,0,0,0,0
,35.003545,-85.281102,3321 Dodds Ave,,Dodds,4/9/2019 16:00,2019-04-09,16,1554840000,,,,Property Damage,Rear to Rear,No,No,No,No,15,2,No,No,Shoulder and Lap Belt Used,37343,Shoulder and Lap Belt Used,37343,No,No,Daylight,Clear,34,22,25,0,7,14,1554836400,0.51,10.33,21,5,0,75.5,16.7,0.44,75.5,55.86,9.353,,partly-cloudy-day,partly cloudy,0,1,0,0,0,0
,35.003545,-85.281102,3321 Dodds Ave,,Dodds,4/9/2019 16:00,2019-04-09,16,1554840000,,,,Property Damage,Rear to Rear,No,No,No,No,15,2,No,No,Shoulder and Lap Belt Used,37343,Shoulder and Lap Belt Used,37343,No,No,Daylight,Clear,34,22,25,0,7,14,1554836400,0.51,10.33,21,5,0,75.5,16.7,0.44,75.5,55.86,9.353,,partly-cloudy-day,partly cloudy,0,1,0,0,0,0
,35.003545,-85.281102,3321 Dodds Ave,,Dodds,4/9/2019 16:00,2019-04-09,16,1554840000,,,,Property Damage,Rear to Rear,No,No,No,No,15,2,No,No,Shoulder and Lap Belt Used,37343,Shoulder and Lap Belt Used,37343,No,No,Daylight,Clear,34,22,25,0,7,14,1554836400,0.51,10.33,21,5,0,75.5,16.7,0.44,75.5,55.86,9.353,,partly-cloudy-day,partly cloudy,0,1,0,0,0,0
,35.003545,-85.281102,3321 Dodds Ave,,Dodds,4/9/2019 16:00,2019-04-09,16,1554840000,,,,Property Damage,Rear to Rear,No,No,No,No,15,2,No,No,Shoulder and Lap Belt Used,37343,Shoulder and Lap Belt Used,37343,No,No,Daylight,Clear,34,22,25,0,7,14,1554836400,0.51,10.33,21,5,0,75.5,16.7,0.44,75.5,55.86,9.353,,partly-cloudy-day,partly cloudy,0,1,0,0,0,0
,35.007983,-85.277733,2900 Dodds Ave,,E 29th St,5/30/2019 17:00,2019-05-30,17,1559250000,,,,Suspected Serious Injury,Angle,No,No,Yes,No,30,2,No,No,Shoulder and Lap Belt Used,37407,Shoulder and Lap Belt Used,37407,No,No,Daylight,Clear,34,22,25,0,7,14,1559246400,0.44,6.16,232,4,0,87.73,14.96,0.44,87.16,62.29,3.507,,partly-cloudy-day,partly cloudy,0,1,0,0,0,0
,35.007983,-85.277733,2900 Dodds Ave,,E 29th St,5/30/2019 17:00,2019-05-30,17,1559250000,,,,Suspected Serious Injury,Angle,No,No,Yes,No,30,2,No,No,Shoulder and Lap Belt Used,37407,Shoulder and Lap Belt Used,37407,No,No,Daylight,Clear,34,22,25,0,7,14,1559246400,0.44,6.16,232,4,0,87.73,14.96,0.44,87.16,62.29,3.507,,partly-cloudy-day,partly cloudy,0,1,0,0,0,0
,35.007983,-85.277733,2900 Dodds Ave,,E 29th St,5/30/2019 17:00,2019-05-30,17,1559250000,,,,Suspected Serious Injury,Angle,No,No,Yes,No,30,2,No,No,Shoulder and Lap Belt Used,37407,Shoulder and Lap Belt Used,37407,No,No,Daylight,Clear,34,22,25,0,7,14,1559246400,0.44,6.16,232,4,0,87.73,14.96,0.44,87.16,62.29,3.507,,partly-cloudy-day,partly cloudy,0,1,0,0,0,0
,35.007983,-85.277733,2900 Dodds Ave,,E 29th St,5/30/2019 17:00,2019-05-30,17,1559250000,,,,Suspected Serious Injury,Angle,No,No,Yes,No,30,2,No,No,Shoulder and Lap Belt Used,37407,Shoulder and Lap Belt Used,37407,No,No,Daylight,Clear,34,22,25,0,7,14,1559246400,0.44,6.16,232,4,0,87.73,14.96,0.44,87.16,62.29,3.507,,partly-cloudy-day,partly cloudy,0,1,0,0,0,0
,35.005687,-85.278991,3102 Dodds Ave,,Dodds Ave,6/11/2019 18:00,2019-06-11,18,1560290400,,,,Property Damage,Angle,No,No,No,No,,2,No,No,Unknown,37407,Shoulder and Lap Belt Used,37407,No,No,Daylight,Clear,34,22,25,0,7,14,1560286800,0.41,7.94,24,3,0,76.77,13.2,0,76.77,51.57,7.655,,clear-day,clear,0,0,0,0,1,0
,35.005687,-85.278991,3102 Dodds Ave,,Dodds Ave,6/11/2019 18:00,2019-06-11,18,1560290400,,,,Property Damage,Angle,No,No,No,No,,2,No,No,Unknown,37407,Shoulder and Lap Belt Used,37407,No,No,Daylight,Clear,34,22,25,0,7,14,1560286800,0.41,7.94,24,3,0,76.77,13.2,0,76.77,51.57,7.655,,clear-day,clear,0,0,0,0,1,0
,35.005687,-85.278991,3102 Dodds Ave,,Dodds Ave,6/11/2019 18:00,2019-06-11,18,1560290400,,,,Property Damage,Angle,No,No,No,No,,2,No,No,Unknown,37407,Shoulder and Lap Belt Used,37407,No,No,Daylight,Clear,34,22,25,0,7,14,1560286800,0.41,7.94,24,3,0,76.77,13.2,0,76.77,51.57,7.655,,clear-day,clear,0,0,0,0,1,0
,35.005687,-85.278991,3102 Dodds Ave,,Dodds Ave,6/11/2019 18:00,2019-06-11,18,1560290400,,,,Property Damage,Angle,No,No,No,No,,2,No,No,Unknown,37407,Shoulder and Lap Belt Used,37407,No,No,Daylight,Clear,34,22,25,0,7,14,1560286800,0.41,7.94,24,3,0,76.77,13.2,0,76.77,51.57,7.655,,clear-day,clear,0,0,0,0,1,0
,35.012426,-85.157252,7643 E Brainerd Rd,,Mackey Branch Dr,3/6/2018 16:00,2018-03-06,16,1520370000,,,,Property Damage Under,Front to Rear,No,No,No,No,40,2,No,No,Shoulder and Lap Belt Used,30736,Shoulder and Lap Belt Used,37416,No,No,Daylight,Clear,245,35,18,0,2,3,1520366400,0.24,4.22,304,2,0,65.59,12.81,0.15,65.59,27.4,5.991,,partly-cloudy-day,partly cloudy,0,1,0,0,0,0
,35.0115948,-85.157075,8740 East brainerd rd,US-11,8900 fuller rd,3/14/2018 22:00,2018-03-14,22,1521079200,,,,Property Damage,Angle,No,No,No,No,40,2,No,No,Shoulder and Lap Belt Used,37421,Shoulder and Lap Belt Used,37421,No,No,Dark - Lighted,Clear,245,35,18,0,2,3,1521075600,0.4,0.98,285,0,0,39.81,2.04,0,39.81,17.17,5.718,,clear-night,clear,0,0,0,0,1,0
,35.013833,-85.157319,7601 E Brainerd Rd,,Startman cir,3/15/2018 0:00,2018-03-15,0,1521086400,,,,Property Damage Under,Unknown,Yes,No,No,No,,2,No,No,,37363,Unknown,Unknown,,,Unknown,Clear,245,35,18,0,2,3,1521082800,0.49,0.44,252,0,0,36.48,1.84,0,36.48,19.36,6.037,,clear-night,clear,0,0,0,0,1,0
,35.0149545,-85.163612,7600 E Brainerd Rd,,Gunbarrel Rd,4/2/2018 0:00,2018-04-02,0,1522641600,,,,Property Damage Under,Front to Rear,No,No,No,No,40,2,No,No,Shoulder and Lap Belt Used,37421,Shoulder and Lap Belt Used,37421,No,No,Unknown,Clear,245,35,18,0,2,3,1522638000,0.48,1.59,193,0,0,65.52,3.84,0.61,65.52,45.53,7.45,,partly-cloudy-night,mostly cloudy,0,1,0,0,0,0
,35.011415,-85.164367,Carriage Parc Dr,,Gunbarrel Rd,4/10/2018 0:00,2018-04-10,0,1523332800,,,,Property Damage,Unknown,Yes,No,No,No,15,2,No,No,,37421,Unknown,Unknown,,,Unknown,Clear,245,35,18,0,2,3,1523329200,0.69,1.08,2,0,0,51.64,2.71,0.49,51.64,41.98,5.991,,partly-cloudy-night,partly cloudy,0,1,0,0,0,0
,35.0131871,-85.157834,Mackey Branch Dr,,East Brainerd Road,4/12/2018 0:00,2018-04-12,0,1523505600,,,,Property Damage,Unknown,Yes,No,No,No,15,2,No,No,Unknown,Unknown,,30705,,,Daylight,Clear,245,35,18,0,2,3,1523502000,0.53,0.36,167,0,0,55.5,1.41,0.63,55.5,38.85,6.083,,partly-cloudy-night,mostly cloudy,0,1,0,0,0,0
,35.014519,-85.16316,7420 E Brainerd Rd,,Gunbarrel Rd,4/18/2018 21:00,2018-04-18,21,1524099600,,,,Property Damage Under,"Sideswipe, Same Direction",Yes,No,No,No,25,2,No,No,Unknown,Unknown,Shoulder and Lap Belt Used,37421,No,No,Dark - Lighted,Clear,245,35,18,0,2,3,1524096000,0.54,2.74,235,0,0,73.69,8.08,0.8,73.69,56.14,6.547,,partly-cloudy-night,mostly cloudy,0,1,0,0,0,0
,35.012862,-85.156548,Mackey Branch Dr,,E Brainerd Rd,5/5/2018 0:00,2018-05-05,0,1525492800,,,,Property Damage,Unknown,Yes,No,No,No,15,2,No,No,,37405,Unknown,Unknown,,,Unknown,Clear,245,35,18,0,2,3,1525489200,0.72,0.31,254,0,0,70.3,1.37,0.44,70.19,60.8,5.718,,partly-cloudy-night,partly cloudy,0,1,0,0,0,0
,35.015601,-85.163219,7401 E Brainerd Rd,,Gunbarrel Rd,6/15/2018 19:00,2018-06-15,19,1529103600,,,,Property Damage,Front to Rear,No,No,No,No,40,2,No,No,Shoulder and Lap Belt Used,37421,Shoulder and Lap Belt Used,37353,No,No,Daylight,Clear,245,35,18,0,2,3,1529100000,0.43,4.03,7,1,0,93.3,8.38,0,90.95,65.41,6.037,,clear-day,clear,0,0,0,0,1,0
,35.0128498,-85.159462,400 Workman Rd,,Wilson Rd,7/10/2018 13:00,2018-07-10,13,1531242000,,,,Suspected Minor Injury,Front to Rear,Yes,No,Yes,No,35,2,No,No,Unknown,30738,Shoulder and Lap Belt Used,30741,No,No,Daylight,Clear,245,35,18,0,2,3,1531238400,0.53,3.57,1,6,0,95.28,7.91,0.75,89.72,70.13,7.868,,partly-cloudy-day,mostly cloudy,0,1,0,0,0,0
,35.014193,-85.163821,Gunbarrel Rd,,E Brainerd Rd,8/7/2018 8:00,2018-08-07,8,1533643200,,,,Property Damage,Angle,No,No,No,No,15,2,No,No,Shoulder and Lap Belt Used,37421,Shoulder and Lap Belt Used,37404,No,No,Daylight,Clear,245,35,18,0,2,3,1533639600,0.92,1.19,352,0,0,73.82,4.56,0.44,72.54,70.06,3.823,,partly-cloudy-day,partly cloudy,0,1,0,0,0,0
,35.015601,-85.163219,7401 E Brainerd Rd,SR-7401,Gunbarrel Rd,9/7/2018 14:00,2018-09-07,14,1536343200,,,,Property Damage,Front to Rear,Yes,No,No,No,40,2,No,No,Shoulder and Lap Belt Used,37397,Unknown,Unknown,No,No,Daylight,Clear,245,35,18,0,2,3,1536339600,0.52,3.07,73,9,0,93.15,7.78,0,88.73,68.91,6.464,,clear-day,clear,0,0,0,0,1,0
,35.010506,-85.162806,1220 Joiner Rd,,Eric Dr,10/22/2018 0:00,2018-10-22,0,1540180800,,,,Property Damage Under,Unknown,Yes,No,No,No,,1,No,No,,37421,Unknown,Unknown,,,Unknown,Clear,245,35,18,0,2,3,1540177200,0.87,0.81,32,0,0,40.4,5.1,0,40.4,36.87,7.424,,clear-night,clear,0,0,0,0,1,0
,35.014519,-85.16316,E Brainerd Rd,,Gunbarrel Rd,11/19/2018 18:00,2018-11-19,18,1542668400,,,,Property Damage,Front to Rear,Yes,No,No,No,15,2,No,No,Unknown,Unknown,Shoulder and Lap Belt Used,20008,No,No,Unknown,Unknown,245,35,18,0,2,3,1542664800,0.72,5.66,227,0,0.001,57.63,13.42,1,57.63,48.79,5.295,rain,rain,possible drizzle,1,0,0,0,0,1
,35.009147,-85.15844,Aspen Lodge Way,,Reserve Way,12/12/2018 0:00,2018-12-12,0,1544590800,,,,Property Damage,Unknown,Yes,No,No,No,15,2,No,No,,37421,Unknown,Unknown,,,Unknown,Clear,245,35,18,0,2,3,1544587200,0.79,1.1,223,0,0,30.35,4.24,0,30.35,24.71,5.587,,clear-night,clear,0,0,0,0,1,0
,35.014767,-85.163566,7400 E Brainerd Rd,,Gunbarrel Rd,2/1/2019 7:00,2019-02-01,7,1549022400,,,,Property Damage Under,Front to Rear,No,No,No,No,40,2,No,No,Shoulder and Lap Belt Used,37421,Shoulder and Lap Belt Used,30736,No,No,Daylight,Clear,245,35,18,0,2,3,1549018800,0.73,2.04,218,0,0,31.6,6.17,0.24,31.6,23.86,5.604,,partly-cloudy-night,partly cloudy,0,1,0,0,0,0
,35.013797,-85.16132,E Brainerd Rd,,Joiner Rd,2/18/2019 10:00,2019-02-18,10,1550502000,,,,Possible Injury,Angle,No,No,Yes,No,25,2,No,No,Shoulder and Lap Belt Used,30736,Shoulder and Lap Belt Used,30269,No,No,Daylight,Clear,245,35,18,0,2,3,1550498400,0.72,5.59,329,2,0,40.01,12.22,0.69,43.36,34.98,8.195,,partly-cloudy-day,mostly cloudy,0,1,0,0,0,0
,35.014806,-85.162882,8115 East Brainered Rd,,Jubilee Dr,3/18/2019 0:00,2019-03-18,0,1552881600,,,,Property Damage,Other,Yes,No,No,No,15,2,No,No,,30721,,37421,,,Unknown,Clear,245,35,18,0,2,3,1552878000,0.54,2.02,320,0,0,45.64,5.4,0,45.64,30.01,5.465,,clear-night,clear,0,0,0,0,1,0
,35.013928,-85.157821,7601 E Brainerd Rd,,Stratman Cir,5/11/2019 17:00,2019-05-11,17,1557608400,,,,Property Damage,Angle,Yes,No,No,No,40,2,No,No,Shoulder and Lap Belt Used,37421,Shoulder and Lap Belt Used,37421,No,No,Daylight,Rain,245,35,18,0,2,3,1557604800,0.75,7.71,179,3,0.001,79.17,8.27,0.75,78.12,69.62,5.639,rain,partly-cloudy-day,mostly cloudy,0,1,0,0,0,0
,35.01255,-85.158602,Highway 153,,Lee Hwy,5/23/2019 20:00,2019-05-23,20,1558656000,,,,Property Damage Under,Not Collision with Motor Vehicle in Transport,No,No,No,No,55,1,No,No,Shoulder and Lap Belt Used,37343,,,No,No,Daylight,Clear,245,35,18,0,2,3,1558652400,0.52,2.02,227,0,0,91.91,6.2,0.19,88.03,68.3,6.118,,partly-cloudy-day,partly cloudy,0,1,0,0,0,0
,35.014767,-85.163566,7400 E Brainerd Rd,,East Brainerd Rd,5/25/2019 13:00,2019-05-25,13,1558803600,,,,Property Damage,Front to Rear,No,No,No,No,,2,No,No,Shoulder and Lap Belt Used,32003,Shoulder and Lap Belt Used,37412,No,No,Daylight,Clear,245,35,18,0,2,3,1558800000,0.45,6.42,299,8,0,91.56,12.46,0.44,89.48,65.21,5.547,,partly-cloudy-day,partly cloudy,0,1,0,0,0,0
,35.011989,-85.165379,1351 Gunbarrel Rd,SR-1,Elaine Cir,5/28/2019 0:00,2019-05-28,0,1559016000,,,,Property Damage,Other,No,No,No,No,25,2,No,No,Shoulder and Lap Belt Used,37421,Shoulder and Lap Belt Used,37415,No,No,Unknown,Unknown,245,35,18,0,2,3,1559012400,0.74,2.33,190,0,0,78.59,2.33,0,77.67,68.54,2.847,,clear-night,clear,0,0,0,0,1,0
,35.073169,-85.182346,6188 Adamson Cir,,Bonny Oaks Dr,3/7/2018 20:00,2018-03-07,20,1520470800,,,,Suspected Minor Injury,Angle,No,No,Yes,No,40,2,No,No,Shoulder and Lap Belt Used,37403,Shoulder and Lap Belt Used,37412,No,No,Dark - Not Lighted,Clear,548,29,11,0,7,8,1520467200,0.55,2.66,325,0,0,40.21,5.58,1,40.21,25.11,6.257,,cloudy,overcast,0,1,0,0,0,0
,35.073046,-85.183577,Bonny Oaks Dr,,Bonny Oaks Dr,7/17/2018 16:00,2018-07-17,16,1531857600,,,,Property Damage,Front to Rear,Yes,No,No,No,40,4,No,No,Unknown,Unknown,Unknown,Unknown,,,Daylight,Rain,548,29,11,0,7,8,1531854000,0.72,3.49,195,,,88.03,,,82.6,72.55,,rain,clear-night,humid,0,0,0,0,1,0
,35.0719705,-85.179236,4309 Distribution Dr,,Enterprise Park Drive,8/8/2018 0:00,2018-08-08,0,1533700800,,,,Property Damage,Unknown,Yes,No,No,No,,2,No,No,Unknown,Unknown,,30725,,,Unknown,Cloudy,548,29,11,0,7,8,1533697200,0.7,2.68,195,0,0,79.13,6.4,0,78.3,67.83,6.254,,clear-night,clear,0,0,0,0,1,0
,35.072687,-85.184452,6135 Heritage Park Dr,,Founders,11/21/2018 9:00,2018-11-21,9,1542808800,,,,Property Damage Under,Angle,No,No,No,No,,2,No,No,Shoulder and Lap Belt Used,37343,Shoulder and Lap Belt Used,37406,No,No,Daylight,Clear,548,29,11,0,7,8,1542805200,0.8,5.6,14,1,0,32.27,9.85,0,36.83,31.27,5.238,,clear-day,clear,0,0,0,0,1,0
,35.072687,-85.184452,6135 Heritage Park Dr,US-1,Adamson Cir,5/28/2019 0:00,2019-05-28,0,1559016000,,,,Property Damage Under,Other,No,No,No,No,15,2,No,No,,37404,Shoulder and Lap Belt Used,37379,No,No,Unknown,Unknown,548,29,11,0,7,8,1559012400,0.72,2.14,198,0,0,78.45,2.18,0,77.6,67.97,3.4,,clear-night,clear,0,0,0,0,1,0