Accident,Latitude,Longitude,Street,AltStreet,Intersection,DateTime,Date,Hour,Unix,WeekDay,WeekEnd,DayFrame,AccidentType,CollisionType,HaR,FatalInjury,MedicalTransport,InvolvedPlacardedTruck,PostedSpeed,TotalVehiclesInvolved,PedestrianInvolved,BicycleInvolved,DriverOneSafetyEquipment,DriverOneZip,DriverTwoSafetyEquipment,DriverTwoZip,Drug,Alcohol,LightCondition,Weather,Grid_Block,Grid_Col,Grid_Row,Highway,Land_Use_Mode,Road_Count,HourBefore,humidity,windSpeed,windBearing,uvIndex,precipIntensity,apparentTemperature,windGust,cloudCover,temperature,dewPoint,visibility,precipType,Event,Conditions,Rain,Cloudy,Foggy,Snow,Clear,RainBefore
,35.088154,-85.288623,2200 Hixson Pike,,Altamont Rd,3/8/2018 21:00,2018-03-08,21,1520560800,,,,Property Damage,Front to Rear,No,No,No,No,40,2,No,No,Shoulder and Lap Belt Used,37405,Shoulder and Lap Belt Used,35765,No,No,Dark - Lighted,Clear,399,15,14,0,7,4,1520557200,0.56,0.7,348,0,0,34.78,1.98,0,34.78,20.55,2.912,,clear-night,clear,0,0,0,0,1,0
,35.08472,-85.291881,2000 Hixson Pike,,Fernway Rd.,3/19/2018 0:00,2018-03-19,0,1521432000,,,,Suspected Minor Injury,Head On,No,No,No,No,40,2,No,No,,37421,Shoulder and Lap Belt Used,37343,No,No,Unknown,Rain,399,15,14,0,7,4,1521428400,0.67,0.14,,0,0,58.92,0.22,1,58.92,47.84,7.412,,cloudy,overcast,0,1,0,0,0,0
,35.084751,-85.291874,2000 Hixson Pike,,Fernway Rd,8/25/2018 0:00,2018-08-25,0,1535169600,,,,Possible Injury,Angle,No,No,Yes,No,40,2,No,No,,63132,Shoulder and Lap Belt Used,37405,No,No,Unknown,Clear,399,15,14,0,7,4,1535166000,0.73,3.96,155,0,0,71.2,3.97,0.39,70.99,61.78,3.245,,partly-cloudy-night,partly cloudy,0,1,0,0,0,0
,35.086803,-85.290226,Fernway Rd,,Hixson Pike,6/24/2019 17:00,2019-06-24,17,1561410000,,,,Property Damage Under,Front to Rear,No,No,No,No,35,2,No,No,Shoulder and Lap Belt Used,37415,Shoulder and Lap Belt Used,37174,No,No,Daylight,Rain,399,15,14,0,7,4,1561406400,0.67,10.83,222,4,0.369,88.45,19.63,0.75,83.44,71.36,0.657,rain,rain,rain,1,0,0,0,0,1
,35.101846,-85.281474,3119 Ozark Rd,,Van Burean,3/9/2018 0:00,2018-03-09,0,1520571600,,,,Property Damage Under,Not Collision with Motor Vehicle in Transport,Yes,No,No,No,25,1,No,No,,37415,Unknown,Unknown,,,Unknown,Clear,489,15,12,0,7,14,1520568000,0.67,0.15,0,0,0,30.74,0.44,0,30.74,20.94,2.804,,clear-night,clear,0,0,0,0,1,0
,35.108905,-85.216324,5600 Lake Resort Dr,,Lake Resort Ter,3/9/2018 0:00,2018-03-09,0,1520571600,,,,Property Damage,Not Collision with Motor Vehicle in Transport,No,No,No,No,35,1,No,No,Shoulder and Lap Belt Used,37411,,,No,No,Dark - Unknown Lighting,Clear,707,23,7,0,-1,-1,1520568000,0.67,0.25,0,0,0,30.51,0.67,0,30.51,21,5.961,,clear-night,clear,0,0,0,0,1,0
,35.110038,-85.211813,Lake Resort Ter,,Queen-Aire Ln,5/30/2019 0:00,2019-05-30,0,1559188800,,,,Property Damage,Angle,No,No,No,No,15,2,No,No,Shoulder and Lap Belt Used,37415,,37412,,,Unknown,Unknown,707,23,7,0,-1,-1,1559185200,0.57,3.97,224,0,0,79.92,6.76,0.35,79.59,62.96,7.729,,partly-cloudy-night,partly cloudy,0,1,0,0,0,0
,35.0475715,-85.232399,1600 Dogwood Dr,,Wilcox Blvd,3/9/2018 15:00,2018-03-09,15,1520625600,,,,Property Damage,Angle,No,No,No,No,25,2,No,No,Shoulder and Lap Belt Used,37406,Shoulder and Lap Belt Used,37406,No,No,Daylight,Clear,274,25,17,0,7,13,1520622000,0.31,4.17,226,4,0,56.86,9.49,0,56.86,26.64,6.265,,clear-day,clear,0,0,0,0,1,0
,35.044558,-85.231337,Wilcox Blvd,,Pinoak Dr,10/6/2018 14:00,2018-10-06,14,1538848800,,,,Suspected Minor Injury,Not Collision with Motor Vehicle in Transport,No,No,Yes,No,35,1,No,No,Shoulder and Lap Belt Used,37421,,,No,No,Daylight,Clear,274,25,17,0,7,13,1538845200,0.5,2.77,160,7,0,92.21,7.44,0,88.63,67.75,6.24,,clear-day,clear,0,0,0,0,1,0
,35.043778,-85.228408,3770 - 3799 Wilcox Blvd,,Dogwood,10/13/2018 2:00,2018-10-13,2,1539410400,,,,Property Damage,Not Collision with Motor Vehicle in Transport,No,No,No,No,35,1,No,No,Shoulder and Lap Belt Used,30707,,,No,No,Dark - Lighted,Clear,274,25,17,0,7,13,1539406800,0.69,1.1,247,0,0,58.32,3.13,1,58.32,48.31,10,,cloudy,overcast,0,1,0,0,0,0
,35.045127,-85.231777,3700 Wilcox Blvd,,Jeanaga Trl,11/19/2018 11:00,2018-11-19,11,1542643200,,,,Property Damage,Front to Rear,No,No,No,No,35,2,No,No,Shoulder and Lap Belt Used,37411,Shoulder and Lap Belt Used,39503,No,No,Daylight,Clear,274,25,17,0,7,13,1542639600,0.65,4.06,181,3,0,57.23,9.7,0,57.23,45.54,4.109,,clear-day,clear,0,0,0,0,1,0
,35.044061,-85.225924,3777 Wilcox Blvd,,3777 Wilcox,4/27/2019 0:00,2019-04-27,0,1556337600,,,,Property Damage Under,Unknown,Yes,No,No,No,45,2,No,No,,37363,Unknown,Unknown,,,Unknown,Clear,274,25,17,0,7,13,1556334000,0.36,5.06,333,0,0,60.22,8.89,0,60.22,33.2,6.282,,clear-night,clear,0,0,0,0,1,0
,35.041833,-85.22701,1201 Talley Rd,,Shallowford Rd,4/28/2019 0:00,2019-04-28,0,1556424000,,,,Property Damage,Not Collision with Motor Vehicle in Transport,Yes,No,No,No,30,1,No,No,Unknown,Unknown,,,,,Unknown,Clear,274,25,17,0,7,13,1556420400,0.4,5.26,208,0,0,68.29,12.41,0.75,68.29,42.86,6.808,,partly-cloudy-night,mostly cloudy,0,1,0,0,0,0
,35.004095,-85.218177,18520 Hwy 24 WB,,Spring Creek Rd,3/9/2018 15:00,2018-03-09,15,1520625600,,,,Property Damage Under,Front to Rear,Yes,No,No,No,55,2,No,No,Shoulder and Lap Belt Used,30736,Unknown,,No,No,Daylight,Clear,112,29,22,1,2,2,1520622000,0.31,4.14,225,4,0,56.88,9.65,0,56.88,26.52,6.124,,clear-day,clear,0,0,0,0,1,0
,35.004613,-85.220466,18500 I-24 WB Rd,I-24,Spring Creek Rd,3/30/2018 17:00,2018-03-30,17,1522443600,,,,Property Damage,Front to Rear,No,No,No,No,55,2,No,No,None Used MV Occupant,30741,Shoulder and Lap Belt Used,37411,No,No,Daylight,Clear,112,29,22,1,2,2,1522440000,0.54,4.89,323,3,0,58.22,11.54,0.75,58.22,41.76,6.123,,partly-cloudy-day,mostly cloudy,0,1,0,0,0,0
,35.004095,-85.218177,18520 Interstate,I-24,I75,4/10/2018 8:00,2018-04-10,8,1523361600,,,,Possible Injury,Front to Rear,No,No,No,No,55,2,No,No,Unknown,37350,Unknown,37377,No,No,Daylight,Clear,112,29,22,1,2,2,1523358000,0.7,1.41,1,0,0,44.91,2.16,0,44.91,35.84,3.492,,clear-day,clear,0,0,0,0,1,0
,35.004613,-85.220466,18500 Interstate 24 West,,I-75,4/22/2018 14:00,2018-04-22,14,1524420000,,,,Property Damage Under,Front to Rear,Yes,No,No,No,55,2,No,No,Shoulder and Lap Belt Used,37075,Unknown,Unknown,No,No,Daylight,Rain,112,29,22,1,2,2,1524416400,0.91,1.54,132,5,0.057,58.22,4.58,1,58.22,55.54,3.097,rain,rain,light rain,1,0,0,0,0,1
,35.004095,-85.218177,18520 Interstate 24 Eb    rd,I-24,I-75 NB,6/17/2018 20:00,2018-06-17,20,1529280000,,,,Property Damage,Not Collision with Motor Vehicle in Transport,No,No,No,No,55,1,No,No,Shoulder and Lap Belt Used,37421,,,No,No,Dark - Lighted,Rain,112,29,22,1,2,2,1529276400,0.8,2.98,241,0,0.002,76.89,6.57,0.44,75.83,69.33,6.127,rain,rain,possible drizzle,1,0,0,0,0,1
,35.004613,-85.220466,18500 Hwy 24 Wb,,18500 Hwy 24 Wb,9/10/2018 16:00,2018-09-10,16,1536609600,,,,Property Damage Under,"Sideswipe, Same Direction",No,No,No,No,55,2,No,No,Shoulder and Lap Belt Used,37046,Shoulder and Lap Belt Used,46635,No,No,Daylight,Clear,112,29,22,1,2,2,1536606000,0.83,2.37,263,4,0.032,76.54,6.9,0.75,75.38,70,7.132,rain,rain,light rain,1,0,0,0,0,1
,35.004613,-85.220466,18500 Interstate,I-24,I 75,9/24/2018 13:00,2018-09-24,13,1537808400,,,,Suspected Minor Injury,Not Collision with Motor Vehicle in Transport,No,No,No,No,55,1,No,No,,37421,,,No,No,Daylight,Rain,112,29,22,1,2,2,1537804800,0.96,3.53,105,4,0.314,71.91,6.53,1,70.63,69.5,1.867,rain,rain,rain,1,0,0,0,0,1
,35.004613,-85.220466,18500 Interstate 24 Westbound,I-24,Interstate 75 SB,11/9/2018 7:00,2018-11-09,7,1541764800,,,,Property Damage,Front to Rear,No,No,No,No,55,3,No,No,Shoulder and Lap Belt Used,37405,Shoulder and Lap Belt Used,37311,No,No,Daylight,Rain,112,29,22,1,2,2,1541761200,0.96,3.01,208,0,0.049,55.45,8.59,1,55.45,54.24,1.996,rain,rain,light rain,1,0,0,0,0,1
,35.003351,-85.219504,5098 S Terrace,,Spring Creek Rd,3/16/2019 0:00,2019-03-16,0,1552708800,,,,Property Damage,Not Collision with Motor Vehicle in Transport,Yes,No,No,No,40,1,No,No,Unknown,Unknown,,,,,Dark - Lighted,Clear,112,29,22,1,2,2,1552705200,0.56,9.2,344,0,0,42.16,17.29,0.44,46.63,31.73,3.124,,partly-cloudy-night,partly cloudy,0,1,0,0,0,0
,35.004095,-85.218177,18500 Interstate 24 Eastbound,I-24,Interstate 24,6/5/2019 9:00,2019-06-05,9,1559739600,,,,Property Damage,Front to Rear,No,No,No,No,55,2,No,No,Shoulder and Lap Belt Used,37421,Shoulder and Lap Belt Used,37348,No,No,Daylight,Clear,112,29,22,1,2,2,1559736000,0.78,1.32,231,2,0,72.16,6.51,0.19,71.64,64.4,5.253,,partly-cloudy-day,partly cloudy,0,1,0,0,0,0
,35.003333,-85.219192,S Terrace,,Spring Creek Rd,6/5/2019 15:00,2019-06-05,15,1559761200,,,,Property Damage,Not Collision with Motor Vehicle in Transport,No,No,No,No,35,1,No,No,Shoulder and Lap Belt Used,37380,,,No,No,Daylight,Rain,112,29,22,1,2,2,1559757600,0.86,7.11,245,6,0.057,73.85,11.82,0.75,72.84,68.26,3.243,rain,rain,light rain,1,0,0,0,0,1
,35.001968,-85.131771,1412 Morris Hill Rd,,E Brainerd Rd,3/9/2018 15:00,2018-03-09,15,1520625600,,,,Property Damage,Angle,No,No,No,No,35,2,No,No,Shoulder and Lap Belt Used,37421,Shoulder and Lap Belt Used,37302,No,No,Daylight,Clear,249,39,18,0,7,6,1520622000,0.32,4.13,227,4,0,55.98,9.73,0,55.98,26.5,5.961,,clear-day,clear,0,0,0,0,1,0
,35.000943,-85.133749,E Brainerd Rd,,Morris Ln,4/27/2018 21:00,2018-04-27,21,1524877200,,,,Property Damage,Angle,No,No,No,No,35,2,No,No,Shoulder and Lap Belt Used,37407,Shoulder and Lap Belt Used,37421,No,No,Dark - Lighted,Clear,249,39,18,0,7,6,1524873600,0.54,0.18,283,0,0,63.23,1.56,0.35,63.23,46.14,5.961,,partly-cloudy-night,partly cloudy,0,1,0,0,0,0
,34.999417,-85.133814,E Brainerd Rd,US-8644,Hurricane Creek Rd,8/28/2018 13:00,2018-08-28,13,1535475600,,,,Property Damage,Unknown,Yes,No,No,No,25,2,No,No,,37302,Unknown,Unknown,,,Daylight,Clear,249,39,18,0,7,6,1535472000,0.54,2.17,89,8,0,92.89,7.72,0.19,88.08,69.59,6.642,,partly-cloudy-day,partly cloudy,0,1,0,0,0,0
,34.999417,-85.133814,8644 E Brainerd Rd,,Morris Hill Rd,9/7/2018 18:00,2018-09-07,18,1536357600,,,,Property Damage Under,Front to Rear,No,No,No,No,45,2,No,No,Shoulder and Lap Belt Used,37415,Shoulder and Lap Belt Used,37421,No,No,Daylight,Clear,249,39,18,0,7,6,1536354000,0.49,4.52,57,1,0,93.71,8.95,0.44,89.86,67.88,6.355,,partly-cloudy-day,partly cloudy,0,1,0,0,0,0
,34.999417,-85.133814,8644 E Brainerd Rd,,Hurricane Creek Rd,11/10/2018 0:00,2018-11-10,0,1541826000,,,,Property Damage,Unknown,Yes,No,No,No,,2,No,No,,37421,Unknown,Unknown,,,Daylight,Clear,249,39,18,0,7,6,1541822400,0.79,5.54,338,0,0,36.92,11.41,0.75,40.72,34.83,7.648,,partly-cloudy-night,mostly cloudy,0,1,0,0,0,0
,34.999417,-85.133814,8644 E Brainerd Rd,,Morris Ln,2/18/2019 12:00,2019-02-18,12,1550509200,,,,Property Damage,Angle,No,No,No,No,15,2,No,No,Unknown,30738,,37421,No,No,Daylight,Clear,249,39,18,0,7,6,1550505600,0.68,5.55,350,5,0,41.58,11.24,0.44,44.66,34.77,6.339,,partly-cloudy-day,partly cloudy,0,1,0,0,0,0
,35.000009,-85.132107,1178 Hurricain Creek Rd,,E Brainerd Rd,4/12/2019 16:00,2019-04-12,16,1555099200,,,,Property Damage,Other,No,No,No,No,25,2,No,No,Shoulder and Lap Belt Used,37421,Shoulder and Lap Belt Used,37421,No,No,Daylight,Clear,249,39,18,0,7,6,1555095600,0.45,8.04,213,4,0,78.03,17.12,0.75,78.03,54.9,4.719,,partly-cloudy-day,mostly cloudy,0,1,0,0,0,0
,35.079536,-85.227135,4000 Bonny Oaks Dr,,Addison Rd.,3/12/2018 10:00,2018-03-12,10,1520863200,,,,Property Damage,Front to Rear,No,No,No,No,45,2,No,No,Unknown,37411,Unknown,37322,No,No,Daylight,Clear,497,23,12,0,7,7,1520859600,0.82,5.1,344,1,0,32.88,11.26,1,37.01,31.96,4.471,,cloudy,overcast,0,1,0,0,0,0
,35.078396,-85.228522,Bonny Oaks Dr,SR-3912,Bonny Oaks Dr,6/19/2018 7:00,2018-06-19,7,1529406000,,,,Suspected Minor Injury,Angle,No,No,Yes,No,35,3,No,No,Shoulder and Lap Belt Used,37416,Shoulder and Lap Belt Used,37416,No,No,Daylight,Clear,497,23,12,0,7,7,1529402400,0.85,1.74,335,0,0,75.18,7.07,0.16,74.08,69.26,2.987,,partly-cloudy-day,partly cloudy,0,1,0,0,0,0
,35.080398,-85.225265,4047 Glencoe St,,Bonny Oaks Drive,7/23/2018 17:00,2018-07-23,17,1532379600,,,,Possible Injury,Not Collision with Motor Vehicle in Transport,No,No,No,No,40,1,No,Yes,Unknown,37406,Shoulder and Lap Belt Used,37406,No,No,Daylight,Clear,497,23,12,0,7,7,1532376000,0.58,6.84,338,4,0,86.38,11.6,0.75,83.67,67.11,7.462,,partly-cloudy-day,mostly cloudy,0,1,0,0,0,0
,35.086628,-85.134797,8005 Volkswagen Dr,,Volkswagen Dr,3/12/2018 11:00,2018-03-12,11,1520866800,,,,Property Damage,Rear to Side,No,No,No,No,15,2,No,No,Shoulder and Lap Belt Used,37421,Shoulder and Lap Belt Used,37407,No,No,Daylight,Clear,752,33,6,0,-1,-1,1520863200,0.82,6.01,332,2,0,32.68,14.77,1,37.42,32.4,5.565,,cloudy,overcast,0,1,0,0,0,0
,35.087197,-85.134496,Volkswagen Dr,,Volkswagon drive,6/25/2018 8:00,2018-06-25,8,1529928000,,,,Property Damage,Unknown,Yes,No,No,No,35,2,No,No,Unknown,Unknown,None Used MV Occupant,37347,No,No,Daylight,Clear,752,33,6,0,-1,-1,1529924400,0.91,2.02,318,1,0,71.74,5.56,0.67,70.71,67.85,3.224,,partly-cloudy-day,mostly cloudy,0,1,0,0,0,0
,35.051446,-85.143763,650 Interstate 75 Nb highway,I-75,650 I 75,3/12/2018 12:00,2018-03-12,12,1520870400,,,,Property Damage,Not Collision with Motor Vehicle in Transport,No,No,No,No,65,1,No,No,Shoulder and Lap Belt Used,37421,,,No,No,Daylight,Clear,509,35,12,0,7,12,1520866800,0.76,7.09,342,4,0,34.53,15,0.79,39.54,32.55,4.002,,partly-cloudy-day,mostly cloudy,0,1,0,0,0,0
,35.0506775,-85.142159,7100 Lee Hwy,,McCutcheon Rd,6/1/2018 18:00,2018-06-01,18,1527890400,,,,Property Damage,Angle,No,No,No,No,25,2,No,No,,37043,Shoulder and Lap Belt Used,37379,No,No,Daylight,Clear,509,35,12,0,7,12,1527886800,0.69,4.25,218,2,0,82.62,9.53,0.75,79.84,68.9,6.107,,partly-cloudy-day,mostly cloudy,0,1,0,0,0,0
,35.04617,-85.146821,Gunbarrel Rd,US-2527,Pinewood Dr,9/23/2018 11:00,2018-09-23,11,1537714800,,,,Property Damage,Angle,No,No,No,No,35,2,No,No,Shoulder and Lap Belt Used,37403,Shoulder and Lap Belt Used,37403,No,No,Daylight,Clear,509,35,12,0,7,12,1537711200,0.67,4.85,172,3,0,78.56,8.55,0.75,77.91,66.14,4.235,,partly-cloudy-day,mostly cloudy,0,1,0,0,0,0
,35.049129,-85.14388,Allemande Way,SR-7401,Standifer Gap Rd,10/20/2018 0:00,2018-10-20,0,1540008000,,,,Property Damage,Head On,No,No,No,No,,2,No,No,,37363,,37421,,,Unknown,Rain,509,35,12,0,7,12,1540004400,0.87,5.07,195,0,0,62.64,10.19,0.44,62.6,58.58,9.81,,partly-cloudy-night,partly cloudy,0,1,0,0,0,0
,35.0511828,-85.142071,4850 Highway 58,,Jersey Pike,1/10/2019 16:00,2019-01-10,16,1547154000,,,,Possible Injury,Angle,No,No,No,No,40,2,No,No,Shoulder and Lap Belt Used,35740,Shoulder and Lap Belt Used,37406,No,No,Daylight,Clear,509,35,12,0,7,12,1547150400,0.38,8.19,12,1,0,36.93,12.9,0,42,18.05,5.868,,clear-day,clear,0,0,0,0,1,0
,35.03152,-85.126521,8100 Shallowford Rd,,Rodeo Dr.,3/12/2018 17:00,2018-03-12,17,1520888400,,,,Property Damage,Not Collision with Motor Vehicle in Transport,No,No,No,No,35,1,No,No,Shoulder and Lap Belt Used,37405,,,No,No,Daylight,Clear,422,38,14,0,7,9,1520884800,0.46,6.84,333,3,0,45.94,15.8,0.11,48.9,29.19,6.079,,clear-day,clear,0,0,0,0,1,0
,35.030367,-85.12326,8200 Shallowford road,,Morris Hill Rd,6/6/2019 15:00,2019-06-06,15,1559847600,,,,Property Damage,Not Collision with Motor Vehicle in Transport,No,No,No,No,35,1,No,No,Shoulder and Lap Belt Used,37421,,,No,No,Daylight,Rain,422,38,14,0,7,9,1559844000,0.81,3.9,196,4,0,75.87,6.97,1,74.87,68.63,7.585,,cloudy,overcast,0,1,0,0,0,0
,35.0258385,-85.317279,212 Water Street,,Hughes Ave,3/12/2018 21:00,2018-03-12,21,1520902800,,,,Property Damage,Angle,Yes,No,No,No,25,2,No,No,Unknown,Unknown,None Used MV Occupant,37411,No,No,Unknown,Clear,49,16,24,0,7,11,1520899200,0.59,3.73,347,0,0,40.45,8.79,0.58,42.5,29.04,3.279,,partly-cloudy-night,mostly cloudy,0,1,0,0,0,0
,35.029443,-85.317502,421 W 25th St,,25th St,5/4/2018 12:00,2018-05-04,12,1525449600,,,,Property Damage Under,"Sideswipe, Same Direction",No,No,No,No,,2,No,No,Unknown,37421,Unknown,30121,No,No,Daylight,Clear,49,16,24,0,7,11,1525446000,0.61,1.34,201,5,0,78.2,5.81,0.81,77.85,63.31,3.279,,partly-cloudy-day,mostly cloudy,0,1,0,0,0,0
,35.02783,-85.315794,2528 Broad St,,W 25th St,5/29/2018 14:00,2018-05-29,14,1527616800,,,,Property Damage Under,Front to Rear,No,No,No,No,35,3,No,No,Shoulder and Lap Belt Used,35824,Shoulder and Lap Belt Used,30725,No,No,Daylight,Rain,49,16,24,0,7,11,1527613200,0.82,8.33,124,6,0.013,79.21,15.46,0.75,77.89,71.78,2.223,rain,rain,drizzle,1,0,0,0,0,1
,35.028496,-85.316259,2500 Broad St,,W 25th St,7/7/2018 18:00,2018-07-07,18,1531000800,,,,Suspected Minor Injury,Angle,No,No,Yes,No,40,2,No,No,Shoulder and Lap Belt Used,30741,Shoulder and Lap Belt Used,37343,No,No,Daylight,Clear,49,16,24,0,7,11,1530997200,0.69,3.64,58,2,0.004,86,7.87,0.75,81.92,70.6,6.835,rain,partly-cloudy-day,mostly cloudy,0,1,0,0,0,0
,35.02834,-85.314378,2431 Williams St,,I-24 eastbound,7/12/2018 17:00,2018-07-12,17,1531429200,,,,Property Damage,Front to Rear,No,No,No,No,30,2,No,No,Shoulder and Lap Belt Used,37415,Shoulder and Lap Belt Used,30741,No,No,Daylight,Rain,49,16,24,0,7,11,1531425600,0.59,3.33,231,4,0,95.06,7.94,0.44,88.1,72.14,1.993,,fog,humid and foggy,0,0,1,0,0,0
,35.027795,-85.313613,2440 Williams St,,W 25th st,9/13/2018 0:00,2018-09-13,0,1536811200,,,,Property Damage Under,Other,Yes,No,No,No,,2,No,No,,92804,Unknown,Unknown,,,Unknown,Clear,49,16,24,0,7,11,1536807600,0.88,1.23,12,0,0,76.92,5.15,0.19,75.53,71.68,1.127,,fog,foggy,0,0,1,0,0,0
,35.027795,-85.313613,W 25th St,US-216,Williams St,11/10/2018 23:00,2018-11-10,23,1541908800,,,,Property Damage,Not Collision with Motor Vehicle in Transport,No,No,No,No,35,1,No,No,Shoulder and Lap Belt Used,37013,,,No,No,Dark - Lighted,Clear,49,16,24,0,7,11,1541905200,0.59,4.6,34,0,0,30.92,9.36,0,34.97,22.27,3.072,,clear-night,clear,0,0,0,0,1,0
,35.027636,-85.316737,2600 Broad St,,W 26th St,11/27/2018 16:00,2018-11-27,16,1543352400,,,,Property Damage,Front to Rear,Yes,No,No,No,40,3,No,No,Unknown,37405,Unknown,Unknown,No,No,Daylight,Clear,49,16,24,0,7,11,1543348800,0.47,8.59,306,0,0,28.94,18.32,0.44,35.63,17.39,1.235,,fog,foggy,0,0,1,0,0,0
,35.0268804,-85.317091,E 8th St,,Campus Dr,12/7/2018 17:00,2018-12-07,17,1544220000,,,,Property Damage,Unknown,Yes,No,No,No,15,2,No,No,,37082,Unknown,Unknown,,,Unknown,Clear,49,16,24,0,7,11,1544216400,0.57,3.47,17,0,0,45.6,6.14,1,46.79,32.5,6.768,,cloudy,overcast,0,1,0,0,0,0
,35.0279164,-85.315538,1591 Broad St,,W Main St,12/11/2018 0:00,2018-12-11,0,1544504400,,,,Property Damage,"Sideswipe, Same Direction",No,No,No,No,15,2,No,No,,37416,Shoulder and Lap Belt Used,39209,No,No,Unknown,Clear,49,16,24,0,7,11,1544500800,0.87,3.14,329,0,0,30.86,7.31,0.75,33.54,30.11,2.721,,partly-cloudy-night,mostly cloudy,0,1,0,0,0,0
,35.028496,-85.316259,2500 Broad St,,W 25th St,12/29/2018 18:00,2018-12-29,18,1546124400,,,,Property Damage,Angle,No,No,No,No,35,2,No,No,Shoulder and Lap Belt Used,37405,Shoulder and Lap Belt Used,37421,No,No,Dark - Lighted,Clear,49,16,24,0,7,11,1546120800,0.69,1.68,358,0,0,51.49,3.48,0.75,51.49,41.75,3.367,,partly-cloudy-night,mostly cloudy,0,1,0,0,0,0
,35.027795,-85.313613,Williams St,,W 25th St,2/17/2019 0:00,2019-02-17,0,1550379600,,,,Property Damage,Unknown,Yes,No,No,No,35,1,No,No,,37416,,,,,Unknown,Rain,49,16,24,0,7,11,1550376000,0.87,3.08,59,0,0,44.13,7.02,0.78,45.18,41.49,6.695,,partly-cloudy-night,mostly cloudy,0,1,0,0,0,0
,35.027795,-85.313613,Williams St,,W 25th St,2/17/2019 0:00,2019-02-17,0,1550379600,,,,Property Damage,Unknown,Yes,No,No,No,35,1,No,No,,37416,,,,,Unknown,Rain,49,16,24,0,7,11,1550376000,0.87,3.08,59,0,0,44.13,7.02,0.78,45.18,41.49,6.695,,partly-cloudy-night,mostly cloudy,0,1,0,0,0,0
,35.027795,-85.313613,Williams St,,W 25th St,2/17/2019 0:00,2019-02-17,0,1550379600,,,,Property Damage,Unknown,Yes,No,No,No,35,1,No,No,,37416,,,,,Unknown,Rain,49,16,24,0,7,11,1550376000,0.87,3.08,59,0,0,44.13,7.02,0.78,45.18,41.49,6.695,,partly-cloudy-night,mostly cloudy,0,1,0,0,0,0
,35.027795,-85.313613,Williams St,,W 25th St,2/17/2019 0:00,2019-02-17,0,1550379600,,,,Property Damage,Unknown,Yes,No,No,No,35,1,No,No,,37416,,,,,Unknown,Rain,49,16,24,0,7,11,1550376000,0.87,3.08,59,0,0,44.13,7.02,0.78,45.18,41.49,6.695,,partly-cloudy-night,mostly cloudy,0,1,0,0,0,0
,35.02783,-85.315794,2528 Broad St,SR-11,West 25th St,3/8/2019 18:00,2019-03-08,18,1552086000,,,,Property Damage Under,Front to Rear,No,No,No,No,35,2,No,No,Shoulder and Lap Belt Used,37129,Shoulder and Lap Belt Used,37397,No,No,Dusk,Rain,49,16,24,0,7,11,1552082400,0.98,3.32,117,0,0.032,46.08,6.08,1,47.09,46.45,0.73,rain,rain,light rain,1,0,0,0,0,1
,35.02783,-85.315794,2528 Broad St,SR-11,West 25th St,3/8/2019 18:00,2019-03-08,18,1552086000,,,,Property Damage Under,Front to Rear,No,No,No,No,35,2,No,No,Shoulder and Lap Belt Used,37129,Shoulder and Lap Belt Used,37397,No,No,Dusk,Rain,49,16,24,0,7,11,1552082400,0.98,3.32,117,0,0.032,46.08,6.08,1,47.09,46.45,0.73,rain,rain,light rain,1,0,0,0,0,1
,35.02783,-85.315794,2528 Broad St,SR-11,West 25th St,3/8/2019 18:00,2019-03-08,18,1552086000,,,,Property Damage Under,Front to Rear,No,No,No,No,35,2,No,No,Shoulder and Lap Belt Used,37129,Shoulder and Lap Belt Used,37397,No,No,Dusk,Rain,49,16,24,0,7,11,1552082400,0.98,3.32,117,0,0.032,46.08,6.08,1,47.09,46.45,0.73,rain,rain,light rain,1,0,0,0,0,1
,35.02783,-85.315794,2528 Broad St,SR-11,West 25th St,3/8/2019 18:00,2019-03-08,18,1552086000,,,,Property Damage Under,Front to Rear,No,No,No,No,35,2,No,No,Shoulder and Lap Belt Used,37129,Shoulder and Lap Belt Used,37397,No,No,Dusk,Rain,49,16,24,0,7,11,1552082400,0.98,3.32,117,0,0.032,46.08,6.08,1,47.09,46.45,0.73,rain,rain,light rain,1,0,0,0,0,1
,35.027764,-85.314283,2400 Williams St,,Williams St,4/16/2019 9:00,2019-04-16,9,1555419600,,,,Property Damage,Front to Rear,No,No,No,No,30,2,No,No,Shoulder and Lap Belt Used,30752,Shoulder and Lap Belt Used,37321,No,No,Daylight,Clear,49,16,24,0,7,11,1555416000,0.72,2.97,326,1,0,49.54,4.76,0.15,49.54,40.82,3.574,,partly-cloudy-day,partly cloudy,0,1,0,0,0,0
,35.027764,-85.314283,2400 Williams St,,Williams St,4/16/2019 9:00,2019-04-16,9,1555419600,,,,Property Damage,Front to Rear,No,No,No,No,30,2,No,No,Shoulder and Lap Belt Used,30752,Shoulder and Lap Belt Used,37321,No,No,Daylight,Clear,49,16,24,0,7,11,1555416000,0.72,2.97,326,1,0,49.54,4.76,0.15,49.54,40.82,3.574,,partly-cloudy-day,partly cloudy,0,1,0,0,0,0