Accident,Latitude,Longitude,Street,AltStreet,Intersection,DateTime,Date,Hour,Unix,WeekDay,WeekEnd,DayFrame,AccidentType,CollisionType,HaR,FatalInjury,MedicalTransport,InvolvedPlacardedTruck,PostedSpeed,TotalVehiclesInvolved,PedestrianInvolved,BicycleInvolved,DriverOneSafetyEquipment,DriverOneZip,DriverTwoSafetyEquipment,DriverTwoZip,Drug,Alcohol,LightCondition,Weather,Grid_Block,Grid_Col,Grid_Row,Highway,Land_Use_Mode,Road_Count,HourBefore,humidity,windSpeed,windBearing,uvIndex,precipIntensity,apparentTemperature,windGust,cloudCover,temperature,dewPoint,visibility,precipType,Event,Conditions,Rain,Cloudy,Foggy,Snow,Clear,RainBefore
,35.027764,-85.314283,2400 Williams St,,Williams St,4/16/2019 9:00,2019-04-16,9,1555419600,,,,Property Damage,Front to Rear,No,No,No,No,30,2,No,No,Shoulder and Lap Belt Used,30752,Shoulder and Lap Belt Used,37321,No,No,Daylight,Clear,49,16,24,0,7,11,1555416000,0.72,2.97,326,1,0,49.54,4.76,0.15,49.54,40.82,3.574,,partly-cloudy-day,partly cloudy,0,1,0,0,0,0
,35.027764,-85.314283,2400 Williams St,,Williams St,4/16/2019 9:00,2019-04-16,9,1555419600,,,,Property Damage,Front to Rear,No,No,No,No,30,2,No,No,Shoulder and Lap Belt Used,30752,Shoulder and Lap Belt Used,37321,No,No,Daylight,Clear,49,16,24,0,7,11,1555416000,0.72,2.97,326,1,0,49.54,4.76,0.15,49.54,40.82,3.574,,partly-cloudy-day,partly cloudy,0,1,0,0,0,0
,35.027305,-85.316918,2600 Broad St,,2605 Broad St,4/20/2019 1:00,2019-04-20,1,1555736400,,,,Property Damage,Front to Rear,No,No,No,No,35,2,No,No,Shoulder and Lap Belt Used,37419,Shoulder and Lap Belt Used,37421,No,No,Dark - Lighted,Clear,49,16,24,0,7,11,1555732800,0.84,4.36,238,0,0.001,42.5,9.83,1,44.74,40.15,3.226,rain,cloudy,overcast,0,1,0,0,0,0
,35.027305,-85.316918,2600 Broad St,,2605 Broad St,4/20/2019 1:00,2019-04-20,1,1555736400,,,,Property Damage,Front to Rear,No,No,No,No,35,2,No,No,Shoulder and Lap Belt Used,37419,Shoulder and Lap Belt Used,37421,No,No,Dark - Lighted,Clear,49,16,24,0,7,11,1555732800,0.84,4.36,238,0,0.001,42.5,9.83,1,44.74,40.15,3.226,rain,cloudy,overcast,0,1,0,0,0,0
,35.027305,-85.316918,2600 Broad St,,2605 Broad St,4/20/2019 1:00,2019-04-20,1,1555736400,,,,Property Damage,Front to Rear,No,No,No,No,35,2,No,No,Shoulder and Lap Belt Used,37419,Shoulder and Lap Belt Used,37421,No,No,Dark - Lighted,Clear,49,16,24,0,7,11,1555732800,0.84,4.36,238,0,0.001,42.5,9.83,1,44.74,40.15,3.226,rain,cloudy,overcast,0,1,0,0,0,0
,35.027305,-85.316918,2600 Broad St,,2605 Broad St,4/20/2019 1:00,2019-04-20,1,1555736400,,,,Property Damage,Front to Rear,No,No,No,No,35,2,No,No,Shoulder and Lap Belt Used,37419,Shoulder and Lap Belt Used,37421,No,No,Dark - Lighted,Clear,49,16,24,0,7,11,1555732800,0.84,4.36,238,0,0.001,42.5,9.83,1,44.74,40.15,3.226,rain,cloudy,overcast,0,1,0,0,0,0
,35.027258,-85.315761,300 W 26th St,,Broad St,5/13/2019 8:00,2019-05-13,8,1557748800,,,,Property Damage,Front to Rear,No,No,No,No,35,2,No,No,Shoulder and Lap Belt Used,37321,Shoulder and Lap Belt Used,37412,No,No,Daylight,Clear,49,16,24,0,7,11,1557745200,0.76,3.17,337,0,0,56.13,5.5,0.34,56.13,48.65,2.838,,partly-cloudy-day,partly cloudy,0,1,0,0,0,0
,35.027258,-85.315761,300 W 26th St,,Broad St,5/13/2019 8:00,2019-05-13,8,1557748800,,,,Property Damage,Front to Rear,No,No,No,No,35,2,No,No,Shoulder and Lap Belt Used,37321,Shoulder and Lap Belt Used,37412,No,No,Daylight,Clear,49,16,24,0,7,11,1557745200,0.76,3.17,337,0,0,56.13,5.5,0.34,56.13,48.65,2.838,,partly-cloudy-day,partly cloudy,0,1,0,0,0,0
,35.027258,-85.315761,300 W 26th St,,Broad St,5/13/2019 8:00,2019-05-13,8,1557748800,,,,Property Damage,Front to Rear,No,No,No,No,35,2,No,No,Shoulder and Lap Belt Used,37321,Shoulder and Lap Belt Used,37412,No,No,Daylight,Clear,49,16,24,0,7,11,1557745200,0.76,3.17,337,0,0,56.13,5.5,0.34,56.13,48.65,2.838,,partly-cloudy-day,partly cloudy,0,1,0,0,0,0
,35.027258,-85.315761,300 W 26th St,,Broad St,5/13/2019 8:00,2019-05-13,8,1557748800,,,,Property Damage,Front to Rear,No,No,No,No,35,2,No,No,Shoulder and Lap Belt Used,37321,Shoulder and Lap Belt Used,37412,No,No,Daylight,Clear,49,16,24,0,7,11,1557745200,0.76,3.17,337,0,0,56.13,5.5,0.34,56.13,48.65,2.838,,partly-cloudy-day,partly cloudy,0,1,0,0,0,0
,35.041288,-85.316189,1226 Poplar St,SR-1226,W 12th St,3/13/2018 12:00,2018-03-13,12,1520956800,,,,Property Damage Under,Rear to Side,Yes,No,No,No,15,2,No,No,Unknown,Unknown,,37402,,,Daylight,Clear,98,15,22,0,4,18,1520953200,0.56,3.81,311,4,0,42.08,7.78,0.69,43.97,29.31,3.173,,partly-cloudy-day,mostly cloudy,0,1,0,0,0,0
,35.0441921,-85.31928,Wilcox Rd,US-104,Cummings Hwy,4/1/2018 12:00,2018-04-01,12,1522598400,,,,Property Damage,Not Collision with Motor Vehicle in Transport,No,No,No,No,25,1,No,No,DOT Compliant Motorcycle Helmet,37419,,,,No,Daylight,Clear,98,15,22,0,4,18,1522594800,0.39,1.29,200,5,0,69.63,5.91,0.6,69.63,43.82,3.173,,partly-cloudy-day,mostly cloudy,0,1,0,0,0,0
,35.043124,-85.318509,Grove St,,Grove St,4/23/2018 0:00,2018-04-23,0,1524456000,,,,Possible Injury,Angle,Yes,No,No,No,25,2,No,No,Unknown,37402,,37402,,,Unknown,Unknown,98,15,22,0,4,18,1524452400,0.91,4.35,121,0,0.034,57.69,11.09,1,57.69,54.99,2.419,rain,rain,light rain,1,0,0,0,0,1
,35.038932,-85.315766,600 W Main St,,1000 Carter St,5/10/2018 17:00,2018-05-10,17,1525986000,,,,Property Damage,Angle,No,No,No,No,30,2,No,No,Shoulder and Lap Belt Used,30741,Shoulder and Lap Belt Used,30757,No,No,Daylight,Clear,98,15,22,0,4,18,1525982400,0.79,1.27,358,3,0.063,69.56,3.92,0.75,69.24,62.32,5.318,rain,rain,light rain,1,0,0,0,0,1
,35.038181,-85.319289,40 Highway 27 Nb,I-24,I-24 NB,5/14/2018 17:00,2018-05-14,17,1526331600,,,,Property Damage,Front to Rear,No,No,No,No,45,2,No,No,Unknown,37367,Unknown,37419,No,No,Dark - Lighted,Clear,98,15,22,0,4,18,1526328000,0.44,0.62,15,4,0,91.76,3.08,0.35,89.7,65.14,3.173,,partly-cloudy-day,partly cloudy,0,1,0,0,0,0
,35.039273,-85.314753,60 Hwy 27 North,,W Main St,5/17/2018 17:00,2018-05-17,17,1526590800,,,,Property Damage,Front to Rear,Yes,No,No,No,45,2,No,No,Shoulder and Lap Belt Used,37343,Unknown,,,,Daylight,Rain,98,15,22,0,4,18,1526587200,0.85,0.82,93,3,0.032,72.99,3.24,0.8,72.1,67.25,2.811,rain,rain,possible light rain,1,0,0,0,0,1
,35.040475,-85.318261,700 w Main Street,SR-700,Riverfront,5/23/2018 2:00,2018-05-23,2,1527055200,,,,Property Damage,Not Collision with Motor Vehicle in Transport,Yes,No,No,No,35,1,No,No,Unknown,37721,,,,Yes,Dark - Not Lighted,Clear,98,15,22,0,4,18,1527051600,0.89,0.93,171,0,0,70.2,3.79,0,69.37,66.09,2.643,,clear-night,clear,0,0,0,0,1,0
,35.039104,-85.315306,Carter St,,W Main St,7/15/2018 16:00,2018-07-15,16,1531684800,,,,Property Damage,Angle,No,No,No,No,35,2,No,No,None Used MV Occupant,30720,Shoulder and Lap Belt Used,35640,No,No,Daylight,Rain,98,15,22,0,4,18,1531681200,0.88,5.51,323,4,0.134,77.3,12.76,1,75.87,72.13,2.559,rain,rain,rain and humid,1,0,0,0,0,1
,35.043176,-85.317299,Cypress Street Ct,,Cypress Street Ct,7/29/2018 0:00,2018-07-29,0,1532836800,,,,Property Damage,Unknown,Yes,No,No,No,15,2,No,No,Unknown,Unknown,,37402,,,Unknown,Clear,98,15,22,0,4,18,1532833200,0.68,3.82,345,0,0,72.11,8.44,0.19,72.01,60.87,3.786,,partly-cloudy-night,partly cloudy,0,1,0,0,0,0
,35.041115,-85.31399,1300 Carter St,,W. 13th St,8/31/2018 0:00,2018-08-31,0,1535688000,,,,Property Damage,Unknown,Yes,No,No,No,,2,No,No,,31322,Unknown,Unknown,,,Dark - Lighted,Rain,98,15,22,0,4,18,1535684400,0.86,4.29,51,0,0.061,73.99,9.87,1,72.96,68.44,4.615,rain,rain,light rain,1,0,0,0,0,1
,35.039811,-85.317734,60 Highway 27 Sb,I-27,W MLK BLVD,9/13/2018 19:00,2018-09-13,19,1536879600,,,,Property Damage,Front to Rear,No,No,No,No,25,2,No,No,Shoulder and Lap Belt Used,35128,Shoulder and Lap Belt Used,35120,No,No,Daylight,Clear,98,15,22,0,4,18,1536876000,0.59,5.39,349,0,0.001,93.06,11.82,0.75,87.29,70.99,4.178,rain,partly-cloudy-day,mostly cloudy,0,1,0,0,0,0
,35.0435803,-85.316031,Market St,,Housten St,10/17/2018 15:00,2018-10-17,15,1539802800,,,,Possible Injury,Not Collision with Motor Vehicle in Transport,Yes,No,No,No,25,2,No,Yes,,37402,Unknown,Unknown,No,No,Daylight,Clear,98,15,22,0,4,18,1539799200,0.32,5.23,14,4,0,68.7,9.97,0.44,68.7,37.9,3.365,,partly-cloudy-day,partly cloudy,0,1,0,0,0,0
,35.042874,-85.31645,1225 Poplar Street Ct,,Poplar St,10/21/2018 0:00,2018-10-21,0,1540094400,,,,Property Damage,Unknown,Yes,No,No,No,,2,No,No,Unknown,Unknown,,37402,,,Unknown,Clear,98,15,22,0,4,18,1540090800,0.72,5,335,0,0,53.52,8.63,0,53.52,44.6,6.97,,clear-night,clear,0,0,0,0,1,0
,35.041288,-85.316189,Poplar St,SR-1200,Maple St Ct,12/24/2018 18:00,2018-12-24,18,1545692400,,,,Suspected Minor Injury,Angle,No,No,No,No,15,2,No,No,Shoulder and Lap Belt Used,37411,Shoulder and Lap Belt Used,37410,No,No,Dark - Lighted,Clear,98,15,22,0,4,18,1545688800,0.49,0.91,126,0,0,43.99,4.28,0.6,43.99,25.86,1.106,,fog,foggy,0,0,1,0,0,0
,35.04369,-85.317292,754 W 12th Street Ct,,W 12th St,1/21/2019 0:00,2019-01-21,0,1548046800,,,,Property Damage,Unknown,Yes,No,No,No,,2,No,No,Unknown,Unknown,,37701,,,Unknown,Clear,98,15,22,0,4,18,1548043200,0.54,7.02,356,0,0,16.39,12.29,0.44,24.45,10.12,2.101,,partly-cloudy-night,partly cloudy,0,1,0,0,0,0
,35.042905,-85.318581,1103 Grove St,,Grove St,1/27/2019 19:00,2019-01-27,19,1548633600,,,,Property Damage Under,"Sideswipe, Opposite Direction",Yes,No,No,No,20,2,No,No,,37406,Unknown,Unknown,,,Dark - Unknown Lighting,Clear,98,15,22,0,4,18,1548630000,0.48,1.24,297,0,0,47.93,5.02,0.75,47.93,29.39,6.864,,partly-cloudy-night,mostly cloudy,0,1,0,0,0,0
,35.039377,-85.318217,60 Highway 27 Nb,US-27,E Martin Luther King Blvd,2/11/2019 8:00,2019-02-11,8,1549890000,,,,Property Damage,Front to Rear,No,No,No,No,65,2,No,No,Shoulder and Lap Belt Used,37421,Shoulder and Lap Belt Used,37363,No,No,Daylight,Fog,98,15,22,0,4,18,1549886400,0.96,1.9,101,0,0,40.98,5.39,1,40.98,39.81,0.782,,fog,foggy,0,0,1,0,0,0
,35.041002,-85.318266,1416 Cypress Street Ct,SR-1416,W Main St,4/10/2019 20:00,2019-04-10,20,1554940800,,,,Possible Injury,Not Collision with Motor Vehicle in Transport,Yes,No,Yes,No,15,1,Yes,No,Unknown,37402,Unknown,Unknown,No,No,Daylight,Clear,98,15,22,0,4,18,1554937200,0.23,2.05,0,0,0,80.18,7.23,0.44,80.18,39.29,4.456,,partly-cloudy-day,partly cloudy,0,1,0,0,0,0
,35.038875,-85.318834,Highway 27 NB,I-24,I24,4/15/2019 0:00,2019-04-15,0,1555300800,,,,Property Damage,Unknown,Yes,No,No,No,45,1,No,No,Unknown,Unknown,,,,,Unknown,Unknown,98,15,22,0,4,18,1555297200,0.73,9.94,305,0,0,50.49,22.87,1,50.49,42.09,2.59,,cloudy,overcast,0,1,0,0,0,0
,35.039811,-85.317734,Highway 27,SR-1,Highway 27 SB,5/1/2019 0:00,2019-05-01,0,1556683200,,,,Property Damage,Front to Rear,No,No,No,No,30,2,No,No,Shoulder and Lap Belt Used,37377,Shoulder and Lap Belt Used,37377,,,Unknown,Clear,98,15,22,0,4,18,1556679600,0.76,3.98,241,0,0,69.62,5.93,0.44,69.41,61.44,3.232,,partly-cloudy-night,partly cloudy,0,1,0,0,0,0
,35.03919,-85.23359,3801 Mcdowell St,,Shallowford Rd,3/14/2018 0:00,2018-03-14,0,1521000000,,,,Property Damage,Not Collision with Motor Vehicle in Transport,Yes,No,No,No,25,1,No,No,Unknown,Unknown,,,,,Unknown,Clear,235,25,18,0,7,18,1520996400,0.48,4.77,345,0,0,37.96,9.7,0.69,41.12,22.99,5.854,,partly-cloudy-night,mostly cloudy,0,1,0,0,0,0
,35.037527,-85.230586,3906 Mcdowell St,SR-3906,Shallowford Road,4/9/2018 0:00,2018-04-09,0,1523246400,,,,Property Damage,Unknown,Yes,No,No,No,15,1,No,No,,37411,Unknown,Unknown,,,Unknown,Unknown,235,25,18,0,7,18,1523242800,0.6,0.52,86,0,0,46.89,1.33,0.61,46.89,33.79,6.253,,partly-cloudy-night,mostly cloudy,0,1,0,0,0,0
,35.038974,-85.23573,925 Shallowford Rd,,Shallowford Rd,5/12/2018 0:00,2018-05-12,0,1526097600,,,,Property Damage,Not Collision with Motor Vehicle in Transport,Yes,No,No,No,30,1,No,No,,37411,Unknown,37408,,,Unknown,Clear,235,25,18,0,7,18,1526094000,0.67,0.39,195,0,0,72.81,1.31,0,72.68,61.25,5.959,,clear-night,clear,0,0,0,0,1,0
,35.037827,-85.237709,906 Shallowford Rd,,Gillespie Rd,5/30/2018 15:00,2018-05-30,15,1527706800,,,,Property Damage,Angle,No,No,No,No,40,2,No,No,,37406,None Used MV Occupant,37408,No,No,Daylight,Rain,235,25,18,0,7,18,1527703200,0.74,6.66,193,6,0,84.54,12.14,0.75,80.61,71.49,7.514,,partly-cloudy-day,mostly cloudy,0,1,0,0,0,0
,35.039263,-85.235264,937 Shallowford Rd,,Curleque Dr,6/16/2018 12:00,2018-06-16,12,1529164800,,,,Property Damage,Not Collision with Motor Vehicle in Transport,Yes,No,No,No,35,1,No,No,,37411,Unknown,Unknown,,,Daylight,Clear,235,25,18,0,7,18,1529161200,0.53,3.16,3,9,0,91.03,6.36,0,87.38,68.09,5.759,,clear-day,clear,0,0,0,0,1,0
,35.039748,-85.236727,1100 Overlook Ave,,Hoyt St,7/8/2018 23:00,2018-07-08,23,1531105200,,,,Property Damage,Angle,Yes,No,No,No,30,2,No,No,Unknown,Unknown,,37363,,,Dark - Lighted,Clear,235,25,18,0,7,18,1531101600,0.77,1.31,234,0,0,78.56,4.45,0,77.49,69.74,6.249,,clear-night,clear,0,0,0,0,1,0
,35.07705,-85.15421,1366 N Concord Rd,,East Brainerd Rd,3/14/2018 11:00,2018-03-14,11,1521039600,,,,Property Damage,Front to Rear,No,No,No,No,35,2,No,No,Shoulder and Lap Belt Used,37411,Shoulder and Lap Belt Used,30728,No,No,Daylight,Clear,638,32,9,0,2,4,1521036000,0.44,5.53,337,3,0,32.51,11.42,0,36.99,16.86,6.376,,clear-day,clear,0,0,0,0,1,0
,35.071531,-85.156379,6800 Bonny Oaks Dr,,Bonny Oaks Dr,6/9/2018 11:00,2018-06-09,11,1528556400,,,,Property Damage,Angle,No,No,No,No,50,2,No,No,,37377,Shoulder and Lap Belt Used,37421,No,No,Daylight,Clear,638,32,9,0,2,4,1528552800,0.63,2.88,180,6,0,85.48,6.06,0.44,82.33,68.4,6.662,,partly-cloudy-day,partly cloudy,0,1,0,0,0,0
,35.071784,-85.155265,Bonny Oaks Dr,,Hickory Valley Rd,8/1/2018 17:00,2018-08-01,17,1533157200,,,,Property Damage,Front to Rear,No,No,No,No,40,2,No,No,Shoulder and Lap Belt Used,37341,Shoulder and Lap Belt Used,37421,No,No,Daylight,Rain,638,32,9,0,2,4,1533153600,0.9,3.96,101,4,0.022,73.44,7.63,0.75,72.28,69.16,5.08,rain,rain,light rain,1,0,0,0,0,1
,35.076172,-85.156291,Hickory Valley Rd,SR-3063,Bonny Oaks Dr,8/20/2018 7:00,2018-08-20,7,1534762800,,,,Property Damage Under,Front to Rear,No,No,No,No,40,2,No,No,Shoulder and Lap Belt Used,37411,Shoulder and Lap Belt Used,37343,No,No,Daylight,Clear,638,32,9,0,2,4,1534759200,0.92,3.2,196,0,0,75.75,6.34,1,74.28,71.93,2.891,,cloudy,overcast,0,1,0,0,0,0
,35.076073,-85.151274,Integrated Dr,,Discovery Dr,10/15/2018 0:00,2018-10-15,0,1539576000,,,,Property Damage,Unknown,Yes,No,No,No,15,2,No,No,Unknown,Unknown,,30721,,,Daylight,Clear,638,32,9,0,2,4,1539572400,0.73,6.17,186,0,0,68.5,24.24,0.18,68.5,59.33,10,,partly-cloudy-night,partly cloudy,0,1,0,0,0,0
,35.076172,-85.156291,3063 Hickory Valley Rd,,Bonny Oaks Dr,12/6/2018 13:00,2018-12-06,13,1544119200,,,,Property Damage,Angle,No,No,No,No,15,2,No,No,Shoulder and Lap Belt Used,37406,Shoulder and Lap Belt Used,37416,No,No,Daylight,Clear,638,32,9,0,2,4,1544115600,0.54,1.31,259,3,0,39.22,6.99,0,39.22,23.83,5.879,,clear-day,clear,0,0,0,0,1,0
,35.072196,-85.158571,6700 Bonny Oaks Dr,,Hickory Valley Rd,12/14/2018 9:00,2018-12-14,9,1544796000,,,,Property Damage,Angle,No,No,No,No,45,2,No,No,,37406,Shoulder and Lap Belt Used,37406,No,No,Daylight,Rain,638,32,9,0,2,4,1544792400,0.93,5.11,23,0,0.001,46.33,8.87,1,48.44,46.45,6.392,rain,cloudy,overcast,0,1,0,0,0,0
,35.071234,-85.15721,6620 Bonny Oaks Dr,,Hickory Valley Road,12/29/2018 15:00,2018-12-29,15,1546113600,,,,Property Damage,Not Collision with Motor Vehicle in Transport,No,No,No,No,15,1,No,No,None Used MV Occupant,37406,,,No,No,Daylight,Cloudy,638,32,9,0,2,4,1546110000,0.64,4.19,51,2,0,52.49,7.22,0,52.49,40.62,6.108,,clear-day,clear,0,0,0,0,1,0
,35.071531,-85.156379,Bonny Oaks Dr,,Hickory Valley Rd,1/29/2019 17:00,2019-01-29,17,1548799200,,,,Property Damage Under,Front to Rear,Yes,No,No,No,45,2,No,No,Unknown,37421,Shoulder and Lap Belt Used,37363,No,No,Daylight,Clear,638,32,9,0,2,4,1548795600,0.36,7.96,320,0,0,26.14,16.46,0,33.04,9.24,8.505,,clear-day,clear,0,0,0,0,1,0
,35.071531,-85.156379,3200 Hickory Valley Rd,,Discovery Dr,4/16/2019 6:00,2019-04-16,6,1555408800,,,,Property Damage,Angle,Yes,No,No,No,30,2,No,No,Shoulder and Lap Belt Used,37412,Unknown,Unknown,No,No,Dark - Not Lighted,Clear,638,32,9,0,2,4,1555405200,0.92,0.8,58,0,0,41.21,2.77,0,41.21,39.11,6.615,,clear-night,clear,0,0,0,0,1,0
,35.076989,-85.154276,3100 Hickory Valley Rd,,Discovery Dr,4/24/2019 15:00,2019-04-24,15,1556132400,,,,Property Damage,Angle,No,No,No,No,45,2,No,No,Shoulder and Lap Belt Used,37341,Shoulder and Lap Belt Used,37416,No,No,Daylight,Clear,638,32,9,0,2,4,1556128800,0.32,5.36,189,8,0,82.15,13.01,0,82.15,49.26,8.356,,clear-day,clear,0,0,0,0,1,0
,35.071539,-85.156378,3000 Hickory Valley Rd,,S Hickory Valley,6/18/2019 21:00,2019-06-18,21,1560906000,,,,Property Damage,Not Collision with Motor Vehicle in Transport,No,No,No,No,45,1,No,No,Shoulder and Lap Belt Used,37341,,,No,No,Dark - Lighted,Clear,638,32,9,0,2,4,1560902400,0.81,4.06,168,0,0,78.34,10.48,0.44,77.1,70.97,6.428,,partly-cloudy-night,partly cloudy,0,1,0,0,0,0
,35.055334,-85.280388,1530 Riverside Dr,,Wilcoxs blvd,3/15/2018 0:00,2018-03-15,0,1521086400,,,,Property Damage Under,Unknown,Yes,No,No,No,55,2,No,No,,37415,Unknown,Unknown,,,Unknown,Clear,228,18,18,0,2,2,1521082800,0.47,0.5,261,0,0,37.38,1.84,0,37.38,19.17,6.294,,clear-night,clear,0,0,0,0,1,0
,35.054336,-85.283247,Riverside Dr,SR-1466,Riverside Dr,4/23/2018 12:00,2018-04-23,12,1524499200,,,,Property Damage Under,Rear to Rear,No,No,No,No,15,2,No,No,None Used MV Occupant,30750,,37336,No,No,Daylight,Rain,228,18,18,0,2,2,1524495600,0.87,2.58,131,4,0.007,60.86,5.68,1,60.86,56.97,5.184,rain,rain,possible drizzle,1,0,0,0,0,1
,35.054403,-85.284905,1501 Riverside Dr,SR-1,Amnicola Hwy,5/18/2018 13:00,2018-05-18,13,1526662800,,,,Property Damage,Front to Rear,Yes,No,No,No,50,2,No,No,,37421,Shoulder and Lap Belt Used,37343,No,No,Daylight,Clear,228,18,18,0,2,2,1526659200,0.75,1.18,161,6,0,77.97,3.68,0.75,77.03,68.6,6.293,,partly-cloudy-day,mostly cloudy,0,1,0,0,0,0
,35.055334,-85.280388,Riverside Dr,,Private Parking Lot,6/12/2018 18:00,2018-06-12,18,1528840800,,,,Property Damage,Front to Rear,No,No,No,No,55,2,No,No,Shoulder and Lap Belt Used,37343,None Used MV Occupant,37416,No,No,Daylight,Clear,228,18,18,0,2,2,1528837200,0.59,6.56,170,3,0,87.96,12.1,0.39,84.4,68.58,6.29,,partly-cloudy-day,partly cloudy,0,1,0,0,0,0
,35.057015,-85.279613,Riverside Dr,SR-1501,Wilcox Blvd.,6/19/2018 13:00,2018-06-19,13,1529427600,,,,Property Damage Under,Head On,No,No,No,No,15,2,No,No,Shoulder and Lap Belt Used,37323,,37322,No,No,Daylight,Clear,228,18,18,0,2,2,1529424000,0.5,3.27,341,10,0.003,95.33,7.08,0.14,90.33,69.31,10,rain,partly-cloudy-day,partly cloudy,0,1,0,0,0,0
,35.056203,-85.281538,Riverside Dr,SR-1497,Wilcox Blvd.,6/27/2018 8:00,2018-06-27,8,1530100800,,,,Suspected Serious Injury,Front to Rear,No,No,Yes,No,50,2,No,No,Shoulder and Lap Belt Used,30752,Shoulder and Lap Belt Used,37135,No,No,Daylight,Cloudy,228,18,18,0,2,2,1530097200,0.89,4.09,135,1,0,71.65,7.06,0.72,70.69,67.32,5.41,,partly-cloudy-day,mostly cloudy,0,1,0,0,0,0
,35.057015,-85.279613,1501 Riverside Dr,,WILCOXS BLVD,9/27/2018 15:00,2018-09-27,15,1538074800,,,,Property Damage,Front to Rear,No,No,No,No,50,2,No,No,Restraint Used Type Unknown,30707,Restraint Used Type Unknown,37416,No,No,Daylight,Rain,228,18,18,0,2,2,1538071200,0.93,5.07,204,4,0.069,75.21,9.26,0.97,73.76,71.64,3.921,rain,rain,light rain,1,0,0,0,0,1
,35.055288,-85.283576,1459 Riverside Dr,,Wilcox blvd,11/16/2018 15:00,2018-11-16,15,1542398400,,,,Property Damage,Angle,Yes,No,No,No,,2,No,No,Shoulder and Lap Belt Used,37343,Unknown,,No,No,Daylight,Clear,228,18,18,0,2,2,1542394800,0.46,3.89,220,2,0,54.11,7.84,0.67,54.11,34.04,5.59,,partly-cloudy-day,mostly cloudy,0,1,0,0,0,0
,35.0556342,-85.282304,400 Cherry St,,4th street,2/9/2019 21:00,2019-02-09,21,1549764000,,,,Property Damage,"Sideswipe, Same Direction",No,No,No,No,,2,No,No,,30121,,37416,No,No,Dark - Lighted,Clear,228,18,18,0,2,2,1549760400,0.49,4.05,34,0,0,37.4,7.31,0,40.11,22.35,2.979,,clear-night,clear,0,0,0,0,1,0
,35.055288,-85.283576,1459 Riverside Dr,,Mabel St,3/25/2019 3:00,2019-03-25,3,1553497200,,,,Suspected Serious Injury,Not Collision with Motor Vehicle in Transport,No,No,Yes,No,50,1,No,No,,37363,None Used MV Occupant,37402,Yes,Yes,Dark - Not Lighted,Clear,228,18,18,0,2,2,1553493600,0.54,3.41,218,0,0,57.37,4.65,0.19,57.37,40.67,7.631,,partly-cloudy-night,partly cloudy,0,1,0,0,0,0
,35.05849,-85.278489,Riverside Dr,,Wilcox Blvd,4/26/2019 7:00,2019-04-26,7,1556276400,,,,Property Damage,Angle,Yes,No,No,No,15,2,No,No,,37323,Unknown,Unknown,,,Daylight,Clear,228,18,18,0,2,2,1556272800,0.81,7.84,290,0,0.004,62.11,15.24,1,62.11,56.16,5.135,rain,rain,possible drizzle,1,0,0,0,0,1
,35.045813,-85.294683,600 Palmetto St,,Oak St,3/16/2018 0:00,2018-03-16,0,1521172800,,,,Property Damage,Unknown,Yes,No,No,No,25,2,No,No,Unknown,Unknown,,37343,,,Unknown,Clear,159,17,20,0,7,22,1521169200,0.35,1.71,240,0,0,56.27,6.42,0,56.27,29,1.24,,fog,foggy,0,0,1,0,0,0
,35.0506041,-85.299761,700 East 4th St,,E 5th St,3/28/2018 13:00,2018-03-28,13,1522256400,,,,Property Damage Under,Front to Rear,No,No,No,No,35,2,No,No,Shoulder and Lap Belt Used,37343,Shoulder and Lap Belt Used,37403,No,No,Daylight,Clear,159,17,20,0,7,22,1522252800,0.67,4.98,201,6,0,68.41,12.26,0.44,68.41,57.2,5.558,,partly-cloudy-day,partly cloudy,0,1,0,0,0,0
,35.045474,-85.300341,Mccallie Ave,,University St,3/29/2018 0:00,2018-03-29,0,1522296000,,,,Property Damage,Not Collision with Motor Vehicle in Transport,Yes,No,No,No,25,1,No,No,,37402,Unknown,Unknown,,,Unknown,Clear,159,17,20,0,7,22,1522292400,0.73,1.11,165,0,0,65.63,2.94,0.81,65.63,56.58,3.046,,partly-cloudy-night,mostly cloudy,0,1,0,0,0,0
,35.050666,-85.299812,700 E 4th St,,Mabel St,6/11/2018 15:00,2018-06-11,15,1528743600,,,,Property Damage Under,Front to Rear,No,No,No,No,30,2,No,No,Shoulder and Lap Belt Used,37419,Shoulder and Lap Belt Used,37411,No,No,Daylight,Rain,159,17,20,0,7,22,1528740000,0.61,6.15,354,6,0.076,82.7,12.28,0.75,80.67,65.76,4.519,rain,rain,possible light rain,1,0,0,0,0,1
,35.048931,-85.293,E 3rd St,,Palmetto St,6/12/2018 0:00,2018-06-12,0,1528776000,,,,Property Damage,Not Collision with Motor Vehicle in Transport,No,No,No,No,30,2,No,No,,37402,Shoulder and Lap Belt Used,37407,Yes,Yes,Dark - Lighted,Clear,159,17,20,0,7,22,1528772400,0.9,1.99,230,0,0,70.31,4.66,0.17,69.46,66.27,2.736,,partly-cloudy-night,partly cloudy,0,1,0,0,0,0