Accident,Latitude,Longitude,Street,AltStreet,Intersection,DateTime,Date,Hour,Unix,WeekDay,WeekEnd,DayFrame,AccidentType,CollisionType,HaR,FatalInjury,MedicalTransport,InvolvedPlacardedTruck,PostedSpeed,TotalVehiclesInvolved,PedestrianInvolved,BicycleInvolved,DriverOneSafetyEquipment,DriverOneZip,DriverTwoSafetyEquipment,DriverTwoZip,Drug,Alcohol,LightCondition,Weather,Grid_Block,Grid_Col,Grid_Row,Highway,Land_Use_Mode,Road_Count,HourBefore,humidity,windSpeed,windBearing,uvIndex,precipIntensity,apparentTemperature,windGust,cloudCover,temperature,dewPoint,visibility,precipType,Event,Conditions,Rain,Cloudy,Foggy,Snow,Clear,RainBefore
,35.043951,-85.296298,900 Mccallie Ave,SR-900,800 Central Ave,6/21/2018 22:00,2018-06-21,22,1529632800,,,,Property Damage,Not Collision with Motor Vehicle in Transport,No,No,No,No,25,1,No,No,Shoulder and Lap Belt Used,37403,,,No,No,Dark - Lighted,Clear,159,17,20,0,7,22,1529629200,0.77,4.37,209,0,0,79.85,6.54,0.24,78.65,70.91,6.932,,partly-cloudy-night,partly cloudy,0,1,0,0,0,0
,35.044719,-85.298807,718 Mccallie Ave,,Campus Dr,7/21/2018 0:00,2018-07-21,0,1532145600,,,,Property Damage,Unknown,Yes,No,No,No,25,2,No,No,Unknown,Unknown,,37745,,,Unknown,Clear,159,17,20,0,7,22,1532142000,0.74,5.28,188,0,0,82.34,9.12,0.44,79.38,70.32,1.844,,fog,foggy,0,0,1,0,0,0
,35.047823,-85.293618,E 4th St,,Palmetto St,8/10/2018 15:00,2018-08-10,15,1533927600,,,,Property Damage,Angle,No,No,No,No,25,2,No,No,Shoulder and Lap Belt Used,37405,Shoulder and Lap Belt Used,37302,No,No,Daylight,Clear,159,17,20,0,7,22,1533924000,0.6,4.71,263,5,0,88.02,9.12,0.77,84.31,68.86,7.286,,partly-cloudy-day,mostly cloudy,0,1,0,0,0,0
,35.045946,-85.301604,600 Mccallie Ave,,Campus Dr,9/26/2018 13:00,2018-09-26,13,1537981200,,,,Suspected Minor Injury,Not Collision with Motor Vehicle in Transport,No,No,Yes,No,25,1,Yes,No,Unknown,37043,Shoulder and Lap Belt Used,37419,No,No,Daylight,Rain,159,17,20,0,7,22,1537977600,0.94,2.17,56,5,0.097,73.34,4.78,1,72.03,70.16,0.629,rain,rain,light rain,1,0,0,0,0,1
,35.045474,-85.300341,Mccallie Ave,,University St,10/11/2018 17:00,2018-10-11,17,1539291600,,,,Property Damage,Front to Rear,No,No,No,No,25,2,No,No,Shoulder and Lap Belt Used,37421,Shoulder and Lap Belt Used,37404,No,No,Daylight,Clear,159,17,20,0,7,22,1539288000,0.44,8.82,319,2,0,72.3,16.53,0.17,72.3,49.35,5.382,,partly-cloudy-day,partly cloudy,0,1,0,0,0,0
,35.044961,-85.298979,700 Campus Dr,,McCallie Ave,11/29/2018 11:00,2018-11-29,11,1543507200,,,,Property Damage,Not Collision with Motor Vehicle in Transport,Yes,No,No,No,25,1,No,No,,37402,Unknown,Unknown,,,Daylight,Rain,159,17,20,0,7,22,1543503600,0.86,1.75,76,2,0.012,32.3,4.28,0.98,32.3,28.71,2.234,rain,rain,drizzle,1,0,0,0,0,1
,35.051287,-85.299424,E 3rd St,,Mabel St,11/30/2018 18:00,2018-11-30,18,1543618800,,,,Property Damage,Not Collision with Motor Vehicle in Transport,No,No,No,No,25,1,No,No,Shoulder and Lap Belt Used,35744,,,No,No,Dark - Lighted,Rain,159,17,20,0,7,22,1543615200,0.93,3.77,207,0,0.065,59.99,7.47,1,59.93,57.88,0.76,rain,rain,light rain,1,0,0,0,0,1
,35.0489,-85.298794,E 5th St,SR-620,Douglas St,12/4/2018 16:00,2018-12-04,16,1543957200,,,,Property Damage,Angle,Yes,No,No,No,30,2,No,No,Unknown,Unknown,,37032,,,Daylight,Cloudy,159,17,20,0,7,22,1543953600,0.44,5.4,320,0,0,40.09,11.59,0.77,43.31,22.74,3.107,,partly-cloudy-day,mostly cloudy,0,1,0,0,0,0
,35.049526,-85.294456,E 3rd St,,Collins St,1/30/2019 12:00,2019-01-30,12,1548867600,,,,Property Damage,Angle,Yes,No,No,No,25,2,No,No,Shoulder and Lap Belt Used,37405,Unknown,Unknown,No,No,Daylight,Clear,159,17,20,0,7,22,1548864000,0.46,8.27,292,3,0,25.9,15.35,0.75,33,14.48,5.124,,partly-cloudy-day,mostly cloudy,0,1,0,0,0,0
,35.048011,-85.300487,Vine St,,Douglas St,2/21/2019 0:00,2019-02-21,0,1550725200,,,,Property Damage,Unknown,Yes,No,No,No,20,2,No,No,,37013,Unknown,Unknown,,,Unknown,Clear,159,17,20,0,7,22,1550721600,0.95,3,184,0,0,46.96,4.66,1,47.6,46.17,6.559,,cloudy,overcast,0,1,0,0,0,0
,35.049526,-85.294456,800 E 3rd St,,300 Collins St,2/24/2019 7:00,2019-02-24,7,1551009600,,,,Property Damage,"Sideswipe, Opposite Direction",Yes,No,No,No,35,2,No,No,Shoulder and Lap Belt Used,37416,Unknown,Unknown,No,No,Daylight,Clear,159,17,20,0,7,22,1551006000,0.65,6.49,230,0,0,54.1,16.25,0.44,54.1,42.44,7.303,,partly-cloudy-night,partly cloudy,0,1,0,0,0,0
,35.048739,-85.293124,Palmetto St,,E 3rd St,4/11/2019 17:00,2019-04-11,17,1555016400,,,,Property Damage,Front to Rear,No,No,No,No,25,2,No,No,Shoulder and Lap Belt Used,37421,Shoulder and Lap Belt Used,37341,No,No,Daylight,Clear,159,17,20,0,7,22,1555012800,0.3,12.18,160,4,0,83.78,21.49,0.19,83.78,48.76,5.436,,partly-cloudy-day,partly cloudy,0,1,0,0,0,0
,35.050199,-85.296119,Siskin Dr,,E 3rd St,4/25/2019 0:00,2019-04-25,0,1556164800,,,,Property Damage,Angle,Yes,No,No,No,25,2,No,No,Shoulder and Lap Belt Used,37421,Unknown,Unknown,No,No,Daylight,Cloudy,159,17,20,0,7,22,1556161200,0.54,4.16,214,0,0,67.66,9.3,0.75,67.66,50.53,7.629,,partly-cloudy-night,mostly cloudy,0,1,0,0,0,0
,35.045813,-85.294683,Palmetto St,,Vine St,5/4/2019 0:00,2019-05-04,0,1556942400,,,,Property Damage,Angle,Yes,No,No,No,25,2,No,No,,37205,Unknown,Unknown,,,Unknown,Clear,159,17,20,0,7,22,1556938800,0.76,1.1,317,0,0,70.61,5.77,0.44,70.3,62.45,6.107,,partly-cloudy-night,partly cloudy,0,1,0,0,0,0
,35.051299,-85.299453,Mabel St,,E 3rd St,5/9/2019 17:00,2019-05-09,17,1557435600,,,,Property Damage,"Sideswipe, Same Direction",No,No,No,No,35,2,No,No,Unknown,37343,Unknown,37415,No,No,Daylight,Rain,159,17,20,0,7,22,1557432000,0.82,4.43,188,3,0.062,71.71,13.24,1,71.07,65.14,3.306,rain,rain,light rain,1,0,0,0,0,1
,35.050491,-85.299211,833 E 4th St,,Mabel St,5/17/2019 18:00,2019-05-17,18,1558130400,,,,Property Damage,Angle,No,No,No,No,30,2,No,No,Shoulder and Lap Belt Used,37353,Shoulder and Lap Belt Used,37421,No,No,Daylight,Clear,159,17,20,0,7,22,1558126800,0.39,5.21,268,2,0,88.23,9.94,0.41,88.23,60.5,7.413,,partly-cloudy-day,partly cloudy,0,1,0,0,0,0
,35.050199,-85.296119,800 E 3rd St,,Riverside Dr,6/6/2019 16:00,2019-06-06,16,1559851200,,,,Property Damage,"Sideswipe, Same Direction",No,No,No,No,20,2,No,No,Shoulder and Lap Belt Used,37405,Shoulder and Lap Belt Used,30041,No,No,Daylight,Rain,159,17,20,0,7,22,1559847600,0.88,3.62,221,4,0.004,74.3,7.68,0.98,73.13,69.51,4.078,rain,rain,possible drizzle,1,0,0,0,0,1
,35.010184,-85.271137,Westside Dr,,E 29th St,3/16/2018 7:00,2018-03-16,7,1521198000,,,,Property Damage,Angle,No,No,No,No,25,2,No,No,Shoulder and Lap Belt Used,30741,,37412,No,No,Daylight,Clear,55,22,24,0,7,19,1521194400,0.55,0.58,280,0,0,45.8,2.2,0,45.8,30.38,3.525,,clear-night,clear,0,0,0,0,1,0
,35.009093,-85.277129,2800 Dodds Ave,,E 28th St,8/9/2018 16:00,2018-08-09,16,1533844800,,,,Property Damage,Angle,No,No,No,No,25,2,No,No,,37339,Shoulder and Lap Belt Used,37343,No,No,Daylight,Rain,55,22,24,0,7,19,1533841200,0.89,5.39,286,4,0.07,74.32,14.7,1,73.14,69.58,1.128,rain,rain,light rain,1,0,0,0,0,1
,35.011886,-85.272202,2435 Westside Dr,,E 23rd,8/25/2018 17:00,2018-08-25,17,1535230800,,,,Property Damage,Front to Rear,No,No,No,No,40,2,No,No,Shoulder and Lap Belt Used,37412,Shoulder and Lap Belt Used,30747,No,No,Daylight,Clear,55,22,24,0,7,19,1535227200,0.56,3.57,190,4,0,87.75,7.03,0.44,84.74,67.51,3.512,,partly-cloudy-day,partly cloudy,0,1,0,0,0,0
,35.011412,-85.273737,Woodside St,SR-2707,13th Ave,10/15/2018 0:00,2018-10-15,0,1539576000,,,,Property Damage,Rear to Side,Yes,No,No,No,25,2,No,No,Unknown,Unknown,,37406,,,Unknown,Clear,55,22,24,0,7,19,1539572400,0.75,6.02,183,0,0,68.33,25.1,0.16,68.28,60.02,10,,partly-cloudy-night,partly cloudy,0,1,0,0,0,0
,35.011137,-85.271752,3000 Ringgold Rd,,Westside Dr,10/17/2018 8:00,2018-10-17,8,1539777600,,,,Possible Injury,Front to Rear,No,No,Yes,No,20,3,No,No,Shoulder and Lap Belt Used,37412,Shoulder and Lap Belt Used,37412,No,No,Daylight,Clear,55,22,24,0,7,19,1539774000,0.92,3.81,11,0,0.002,56.87,9.7,1,56.87,54.44,5.741,rain,rain,possible drizzle,1,0,0,0,0,1
,35.009188,-85.2738,2606 13th Ave,,E 28th,10/29/2018 0:00,2018-10-29,0,1540785600,,,,Property Damage,Unknown,Yes,No,No,No,15,2,No,No,,37407,Unknown,Unknown,,,Unknown,Unknown,55,22,24,0,7,19,1540782000,0.53,4.94,331,0,0,59.5,9.71,0.44,59.5,42.41,5.727,,partly-cloudy-night,partly cloudy,0,1,0,0,0,0
,35.01385,-85.274417,Dodds Ave,SR-2400,E 24th St,11/4/2018 0:00,2018-11-04,0,1541304000,,,,Possible Injury,Not Collision with Motor Vehicle in Transport,No,No,Yes,No,40,1,No,No,,37402,Unknown,30741,,,Dark - Lighted,Clear,55,22,24,0,7,19,1541300400,0.95,1.29,350,0,0,43.73,2.25,0,43.73,42.41,5.539,,clear-night,clear,0,0,0,0,1,0
,35.012968,-85.272325,2300 Westside Dr,,15th Ave,12/8/2018 22:00,2018-12-08,22,1544324400,,,,Property Damage,Angle,Yes,No,No,No,35,2,No,No,Shoulder and Lap Belt Used,37404,,37387,No,No,Dark - Lighted,Rain,55,22,24,0,7,19,1544320800,1,5.55,41,0,0.174,34.4,8.96,1,38.59,38.59,1.933,rain,rain,rain,1,0,0,0,0,1
,35.0091107,-85.278558,Rossville Blvd,,E 37th,12/20/2018 17:00,2018-12-20,17,1545343200,,,,Property Damage,Front to Rear,Yes,No,No,No,40,2,No,No,Unknown,35957,Unknown,30741,,,Dark - Lighted,Rain,55,22,24,0,7,19,1545339600,0.99,1.99,49,0,0.052,45.6,7.19,1,45.6,45.39,2.566,rain,rain,light rain,1,0,0,0,0,1
,35.011155,-85.276543,Dodds Ave,SR-2501,Dodds Ave,1/15/2019 0:00,2019-01-15,0,1547528400,,,,Property Damage,Angle,No,No,No,No,,2,No,No,Shoulder and Lap Belt Used,30741,,37404,No,No,Unknown,Clear,55,22,24,0,7,19,1547524800,0.79,6.81,326,0,0,28.94,12.93,1,34.75,29.06,7.641,,cloudy,overcast,0,1,0,0,0,0
,35.011155,-85.276543,Dodds Ave,SR-2501,Dodds Ave,1/15/2019 0:00,2019-01-15,0,1547528400,,,,Property Damage,Angle,No,No,No,No,,2,No,No,Shoulder and Lap Belt Used,30741,,37404,No,No,Unknown,Clear,55,22,24,0,7,19,1547524800,0.79,6.81,326,0,0,28.94,12.93,1,34.75,29.06,7.641,,cloudy,overcast,0,1,0,0,0,0
,35.011155,-85.276543,Dodds Ave,SR-2501,Dodds Ave,1/15/2019 0:00,2019-01-15,0,1547528400,,,,Property Damage,Angle,No,No,No,No,,2,No,No,Shoulder and Lap Belt Used,30741,,37404,No,No,Unknown,Clear,55,22,24,0,7,19,1547524800,0.79,6.81,326,0,0,28.94,12.93,1,34.75,29.06,7.641,,cloudy,overcast,0,1,0,0,0,0
,35.011155,-85.276543,Dodds Ave,SR-2501,Dodds Ave,1/15/2019 0:00,2019-01-15,0,1547528400,,,,Property Damage,Angle,No,No,No,No,,2,No,No,Shoulder and Lap Belt Used,30741,,37404,No,No,Unknown,Clear,55,22,24,0,7,19,1547524800,0.79,6.81,326,0,0,28.94,12.93,1,34.75,29.06,7.641,,cloudy,overcast,0,1,0,0,0,0
,35.009738,-85.273838,2600 13th ave,US-2600,13th ave,1/25/2019 0:00,2019-01-25,0,1548392400,,,,Property Damage,Unknown,No,No,No,No,15,1,No,No,,37407,,,,,Unknown,Unknown,55,22,24,0,7,19,1548388800,0.87,0.96,304,0,0,29.69,3.49,0,29.69,26.35,3.807,,clear-night,clear,0,0,0,0,1,0
,35.009738,-85.273838,2600 13th ave,US-2600,13th ave,1/25/2019 0:00,2019-01-25,0,1548392400,,,,Property Damage,Unknown,No,No,No,No,15,1,No,No,,37407,,,,,Unknown,Unknown,55,22,24,0,7,19,1548388800,0.87,0.96,304,0,0,29.69,3.49,0,29.69,26.35,3.807,,clear-night,clear,0,0,0,0,1,0
,35.009738,-85.273838,2600 13th ave,US-2600,13th ave,1/25/2019 0:00,2019-01-25,0,1548392400,,,,Property Damage,Unknown,No,No,No,No,15,1,No,No,,37407,,,,,Unknown,Unknown,55,22,24,0,7,19,1548388800,0.87,0.96,304,0,0,29.69,3.49,0,29.69,26.35,3.807,,clear-night,clear,0,0,0,0,1,0
,35.009738,-85.273838,2600 13th ave,US-2600,13th ave,1/25/2019 0:00,2019-01-25,0,1548392400,,,,Property Damage,Unknown,No,No,No,No,15,1,No,No,,37407,,,,,Unknown,Unknown,55,22,24,0,7,19,1548388800,0.87,0.96,304,0,0,29.69,3.49,0,29.69,26.35,3.807,,clear-night,clear,0,0,0,0,1,0
,35.008988,-85.271985,2900 Westside Dr,,Westisde Dr,2/15/2019 17:00,2019-02-15,17,1550268000,,,,Property Damage Under,Front to Rear,No,No,No,No,35,2,No,No,Shoulder and Lap Belt Used,30736,Shoulder and Lap Belt Used,37311,No,No,Daylight,Rain,55,22,24,0,7,19,1550264400,0.98,0.45,42,0,0.011,56.64,5.57,1,56.64,56.12,2.967,rain,rain,drizzle,1,0,0,0,0,1
,35.008988,-85.271985,2900 Westside Dr,,Westisde Dr,2/15/2019 17:00,2019-02-15,17,1550268000,,,,Property Damage Under,Front to Rear,No,No,No,No,35,2,No,No,Shoulder and Lap Belt Used,30736,Shoulder and Lap Belt Used,37311,No,No,Daylight,Rain,55,22,24,0,7,19,1550264400,0.98,0.45,42,0,0.011,56.64,5.57,1,56.64,56.12,2.967,rain,rain,drizzle,1,0,0,0,0,1
,35.008988,-85.271985,2900 Westside Dr,,Westisde Dr,2/15/2019 17:00,2019-02-15,17,1550268000,,,,Property Damage Under,Front to Rear,No,No,No,No,35,2,No,No,Shoulder and Lap Belt Used,30736,Shoulder and Lap Belt Used,37311,No,No,Daylight,Rain,55,22,24,0,7,19,1550264400,0.98,0.45,42,0,0.011,56.64,5.57,1,56.64,56.12,2.967,rain,rain,drizzle,1,0,0,0,0,1
,35.008988,-85.271985,2900 Westside Dr,,Westisde Dr,2/15/2019 17:00,2019-02-15,17,1550268000,,,,Property Damage Under,Front to Rear,No,No,No,No,35,2,No,No,Shoulder and Lap Belt Used,30736,Shoulder and Lap Belt Used,37311,No,No,Daylight,Rain,55,22,24,0,7,19,1550264400,0.98,0.45,42,0,0.011,56.64,5.57,1,56.64,56.12,2.967,rain,rain,drizzle,1,0,0,0,0,1
,35.008632,-85.273534,14th Ave,SR-2800,E 29th St,2/25/2019 0:00,2019-02-25,0,1551070800,,,,Property Damage,Unknown,Yes,No,No,No,25,2,No,No,Unknown,Unknown,,37407,,,Unknown,Clear,55,22,24,0,7,19,1551067200,0.45,4.82,298,0,0.001,37.54,13.8,0,40.79,20.89,10,rain,clear-night,clear,0,0,0,0,1,0
,35.008632,-85.273534,14th Ave,SR-2800,E 29th St,2/25/2019 0:00,2019-02-25,0,1551070800,,,,Property Damage,Unknown,Yes,No,No,No,25,2,No,No,Unknown,Unknown,,37407,,,Unknown,Clear,55,22,24,0,7,19,1551067200,0.45,4.82,298,0,0.001,37.54,13.8,0,40.79,20.89,10,rain,clear-night,clear,0,0,0,0,1,0
,35.008632,-85.273534,14th Ave,SR-2800,E 29th St,2/25/2019 0:00,2019-02-25,0,1551070800,,,,Property Damage,Unknown,Yes,No,No,No,25,2,No,No,Unknown,Unknown,,37407,,,Unknown,Clear,55,22,24,0,7,19,1551067200,0.45,4.82,298,0,0.001,37.54,13.8,0,40.79,20.89,10,rain,clear-night,clear,0,0,0,0,1,0
,35.008632,-85.273534,14th Ave,SR-2800,E 29th St,2/25/2019 0:00,2019-02-25,0,1551070800,,,,Property Damage,Unknown,Yes,No,No,No,25,2,No,No,Unknown,Unknown,,37407,,,Unknown,Clear,55,22,24,0,7,19,1551067200,0.45,4.82,298,0,0.001,37.54,13.8,0,40.79,20.89,10,rain,clear-night,clear,0,0,0,0,1,0
,35.010184,-85.271137,2500 Westside Dr,,Westside Dr,3/7/2019 18:00,2019-03-07,18,1551999600,,,,Possible Injury,Not Collision with Motor Vehicle in Transport,No,No,No,No,35,1,No,No,Shoulder and Lap Belt Used,37405,,,No,No,Dusk,Clear,55,22,24,0,7,19,1551996000,0.23,1.63,157,0,0,50.84,6.23,1,50.84,14.07,10,,cloudy,overcast,0,1,0,0,0,0
,35.010184,-85.271137,2500 Westside Dr,,Westside Dr,3/7/2019 18:00,2019-03-07,18,1551999600,,,,Possible Injury,Not Collision with Motor Vehicle in Transport,No,No,No,No,35,1,No,No,Shoulder and Lap Belt Used,37405,,,No,No,Dusk,Clear,55,22,24,0,7,19,1551996000,0.23,1.63,157,0,0,50.84,6.23,1,50.84,14.07,10,,cloudy,overcast,0,1,0,0,0,0
,35.010184,-85.271137,2500 Westside Dr,,Westside Dr,3/7/2019 18:00,2019-03-07,18,1551999600,,,,Possible Injury,Not Collision with Motor Vehicle in Transport,No,No,No,No,35,1,No,No,Shoulder and Lap Belt Used,37405,,,No,No,Dusk,Clear,55,22,24,0,7,19,1551996000,0.23,1.63,157,0,0,50.84,6.23,1,50.84,14.07,10,,cloudy,overcast,0,1,0,0,0,0
,35.010184,-85.271137,2500 Westside Dr,,Westside Dr,3/7/2019 18:00,2019-03-07,18,1551999600,,,,Possible Injury,Not Collision with Motor Vehicle in Transport,No,No,No,No,35,1,No,No,Shoulder and Lap Belt Used,37405,,,No,No,Dusk,Clear,55,22,24,0,7,19,1551996000,0.23,1.63,157,0,0,50.84,6.23,1,50.84,14.07,10,,cloudy,overcast,0,1,0,0,0,0
,35.011515,-85.275477,2510 Dodds Ave,,2800 Woodside St,5/6/2019 14:00,2019-05-06,14,1557165600,,,,Property Damage,Angle,Yes,No,No,No,35,2,No,No,Shoulder and Lap Belt Used,37411,Shoulder and Lap Belt Used,37407,No,No,Daylight,Clear,55,22,24,0,7,19,1557162000,0.45,4.01,28,10,0,74.3,11.74,0,74.3,51.48,7.525,,clear-day,clear,0,0,0,0,1,0
,35.011515,-85.275477,2510 Dodds Ave,,2800 Woodside St,5/6/2019 14:00,2019-05-06,14,1557165600,,,,Property Damage,Angle,Yes,No,No,No,35,2,No,No,Shoulder and Lap Belt Used,37411,Shoulder and Lap Belt Used,37407,No,No,Daylight,Clear,55,22,24,0,7,19,1557162000,0.45,4.01,28,10,0,74.3,11.74,0,74.3,51.48,7.525,,clear-day,clear,0,0,0,0,1,0
,35.011515,-85.275477,2510 Dodds Ave,,2800 Woodside St,5/6/2019 14:00,2019-05-06,14,1557165600,,,,Property Damage,Angle,Yes,No,No,No,35,2,No,No,Shoulder and Lap Belt Used,37411,Shoulder and Lap Belt Used,37407,No,No,Daylight,Clear,55,22,24,0,7,19,1557162000,0.45,4.01,28,10,0,74.3,11.74,0,74.3,51.48,7.525,,clear-day,clear,0,0,0,0,1,0
,35.011515,-85.275477,2510 Dodds Ave,,2800 Woodside St,5/6/2019 14:00,2019-05-06,14,1557165600,,,,Property Damage,Angle,Yes,No,No,No,35,2,No,No,Shoulder and Lap Belt Used,37411,Shoulder and Lap Belt Used,37407,No,No,Daylight,Clear,55,22,24,0,7,19,1557162000,0.45,4.01,28,10,0,74.3,11.74,0,74.3,51.48,7.525,,clear-day,clear,0,0,0,0,1,0
,35.01348,-85.27192,2400 Westside Dr,,15th Ave,5/26/2019 15:00,2019-05-26,15,1558897200,,,,Property Damage,Angle,Yes,No,No,No,35,2,No,No,Shoulder and Lap Belt Used,30728,Unknown,Unknown,No,No,Daylight,Clear,55,22,24,0,7,19,1558893600,0.36,7,225,9,0,90.71,13.65,0.09,90.71,60.22,3.252,,clear-day,clear,0,0,0,0,1,0
,35.01348,-85.27192,2400 Westside Dr,,15th Ave,5/26/2019 15:00,2019-05-26,15,1558897200,,,,Property Damage,Angle,Yes,No,No,No,35,2,No,No,Shoulder and Lap Belt Used,30728,Unknown,Unknown,No,No,Daylight,Clear,55,22,24,0,7,19,1558893600,0.36,7,225,9,0,90.71,13.65,0.09,90.71,60.22,3.252,,clear-day,clear,0,0,0,0,1,0
,35.01348,-85.27192,2400 Westside Dr,,15th Ave,5/26/2019 15:00,2019-05-26,15,1558897200,,,,Property Damage,Angle,Yes,No,No,No,35,2,No,No,Shoulder and Lap Belt Used,30728,Unknown,Unknown,No,No,Daylight,Clear,55,22,24,0,7,19,1558893600,0.36,7,225,9,0,90.71,13.65,0.09,90.71,60.22,3.252,,clear-day,clear,0,0,0,0,1,0
,35.01348,-85.27192,2400 Westside Dr,,15th Ave,5/26/2019 15:00,2019-05-26,15,1558897200,,,,Property Damage,Angle,Yes,No,No,No,35,2,No,No,Shoulder and Lap Belt Used,30728,Unknown,Unknown,No,No,Daylight,Clear,55,22,24,0,7,19,1558893600,0.36,7,225,9,0,90.71,13.65,0.09,90.71,60.22,3.252,,clear-day,clear,0,0,0,0,1,0
,35.051531,-85.320706,Riverfront Pkwy,SR-575,E MLK,3/16/2018 23:00,2018-03-16,23,1521255600,,,,Property Damage,"Sideswipe, Same Direction",No,No,No,No,30,2,No,No,,37411,Unknown,37402,No,No,Dark - Lighted,Clear,125,14,21,1,2,19,1521252000,0.6,1.94,211,0,0,60.22,5.3,0.35,60.22,46.17,3.125,,partly-cloudy-night,partly cloudy,0,1,0,0,0,0
,35.047834,-85.319009,W Martin Luther King Blvd,,Gateway Ave,4/10/2018 20:00,2018-04-10,20,1523404800,,,,Property Damage Under,Unknown,Yes,No,No,No,35,2,No,No,Unknown,Unknown,None Used MV Occupant,37402,No,No,Unknown,Clear,125,14,21,1,2,19,1523401200,0.39,2.95,347,0,0,60.62,6.3,0.35,60.62,35.39,2.591,,partly-cloudy-day,partly cloudy,0,1,0,0,0,0
,35.047834,-85.319009,W Martin Luther King Blvd,,W Martin Luther King Blvd,4/20/2018 0:00,2018-04-20,0,1524196800,,,,Property Damage Under,Rear to Rear,No,No,No,No,25,2,No,No,,30736,Shoulder and Lap Belt Used,30710,No,No,Unknown,Clear,125,14,21,1,2,19,1524193200,0.59,3.61,13,0,0,43.22,10.02,0,44.82,31.24,2.591,,clear-night,clear,0,0,0,0,1,0
,35.0494509,-85.321497,500 Walnut St,,4th st,6/26/2018 0:00,2018-06-26,0,1529985600,,,,Property Damage Under,Unknown,Yes,No,No,No,,2,No,No,Unknown,Unknown,,37406,,,Daylight,Clear,125,14,21,1,2,19,1529982000,0.94,1.4,233,0,0,72.01,4.24,0.44,70.82,68.97,4.804,,partly-cloudy-night,partly cloudy,0,1,0,0,0,0
,35.049117,-85.322274,951 Riverfront Pkwy,,W MLK Blvd,8/7/2018 0:00,2018-08-07,0,1533614400,,,,Property Damage,Angle,Yes,No,No,No,,2,No,No,Unknown,Unknown,,30707,,,Unknown,Clear,125,14,21,1,2,19,1533610800,0.74,1.52,246,0,0,79.89,4.39,0.19,78.83,69.86,6.587,,partly-cloudy-night,partly cloudy,0,1,0,0,0,0
,35.049116,-85.320828,660 W Martin Luther King Blvd,,Riverfront Pkwy,9/17/2018 11:00,2018-09-17,11,1537196400,,,,Property Damage,"Sideswipe, Same Direction",No,No,No,No,25,2,No,No,Shoulder and Lap Belt Used,37343,Shoulder and Lap Belt Used,37325,No,No,Daylight,Clear,125,14,21,1,2,19,1537192800,0.74,6.46,246,4,0,78.14,11.83,0.75,77.22,68.45,2.45,,partly-cloudy-day,mostly cloudy,0,1,0,0,0,0
,35.051519,-85.322946,850 Canal St,,Riverfront Parkway,10/7/2018 22:00,2018-10-07,22,1538964000,,,,Property Damage,"Sideswipe, Opposite Direction",Yes,No,No,No,15,3,No,No,,37402,,29708,,,Dark - Lighted,Clear,125,14,21,1,2,19,1538960400,0.77,2.91,15,0,0,76.75,4.64,0.44,75.84,68.18,3.576,,partly-cloudy-night,partly cloudy,0,1,0,0,0,0
,35.0515027,-85.321872,Central/McCallie ave,,McCallie,12/27/2018 5:00,2018-12-27,5,1545904800,,,,Property Damage Under,"Sideswipe, Same Direction",No,No,No,No,35,2,No,No,Shoulder and Lap Belt Used,37406,Shoulder and Lap Belt Used,37416,No,No,Dawn,Clear,125,14,21,1,2,19,1545901200,0.57,7.86,143,0,0,43.16,23.65,1,46.99,32.48,10,,cloudy,overcast,0,1,0,0,0,0
,35.051889,-85.322414,Canal St,,Canal St,1/6/2019 0:00,2019-01-06,0,1546750800,,,,Property Damage,Unknown,Yes,No,No,No,25,2,No,No,Unknown,Unknown,,37919,,,Unknown,Clear,125,14,21,1,2,19,1546747200,0.8,2.6,260,0,0,43.07,5.28,0,43.07,37.25,6.134,,clear-night,clear,0,0,0,0,1,0
,35.05233,-85.321879,805 Canal St,,Molly Ln,1/7/2019 0:00,2019-01-07,0,1546837200,,,,Property Damage Under,Unknown,Yes,No,No,No,25,2,No,No,,37402,Unknown,Unknown,,,Unknown,Unknown,125,14,21,1,2,19,1546833600,0.79,2.16,122,0,0,46.09,2.95,0.19,46.09,39.96,3.4,,partly-cloudy-night,partly cloudy,0,1,0,0,0,0
,35.049627,-85.321428,300 Ml King Blvd,,MLK Off Ramp Hwy 27 NB,3/20/2019 9:00,2019-03-20,9,1553086800,,,,Property Damage,Angle,No,No,No,No,35,2,No,No,,37405,Shoulder and Lap Belt Used,37379,No,No,Daylight,Clear,125,14,21,1,2,19,1553083200,0.69,2.1,111,0,0,36.59,5.31,0.15,36.59,27.33,4.141,,partly-cloudy-day,partly cloudy,0,1,0,0,0,0
,35.051032,-85.318353,184 I-24 interstate,I-184,184 I-24 W,5/16/2019 8:00,2019-05-16,8,1558008000,,,,Property Damage,"Sideswipe, Same Direction",No,No,No,No,55,2,No,No,Shoulder and Lap Belt Used,37341,Shoulder and Lap Belt Used,37302,No,No,Daylight,Clear,125,14,21,1,2,19,1558004400,0.87,1.83,153,0,0,59.89,5.56,0.75,59.89,55.94,3.381,,partly-cloudy-day,mostly cloudy,0,1,0,0,0,0
,35.051032,-85.32328,863 Canal St,,W Martin Luther King Blvd,5/18/2019 0:00,2019-05-18,0,1558152000,,,,Property Damage,Unknown,Yes,No,No,No,,2,No,No,,37402,Unknown,Unknown,,,Unknown,Clear,125,14,21,1,2,19,1558148400,0.7,1.14,299,0,0,74.66,4.97,0.44,74.23,63.94,6.884,,partly-cloudy-night,partly cloudy,0,1,0,0,0,0