Accident,Latitude,Longitude,Street,AltStreet,Intersection,DateTime,Date,Hour,Unix,WeekDay,WeekEnd,DayFrame,AccidentType,CollisionType,HaR,FatalInjury,MedicalTransport,InvolvedPlacardedTruck,PostedSpeed,TotalVehiclesInvolved,PedestrianInvolved,BicycleInvolved,DriverOneSafetyEquipment,DriverOneZip,DriverTwoSafetyEquipment,DriverTwoZip,Drug,Alcohol,LightCondition,Weather,Grid_Block,Grid_Col,Grid_Row,Highway,Land_Use_Mode,Road_Count,HourBefore,humidity,windSpeed,windBearing,uvIndex,precipIntensity,apparentTemperature,windGust,cloudCover,temperature,dewPoint,visibility,precipType,Event,Conditions,Rain,Cloudy,Foggy,Snow,Clear,RainBefore
,35.048515,-85.321278,900 Riverfront Pkwy,,W Martin Luther King Blvd,5/28/2019 11:00,2019-05-28,11,1559055600,,,,Property Damage Under,Angle,No,No,No,No,40,2,No,No,Shoulder and Lap Belt Used,37411,Shoulder and Lap Belt Used,37350,No,No,Daylight,Clear,125,14,21,1,2,19,1559052000,0.58,6.14,266,6,0,86.68,11.06,0.44,83.79,67.48,3.4,,partly-cloudy-day,partly cloudy,0,1,0,0,0,0
,35.0610307,-85.14954,Arbor Leaf Ln,US-7024,Tyner Rd,3/18/2018 14:00,2018-03-18,14,1521396000,,,,Property Damage,Angle,No,No,No,No,15,2,No,No,,37416,Shoulder and Lap Belt Used,37421,No,No,Daylight,Clear,552,33,11,0,7,11,1521392400,0.52,2.16,14,7,0,64.3,6.22,0,64.3,46.46,6.169,,clear-day,clear,0,0,0,0,1,0
,35.060998,-85.151314,7011 Tyner Rd,,Ty Hi Dr,7/27/2018 0:00,2018-07-27,0,1532664000,,,,Property Damage,Unknown,Yes,No,No,No,,2,No,No,,37421,Unknown,Unknown,,,Unknown,Clear,552,33,11,0,7,11,1532660400,0.83,0.98,311,0,0,74,4.8,0,73.09,67.63,2.97,,clear-night,clear,0,0,0,0,1,0
,35.112749,-85.2545,4200 N Access Rd,,3900 Birmingham Dr.,3/19/2018 0:00,2018-03-19,0,1521432000,,,,Possible Injury,Angle,No,No,No,No,25,2,No,No,Shoulder and Lap Belt Used,37343,Shoulder and Lap Belt Used,37415,No,No,Unknown,Rain,624,18,9,0,9,1,1521428400,0.67,0.13,,0,0,59.08,0.22,1,59.08,48.06,7.845,,cloudy,overcast,0,1,0,0,0,0
,35.112749,-85.2545,4200 N Access Rd,,3900 Birmingham Dr.,3/19/2018 0:00,2018-03-19,0,1521432000,,,,Possible Injury,Angle,No,No,No,No,25,2,No,No,Shoulder and Lap Belt Used,37343,Shoulder and Lap Belt Used,37415,No,No,Unknown,Rain,624,18,9,0,9,1,1521428400,0.67,0.13,,0,0,59.08,0.22,1,59.08,48.06,7.845,,cloudy,overcast,0,1,0,0,0,0
,35.112749,-85.2545,4200 N Access Rd,,3900 Birmingham Dr.,3/19/2018 0:00,2018-03-19,0,1521432000,,,,Possible Injury,Angle,No,No,No,No,25,2,No,No,Shoulder and Lap Belt Used,37343,Shoulder and Lap Belt Used,37415,No,No,Unknown,Rain,624,18,9,0,9,1,1521428400,0.67,0.13,,0,0,59.08,0.22,1,59.08,48.06,7.845,,cloudy,overcast,0,1,0,0,0,0
,35.112749,-85.2545,4200 N Access Rd,,3900 Birmingham Dr.,3/19/2018 0:00,2018-03-19,0,1521432000,,,,Possible Injury,Angle,No,No,No,No,25,2,No,No,Shoulder and Lap Belt Used,37343,Shoulder and Lap Belt Used,37415,No,No,Unknown,Rain,624,18,9,0,9,1,1521428400,0.67,0.13,,0,0,59.08,0.22,1,59.08,48.06,7.845,,cloudy,overcast,0,1,0,0,0,0
,35.1084994,-85.25309,3805 Memphis Dr,,Atlanta dr,6/10/2018 15:00,2018-06-10,15,1528657200,,,,Property Damage,Rear to Rear,Yes,No,No,No,35,2,No,No,,37415,,37406,,,Daylight,Cloudy,624,18,9,0,9,1,1528653600,0.54,5.06,188,7,0,86.38,13.22,0.63,84.3,65.69,7.834,,partly-cloudy-day,mostly cloudy,0,1,0,0,0,0
,35.1084994,-85.25309,3805 Memphis Dr,,Atlanta dr,6/10/2018 15:00,2018-06-10,15,1528657200,,,,Property Damage,Rear to Rear,Yes,No,No,No,35,2,No,No,,37415,,37406,,,Daylight,Cloudy,624,18,9,0,9,1,1528653600,0.54,5.06,188,7,0,86.38,13.22,0.63,84.3,65.69,7.834,,partly-cloudy-day,mostly cloudy,0,1,0,0,0,0
,35.1084994,-85.25309,3805 Memphis Dr,,Atlanta dr,6/10/2018 15:00,2018-06-10,15,1528657200,,,,Property Damage,Rear to Rear,Yes,No,No,No,35,2,No,No,,37415,,37406,,,Daylight,Cloudy,624,18,9,0,9,1,1528653600,0.54,5.06,188,7,0,86.38,13.22,0.63,84.3,65.69,7.834,,partly-cloudy-day,mostly cloudy,0,1,0,0,0,0
,35.1084994,-85.25309,3805 Memphis Dr,,Atlanta dr,6/10/2018 15:00,2018-06-10,15,1528657200,,,,Property Damage,Rear to Rear,Yes,No,No,No,35,2,No,No,,37415,,37406,,,Daylight,Cloudy,624,18,9,0,9,1,1528653600,0.54,5.06,188,7,0,86.38,13.22,0.63,84.3,65.69,7.834,,partly-cloudy-day,mostly cloudy,0,1,0,0,0,0
,35.112032,-85.251318,Dupont Pkwy,,Access Rd,1/20/2019 15:00,2019-01-20,15,1548014400,,,,Property Damage,"Sideswipe, Same Direction",Yes,No,No,No,45,2,No,No,Unknown,Unknown,Shoulder and Lap Belt Used,37415,No,No,Daylight,Clear,624,18,9,0,9,1,1548010800,0.44,10.92,339,2,0,26.75,19.42,0.28,34.79,15.3,8.538,,partly-cloudy-day,partly cloudy,0,1,0,0,0,0
,35.109467,-85.25518,3841 Atlanta Dr,,N Acess Rd,5/11/2019 12:00,2019-05-11,12,1557590400,,,,Property Damage,Unknown,Yes,No,No,No,20,2,No,No,Unknown,Unknown,,37343,,,Daylight,Rain,624,18,9,0,9,1,1557586800,0.91,1.11,194,5,0.019,72.73,7.11,1,71.58,68.92,2.338,rain,rain,light rain,1,0,0,0,0,1
,35.110336,-85.258337,3920 Azalean Dr,,Bainbridge St,6/23/2019 0:00,2019-06-23,0,1561262400,,,,Property Damage,Not Collision with Motor Vehicle in Transport,No,No,No,No,35,1,No,No,,37415,Shoulder and Lap Belt Used,37415,No,No,Unknown,Clear,624,18,9,0,9,1,1561258800,0.88,2.14,122,0,0,72.13,8.2,0.75,71.17,67.5,6.577,,partly-cloudy-night,mostly cloudy,0,1,0,0,0,0
,35.01068,-85.176121,1237 N Concord Rd,,Majestic Hill Rd,3/19/2018 14:00,2018-03-19,14,1521482400,,,,Property Damage,Angle,No,No,No,No,15,2,No,No,Shoulder and Lap Belt Used,30707,Shoulder and Lap Belt Used,37421,No,No,Daylight,Clear,208,33,19,0,7,13,1521478800,0.9,1.59,161,4,0.003,58.81,4.75,1,58.81,55.85,5.308,rain,rain,possible drizzle,1,0,0,0,0,1
,35.014834,-85.18078,320-349 75 North Interstate,,East Brainerd Rd,12/4/2018 17:00,2018-12-04,17,1543960800,,,,Possible Injury,Not Collision with Motor Vehicle in Transport,No,No,No,No,55,1,No,No,,37243,Shoulder and Lap Belt Used,37379,No,No,Daylight,Clear,208,33,19,0,7,13,1543957200,0.49,5.17,321,0,0,39.53,10.84,0.75,42.71,24.64,4.44,,partly-cloudy-day,mostly cloudy,0,1,0,0,0,0
,35.054571,-85.200011,Shallowford Rd,US-5900,Jersey Pike,3/21/2018 14:00,2018-03-21,14,1521655200,,,,Property Damage,Front to Rear,No,No,No,No,40,2,No,No,Shoulder and Lap Belt Used,37411,Shoulder and Lap Belt Used,37416,No,No,Daylight,Clear,412,28,14,1,2,5,1521651600,0.49,5.82,315,4,0,41.47,15.21,1,44.71,26.53,5.971,,cloudy,overcast,0,1,0,0,0,0
,35.056137,-85.196934,5901 Shallowford Rd,,5901 Shallowford Rd.,6/12/2018 17:00,2018-06-12,17,1528837200,,,,Possible Injury,Angle,No,No,No,No,35,2,No,No,Shoulder and Lap Belt Used,37411,Shoulder and Lap Belt Used,30741,No,No,Daylight,Clear,412,28,14,1,2,5,1528833600,0.57,7.99,160,4,0,89.6,14.32,0.44,85.75,68.74,6.23,,partly-cloudy-day,partly cloudy,0,1,0,0,0,0
,35.054571,-85.200011,5900 Shallowford Rd,,Interstate 75,8/24/2018 12:00,2018-08-24,12,1535126400,,,,Possible Injury,Angle,No,No,Yes,No,45,2,No,No,Shoulder and Lap Belt Used,37412,Shoulder and Lap Belt Used,37421,No,No,Daylight,Clear,412,28,14,1,2,5,1535122800,0.49,7.04,142,8,0,77.06,14.55,0,77.06,56.33,7.715,,clear-day,clear,0,0,0,0,1,0
,35.055348,-85.200161,5300 Shallowford Rd,,Jersey Pike,10/7/2018 0:00,2018-10-07,0,1538884800,,,,Property Damage Under,Unknown,No,No,No,No,40,2,No,No,Unknown,37416,Restraint Used Type Unknown,37411,No,No,Unknown,Clear,412,28,14,1,2,5,1538881200,0.86,1.64,285,0,0,74.4,5.1,0,73.31,69.01,6.456,,clear-night,clear,0,0,0,0,1,0
,35.055348,-85.200161,Shallowford Rd,,Jersey Pike,10/24/2018 15:00,2018-10-24,15,1540407600,,,,Property Damage Under,Front to Rear,No,No,No,No,30,2,No,No,Shoulder and Lap Belt Used,64118,Shoulder and Lap Belt Used,37411,No,No,Daylight,Clear,412,28,14,1,2,5,1540404000,0.37,6.83,28,4,0,66.89,12.26,0,66.89,39.53,7.933,,clear-day,clear,0,0,0,0,1,0
,35.054652,-85.194245,Shallowford Rd,,Polymer Dr,1/6/2019 15:00,2019-01-06,15,1546804800,,,,Property Damage,Front to Rear,No,No,No,No,45,2,No,No,Shoulder and Lap Belt Used,30736,Shoulder and Lap Belt Used,37411,No,No,Daylight,Clear,412,28,14,1,2,5,1546801200,0.37,1.38,103,2,0,64.22,6.74,0,64.22,37.71,5.913,,clear-day,clear,0,0,0,0,1,0
,35.053571,-85.195197,Polymer Dr,,Shallowford Rd,2/18/2019 0:00,2019-02-18,0,1550466000,,,,Property Damage,"Sideswipe, Same Direction",Yes,No,No,No,15,2,No,No,,37363,Unknown,Unknown,,,Daylight,Clear,412,28,14,1,2,5,1550462400,0.93,3.21,299,0,0.102,50.49,8.87,1,50.49,48.67,2.837,rain,rain,rain,1,0,0,0,0,1
,35.055348,-85.200161,2140 Jersey Pike,SR-2100,Shallowford Rd,2/22/2019 16:00,2019-02-22,16,1550869200,,,,Property Damage,Front to Rear,No,No,No,No,35,2,No,No,Shoulder and Lap Belt Used,37379,Shoulder and Lap Belt Used,37379,No,No,Daylight,Rain,412,28,14,1,2,5,1550865600,0.95,5.29,18,2,0.021,50.69,10.26,1,50.69,49.44,2.262,rain,rain,light rain,1,0,0,0,0,1
,35.055348,-85.200161,4700 Shallowford Rd,,Jersey Pike,4/12/2019 12:00,2019-04-12,12,1555084800,,,,Possible Injury,Angle,No,No,No,No,30,2,No,No,Shoulder and Lap Belt Used,37411,Shoulder and Lap Belt Used,37379,No,No,Daylight,Clear,412,28,14,1,2,5,1555081200,0.65,9.62,201,5,0,73.59,15.31,0.72,73.5,60.94,7.985,,partly-cloudy-day,mostly cloudy,0,1,0,0,0,0
,35.068587,-85.142778,7200 Discovery Dr,,Volkswagon Dr,3/22/2018 11:00,2018-03-22,11,1521730800,,,,Property Damage,Angle,Yes,No,No,No,35,2,No,No,Unknown,Unknown,Shoulder and Lap Belt Used,37363,No,No,Daylight,Clear,640,34,9,0,0,4,1521727200,0.52,4.16,338,4,0,41.86,9.57,0,44.05,27.34,6.603,,clear-day,clear,0,0,0,0,1,0
,35.068587,-85.142778,Discovery Dr,,Discovery Dr,9/2/2018 0:00,2018-09-02,0,1535860800,,,,Property Damage,Unknown,Yes,No,No,No,15,2,No,No,,37323,Unknown,Unknown,,,Daylight,Clear,640,34,9,0,0,4,1535857200,0.92,0.78,6,0,0,73.7,5.56,0,72.44,69.91,6.076,,clear-night,clear,0,0,0,0,1,0
,35.068587,-85.142778,Discovery Dr,,Discovery Dr,11/15/2018 0:00,2018-11-15,0,1542258000,,,,Property Damage Under,Unknown,Yes,No,No,No,40,2,No,No,,37411,Unknown,Unknown,,,Dark - Lighted,Rain,640,34,9,0,0,4,1542254400,0.98,3.79,249,0,0.118,41.27,8.15,1,43.26,42.76,2.702,rain,rain,rain,1,0,0,0,0,1
,35.04521,-85.255897,Mission Ave,,Glenwood Dr,3/24/2018 1:00,2018-03-24,1,1521867600,,,,Property Damage,Angle,Yes,No,No,No,,2,No,No,Unknown,Unknown,,37406,,,Dark - Not Lighted,Clear,232,22,18,0,7,21,1521864000,0.59,0.46,25,0,0,49.16,1.18,1,49.16,35.25,7.449,,cloudy,overcast,0,1,0,0,0,0
,35.04839,-85.25212,N Crest Rd,,Ridgemont Dr,11/29/2018 0:00,2018-11-29,0,1543467600,,,,Property Damage Under,Not Collision with Motor Vehicle in Transport,Yes,No,No,No,30,1,No,No,,37402,Unknown,Unknown,,,Dark - Not Lighted,Rain,232,22,18,0,7,21,1543464000,0.76,0.78,33,0,0,30.91,4.77,0.75,30.91,24.23,5.686,,partly-cloudy-night,mostly cloudy,0,1,0,0,0,0
,35.01278,-85.289445,Faxon St,,Brown St,3/25/2018 8:00,2018-03-25,8,1521979200,,,,Property Damage,"Sideswipe, Same Direction",Yes,No,No,No,25,2,No,No,Unknown,Unknown,None Used MV Occupant,37404,No,No,Daylight,Clear,32,20,25,0,7,17,1521975600,0.9,1.81,30,0,0,46.74,3.49,1,46.74,43.98,3.22,,cloudy,overcast,0,1,0,0,0,0
,35.011252,-85.292458,3005 S Hickory St,,E 30th St,5/24/2018 9:00,2018-05-24,9,1527166800,,,,Property Damage Under,Angle,No,No,No,No,15,2,No,No,,37363,Shoulder and Lap Belt Used,60626,No,No,Daylight,Clear,32,20,25,0,7,17,1527163200,0.75,3.62,32,2,0,74.94,7.08,0.41,74.27,65.97,3.757,,partly-cloudy-day,partly cloudy,0,1,0,0,0,0
,35.008398,-85.295744,Crescent Cir,US-11,30th St,7/20/2018 22:00,2018-07-20,22,1532138400,,,,Property Damage,Unknown,Yes,No,No,No,25,2,No,No,Unknown,Unknown,,37421,,,Unknown,Unknown,32,20,25,0,7,17,1532134800,0.71,3.61,188,0,0,84.8,8.99,0.4,80.96,70.87,2.267,,partly-cloudy-night,partly cloudy,0,1,0,0,0,0
,35.008473,-85.290263,1815 E 32nd St,,3100 Clio Ave,11/8/2018 7:00,2018-11-08,7,1541678400,,,,Property Damage,Angle,Yes,No,No,No,25,2,No,No,,37351,Shoulder and Lap Belt Used,37311,No,No,Daylight,Clear,32,20,25,0,7,17,1541674800,0.67,6.08,26,0,0,53.55,15.29,1,53.55,42.92,6.539,,cloudy,overcast,0,1,0,0,0,0
,35.007748,-85.292197,Clio Ave,,E 32nd St,1/24/2019 18:00,2019-01-24,18,1548370800,,,,Suspected Minor Injury,Angle,No,No,Yes,No,25,2,No,No,Shoulder and Lap Belt Used,37406,Shoulder and Lap Belt Used,37407,No,No,Dark - Lighted,Clear,32,20,25,0,7,17,1548367200,0.56,5.1,289,0,0,34.97,9.11,0,38.78,24.31,5.713,,clear-night,clear,0,0,0,0,1,0
,35.007748,-85.292197,Clio Ave,,E 32nd St,1/24/2019 18:00,2019-01-24,18,1548370800,,,,Suspected Minor Injury,Angle,No,No,Yes,No,25,2,No,No,Shoulder and Lap Belt Used,37406,Shoulder and Lap Belt Used,37407,No,No,Dark - Lighted,Clear,32,20,25,0,7,17,1548367200,0.56,5.1,289,0,0,34.97,9.11,0,38.78,24.31,5.713,,clear-night,clear,0,0,0,0,1,0
,35.007748,-85.292197,Clio Ave,,E 32nd St,1/24/2019 18:00,2019-01-24,18,1548370800,,,,Suspected Minor Injury,Angle,No,No,Yes,No,25,2,No,No,Shoulder and Lap Belt Used,37406,Shoulder and Lap Belt Used,37407,No,No,Dark - Lighted,Clear,32,20,25,0,7,17,1548367200,0.56,5.1,289,0,0,34.97,9.11,0,38.78,24.31,5.713,,clear-night,clear,0,0,0,0,1,0
,35.007748,-85.292197,Clio Ave,,E 32nd St,1/24/2019 18:00,2019-01-24,18,1548370800,,,,Suspected Minor Injury,Angle,No,No,Yes,No,25,2,No,No,Shoulder and Lap Belt Used,37406,Shoulder and Lap Belt Used,37407,No,No,Dark - Lighted,Clear,32,20,25,0,7,17,1548367200,0.56,5.1,289,0,0,34.97,9.11,0,38.78,24.31,5.713,,clear-night,clear,0,0,0,0,1,0
,35.011424,-85.29494,E 23rd Street,SR-1800,Tinsley place,5/24/2019 16:00,2019-05-24,16,1558728000,,,,Property Damage,Front to Rear,No,No,No,No,35,2,No,No,Shoulder and Lap Belt Used,37412,Shoulder and Lap Belt Used,30757,No,No,Daylight,Clear,32,20,25,0,7,17,1558724400,0.42,3.39,236,6,0,94.46,7.79,0.44,92,65.39,5.703,,partly-cloudy-day,partly cloudy,0,1,0,0,0,0
,35.011424,-85.29494,E 23rd Street,SR-1800,Tinsley place,5/24/2019 16:00,2019-05-24,16,1558728000,,,,Property Damage,Front to Rear,No,No,No,No,35,2,No,No,Shoulder and Lap Belt Used,37412,Shoulder and Lap Belt Used,30757,No,No,Daylight,Clear,32,20,25,0,7,17,1558724400,0.42,3.39,236,6,0,94.46,7.79,0.44,92,65.39,5.703,,partly-cloudy-day,partly cloudy,0,1,0,0,0,0
,35.011424,-85.29494,E 23rd Street,SR-1800,Tinsley place,5/24/2019 16:00,2019-05-24,16,1558728000,,,,Property Damage,Front to Rear,No,No,No,No,35,2,No,No,Shoulder and Lap Belt Used,37412,Shoulder and Lap Belt Used,30757,No,No,Daylight,Clear,32,20,25,0,7,17,1558724400,0.42,3.39,236,6,0,94.46,7.79,0.44,92,65.39,5.703,,partly-cloudy-day,partly cloudy,0,1,0,0,0,0
,35.011424,-85.29494,E 23rd Street,SR-1800,Tinsley place,5/24/2019 16:00,2019-05-24,16,1558728000,,,,Property Damage,Front to Rear,No,No,No,No,35,2,No,No,Shoulder and Lap Belt Used,37412,Shoulder and Lap Belt Used,30757,No,No,Daylight,Clear,32,20,25,0,7,17,1558724400,0.42,3.39,236,6,0,94.46,7.79,0.44,92,65.39,5.703,,partly-cloudy-day,partly cloudy,0,1,0,0,0,0
,35.073807,-85.111622,Hwy 75,I-75,,3/26/2018 2:00,2018-03-26,2,1522044000,,,,Property Damage,Not Collision with Motor Vehicle in Transport,Yes,No,No,No,65,1,No,No,Shoulder and Lap Belt Used,37421,,,No,No,Dark - Not Lighted,Cloudy,721,37,7,0,0,7,1522040400,0.75,5.61,182,0,0,47.15,11.7,1,49.39,41.68,6.328,,cloudy,overcast,0,1,0,0,0,0
,35.073807,-85.111622,Hwy 75,I-75,,3/26/2018 2:00,2018-03-26,2,1522044000,,,,Property Damage,Not Collision with Motor Vehicle in Transport,No,No,No,No,65,1,No,No,Shoulder and Lap Belt Used,37323,,,No,No,Dark - Lighted,Cloudy,721,37,7,0,0,7,1522040400,0.75,5.61,182,0,0,47.15,11.7,1,49.39,41.68,6.328,,cloudy,overcast,0,1,0,0,0,0
,35.073843,-85.112125,900 INTERSTATE,I-75,Bonny Oaks,6/9/2018 17:00,2018-06-09,17,1528578000,,,,Property Damage,Not Collision with Motor Vehicle in Transport,No,No,No,No,65,1,No,No,Shoulder and Lap Belt Used,37359,,,No,No,Daylight,Rain,721,37,7,0,0,7,1528574400,0.46,1.5,269,4,0,90.1,8.3,0.44,88.31,64.83,6.722,,partly-cloudy-day,partly cloudy,0,1,0,0,0,0
,35.073564,-85.110815,7900 Apison Pike,,I-75 exit ramp,7/20/2018 7:00,2018-07-20,7,1532084400,,,,Property Damage,Angle,No,No,No,No,50,2,No,No,Shoulder and Lap Belt Used,37363,Shoulder and Lap Belt Used,37421,No,No,Daylight,Clear,721,37,7,0,0,7,1532080800,0.96,2.24,201,0,0,71.92,4.07,0.67,70.64,69.47,2.548,,partly-cloudy-day,mostly cloudy,0,1,0,0,0,0
,35.073807,-85.111622,900 I-75 North Bound,I-75,Volkswagen Exit,7/22/2018 7:00,2018-07-22,7,1532257200,,,,Possible Injury,Front to Rear,No,No,No,No,65,2,No,No,Shoulder and Lap Belt Used,37363,Shoulder and Lap Belt Used,37312,No,No,Daylight,Other,721,37,7,0,0,7,1532253600,0.96,0.9,277,0,0,67.76,5.16,0.38,66.88,65.58,3.824,,partly-cloudy-day,partly cloudy,0,1,0,0,0,0
,35.073807,-85.111622,900 Interstate 75 Northbound,,Apison Pike,10/17/2018 18:00,2018-10-17,18,1539813600,,,,Possible Injury,Front to Rear,No,No,No,No,65,2,No,No,Shoulder and Lap Belt Used,37323,Shoulder and Lap Belt Used,37363,No,No,Daylight,Clear,721,37,7,0,0,7,1539810000,0.45,4.32,5,0,0,67.64,9.88,0,67.64,45.8,6.582,,clear-day,clear,0,0,0,0,1,0
,35.073843,-85.112125,1100 Interstate 75 Sb (Rd),I-75,Lee Hwy,3/28/2019 5:00,2019-03-28,5,1553763600,,,,Possible Injury,Not Collision with Motor Vehicle in Transport,Yes,No,No,No,65,2,No,No,Unknown,37311,Unknown,Unknown,No,No,Dark - Lighted,Clear,721,37,7,0,0,7,1553760000,0.57,3.2,188,0,0,44.37,8.67,0,45.48,31.25,6.545,,clear-night,clear,0,0,0,0,1,0
,35.073807,-85.111622,75 Nb I-75 interstate,I-75,Apison Pike,4/1/2019 10:00,2019-04-01,10,1554127200,,,,Property Damage,Not Collision with Motor Vehicle in Transport,No,No,No,No,65,1,No,No,Shoulder and Lap Belt Used,37302,,,No,No,Daylight,Clear,721,37,7,0,0,7,1554123600,0.49,11.05,32,2,0,31.01,18.44,0,38.25,20.75,8.431,,clear-day,clear,0,0,0,0,1,0
,35.074311,-85.110255,910 Interstate 75 Nb RD,,Apison Pike,4/21/2019 15:00,2019-04-21,15,1555873200,,,,Property Damage,Front to Rear,No,No,No,No,55,2,No,No,Shoulder and Lap Belt Used,33033,Shoulder and Lap Belt Used,37363,No,No,Daylight,Clear,721,37,7,0,0,7,1555869600,0.29,4.92,325,8,0,68.91,13.22,0,68.91,35.16,8.514,,clear-day,clear,0,0,0,0,1,0
,35.073077,-85.109857,7925 Apison Pike,SR-7900,I 75,5/24/2019 7:00,2019-05-24,7,1558695600,,,,Property Damage,Front to Rear,No,No,No,No,40,2,No,No,Shoulder and Lap Belt Used,37404,Shoulder and Lap Belt Used,37363,No,No,Dawn,Clear,721,37,7,0,0,7,1558692000,0.9,1.01,342,0,0,69.23,3.38,0.26,68.47,65.36,5.707,,partly-cloudy-day,partly cloudy,0,1,0,0,0,0
,35.037444,-85.240658,609 Tunnel Blvd,,Wilcox Blvd,3/27/2018 16:00,2018-03-27,16,1522180800,,,,Property Damage,Unknown,Yes,No,No,No,40,2,No,No,Unknown,Unknown,,37406,,,Daylight,Clear,199,24,19,0,7,32,1522177200,0.68,3.91,182,3,0,58.84,8.31,1,58.84,48.12,6.265,,cloudy,overcast,0,1,0,0,0,0
,35.033838,-85.241637,N Germantown Rd,SR-701,Menlo St.,4/18/2018 0:00,2018-04-18,0,1524024000,,,,Property Damage,Unknown,Yes,No,No,No,,2,No,No,,30741,Unknown,Unknown,,,Unknown,Unknown,199,24,19,0,7,32,1524020400,0.48,2.42,216,0,0,64.67,6.35,0,64.67,44.36,7.446,,clear-night,clear,0,0,0,0,1,0
,35.033474,-85.243255,Tunnel Blvd,,N Germantown Rd,7/11/2018 0:00,2018-07-11,0,1531281600,,,,Property Damage,Angle,Yes,No,No,No,,2,No,No,,37404,Unknown,Unknown,,,Unknown,Clear,199,24,19,0,7,32,1531278000,0.82,1.19,308,0,0,77.82,4.87,0,76.61,70.67,5.862,,clear-night,clear,0,0,0,0,1,0
,35.033838,-85.241637,701 N Germantown Rd,,Tunnel Blvd,11/8/2018 0:00,2018-11-08,0,1541653200,,,,Property Damage,Not Collision with Motor Vehicle in Transport,Yes,No,No,No,,1,No,No,,37406,Unknown,37421,,,Daylight,Rain,199,24,19,0,7,32,1541649600,0.74,4.33,9,0,0,53.02,9.58,0.75,53.02,45.09,3.828,,partly-cloudy-night,mostly cloudy,0,1,0,0,0,0
,35.037964,-85.245478,800 Moss St,,Shallowford Rd,11/16/2018 0:00,2018-11-16,0,1542344400,,,,Property Damage,Not Collision with Motor Vehicle in Transport,Yes,No,No,No,30,1,No,No,Unknown,37410,,,,,Unknown,Clear,199,24,19,0,7,32,1542340800,0.77,4.58,311,0,0,28.34,7.34,1,32.74,26.2,5.753,,cloudy,overcast,0,1,0,0,0,0
,35.024792,-85.123425,2100 Morris Hill Rd,,Pebble Creek Rd,3/27/2018 20:00,2018-03-27,20,1522195200,,,,Suspected Minor Injury,Not Collision with Motor Vehicle in Transport,No,No,Yes,No,25,1,No,No,,37421,,37421,No,No,Dark - Lighted,Cloudy,423,39,14,0,0,14,1522191600,0.74,4.45,165,0,0,57.75,8.68,0.75,57.75,49.38,6.007,,partly-cloudy-night,mostly cloudy,0,1,0,0,0,0
,35.024792,-85.123425,2100 Morris Hill Rd,,Pebble Creek Rd,3/27/2018 20:00,2018-03-27,20,1522195200,,,,Suspected Minor Injury,Not Collision with Motor Vehicle in Transport,No,No,Yes,No,25,1,No,No,,37421,,37421,No,No,Dark - Lighted,Cloudy,423,39,14,0,0,14,1522191600,0.74,4.45,165,0,0,57.75,8.68,0.75,57.75,49.38,6.007,,partly-cloudy-night,mostly cloudy,0,1,0,0,0,0
,35.024792,-85.123425,2100 Morris Hill Rd,,Pebble Creek Rd,3/27/2018 20:00,2018-03-27,20,1522195200,,,,Suspected Minor Injury,Not Collision with Motor Vehicle in Transport,No,No,Yes,No,25,1,No,No,,37421,,37421,No,No,Dark - Lighted,Cloudy,423,39,14,0,0,14,1522191600,0.74,4.45,165,0,0,57.75,8.68,0.75,57.75,49.38,6.007,,partly-cloudy-night,mostly cloudy,0,1,0,0,0,0
,35.024792,-85.123425,2100 Morris Hill Rd,,Pebble Creek Rd,3/27/2018 20:00,2018-03-27,20,1522195200,,,,Suspected Minor Injury,Not Collision with Motor Vehicle in Transport,No,No,Yes,No,25,1,No,No,,37421,,37421,No,No,Dark - Lighted,Cloudy,423,39,14,0,0,14,1522191600,0.74,4.45,165,0,0,57.75,8.68,0.75,57.75,49.38,6.007,,partly-cloudy-night,mostly cloudy,0,1,0,0,0,0
,35.02693,-85.122019,2200 Morris Hill Rd,,Igou Gap Rd,9/29/2018 17:00,2018-09-29,17,1538254800,,,,Property Damage,Angle,No,No,No,No,40,2,No,No,Shoulder and Lap Belt Used,37421,Shoulder and Lap Belt Used,30741,No,No,Daylight,Clear,423,39,14,0,0,14,1538251200,0.55,5.11,35,2,0,81.62,10.1,0.44,80.31,62.71,7.865,,partly-cloudy-day,partly cloudy,0,1,0,0,0,0
,35.02693,-85.122019,2200 Morris Hill Rd,,Igou Gap Rd,9/29/2018 17:00,2018-09-29,17,1538254800,,,,Property Damage,Angle,No,No,No,No,40,2,No,No,Shoulder and Lap Belt Used,37421,Shoulder and Lap Belt Used,30741,No,No,Daylight,Clear,423,39,14,0,0,14,1538251200,0.55,5.11,35,2,0,81.62,10.1,0.44,80.31,62.71,7.865,,partly-cloudy-day,partly cloudy,0,1,0,0,0,0
,35.02693,-85.122019,2200 Morris Hill Rd,,Igou Gap Rd,9/29/2018 17:00,2018-09-29,17,1538254800,,,,Property Damage,Angle,No,No,No,No,40,2,No,No,Shoulder and Lap Belt Used,37421,Shoulder and Lap Belt Used,30741,No,No,Daylight,Clear,423,39,14,0,0,14,1538251200,0.55,5.11,35,2,0,81.59,10.1,0.44,80.27,62.71,7.865,,partly-cloudy-day,partly cloudy,0,1,0,0,0,0