Accident,Latitude,Longitude,Street,AltStreet,Intersection,DateTime,Date,Hour,Unix,WeekDay,WeekEnd,DayFrame,AccidentType,CollisionType,HaR,FatalInjury,MedicalTransport,InvolvedPlacardedTruck,PostedSpeed,TotalVehiclesInvolved,PedestrianInvolved,BicycleInvolved,DriverOneSafetyEquipment,DriverOneZip,DriverTwoSafetyEquipment,DriverTwoZip,Drug,Alcohol,LightCondition,Weather,Grid_Block,Grid_Col,Grid_Row,Highway,Land_Use_Mode,Road_Count,HourBefore,humidity,windSpeed,windBearing,uvIndex,precipIntensity,apparentTemperature,windGust,cloudCover,temperature,dewPoint,visibility,precipType,Event,Conditions,Rain,Cloudy,Foggy,Snow,Clear,RainBefore
,35.02693,-85.122019,2200 Morris Hill Rd,,Igou Gap Rd,9/29/2018 17:00,2018-09-29,17,1538254800,,,,Property Damage,Angle,No,No,No,No,40,2,No,No,Shoulder and Lap Belt Used,37421,Shoulder and Lap Belt Used,30741,No,No,Daylight,Clear,423,39,14,0,0,14,1538251200,0.55,5.11,35,2,0,81.59,10.1,0.44,80.27,62.71,7.865,,partly-cloudy-day,partly cloudy,0,1,0,0,0,0
,35.102678,-85.325203,900 Mountain Creek Rd,,Signal Mountain Rd,3/29/2018 16:00,2018-03-29,16,1522353600,,,,Property Damage,Front to Rear,No,No,No,No,35,2,No,No,,37405,Shoulder and Lap Belt Used,37405,No,No,Daylight,Rain,394,10,14,1,0,3,1522350000,0.67,5.81,217,3,0.003,69.8,15.25,1,69.8,58.37,6.806,rain,cloudy,overcast,0,1,0,0,0,0
,35.100389,-85.328412,111 Cross St,,Mountain Creek Rd,3/30/2018 21:00,2018-03-30,21,1522458000,,,,Property Damage,Unknown,Yes,No,No,No,35,2,No,No,Shoulder and Lap Belt Used,35634,Unknown,Unknown,,,Dark - Lighted,Clear,394,10,14,1,0,3,1522454400,0.64,0.54,315,0,0,50.86,1.95,0,50.86,39.31,6.806,,clear-night,clear,0,0,0,0,1,0
,35.098406,-85.329331,Signal Mountain Rd,SR-703,Mountain Creek Rd,4/1/2018 15:00,2018-04-01,15,1522609200,,,,Property Damage,Unknown,Yes,No,No,No,,2,No,No,Unknown,Unknown,,37419,,,Daylight,Unknown,394,10,14,1,0,3,1522605600,0.35,3.3,194,7,0,75.31,8.38,0.19,75.31,45.99,6.806,,partly-cloudy-day,partly cloudy,0,1,0,0,0,0
,35.09764,-85.327081,676 Signal Mountain Rd,,Mundy St,8/2/2018 14:00,2018-08-02,14,1533232800,,,,Property Damage,Front to Rear,No,No,No,No,40,2,No,No,Shoulder and Lap Belt Used,37397,,74134,No,No,Daylight,Rain,394,10,14,1,0,3,1533229200,0.92,4.6,42,5,0.069,73.9,10.07,1,72.63,70.08,5.691,rain,rain,light rain,1,0,0,0,0,1
,35.100156,-85.327607,Mountain Creek Rd,,Cross St,9/26/2018 15:00,2018-09-26,15,1537988400,,,,Property Damage,Angle,No,No,No,No,30,2,No,No,Shoulder and Lap Belt Used,37377,Shoulder and Lap Belt Used,37312,No,No,Daylight,Rain,394,10,14,1,0,3,1537984800,0.95,2.58,26,4,0.071,73.41,5.72,0.97,72.05,70.48,1.959,rain,rain,light rain,1,0,0,0,0,1
,35.098406,-85.329331,703 Signal Mountain Rd,US-703,Mountain Creek Road,10/23/2018 17:00,2018-10-23,17,1540328400,,,,Property Damage,Angle,Yes,No,No,No,,2,No,No,,37409,Unknown,37377,,,Daylight,Unknown,394,10,14,1,0,3,1540324800,0.35,1.27,20,1,0,67.53,6.39,0.67,67.53,39.14,8.14,,partly-cloudy-day,mostly cloudy,0,1,0,0,0,0
,35.102678,-85.325203,900 Mountain Creek Rd,,Mountain Creek Rd,12/18/2018 12:00,2018-12-18,12,1545152400,,,,Property Damage,Rear to Rear,No,No,No,No,15,2,No,No,,38305,Unknown,37405,No,,Daylight,Unknown,394,10,14,1,0,3,1545148800,0.47,6.54,42,2,0,50.89,13.25,0.39,50.89,31.18,6.906,,partly-cloudy-day,partly cloudy,0,1,0,0,0,0
,35.098369,-85.327973,Mountain Creek Rd,,Signal Mountain Rd,4/7/2019 13:00,2019-04-07,13,1554656400,,,,Property Damage,Front to Rear,Yes,No,No,No,40,2,No,No,Unknown,Unknown,Shoulder and Lap Belt Used,37405,No,No,Daylight,Clear,394,10,14,1,0,3,1554652800,0.74,8.15,201,5,0,72.15,13.85,0.77,71.81,62.89,6.481,,partly-cloudy-day,mostly cloudy,0,1,0,0,0,0
,35.099881,-85.329363,801 Signal Mountain Rd,,Mountain Creek Road,5/1/2019 16:00,2019-05-01,16,1556740800,,,,Property Damage,Angle,No,No,No,No,,2,No,No,,37421,Shoulder and Lap Belt Used,37405,No,No,Daylight,Clear,394,10,14,1,0,3,1556737200,0.37,9.28,210,6,0,85.98,15.6,0.44,85.98,56.92,6.888,,partly-cloudy-day,partly cloudy,0,1,0,0,0,0
,35.070896,-85.202938,Industry Dr,,Tag Dr,3/29/2018 17:00,2018-03-29,17,1522357200,,,,Property Damage,Not Collision with Motor Vehicle in Transport,No,No,No,No,35,1,No,No,Shoulder and Lap Belt Used,37415,,,No,No,Daylight,Rain,500,26,12,1,2,4,1522353600,0.8,4.34,210,2,0.019,64.27,10.4,1,64.27,58.04,5.237,rain,rain,light rain,1,0,0,0,0,1
,35.050422,-85.294787,900 Sisken Drive,,865 E 3rd St,3/29/2018 17:00,2018-03-29,17,1522357200,,,,Property Damage,Front to Rear,No,No,No,No,15,2,No,No,Shoulder and Lap Belt Used,38655,Shoulder and Lap Belt Used,37377,No,No,Daylight,Rain,192,17,19,0,7,12,1522353600,0.8,4.24,220,2,0.028,63.86,9.87,1,63.86,57.66,4.994,rain,rain,light rain,1,0,0,0,0,1
,35.050413,-85.291617,Siskin Dr,,E 3rd St,4/24/2018 18:00,2018-04-24,18,1524607200,,,,Property Damage Under,"Sideswipe, Same Direction",No,No,No,No,20,2,No,No,Shoulder and Lap Belt Used,30738,None Used MV Occupant,37377,No,No,Daylight,Clear,192,17,19,0,7,12,1524603600,0.6,2.57,296,2,0,67.69,8.54,0.75,67.69,53.44,5.586,,partly-cloudy-day,mostly cloudy,0,1,0,0,0,0
,35.051456,-85.296689,Riverside Dr,,4th street,11/6/2018 0:00,2018-11-06,0,1541480400,,,,Property Damage,Not Collision with Motor Vehicle in Transport,No,No,No,No,45,1,No,No,Shoulder and Lap Belt Used,37303,,,No,No,Dark - Not Lighted,Rain,192,17,19,0,7,12,1541476800,0.88,8.76,183,0,0,65.71,19.79,1,65.32,61.79,3.793,,cloudy,overcast,0,1,0,0,0,0
,35.0506923,-85.293024,948 siskin dr,,3rd st,11/16/2018 16:00,2018-11-16,16,1542402000,,,,Property Damage,"Sideswipe, Same Direction",No,No,No,No,,2,No,No,Shoulder and Lap Belt Used,37415,Shoulder and Lap Belt Used,37421,No,No,Daylight,Clear,192,17,19,0,7,12,1542398400,0.46,3.73,209,1,0,54.92,7.34,0.39,54.92,34.75,5.415,,partly-cloudy-day,partly cloudy,0,1,0,0,0,0
,35.050422,-85.294787,E 3rd St,,Siskin Dr,1/23/2019 0:00,2019-01-23,0,1548219600,,,,Possible Injury,Not Collision with Motor Vehicle in Transport,No,No,Yes,No,15,1,No,No,Shoulder and Lap Belt Used,37402,,,No,No,Daylight,Rain,192,17,19,0,7,12,1548216000,0.44,5.63,175,0,0,40.04,12.82,1,43.4,23.07,3.818,,cloudy,overcast,0,1,0,0,0,0
,35.050422,-85.294787,E 3rd St,,Siskin Dr,1/25/2019 0:00,2019-01-25,0,1548392400,,,,Property Damage,Unknown,Yes,No,No,No,,2,No,No,Unknown,Unknown,,37363,,,Unknown,Unknown,192,17,19,0,7,12,1548388800,0.8,1.58,304,0,0,31.36,4.56,0.1,31.36,26.04,3.71,,clear-night,clear,0,0,0,0,1,0
,35.050413,-85.291617,Siskin Dr,,Siskin Dr,3/25/2019 0:00,2019-03-25,0,1553486400,,,,Property Damage Under,Unknown,Yes,No,No,No,,2,No,No,Unknown,Unknown,,37380,,,Daylight,Clear,192,17,19,0,7,12,1553482800,0.44,3.56,206,0,0,60.97,5.46,0.75,60.97,38.72,7.197,,partly-cloudy-night,mostly cloudy,0,1,0,0,0,0
,35.1005,-85.346285,1300 Suck Creek Rd,,Signal Mountain Rd,3/31/2018 15:00,2018-03-31,15,1522522800,,,,Property Damage,Angle,No,No,No,No,35,2,No,No,Shoulder and Lap Belt Used,37803,Shoulder and Lap Belt Used,37405,No,No,Daylight,Clear,347,8,15,0,7,3,1522519200,0.32,4.04,168,5,0,66.54,9.09,0.65,66.54,36.09,2.979,,partly-cloudy-day,mostly cloudy,0,1,0,0,0,0
,35.1005,-85.346285,1201 Suck Creek Rd,,Signal Mtn Rd,10/17/2018 14:00,2018-10-17,14,1539799200,,,,Suspected Minor Injury,Front to Rear,No,No,Yes,No,50,2,No,No,Shoulder and Lap Belt Used,37415,Shoulder and Lap Belt Used,37397,No,No,Daylight,Clear,347,8,15,0,7,3,1539795600,0.33,5.7,43,5,0,66.15,11.35,0.75,66.15,36.42,5.287,,partly-cloudy-day,mostly cloudy,0,1,0,0,0,0
,35.100379,-85.344966,1000-1901 Suck Creek Rd,SR-1201,Signal Mtn. Rd.,4/14/2019 0:00,2019-04-14,0,1555214400,,,,Property Damage,Not Collision with Motor Vehicle in Transport,No,No,No,No,35,1,No,No,,37405,,42501,,,Unknown,Rain,347,8,15,0,7,3,1555210800,0.78,4.01,21,0,0,65.46,5.3,0.78,65.46,58.28,4.239,,partly-cloudy-night,mostly cloudy,0,1,0,0,0,0
,35.079994,-85.219782,4200 Bonny Oaks Dr,,Churchhill Rd,4/1/2018 1:00,2018-04-01,1,1522558800,,,,Property Damage,Unknown,Yes,No,No,No,45,1,No,No,Unknown,Unknown,,,,,Dark - Not Lighted,Clear,543,24,11,0,2,9,1522555200,0.52,1.3,186,0,0,54.88,2.25,0,54.88,37.77,5.845,,clear-night,clear,0,0,0,0,1,0
,35.082184,-85.213951,1506 Southernwood Drive,,Petty Road,1/17/2019 21:00,2019-01-17,21,1547776800,,,,Property Damage,Unknown,Yes,No,No,No,15,2,No,No,Unknown,Unknown,,37421,,,Dark - Lighted,Clear,543,24,11,0,2,9,1547773200,0.94,4.03,181,0,0.001,40.48,10.03,1,42.76,41.13,1.45,rain,fog,foggy,0,0,1,0,0,0
,35.0821127,-85.213971,5400 Hwy 58,SR-317,Hickory Valley Road,1/18/2019 5:00,2019-01-18,5,1547805600,,,,Property Damage,Not Collision with Motor Vehicle in Transport,No,No,No,No,50,1,No,No,Shoulder and Lap Belt Used,37341,,,No,No,Dark - Not Lighted,Fog,543,24,11,0,2,9,1547802000,0.95,1.02,151,0,0,44.57,4.66,1,44.57,43.36,2.249,,cloudy,overcast,0,1,0,0,0,0
,35.084957,-85.217796,Benton Dr,SR-4200,Harrison Pike,6/12/2019 14:00,2019-06-12,14,1560362400,,,,Property Damage,Not Collision with Motor Vehicle in Transport,Yes,No,No,No,30,1,No,No,,37406,,,,,Daylight,Cloudy,543,24,11,0,2,9,1560358800,0.62,7.27,172,4,0,76.1,15.64,1,75.91,61.82,2.727,,cloudy,overcast,0,1,0,0,0,0
,35.093487,-85.06273,6123 Mountain View Rd,,Amos Road,4/1/2018 12:00,2018-04-01,12,1522598400,,,,Property Damage,Unknown,Yes,No,No,No,15,2,No,No,,37302,Unknown,Unknown,,,Daylight,Clear,878,41,2,1,0,6,1522594800,0.41,2.06,201,7,0,68.67,6.58,0,68.67,43.98,6.941,,clear-day,clear,0,0,0,0,1,0
,35.093487,-85.06273,Snow Hill Rd,US-6100,Amos,4/16/2018 7:00,2018-04-16,7,1523876400,,,,Property Damage,Front to Rear,No,No,No,No,35,2,No,No,Shoulder and Lap Belt Used,37363,Shoulder and Lap Belt Used,37341,No,No,Daylight,Rain,878,41,2,1,0,6,1523872800,0.8,2.43,252,0,0,38.89,6.22,1,38.89,33.14,6.16,,cloudy,overcast,0,1,0,0,0,0
,35.087998,-85.065022,Mountain View Rd,,Snow Hill Rd,4/19/2018 17:00,2018-04-19,17,1524171600,,,,Property Damage,Front to Rear,No,No,No,No,40,2,No,No,Shoulder and Lap Belt Used,37363,Shoulder and Lap Belt Used,37363,No,No,Daylight,Clear,878,41,2,1,0,6,1524168000,0.41,4.94,353,4,0,56.82,11.7,0.11,56.82,33.19,6.421,,clear-day,clear,0,0,0,0,1,0
,35.0919366,-85.06427,2100 Hamilton Plc,,None,9/6/2018 0:00,2018-09-06,0,1536206400,,,,Property Damage,Unknown,Yes,No,No,No,15,2,No,No,Unknown,Unknown,,,,,Unknown,Clear,878,41,2,1,0,6,1536202800,0.92,1.04,32,0,0,77.19,5.67,0,75.58,73.24,4.984,,clear-night,humid,0,0,0,0,1,0
,35.090553,-85.064316,5958 Snow Hill Rd,SR-5900,Mountain View Road,5/31/2019 0:00,2019-05-31,0,1559275200,,,,Property Damage,Angle,Yes,No,No,No,15,2,No,No,Unknown,Unknown,,37363,,,Unknown,Clear,878,41,2,1,0,6,1559271600,0.8,2.28,279,0,0.001,74.44,5.41,0.75,73.6,67.17,5.163,rain,partly-cloudy-night,mostly cloudy,0,1,0,0,0,0
,35.080392,-85.295816,731 Mansion Cir,,Nottinghill,4/1/2018 18:00,2018-04-01,18,1522620000,,,,Property Damage,Unknown,Yes,No,No,No,15,2,No,No,Unknown,Unknown,,37405,,,Dusk,Clear,354,15,15,0,7,15,1522616400,0.42,2.38,229,1,0,72.55,6.21,0.75,72.55,47.97,7.675,,partly-cloudy-day,mostly cloudy,0,1,0,0,0,0
,35.080744,-85.29572,Mansion Cir,,Mansion Cir,7/29/2018 16:00,2018-07-29,16,1532894400,,,,Property Damage,Rear to Side,No,No,No,No,15,2,No,No,Shoulder and Lap Belt Used,37405,Shoulder and Lap Belt Used,37127,No,No,Daylight,Clear,354,15,15,0,7,15,1532890800,0.43,1.61,130,5,0,88.39,7.65,0.66,87.79,62.39,7.563,,partly-cloudy-day,mostly cloudy,0,1,0,0,0,0
,35.080994,-85.297426,703 Mansion Cir,,Dallas Rd,8/11/2018 8:00,2018-08-11,8,1533988800,,,,Property Damage,Other,Yes,No,No,No,15,2,No,No,Unknown,Unknown,,37404,,,Daylight,Clear,354,15,15,0,7,15,1533985200,0.91,2.29,335,0,0,71.55,5.09,0.71,70.54,67.65,7.898,,partly-cloudy-day,mostly cloudy,0,1,0,0,0,0
,35.08046,-85.296505,704 Mansion Cir,,Mansion Dr,8/23/2018 14:00,2018-08-23,14,1535047200,,,,Property Damage,Unknown,Yes,No,No,No,15,2,No,No,,37405,Unknown,,,,Daylight,Clear,354,15,15,0,7,15,1535043600,0.42,6.03,52,9,0,78.72,12.42,0,78.72,53.95,3.667,,clear-day,clear,0,0,0,0,1,0
,35.080754,-85.297037,700 Mansion Cir,,Notting Hill,8/28/2018 0:00,2018-08-28,0,1535428800,,,,Property Damage,Angle,Yes,No,No,No,,2,No,No,,37405,,37405,,,Unknown,Unknown,354,15,15,0,7,15,1535425200,0.78,1.46,135,0,0,78.23,2.62,0,77.17,69.65,7.118,,clear-night,clear,0,0,0,0,1,0
,35.081394,-85.293261,Longholm Ct,,East Dallas,11/21/2018 9:00,2018-11-21,9,1542808800,,,,Property Damage,"Sideswipe, Same Direction",Yes,No,No,No,25,2,No,No,,30741,Unknown,Unknown,,,Daylight,Clear,354,15,15,0,7,15,1542805200,0.79,4.21,9,1,0,32.72,7.48,0,36.2,30.23,3.02,,clear-day,clear,0,0,0,0,1,0
,35.079882,-85.295839,711 Mansion Cir,,E. Dallas Road,12/4/2018 0:00,2018-12-04,0,1543899600,,,,Property Damage,Unknown,Yes,No,No,No,,2,No,No,Unknown,Unknown,,37027,,,Unknown,Clear,354,15,15,0,7,15,1543896000,0.59,5.3,327,0,0,38.95,11.95,1,42.29,29.05,2.704,,cloudy,overcast,0,1,0,0,0,0
,35.0249682,-85.311667,West Main St,US-300,Broad St,4/4/2018 10:00,2018-04-04,10,1522850400,,,,Possible Injury,Head On,No,No,No,No,35,2,No,No,Shoulder and Lap Belt Used,37122,Shoulder and Lap Belt Used,37407,No,No,Daylight,Clear,50,17,24,1,2,5,1522846800,0.6,4.66,330,2,0,43.65,11.32,0.58,45.91,32.81,3.534,,partly-cloudy-day,mostly cloudy,0,1,0,0,0,0
,35.02605,-85.31134,17500 block I-24 East,I-24,Browns Ferry Rd,2/28/2019 13:00,2019-02-28,13,1551376800,,,,Property Damage,Front to Rear,No,No,No,No,65,2,No,No,Shoulder and Lap Belt Used,37347,Shoulder and Lap Belt Used,37343,No,No,Daylight,Rain,50,17,24,1,2,5,1551373200,0.9,2.25,83,4,0.001,57.55,6.86,1,57.55,54.58,4.609,rain,rain,possible drizzle,1,0,0,0,0,1
,35.02605,-85.31134,17500 block I-24 East,I-24,Browns Ferry Rd,2/28/2019 13:00,2019-02-28,13,1551376800,,,,Property Damage,Front to Rear,No,No,No,No,65,2,No,No,Shoulder and Lap Belt Used,37347,Shoulder and Lap Belt Used,37343,No,No,Daylight,Rain,50,17,24,1,2,5,1551373200,0.9,2.25,83,4,0.001,57.55,6.86,1,57.55,54.58,4.609,rain,rain,possible drizzle,1,0,0,0,0,1
,35.02605,-85.31134,17500 block I-24 East,I-24,Browns Ferry Rd,2/28/2019 13:00,2019-02-28,13,1551376800,,,,Property Damage,Front to Rear,No,No,No,No,65,2,No,No,Shoulder and Lap Belt Used,37347,Shoulder and Lap Belt Used,37343,No,No,Daylight,Rain,50,17,24,1,2,5,1551373200,0.9,2.25,83,4,0.001,57.55,6.86,1,57.55,54.58,4.609,rain,rain,possible drizzle,1,0,0,0,0,1
,35.02605,-85.31134,17500 block I-24 East,I-24,Browns Ferry Rd,2/28/2019 13:00,2019-02-28,13,1551376800,,,,Property Damage,Front to Rear,No,No,No,No,65,2,No,No,Shoulder and Lap Belt Used,37347,Shoulder and Lap Belt Used,37343,No,No,Daylight,Rain,50,17,24,1,2,5,1551373200,0.9,2.25,83,4,0.001,57.55,6.86,1,57.55,54.58,4.609,rain,rain,possible drizzle,1,0,0,0,0,1
,35.026626,-85.310189,2500 Market St,,W 25th St,4/24/2019 16:00,2019-04-24,16,1556136000,,,,Property Damage Under,Unknown,Yes,No,No,No,,2,No,No,,37404,Unknown,Unknown,,,Daylight,Clear,50,17,24,1,2,5,1556132400,0.27,5.11,229,5,0,83.98,12.68,0.34,83.98,46.65,6.734,,partly-cloudy-day,partly cloudy,0,1,0,0,0,0
,35.026626,-85.310189,2500 Market St,,W 25th St,4/24/2019 16:00,2019-04-24,16,1556136000,,,,Property Damage Under,Unknown,Yes,No,No,No,,2,No,No,,37404,Unknown,Unknown,,,Daylight,Clear,50,17,24,1,2,5,1556132400,0.27,5.11,229,5,0,83.98,12.68,0.34,83.98,46.65,6.734,,partly-cloudy-day,partly cloudy,0,1,0,0,0,0
,35.026626,-85.310189,2500 Market St,,W 25th St,4/24/2019 16:00,2019-04-24,16,1556136000,,,,Property Damage Under,Unknown,Yes,No,No,No,,2,No,No,,37404,Unknown,Unknown,,,Daylight,Clear,50,17,24,1,2,5,1556132400,0.27,5.11,229,5,0,83.98,12.68,0.34,83.98,46.65,6.734,,partly-cloudy-day,partly cloudy,0,1,0,0,0,0
,35.026626,-85.310189,2500 Market St,,W 25th St,4/24/2019 16:00,2019-04-24,16,1556136000,,,,Property Damage Under,Unknown,Yes,No,No,No,,2,No,No,,37404,Unknown,Unknown,,,Daylight,Clear,50,17,24,1,2,5,1556132400,0.27,5.11,229,5,0,83.98,12.68,0.34,83.98,46.65,6.734,,partly-cloudy-day,partly cloudy,0,1,0,0,0,0
,34.99762,-85.24787,Lee Hwy,US-9200,Artesian Dr.,4/4/2018 13:00,2018-04-04,13,1522861200,,,,Property Damage Under,Front to Rear,No,No,No,No,35,2,No,No,Shoulder and Lap Belt Used,37363,Shoulder and Lap Belt Used,37419,No,No,Daylight,Clear,38,26,25,0,7,19,1522857600,0.43,5.12,333,8,0,52.13,11.66,0,52.13,30.16,6.628,,clear-day,clear,0,0,0,0,1,0
,35.07575,-85.106156,900 Interstate 75 ST,,Volkswagen Drive,4/5/2018 9:00,2018-04-05,9,1522933200,,,,Property Damage,"Sideswipe, Same Direction",No,No,No,No,65,2,No,No,,37402,Shoulder and Lap Belt Used,37774,No,No,Daylight,Clear,756,37,6,1,0,3,1522929600,0.67,2.91,40,1,0,37.78,7.4,0,37.78,27.83,6.36,,clear-day,clear,0,0,0,0,1,0
,35.0340467,-85.18067,6035 International Drive,,Chapman Road,4/5/2018 15:00,2018-04-05,15,1522954800,,,,Property Damage,Angle,No,No,No,No,15,2,No,No,Shoulder and Lap Belt Used,37421,,37397,No,No,Daylight,Cloudy,325,31,16,1,7,10,1522951200,0.26,2.83,57,8,0,59.95,6.48,0,59.95,24.87,6.25,,clear-day,clear,0,0,0,0,1,0
,35.031699,-85.183432,6300 Lee Hwy,,Highway 153 Nb,5/17/2018 16:00,2018-05-17,16,1526587200,,,,Property Damage,Angle,No,No,No,No,40,2,No,No,Shoulder and Lap Belt Used,37343,Shoulder and Lap Belt Used,37363,No,No,Daylight,Rain,325,31,16,1,7,10,1526583600,0.73,1.23,164,5,0.001,78.28,4.52,0.75,77.39,68.19,3.668,rain,partly-cloudy-day,mostly cloudy,0,1,0,0,0,0
,35.034506,-85.183441,100 Highway 153 Sb,,Lee Hwy,6/27/2018 17:00,2018-06-27,17,1530133200,,,,Property Damage,Front to Rear,No,No,No,No,55,2,No,No,Shoulder and Lap Belt Used,37421,Shoulder and Lap Belt Used,37412,No,No,Daylight,Clear,325,31,16,1,7,10,1530129600,0.59,5.13,251,4,0.008,92.69,10.37,0.44,86.95,71.05,6.58,rain,partly-cloudy-day,partly cloudy,0,1,0,0,0,0
,35.03275,-85.180174,Lee Hwy,,Highway 153,7/16/2018 15:00,2018-07-16,15,1531767600,,,,Property Damage,Front to Rear,No,No,No,No,40,3,No,No,Shoulder and Lap Belt Used,37343,Shoulder and Lap Belt Used,37912,No,No,Daylight,Clear,325,31,16,1,7,10,1531764000,0.7,5.01,175,6,0.005,93.48,11.82,0.75,85.42,74.31,8.379,rain,partly-cloudy-day,humid and mostly cloudy,0,1,0,0,0,0
,35.0336745,-85.180913,300 Highway 153 SB,,Jersey Pike,7/28/2018 0:00,2018-07-28,0,1532750400,,,,Fatal,Not Collision with Motor Vehicle in Transport,Yes,Yes,No,No,55,1,Yes,No,Unknown,37406,Unknown,Unknown,Yes,Yes,Unknown,Unknown,325,31,16,1,7,10,1532746800,0.81,2.67,336,0,0,74.5,7.43,0,73.65,67.3,5.842,,clear-night,clear,0,0,0,0,1,0
,35.03275,-85.180174,Highway 153,US-153,Lee Hwy,7/28/2018 8:00,2018-07-28,8,1532779200,,,,Property Damage,"Sideswipe, Same Direction",No,No,No,No,50,2,No,No,Shoulder and Lap Belt Used,35040,Shoulder and Lap Belt Used,37402,No,No,Daylight,Clear,325,31,16,1,7,10,1532775600,0.85,2.79,334,0,0,68.02,5.21,0,67.58,62.8,4.45,,clear-day,clear,0,0,0,0,1,0
,35.034364,-85.183229,153 NB Interstate,US-153,153 NB Interstate,11/8/2018 13:00,2018-11-08,13,1541700000,,,,Property Damage,Not Collision with Motor Vehicle in Transport,Yes,No,No,No,50,2,No,No,Unknown,Unknown,Shoulder and Lap Belt Used,37343,No,No,Daylight,Clear,325,31,16,1,7,10,1541696400,0.71,4.62,23,3,0,54.25,10.63,1,54.25,45.14,7.655,,cloudy,overcast,0,1,0,0,0,0
,35.032484,-85.182672,70-109 Highway 153 Sb,,Lee Hwy,11/12/2018 17:00,2018-11-12,17,1542060000,,,,Possible Injury,Front to Rear,No,No,No,No,55,2,No,No,Shoulder and Lap Belt Used,30736,Shoulder and Lap Belt Used,37415,No,No,Dusk,Rain,325,31,16,1,7,10,1542056400,0.96,4.41,16,0,0.021,42.24,10.43,1,44.54,43.55,3.73,rain,rain,light rain,1,0,0,0,0,1
,35.034506,-85.183441,100 Highway 153 Sb,,Lee Hwy Exit,12/6/2018 18:00,2018-12-06,18,1544137200,,,,Property Damage,Not Collision with Motor Vehicle in Transport,No,No,No,No,55,1,No,No,Unknown,38401,,,No,No,Dark - Not Lighted,Clear,325,31,16,1,7,10,1544133600,0.5,1.98,155,0,0,42.16,5.27,0.75,42.16,24.8,5.391,,partly-cloudy-night,mostly cloudy,0,1,0,0,0,0
,35.032197,-85.182608,7000 Lee Hwy,US-64,Shallowford Rd,12/18/2018 13:00,2018-12-18,13,1545156000,,,,Property Damage,Front to Rear,No,No,No,No,40,2,No,No,Shoulder and Lap Belt Used,37421,Shoulder and Lap Belt Used,37416,No,No,Daylight,Clear,325,31,16,1,7,10,1545152400,0.44,7.45,43,3,0,52.1,16.69,0,52.1,31.05,5.159,,clear-day,clear,0,0,0,0,1,0
,35.034364,-85.183229,100 Highway 153 Nb,,I 75 SB Exit 4 Off Ramp,12/21/2018 11:00,2018-12-21,11,1545408000,,,,Possible Injury,Rear to Side,Yes,No,No,No,55,3,No,No,Shoulder and Lap Belt Used,37421,Shoulder and Lap Belt Used,37421,No,No,Daylight,Rain,325,31,16,1,7,10,1545404400,0.9,7.78,318,1,0.043,40.74,12.6,1,44.97,42.14,4.491,rain,rain,light rain,1,0,0,0,0,1
,35.034506,-85.183441,"Exit 1, 100 Highway 153 Southbound",SR-153,Lee Hwy,2/20/2019 12:00,2019-02-20,12,1550682000,,,,Property Damage Under,Front to Rear,No,No,No,No,55,2,No,No,Shoulder and Lap Belt Used,30742,Shoulder and Lap Belt Used,37379,No,No,Daylight,Rain,325,31,16,1,7,10,1550678400,0.95,9.65,165,4,0.003,40.11,26.94,1,45.11,43.81,10,rain,cloudy,overcast,0,1,0,0,0,0
,35.031684,-85.183453,6298 Lee Hwy,,Hwy 153 Lee Hwy exit,3/16/2019 21:00,2019-03-16,21,1552784400,,,,Possible Injury,Angle,No,No,No,No,40,2,No,No,,37421,Shoulder and Lap Belt Used,37411,No,No,Dark - Lighted,Clear,325,31,16,1,7,10,1552780800,0.36,5.34,337,0,0,46.56,11.3,0,48.76,22.7,6.308,,clear-night,clear,0,0,0,0,1,0
,35.034477,-85.187672,6200 Vance Rd,,Airpark Dr,5/9/2019 16:00,2019-05-09,16,1557432000,,,,Suspected Serious Injury,Head On,No,No,Yes,No,35,2,No,No,Shoulder and Lap Belt Used,37343,Shoulder and Lap Belt Used,37416,No,No,Daylight,Rain,325,31,16,1,7,10,1557428400,0.74,3.18,124,4,0.006,74.49,12.76,1,73.92,65.09,4.752,rain,rain,possible drizzle,1,0,0,0,0,1
,35.034506,-85.183441,100 Highway 153 Sb,I-75,75,6/19/2019 7:00,2019-06-19,7,1560942000,,,,Possible Injury,Angle,No,No,No,No,45,2,No,No,Shoulder and Lap Belt Used,37379,Shoulder and Lap Belt Used,37387,No,No,Dawn,Cloudy,325,31,16,1,7,10,1560938400,0.95,3.46,207,0,0.062,72.71,7.6,1,71.41,69.88,2.62,rain,rain,light rain,1,0,0,0,0,1
,35.000497,-85.139326,8563 Flower Br,US-11,1100 Givens Rd.,4/6/2018 21:00,2018-04-06,21,1523062800,,,,Property Damage Under,Angle,No,No,No,No,15,2,No,No,Shoulder and Lap Belt Used,37421,,37379,No,No,Dark - Lighted,Rain,213,38,19,0,7,14,1523059200,0.93,0.91,10,0,0.033,50.71,2.31,1,50.71,48.89,2.407,rain,rain,light rain,1,0,0,0,0,1
,35.064931,-85.300801,332 Tremont St,,Tampa Street,4/7/2018 3:00,2018-04-07,3,1523084400,,,,Property Damage,Unknown,Yes,No,No,No,25,2,No,No,,37405,Shoulder and Lap Belt Used,37409,,,Dark - Lighted,Clear,226,16,18,0,7,3,1523080800,0.92,0.28,19,0,0.008,50.94,0.51,1,50.94,48.72,1.823,rain,rain,drizzle,1,0,0,0,0,1