Accident,Latitude,Longitude,Street,AltStreet,Intersection,DateTime,Date,Hour,Unix,WeekDay,WeekEnd,DayFrame,AccidentType,CollisionType,HaR,FatalInjury,MedicalTransport,InvolvedPlacardedTruck,PostedSpeed,TotalVehiclesInvolved,PedestrianInvolved,BicycleInvolved,DriverOneSafetyEquipment,DriverOneZip,DriverTwoSafetyEquipment,DriverTwoZip,Drug,Alcohol,LightCondition,Weather,Grid_Block,Grid_Col,Grid_Row,Highway,Land_Use_Mode,Road_Count,HourBefore,humidity,windSpeed,windBearing,uvIndex,precipIntensity,apparentTemperature,windGust,cloudCover,temperature,dewPoint,visibility,precipType,Event,Conditions,Rain,Cloudy,Foggy,Snow,Clear,RainBefore
,35.06384,-85.297548,Crewdson St,,Barton Ave,7/4/2018 17:00,2018-07-04,17,1530738000,,,,Property Damage,Front to Rear,No,No,No,No,35,2,No,No,Unknown,37379,,37405,No,No,Daylight,Clear,226,16,18,0,7,3,1530734400,0.47,7.67,29,4,0,100.47,11.53,0.47,93.72,70.5,2.229,,partly-cloudy-day,partly cloudy,0,1,0,0,0,0
,35.064734,-85.297719,313 Crewdson St,,Money Tree Lane,12/16/2018 0:00,2018-12-16,0,1544936400,,,,Property Damage,"Sideswipe, Same Direction",Yes,No,No,No,15,2,No,No,Unknown,Unknown,,,,,Unknown,Clear,226,16,18,0,7,3,1544932800,0.93,3.73,266,0,0,41.97,5.56,0.75,43.82,41.88,5.838,,partly-cloudy-night,mostly cloudy,0,1,0,0,0,0
,35.064419,-85.297,507 Barton Ave,,McFarland Ave,3/9/2019 12:00,2019-03-09,12,1552150800,,,,Suspected Minor Injury,Not Collision with Motor Vehicle in Transport,No,No,Yes,No,35,1,No,No,,37402,Shoulder and Lap Belt Used,37405,Yes,No,Daylight,Rain,226,16,18,0,7,3,1552147200,0.96,2.01,190,4,0.002,50.33,6.24,1,50.33,49.3,0.145,rain,rain,possible drizzle,1,0,0,0,0,1
,35.063387,-85.298246,Island Ave,,Barton Ave,6/14/2019 16:00,2019-06-14,16,1560542400,,,,Property Damage Under,Angle,No,No,No,No,35,2,No,No,Shoulder and Lap Belt Used,48503,Shoulder and Lap Belt Used,37922,No,No,Daylight,Clear,226,16,18,0,7,3,1560538800,0.27,4.73,128,7,0,80.15,8.93,0,80.15,42.69,3.194,,clear-day,clear,0,0,0,0,1,0
,35.062452,-85.228937,2551 tunnel blvd,,Cogswell st,4/9/2018 0:00,2018-04-09,0,1523246400,,,,Property Damage,Unknown,Yes,No,No,No,,2,No,No,Unknown,Unknown,,37406,,,Unknown,Unknown,408,24,14,0,-1,-1,1523242800,0.61,0.48,84,0,0,46.76,1.27,0.63,46.76,33.83,6.328,,partly-cloudy-night,mostly cloudy,0,1,0,0,0,0
,35.067218,-85.230415,Towerway Dr,,Tunnel Blvd,3/31/2019 0:00,2019-03-31,0,1554004800,,,,Property Damage,Front to Rear,Yes,No,No,No,25,2,No,No,Unknown,Unknown,Shoulder and Lap Belt Used,37406,No,No,Unknown,Clear,408,24,14,0,-1,-1,1554001200,0.77,10.95,246,0,0.085,62.08,19.1,1,62.08,54.94,2.114,rain,rain,light rain,1,0,0,0,0,1
,35.098225,-85.244479,7630 E Brainerd road,,Reserve way,4/9/2018 8:00,2018-04-09,8,1523275200,,,,Property Damage,Angle,No,No,No,No,45,2,No,No,Shoulder and Lap Belt Used,37421,Shoulder and Lap Belt Used,37421,No,No,Daylight,Clear,584,20,10,0,5,2,1523271600,0.89,0.02,,0,0.001,45.85,0.87,1,45.85,42.91,2.73,rain,cloudy,overcast,0,1,0,0,0,0
,35.0915502,-85.287969,Hwy 153,,I-75,4/10/2018 0:00,2018-04-10,0,1523332800,,,,Property Damage,Front to Rear,No,No,No,No,55,2,No,No,Shoulder and Lap Belt Used,30736,Shoulder and Lap Belt Used,30736,No,No,Unknown,Unknown,444,15,13,0,7,9,1523329200,0.64,0.86,358,0,0,51.71,2.57,0.44,51.71,39.74,6.708,,partly-cloudy-night,partly cloudy,0,1,0,0,0,0
,35.0915502,-85.287969,Hwy 153,,I-75,4/10/2018 0:00,2018-04-10,0,1523332800,,,,Property Damage,Front to Rear,No,No,No,No,55,2,No,No,Shoulder and Lap Belt Used,30736,Shoulder and Lap Belt Used,30736,No,No,Unknown,Unknown,444,15,13,0,7,9,1523329200,0.64,0.86,358,0,0,51.71,2.57,0.44,51.71,39.74,6.708,,partly-cloudy-night,partly cloudy,0,1,0,0,0,0
,35.0915502,-85.287969,Hwy 153,,I-75,4/10/2018 0:00,2018-04-10,0,1523332800,,,,Property Damage,Front to Rear,No,No,No,No,55,2,No,No,Shoulder and Lap Belt Used,30736,Shoulder and Lap Belt Used,30736,No,No,Unknown,Unknown,444,15,13,0,7,9,1523329200,0.64,0.86,358,0,0,51.71,2.57,0.44,51.71,39.74,6.708,,partly-cloudy-night,partly cloudy,0,1,0,0,0,0
,35.0915502,-85.287969,Hwy 153,,I-75,4/10/2018 0:00,2018-04-10,0,1523332800,,,,Property Damage,Front to Rear,No,No,No,No,55,2,No,No,Shoulder and Lap Belt Used,30736,Shoulder and Lap Belt Used,30736,No,No,Unknown,Unknown,444,15,13,0,7,9,1523329200,0.64,0.86,358,0,0,51.71,2.57,0.44,51.71,39.74,6.708,,partly-cloudy-night,partly cloudy,0,1,0,0,0,0
,35.091581,-85.287472,7035 Hwy 153,US-153,US 27,8/17/2018 18:00,2018-08-17,18,1534543200,,,,Property Damage Under,Front to Rear,No,No,No,No,45,2,No,No,Shoulder and Lap Belt Used,37321,Shoulder and Lap Belt Used,37379,No,No,Other,Rain,444,15,13,0,7,9,1534539600,0.63,6.23,170,2,0,93.33,13.78,0.68,86.46,72.56,3.968,,partly-cloudy-day,humid and mostly cloudy,0,1,0,0,0,0
,35.091581,-85.287472,7035 Hwy 153,US-153,US 27,8/17/2018 18:00,2018-08-17,18,1534543200,,,,Property Damage Under,Front to Rear,No,No,No,No,45,2,No,No,Shoulder and Lap Belt Used,37321,Shoulder and Lap Belt Used,37379,No,No,Other,Rain,444,15,13,0,7,9,1534539600,0.63,6.23,170,2,0,93.33,13.78,0.68,86.46,72.56,3.968,,partly-cloudy-day,humid and mostly cloudy,0,1,0,0,0,0
,35.091581,-85.287472,7035 Hwy 153,US-153,US 27,8/17/2018 18:00,2018-08-17,18,1534543200,,,,Property Damage Under,Front to Rear,No,No,No,No,45,2,No,No,Shoulder and Lap Belt Used,37321,Shoulder and Lap Belt Used,37379,No,No,Other,Rain,444,15,13,0,7,9,1534539600,0.63,6.23,170,2,0,93.38,13.78,0.68,86.5,72.56,3.968,,partly-cloudy-day,humid and mostly cloudy,0,1,0,0,0,0
,35.091581,-85.287472,7035 Hwy 153,US-153,US 27,8/17/2018 18:00,2018-08-17,18,1534543200,,,,Property Damage Under,Front to Rear,No,No,No,No,45,2,No,No,Shoulder and Lap Belt Used,37321,Shoulder and Lap Belt Used,37379,No,No,Other,Rain,444,15,13,0,7,9,1534539600,0.63,6.23,170,2,0,93.38,13.78,0.68,86.5,72.56,3.968,,partly-cloudy-day,humid and mostly cloudy,0,1,0,0,0,0
,35.069722,-85.100611,Old lee hwy,US-8100,Apison Pike,4/11/2018 8:00,2018-04-11,8,1523448000,,,,Property Damage,Front to Rear,No,No,No,Yes,35,2,No,No,Shoulder and Lap Belt Used,37363,Shoulder and Lap Belt Used,37363,No,No,Daylight,Clear,722,38,7,0,0,6,1523444400,0.83,0.6,347,0,0,39.57,1.33,0,39.57,34.93,6.736,,clear-day,clear,0,0,0,0,1,0
,35.069722,-85.100611,Apison Pike,,Old Lee Hwy,4/25/2018 17:00,2018-04-25,17,1524690000,,,,Property Damage Under,Front to Rear,No,No,No,No,35,2,No,No,Shoulder and Lap Belt Used,37411,Shoulder and Lap Belt Used,37421,No,No,Daylight,Clear,722,38,7,0,0,6,1524686400,0.66,4.09,337,3,0,63.36,9.31,0.97,63.36,51.82,6.307,,cloudy,overcast,0,1,0,0,0,0
,35.06977,-85.099889,Old Lee Highway,,Apison Pike,8/6/2018 12:00,2018-08-06,12,1533571200,,,,Property Damage Under,Front to Rear,No,No,No,No,40,2,No,No,Shoulder and Lap Belt Used,37412,Shoulder and Lap Belt Used,37363,No,No,Daylight,Clear,722,38,7,0,0,6,1533567600,0.58,1.29,316,8,0,94.02,8.26,0,87.94,71.2,6.725,,clear-day,clear,0,0,0,0,1,0
,35.06977,-85.099889,8201 Apison Pike,,Old Lee hwy,10/21/2018 16:00,2018-10-21,16,1540152000,,,,Property Damage,Front to Rear,Yes,No,No,No,45,2,No,No,Unknown,Unknown,Shoulder and Lap Belt Used,37411,No,No,Daylight,Clear,722,38,7,0,0,6,1540148400,0.37,7.24,18,3,0,54.68,13.03,0,54.68,28.79,8.175,,clear-day,clear,0,0,0,0,1,0
,35.070966,-85.105686,8030 Apison Pike,,Apison Pike,3/18/2019 14:00,2019-03-18,14,1552932000,,,,Property Damage,Angle,No,No,No,No,15,2,No,No,Shoulder and Lap Belt Used,37415,Shoulder and Lap Belt Used,37412,No,No,Daylight,Clear,722,38,7,0,0,6,1552928400,0.29,8.47,7,7,0,51.75,18.49,0,51.75,20.31,6.765,,clear-day,clear,0,0,0,0,1,0
,35.06972,-85.10061,8210 Apison Pike,SR-8200,Old Lee Hwy,4/22/2019 0:00,2019-04-22,0,1555905600,,,,Property Damage,Front to Rear,No,No,No,No,40,2,No,No,Shoulder and Lap Belt Used,37206,Shoulder and Lap Belt Used,36701,No,No,Daylight,Clear,722,38,7,0,0,6,1555902000,0.77,0.82,349,0,0,49.81,3.18,0,49.81,42.76,6.488,,clear-night,clear,0,0,0,0,1,0
,35.064642,-85.143359,7200 - 7399 Bonny Oaks Dr,,Kirkman Rd,4/12/2018 18:00,2018-04-12,18,1523570400,,,,Possible Injury,Front to Rear,No,No,Yes,No,35,2,No,No,Shoulder and Lap Belt Used,37416,Unknown,37421,No,No,Daylight,Clear,598,34,10,1,2,14,1523566800,0.26,4.35,193,2,0,78.49,11.47,0,78.49,40.57,6.1,,clear-day,clear,0,0,0,0,1,0
,35.050873,-85.234995,2728 4th Ave,SR-2728,E. 23rd,4/13/2018 0:00,2018-04-13,0,1523592000,,,,Property Damage,Head On,Yes,No,No,No,15,2,No,No,None Used MV Occupant,37404,Unknown,Unknown,No,No,Unknown,Unknown,318,24,16,0,7,11,1523588400,0.42,1.77,195,0,0,65.7,4.58,0,65.7,41.78,3.063,,clear-night,clear,0,0,0,0,1,0
,35.088809,-85.22044,4690 Amnicola Hwy,,Highway 153,4/13/2018 0:00,2018-04-13,0,1523592000,,,,Property Damage,Angle,Yes,No,No,No,50,3,No,No,Unknown,37347,Unknown,37421,No,No,Unknown,Clear,587,23,10,1,7,9,1523588400,0.42,1.81,195,0,0,65.54,4.32,0,65.54,41.78,2.341,,clear-night,clear,0,0,0,0,1,0
,35.093325,-85.223912,600 Highway 153 Sb,,Access Rd,5/4/2018 18:00,2018-05-04,18,1525471200,,,,Property Damage,Angle,No,No,No,No,50,2,No,No,Shoulder and Lap Belt Used,37343,Shoulder and Lap Belt Used,37934,No,No,Daylight,Cloudy,587,23,10,1,7,9,1525467600,0.51,0.88,219,2,0,82.93,3.77,0.75,82.05,61.96,6.27,,partly-cloudy-day,mostly cloudy,0,1,0,0,0,0
,35.089088,-85.21983,Amnicola Hwy,,S Access Rd,9/20/2018 18:00,2018-09-20,18,1537480800,,,,Possible Injury,Front to Rear,No,No,Yes,No,15,2,No,No,Shoulder and Lap Belt Used,37323,Shoulder and Lap Belt Used,37323,No,No,Daylight,Clear,587,23,10,1,7,9,1537477200,0.4,4.12,128,1,0,94.28,7.13,0.39,92.35,64.42,2.791,,partly-cloudy-day,partly cloudy,0,1,0,0,0,0
,35.089088,-85.21983,4700 Amnicola Hwy,,Access Road,12/14/2018 14:00,2018-12-14,14,1544814000,,,,Property Damage,"Sideswipe, Same Direction",No,No,No,No,45,2,No,No,,37405,Shoulder and Lap Belt Used,37363,No,No,Daylight,Rain,587,23,10,1,7,9,1544810400,0.95,5.22,18,2,0.038,47.34,7.77,1,49.36,47.94,0.86,rain,rain,light rain,1,0,0,0,0,1
,35.091807,-85.225646,4600 Amnicola Hwy,,S Access Rd,4/20/2019 20:00,2019-04-20,20,1555804800,,,,Property Damage,Angle,Yes,No,No,No,50,2,No,No,Unknown,Unknown,Shoulder and Lap Belt Used,37341,No,No,Dusk,Clear,587,23,10,1,7,9,1555801200,0.83,4.41,275,0,0,45.96,10.64,1,47.74,42.97,5.862,,cloudy,overcast,0,1,0,0,0,0
,35.107843,-85.325664,963 Mountain Creek Rd,,N Runyan Dr,4/13/2018 8:00,2018-04-13,8,1523620800,,,,Property Damage,Unknown,Yes,No,No,No,15,2,No,No,,37405,Unknown,Unknown,,,Daylight,Clear,439,10,13,1,0,2,1523617200,0.67,0.62,234,0,0,57.89,3.42,0.19,57.89,46.88,6.817,,partly-cloudy-day,partly cloudy,0,1,0,0,0,0
,35.107843,-85.325664,963 Mountain Creek Rd,,N Runyan Dr,4/13/2018 8:00,2018-04-13,8,1523620800,,,,Property Damage,Unknown,Yes,No,No,No,15,2,No,No,,37405,Unknown,Unknown,,,Daylight,Clear,439,10,13,1,0,2,1523617200,0.67,0.62,234,0,0,57.89,3.42,0.19,57.89,46.88,6.817,,partly-cloudy-day,partly cloudy,0,1,0,0,0,0
,35.107843,-85.325664,963 Mountain Creek Rd,,N Runyan Dr,4/13/2018 8:00,2018-04-13,8,1523620800,,,,Property Damage,Unknown,Yes,No,No,No,15,2,No,No,,37405,Unknown,Unknown,,,Daylight,Clear,439,10,13,1,0,2,1523617200,0.67,0.62,234,0,0,57.89,3.42,0.19,57.89,46.88,6.817,,partly-cloudy-day,partly cloudy,0,1,0,0,0,0
,35.107843,-85.325664,963 Mountain Creek Rd,,N Runyan Dr,4/13/2018 8:00,2018-04-13,8,1523620800,,,,Property Damage,Unknown,Yes,No,No,No,15,2,No,No,,37405,Unknown,Unknown,,,Daylight,Clear,439,10,13,1,0,2,1523617200,0.67,0.62,234,0,0,57.89,3.42,0.19,57.89,46.88,6.817,,partly-cloudy-day,partly cloudy,0,1,0,0,0,0
,35.10461,-85.324962,Mountain Creek Rd,,Glendale Dr,5/26/2018 9:00,2018-05-26,9,1527339600,,,,Property Damage,Angle,Yes,No,No,No,15,2,No,No,,37130,Unknown,Unknown,,,Daylight,Rain,439,10,13,1,0,2,1527336000,0.89,2.65,169,2,0,71.8,4.01,1,70.82,67.55,6.39,,cloudy,overcast,0,1,0,0,0,0
,35.10461,-85.324962,Mountain Creek Rd,,Glendale Dr,5/26/2018 9:00,2018-05-26,9,1527339600,,,,Property Damage,Angle,Yes,No,No,No,15,2,No,No,,37130,Unknown,Unknown,,,Daylight,Rain,439,10,13,1,0,2,1527336000,0.89,2.65,169,2,0,71.8,4.01,1,70.82,67.55,6.39,,cloudy,overcast,0,1,0,0,0,0
,35.10461,-85.324962,Mountain Creek Rd,,Glendale Dr,5/26/2018 9:00,2018-05-26,9,1527339600,,,,Property Damage,Angle,Yes,No,No,No,15,2,No,No,,37130,Unknown,Unknown,,,Daylight,Rain,439,10,13,1,0,2,1527336000,0.89,2.65,169,2,0,71.8,4.01,1,70.82,67.55,6.39,,cloudy,overcast,0,1,0,0,0,0
,35.10461,-85.324962,Mountain Creek Rd,,Glendale Dr,5/26/2018 9:00,2018-05-26,9,1527339600,,,,Property Damage,Angle,Yes,No,No,No,15,2,No,No,,37130,Unknown,Unknown,,,Daylight,Rain,439,10,13,1,0,2,1527336000,0.89,2.65,169,2,0,71.8,4.01,1,70.82,67.55,6.39,,cloudy,overcast,0,1,0,0,0,0
,35.106044,-85.323949,936 Mountain Creek Rd,,Mtn Creek Rd,7/12/2018 0:00,2018-07-12,0,1531368000,,,,Property Damage,Unknown,Yes,No,No,No,15,2,No,No,Unknown,Unknown,,37405,,,Unknown,Clear,439,10,13,1,0,2,1531364400,0.72,3.55,348,0,0,83.38,5.35,0.17,80.07,70.43,6.972,,partly-cloudy-night,partly cloudy,0,1,0,0,0,0
,35.106044,-85.323949,936 Mountain Creek Rd,,Mtn Creek Rd,7/12/2018 0:00,2018-07-12,0,1531368000,,,,Property Damage,Unknown,Yes,No,No,No,15,2,No,No,Unknown,Unknown,,37405,,,Unknown,Clear,439,10,13,1,0,2,1531364400,0.72,3.55,348,0,0,83.38,5.35,0.17,80.07,70.43,6.972,,partly-cloudy-night,partly cloudy,0,1,0,0,0,0
,35.106044,-85.323949,936 Mountain Creek Rd,,Mtn Creek Rd,7/12/2018 0:00,2018-07-12,0,1531368000,,,,Property Damage,Unknown,Yes,No,No,No,15,2,No,No,Unknown,Unknown,,37405,,,Unknown,Clear,439,10,13,1,0,2,1531364400,0.72,3.55,348,0,0,83.49,5.35,0.17,80.14,70.43,6.972,,partly-cloudy-night,partly cloudy,0,1,0,0,0,0
,35.106044,-85.323949,936 Mountain Creek Rd,,Mtn Creek Rd,7/12/2018 0:00,2018-07-12,0,1531368000,,,,Property Damage,Unknown,Yes,No,No,No,15,2,No,No,Unknown,Unknown,,37405,,,Unknown,Clear,439,10,13,1,0,2,1531364400,0.72,3.55,348,0,0,83.49,5.35,0.17,80.14,70.43,6.972,,partly-cloudy-night,partly cloudy,0,1,0,0,0,0
,35.1082291,-85.32507,W Mississippi Ave,SR-1128,W Mississippi Ave,10/1/2018 0:00,2018-10-01,0,1538366400,,,,Property Damage,Angle,Yes,No,No,No,25,2,No,No,Unknown,Unknown,,37405,,,Unknown,Clear,439,10,13,1,0,2,1538362800,0.85,1.84,146,0,0,74.4,4.02,0.5,73.36,68.63,7.311,,partly-cloudy-night,partly cloudy,0,1,0,0,0,0
,35.1082291,-85.32507,W Mississippi Ave,SR-1128,W Mississippi Ave,10/1/2018 0:00,2018-10-01,0,1538366400,,,,Property Damage,Angle,Yes,No,No,No,25,2,No,No,Unknown,Unknown,,37405,,,Unknown,Clear,439,10,13,1,0,2,1538362800,0.85,1.84,146,0,0,74.4,4.02,0.5,73.36,68.63,7.311,,partly-cloudy-night,partly cloudy,0,1,0,0,0,0
,35.1082291,-85.32507,W Mississippi Ave,SR-1128,W Mississippi Ave,10/1/2018 0:00,2018-10-01,0,1538366400,,,,Property Damage,Angle,Yes,No,No,No,25,2,No,No,Unknown,Unknown,,37405,,,Unknown,Clear,439,10,13,1,0,2,1538362800,0.85,1.84,146,0,0,74.29,4.02,0.5,73.24,68.63,7.311,,partly-cloudy-night,partly cloudy,0,1,0,0,0,0
,35.1082291,-85.32507,W Mississippi Ave,SR-1128,W Mississippi Ave,10/1/2018 0:00,2018-10-01,0,1538366400,,,,Property Damage,Angle,Yes,No,No,No,25,2,No,No,Unknown,Unknown,,37405,,,Unknown,Clear,439,10,13,1,0,2,1538362800,0.85,1.84,146,0,0,74.29,4.02,0.5,73.24,68.63,7.311,,partly-cloudy-night,partly cloudy,0,1,0,0,0,0
,35.107351,-85.326172,950 Mountain Creek Rd,,W Rd,11/20/2018 10:00,2018-11-20,10,1542726000,,,,Property Damage,Not Collision with Motor Vehicle in Transport,No,No,No,No,40,1,No,No,Shoulder and Lap Belt Used,37405,,,No,No,Daylight,Cloudy,439,10,13,1,0,2,1542722400,0.62,5.4,320,1,0,44.07,10.65,0.78,46.69,34.32,7.293,,partly-cloudy-day,mostly cloudy,0,1,0,0,0,0
,35.107351,-85.326172,950 Mountain Creek Rd,,W Rd,11/20/2018 10:00,2018-11-20,10,1542726000,,,,Property Damage,Not Collision with Motor Vehicle in Transport,No,No,No,No,40,1,No,No,Shoulder and Lap Belt Used,37405,,,No,No,Daylight,Cloudy,439,10,13,1,0,2,1542722400,0.62,5.4,320,1,0,44.07,10.65,0.78,46.69,34.32,7.293,,partly-cloudy-day,mostly cloudy,0,1,0,0,0,0
,35.107351,-85.326172,950 Mountain Creek Rd,,W Rd,11/20/2018 10:00,2018-11-20,10,1542726000,,,,Property Damage,Not Collision with Motor Vehicle in Transport,No,No,No,No,40,1,No,No,Shoulder and Lap Belt Used,37405,,,No,No,Daylight,Cloudy,439,10,13,1,0,2,1542722400,0.62,5.4,320,1,0,44.09,10.65,0.78,46.7,34.32,7.293,,partly-cloudy-day,mostly cloudy,0,1,0,0,0,0
,35.107351,-85.326172,950 Mountain Creek Rd,,W Rd,11/20/2018 10:00,2018-11-20,10,1542726000,,,,Property Damage,Not Collision with Motor Vehicle in Transport,No,No,No,No,40,1,No,No,Shoulder and Lap Belt Used,37405,,,No,No,Daylight,Cloudy,439,10,13,1,0,2,1542722400,0.62,5.4,320,1,0,44.09,10.65,0.78,46.7,34.32,7.293,,partly-cloudy-day,mostly cloudy,0,1,0,0,0,0
,35.106044,-85.323949,936 Mountain Creek Rd,,Glendale Dr,3/13/2019 0:00,2019-03-13,0,1552449600,,,,Property Damage Under,Other,Yes,No,No,No,30,2,No,No,Shoulder and Lap Belt Used,37405,Unknown,Unknown,No,No,Unknown,Clear,439,10,13,1,0,2,1552446000,0.45,2.36,78,0,0,53.6,6.09,0.75,53.6,32.49,10,,partly-cloudy-night,mostly cloudy,0,1,0,0,0,0
,35.0976116,-85.267715,1944 Northpoint Blvd,,Highway 153,4/13/2018 11:00,2018-04-13,11,1523631600,,,,Property Damage,"Sideswipe, Same Direction",No,No,No,No,,2,No,No,Shoulder and Lap Belt Used,37343,Shoulder and Lap Belt Used,37421,No,No,Daylight,Clear,536,17,11,0,-1,-1,1523628000,0.52,5.27,183,5,0,69.02,11.76,0,69.02,50.86,6.687,,clear-day,clear,0,0,0,0,1,0
,35.09899,-85.271133,Enclave Bay Dr,,Enclave bay dr,6/6/2018 21:00,2018-06-06,21,1528333200,,,,Possible Injury,Not Collision with Motor Vehicle in Transport,No,No,Yes,No,20,1,No,No,None Used MV Occupant,37405,,,No,No,Dark - Lighted,Clear,536,17,11,0,-1,-1,1528329600,0.53,3.46,327,0,0,79.85,6.65,0,79.69,61.16,6.202,,clear-night,clear,0,0,0,0,1,0
,35.05504,-85.304926,E 2nd St,SR-411,High St,4/13/2018 22:00,2018-04-13,22,1523671200,,,,Property Damage,Angle,Yes,No,No,No,15,2,No,No,,30736,Unknown,Unknown,,,Dark - Not Lighted,Clear,191,16,19,0,0,5,1523667600,0.41,1.35,175,0,0,72.65,3.9,0,72.65,47.41,1.24,,fog,foggy,0,0,1,0,0,0
,35.054882,-85.305525,High St,SR-200,E 3rd St,4/14/2018 15:00,2018-04-14,15,1523732400,,,,Property Damage Under,Angle,Yes,No,No,No,30,2,No,No,Shoulder and Lap Belt Used,37415,Unknown,Unknown,No,No,Daylight,Clear,191,16,19,0,0,5,1523728800,0.57,4.03,195,5,0,78.46,11.69,0.75,78.24,61.93,6.342,,partly-cloudy-day,mostly cloudy,0,1,0,0,0,0
,35.053389,-85.301545,637 Battery Pl,,Private Property,6/14/2018 0:00,2018-06-14,0,1528948800,,,,Property Damage Under,Unknown,Yes,No,No,No,,2,No,No,Unknown,Unknown,,37403,,,Unknown,Unknown,191,16,19,0,0,5,1528945200,0.93,1.47,201,0,0,72.95,4.32,0.39,71.72,69.52,4.947,,partly-cloudy-night,partly cloudy,0,1,0,0,0,0
,35.054882,-85.305525,200 High St,,E 3rd St,6/29/2018 13:00,2018-06-29,13,1530291600,,,,Property Damage,Angle,No,No,No,No,25,2,No,No,,37415,Shoulder and Lap Belt Used,37920,No,No,Daylight,Clear,191,16,19,0,0,5,1530288000,0.75,2.13,99,5,0,79.75,8.1,0.98,78.66,70.14,4.647,,cloudy,overcast,0,1,0,0,0,0
,35.054586,-85.305343,204 High St,,E 3rd St,10/31/2018 0:00,2018-10-31,0,1540958400,,,,Property Damage,"Sideswipe, Opposite Direction",Yes,No,No,No,15,2,No,No,,30736,Unknown,Unknown,,,Unknown,Clear,191,16,19,0,0,5,1540954800,0.71,2.65,196,0,0,54.92,6.43,0.39,54.92,45.74,7.112,,partly-cloudy-night,partly cloudy,0,1,0,0,0,0
,35.054422,-85.306163,Riverside Dr,,Lookout St,2/2/2019 16:00,2019-02-02,16,1549141200,,,,Property Damage,Front to Rear,No,No,No,No,35,2,No,No,Shoulder and Lap Belt Used,37145,None Used MV Occupant,37341,No,No,Daylight,Clear,191,16,19,0,0,5,1549137600,0.29,3.33,102,1,0,67.86,8.66,0,67.86,34.55,6.835,,clear-day,clear,0,0,0,0,1,0
,35.011441,-85.188065,Interstate 75 north bound,I-75,East Brainerd Rd,4/15/2018 23:00,2018-04-15,23,1523847600,,,,Possible Injury,Front to Rear,No,No,Yes,No,65,2,No,No,Shoulder and Lap Belt Used,37914,Shoulder and Lap Belt Used,37040,No,No,Dark - Not Lighted,Rain,174,32,20,0,7,5,1523844000,0.75,3.56,277,0,0,41.36,10.75,1,43.15,35.67,5.921,,cloudy,overcast,0,1,0,0,0,0
,35.011441,-85.188065,280 Interstate 75 Nb rd,I-75,E Brainerd Rd,7/12/2018 8:00,2018-07-12,8,1531396800,,,,Possible Injury,Front to Rear,No,No,No,No,55,2,No,No,Unknown,37363,Unknown,30736,No,No,Daylight,Clear,174,32,20,0,7,5,1531393200,0.9,1.52,22,0,0,75.33,6.36,0,74.02,70.75,2.634,,clear-day,clear,0,0,0,0,1,0
,35.010946,-85.190576,160 Hwy 75 Sb,,160 Hwy 75 SB,9/16/2018 16:00,2018-09-16,16,1537128000,,,,Property Damage Under,"Sideswipe, Same Direction",No,No,No,No,55,2,No,No,Shoulder and Lap Belt Used,37398,Shoulder and Lap Belt Used,37379,No,No,Daylight,Clear,174,32,20,0,7,5,1537124400,0.73,6.71,14,4,0,79.38,14.98,0.75,78.4,69.08,5.719,,partly-cloudy-day,mostly cloudy,0,1,0,0,0,0
,35.010549,-85.192008,250 Hwy 75 Sb,,250 Hwy 75 SB,10/16/2018 16:00,2018-10-16,16,1539720000,,,,Property Damage Under,Front to Rear,No,No,No,No,55,2,No,No,Shoulder and Lap Belt Used,30741,Shoulder and Lap Belt Used,37379,No,No,Daylight,Clear,174,32,20,0,7,5,1539716400,0.94,3.84,65,3,0.045,62.12,6.55,1,61.82,60.11,3.154,rain,rain,light rain,1,0,0,0,0,1
,35.011004,-85.190369,260 Interstate 75 Southbound,,Interstate 24,10/23/2018 17:00,2018-10-23,17,1540328400,,,,Property Damage,Front to Rear,No,No,No,No,55,2,No,No,Shoulder and Lap Belt Used,30736,Shoulder and Lap Belt Used,30728,No,No,Daylight,Clear,174,32,20,0,7,5,1540324800,0.39,2.34,33,1,0,66.48,7.32,0,66.48,40.58,8.373,,clear-day,clear,0,0,0,0,1,0
,35.010549,-85.192008,250 Interstate 75 Southbound,I-75,Interstate 24 Eastbound,10/26/2018 10:00,2018-10-26,10,1540562400,,,,Property Damage,Angle,No,No,No,No,55,2,No,No,Shoulder and Lap Belt Used,37421,Shoulder and Lap Belt Used,37341,No,No,Daylight,Rain,174,32,20,0,7,5,1540558800,0.98,1.38,229,1,0.008,50.31,4.86,1,50.31,49.79,1.946,rain,rain,drizzle,1,0,0,0,0,1
,35.011004,-85.190369,260 Interstate 75 Sb RD,I-75,E Brainerd Rd,1/27/2019 18:00,2019-01-27,18,1548630000,,,,Property Damage,"Sideswipe, Same Direction",Yes,No,No,No,55,2,No,No,Unknown,Unknown,Shoulder and Lap Belt Used,30293,No,No,Dark - Lighted,Clear,174,32,20,0,7,5,1548626400,0.42,1.52,268,0,0,52.26,5.58,0.75,52.26,29.99,5.704,,partly-cloudy-night,mostly cloudy,0,1,0,0,0,0
,35.0060901,-85.189981,6135 Heritage Park Dr,,Jersey Pike,2/19/2019 10:00,2019-02-19,10,1550588400,,,,Property Damage,Angle,No,No,No,No,,2,No,No,Shoulder and Lap Belt Used,37308,Shoulder and Lap Belt Used,38107,No,No,Daylight,Rain,174,32,20,0,7,5,1550584800,0.76,6.05,46,2,0.001,28.78,10.62,0.44,34.17,27.38,7.104,sleet,partly-cloudy-day,partly cloudy,0,1,0,0,0,0