Accident,Latitude,Longitude,Street,AltStreet,Intersection,DateTime,Date,Hour,Unix,WeekDay,WeekEnd,DayFrame,AccidentType,CollisionType,HaR,FatalInjury,MedicalTransport,InvolvedPlacardedTruck,PostedSpeed,TotalVehiclesInvolved,PedestrianInvolved,BicycleInvolved,DriverOneSafetyEquipment,DriverOneZip,DriverTwoSafetyEquipment,DriverTwoZip,Drug,Alcohol,LightCondition,Weather,Grid_Block,Grid_Col,Grid_Row,Highway,Land_Use_Mode,Road_Count,HourBefore,humidity,windSpeed,windBearing,uvIndex,precipIntensity,apparentTemperature,windGust,cloudCover,temperature,dewPoint,visibility,precipType,Event,Conditions,Rain,Cloudy,Foggy,Snow,Clear,RainBefore
,35.0086909,-85.185536,7100 E Brainerd Rd,,Rowewood Dr,2/25/2019 15:00,2019-02-25,15,1551124800,,,,Property Damage Under,Unknown,Yes,No,No,No,40,2,No,No,Unknown,37377,Unknown,Unknown,,,Daylight,Clear,174,32,20,0,7,5,1551121200,0.21,5.79,52,4,0,55.36,11.17,0,55.36,16.25,6.05,,clear-day,clear,0,0,0,0,1,0
,35.011396,-85.188948,270 Interstate 75 S rd,,I-24 W,3/8/2019 16:00,2019-03-08,16,1552078800,,,,Property Damage,Front to Rear,Yes,No,No,No,60,2,No,No,Unknown,37861,Unknown,Unknown,No,No,Daylight,Rain,174,32,20,0,7,5,1552075200,0.98,1.49,65,2,0.043,46.68,7.96,1,46.68,46.07,1.589,rain,rain,light rain,1,0,0,0,0,1
,35.011004,-85.190369,260 Hwy 75 Sb,,260 Hwy 75 Sb,5/6/2019 17:00,2019-05-06,17,1557176400,,,,Property Damage,Front to Rear,No,No,No,No,55,2,No,No,,30755,Shoulder and Lap Belt Used,30753,No,No,Daylight,Clear,174,32,20,0,7,5,1557172800,0.34,5.3,49,4,0,78.87,11.08,0,78.87,48.44,7.952,,clear-day,clear,0,0,0,0,1,0
,35.011004,-85.190369,260 Hwy 75 Sb,,260 Hwy 75 SB,5/6/2019 17:00,2019-05-06,17,1557176400,,,,Possible Injury,Front to Rear,No,No,No,No,55,2,No,No,Shoulder and Lap Belt Used,32680,Shoulder and Lap Belt Used,30701,No,No,Daylight,Clear,174,32,20,0,7,5,1557172800,0.34,5.3,49,4,0,78.87,11.08,0,78.87,48.44,7.952,,clear-day,clear,0,0,0,0,1,0
,35.006717,-85.286845,3rd Ave,,E 32nd St,4/16/2018 0:00,2018-04-16,0,1523851200,,,,Property Damage,Not Collision with Motor Vehicle in Transport,Yes,No,No,No,25,1,No,No,,37402,Unknown,Unknown,,,Unknown,Clear,33,21,25,0,7,18,1523847600,0.77,3.8,286,0,0.001,39.02,10.89,1,41.31,34.68,7.069,rain,cloudy,overcast,0,1,0,0,0,0
,35.00424,-85.282355,8th Ave,,E 32nd,5/14/2018 14:00,2018-05-14,14,1526320800,,,,Property Damage,"Sideswipe, Opposite Direction",Yes,No,No,No,30,2,No,No,Unknown,Unknown,,37406,,,Daylight,Clear,33,21,25,0,7,18,1526317200,0.49,1.95,62,8,0,90.03,5.47,0.44,87.5,66.26,6.283,,partly-cloudy-day,partly cloudy,0,1,0,0,0,0
,35.00893,-85.284151,4th Ave,SR-2910,29th St,8/28/2018 8:00,2018-08-28,8,1535457600,,,,Property Damage,Front to Rear,No,No,No,No,,2,No,No,Shoulder and Lap Belt Used,37407,,37407,No,No,Daylight,Clear,33,21,25,0,7,18,1535454000,0.9,1.32,8,0,0,74.01,5.55,0.75,72.8,69.64,3.913,,partly-cloudy-day,mostly cloudy,0,1,0,0,0,0
,35.0054501,-85.283978,18100 Interstate,I-24,18100 Interstate,12/13/2018 15:00,2018-12-13,15,1544731200,,,,Property Damage Under,Not Collision with Motor Vehicle in Transport,No,No,No,No,55,1,No,No,Shoulder and Lap Belt Used,37412,,,No,No,Daylight,Clear,33,21,25,0,7,18,1544727600,0.46,6.77,136,1,0,55.87,11.39,0.61,55.87,35.63,2.383,,partly-cloudy-day,mostly cloudy,0,1,0,0,0,0
,35.007976,-85.283571,3008 5th Ave,,E 31st St,1/13/2019 4:00,2019-01-13,4,1547370000,,,,Property Damage,Not Collision with Motor Vehicle in Transport,Yes,No,No,No,25,1,No,No,,37407,Unknown,Unknown,,,Dark - Lighted,Rain,33,21,25,0,7,18,1547366400,0.96,4.59,194,0,0.001,35.39,9.06,1,38.79,37.72,5.402,rain,cloudy,overcast,0,1,0,0,0,0
,35.007976,-85.283571,3008 5th Ave,,E 31st St,1/13/2019 4:00,2019-01-13,4,1547370000,,,,Property Damage,Not Collision with Motor Vehicle in Transport,Yes,No,No,No,25,1,No,No,,37407,Unknown,Unknown,,,Dark - Lighted,Rain,33,21,25,0,7,18,1547366400,0.96,4.59,194,0,0.001,35.39,9.06,1,38.79,37.72,5.402,rain,cloudy,overcast,0,1,0,0,0,0
,35.007976,-85.283571,3008 5th Ave,,E 31st St,1/13/2019 4:00,2019-01-13,4,1547370000,,,,Property Damage,Not Collision with Motor Vehicle in Transport,Yes,No,No,No,25,1,No,No,,37407,Unknown,Unknown,,,Dark - Lighted,Rain,33,21,25,0,7,18,1547366400,0.96,4.59,194,0,0.001,35.39,9.06,1,38.79,37.72,5.402,rain,cloudy,overcast,0,1,0,0,0,0
,35.007976,-85.283571,3008 5th Ave,,E 31st St,1/13/2019 4:00,2019-01-13,4,1547370000,,,,Property Damage,Not Collision with Motor Vehicle in Transport,Yes,No,No,No,25,1,No,No,,37407,Unknown,Unknown,,,Dark - Lighted,Rain,33,21,25,0,7,18,1547366400,0.96,4.59,194,0,0.001,35.39,9.06,1,38.79,37.72,5.402,rain,cloudy,overcast,0,1,0,0,0,0
,35.005959,-85.286955,2105 E 33rd St,,3rd Ave,5/6/2019 0:00,2019-05-06,0,1557115200,,,,Property Damage,Not Collision with Motor Vehicle in Transport,Yes,No,No,No,25,1,No,No,,37407,Unknown,Unknown,,,Unknown,Unknown,33,21,25,0,7,18,1557111600,0.9,3.55,329,0,0,59.68,5.7,0.09,59.68,56.85,4.22,,clear-night,clear,0,0,0,0,1,0
,35.005959,-85.286955,2105 E 33rd St,,3rd Ave,5/6/2019 0:00,2019-05-06,0,1557115200,,,,Property Damage,Not Collision with Motor Vehicle in Transport,Yes,No,No,No,25,1,No,No,,37407,Unknown,Unknown,,,Unknown,Unknown,33,21,25,0,7,18,1557111600,0.9,3.55,329,0,0,59.68,5.7,0.09,59.68,56.85,4.22,,clear-night,clear,0,0,0,0,1,0
,35.005959,-85.286955,2105 E 33rd St,,3rd Ave,5/6/2019 0:00,2019-05-06,0,1557115200,,,,Property Damage,Not Collision with Motor Vehicle in Transport,Yes,No,No,No,25,1,No,No,,37407,Unknown,Unknown,,,Unknown,Unknown,33,21,25,0,7,18,1557111600,0.9,3.55,329,0,0,59.68,5.7,0.09,59.68,56.85,4.22,,clear-night,clear,0,0,0,0,1,0
,35.005959,-85.286955,2105 E 33rd St,,3rd Ave,5/6/2019 0:00,2019-05-06,0,1557115200,,,,Property Damage,Not Collision with Motor Vehicle in Transport,Yes,No,No,No,25,1,No,No,,37407,Unknown,Unknown,,,Unknown,Unknown,33,21,25,0,7,18,1557111600,0.9,3.55,329,0,0,59.68,5.7,0.09,59.68,56.85,4.22,,clear-night,clear,0,0,0,0,1,0
,35.053763,-85.143375,7351 Courage Way,,Standifer Gap,4/16/2018 19:00,2018-04-16,19,1523919600,,,,Property Damage,Angle,No,No,No,No,15,2,No,No,Shoulder and Lap Belt Used,37403,,37312,No,No,Dark - Lighted,Clear,553,34,11,1,7,11,1523916000,0.5,3.93,321,0,0,47,11.02,0.48,48.33,30.64,6.148,,partly-cloudy-day,partly cloudy,0,1,0,0,0,0
,35.057501,-85.142281,7305 Tyner Rd,,Lee Hwy,6/24/2018 14:00,2018-06-24,14,1529863200,,,,Property Damage,Not Collision with Motor Vehicle in Transport,No,No,No,No,15,1,No,No,Shoulder and Lap Belt Used,37421,,,No,No,Daylight,Clear,553,34,11,1,7,11,1529859600,0.58,5.2,224,8,0,96.47,10.92,0.44,89.05,72.37,2.498,,partly-cloudy-day,humid and partly cloudy,0,1,0,0,0,0
,35.057501,-85.142281,7305 Tyner Rd,,Lee Hwy,6/24/2018 14:00,2018-06-24,14,1529863200,,,,Property Damage,Not Collision with Motor Vehicle in Transport,No,No,No,No,15,1,No,No,Shoulder and Lap Belt Used,37421,,,No,No,Daylight,Clear,553,34,11,1,7,11,1529859600,0.58,5.2,224,8,0,96.47,10.92,0.44,89.05,72.37,2.498,,partly-cloudy-day,humid and partly cloudy,0,1,0,0,0,0
,35.057501,-85.142281,7305 Tyner Rd,,Lee Hwy,6/24/2018 14:00,2018-06-24,14,1529863200,,,,Property Damage,Not Collision with Motor Vehicle in Transport,No,No,No,No,15,1,No,No,Shoulder and Lap Belt Used,37421,,,No,No,Daylight,Clear,553,34,11,1,7,11,1529859600,0.57,5.37,228,8,0,96.08,11.8,0.44,89.01,72.01,6.786,,partly-cloudy-day,humid and partly cloudy,0,1,0,0,0,0
,35.057501,-85.142281,7305 Tyner Rd,,Lee Hwy,6/24/2018 14:00,2018-06-24,14,1529863200,,,,Property Damage,Not Collision with Motor Vehicle in Transport,No,No,No,No,15,1,No,No,Shoulder and Lap Belt Used,37421,,,No,No,Daylight,Clear,553,34,11,1,7,11,1529859600,0.57,5.37,228,8,0,96.08,11.8,0.44,89.01,72.01,6.786,,partly-cloudy-day,humid and partly cloudy,0,1,0,0,0,0
,35.0542738,-85.1464,4400 Hwy 58,,Willard Dr,9/14/2018 15:00,2018-09-14,15,1536951600,,,,Property Damage,"Sideswipe, Same Direction",No,No,No,No,40,2,No,No,Shoulder and Lap Belt Used,37343,Shoulder and Lap Belt Used,37341,No,No,Daylight,Clear,553,34,11,1,7,11,1536948000,0.48,8.78,8,6,0,94.67,15.91,0.19,90.6,68.05,5.918,,partly-cloudy-day,partly cloudy,0,1,0,0,0,0
,35.053763,-85.143375,7351 Courage Way,,Lee Hwy,2/12/2019 14:00,2019-02-12,14,1549998000,,,,Property Damage,"Sideswipe, Same Direction",Yes,No,No,No,15,2,No,No,Unknown,Unknown,Shoulder and Lap Belt Used,37311,No,No,Daylight,Rain,553,34,11,1,7,11,1549994400,0.91,5.8,194,3,0.085,57.01,14.75,1,57.01,54.49,5.69,rain,rain,light rain,1,0,0,0,0,1
,35.020405,-85.310663,Market St,,W 28th St,4/19/2018 9:00,2018-04-19,9,1524142800,,,,Property Damage,Front to Rear,Yes,No,No,No,35,2,No,No,Unknown,37421,,37402,No,No,Daylight,Clear,29,17,25,0,0,1,1524139200,0.61,3.36,349,1,0,50.12,9.29,0.77,50.12,37.33,2.79,,partly-cloudy-day,mostly cloudy,0,1,0,0,0,0
,35.014875,-85.31435,3300 Alton Park Blvd,,3300 Alton Park,5/21/2018 16:00,2018-05-21,16,1526932800,,,,Property Damage Under,Angle,No,No,No,No,30,2,No,No,Shoulder and Lap Belt Used,37421,Shoulder and Lap Belt Used,37410,No,No,Daylight,Clear,29,17,25,0,0,1,1526929200,0.48,7.84,179,6,0,83.8,13.26,0.44,83.17,61.65,3.328,,partly-cloudy-day,partly cloudy,0,1,0,0,0,0
,35.019163,-85.308695,Home Dr,,E 28th St,8/30/2018 12:00,2018-08-30,12,1535644800,,,,Property Damage,Other,No,No,No,No,,2,No,No,Shoulder and Lap Belt Used,37306,,30127,No,No,Daylight,Clear,29,17,25,0,0,1,1535641200,0.62,4.04,119,6,0,88.38,7.92,0.44,84.26,69.59,6.34,,partly-cloudy-day,partly cloudy,0,1,0,0,0,0
,35.014875,-85.31435,3300 Alton Park Blvd,US-41,400 W 33rd St,11/14/2018 9:00,2018-11-14,9,1542204000,,,,Possible Injury,Angle,No,No,Yes,No,20,2,No,No,Shoulder and Lap Belt Used,37407,Shoulder and Lap Belt Used,30736,No,No,Daylight,Rain,29,17,25,0,0,1,1542200400,0.89,7.99,41,1,0,33.61,14.97,1,39.2,36.09,1.907,,fog,foggy,0,0,1,0,0,0
,35.0195208,-85.311786,Interstate 24 Interstate,I-17180,Cummings Hwy,11/22/2018 22:00,2018-11-22,22,1542942000,,,,Property Damage,Not Collision with Motor Vehicle in Transport,No,No,No,No,65,1,No,No,Shoulder and Lap Belt Used,37865,,,No,No,Dark - Not Lighted,Clear,29,17,25,0,0,1,1542938400,0.82,2.57,24,0,0,42.08,5.08,0,42.08,37.08,2.502,,clear-night,clear,0,0,0,0,1,0
,35.082527,-85.05571,Bradmore Ln,,Asbury Way,4/20/2018 18:00,2018-04-20,18,1524261600,,,,Property Damage,Unknown,Yes,No,No,No,,2,No,No,,37312,Unknown,Unknown,,,Daylight,Clear,854,43,3,0,0,4,1524258000,0.23,2.54,44,2,0,67.8,6.44,0,67.8,28.89,6.185,,clear-day,clear,0,0,0,0,1,0
,35.082527,-85.05571,Bradmore Ln,,Asbury Way,4/20/2018 18:00,2018-04-20,18,1524261600,,,,Property Damage,Unknown,Yes,No,No,No,,2,No,No,,37312,Unknown,Unknown,,,Daylight,Clear,854,43,3,0,0,4,1524258000,0.23,2.54,44,2,0,67.8,6.44,0,67.8,28.89,6.185,,clear-day,clear,0,0,0,0,1,0
,35.082527,-85.05571,Bradmore Ln,,Asbury Way,4/20/2018 18:00,2018-04-20,18,1524261600,,,,Property Damage,Unknown,Yes,No,No,No,,2,No,No,,37312,Unknown,Unknown,,,Daylight,Clear,854,43,3,0,0,4,1524258000,0.23,2.54,44,2,0,67.8,6.44,0,67.8,28.89,6.185,,clear-day,clear,0,0,0,0,1,0
,35.082527,-85.05571,Bradmore Ln,,Asbury Way,4/20/2018 18:00,2018-04-20,18,1524261600,,,,Property Damage,Unknown,Yes,No,No,No,,2,No,No,,37312,Unknown,Unknown,,,Daylight,Clear,854,43,3,0,0,4,1524258000,0.23,2.54,44,2,0,67.8,6.44,0,67.8,28.89,6.185,,clear-day,clear,0,0,0,0,1,0
,35.0828689,-85.055673,North Access Rd,,Lake Resort Drive,7/10/2018 17:00,2018-07-10,17,1531256400,,,,Property Damage,"Sideswipe, Same Direction",No,No,No,No,40,2,No,No,Shoulder and Lap Belt Used,37341,Shoulder and Lap Belt Used,37405,No,No,Daylight,Clear,854,43,3,0,0,4,1531252800,0.51,4.65,311,4,0,95.42,9.74,0.44,90.11,69.74,6.925,,partly-cloudy-day,partly cloudy,0,1,0,0,0,0
,35.0828689,-85.055673,North Access Rd,,Lake Resort Drive,7/10/2018 17:00,2018-07-10,17,1531256400,,,,Property Damage,"Sideswipe, Same Direction",No,No,No,No,40,2,No,No,Shoulder and Lap Belt Used,37341,Shoulder and Lap Belt Used,37405,No,No,Daylight,Clear,854,43,3,0,0,4,1531252800,0.51,4.65,311,4,0,95.42,9.74,0.44,90.11,69.74,6.925,,partly-cloudy-day,partly cloudy,0,1,0,0,0,0
,35.0828689,-85.055673,North Access Rd,,Lake Resort Drive,7/10/2018 17:00,2018-07-10,17,1531256400,,,,Property Damage,"Sideswipe, Same Direction",No,No,No,No,40,2,No,No,Shoulder and Lap Belt Used,37341,Shoulder and Lap Belt Used,37405,No,No,Daylight,Clear,854,43,3,0,0,4,1531252800,0.51,4.65,311,4,0,95.34,9.74,0.44,90.04,69.74,6.925,,partly-cloudy-day,partly cloudy,0,1,0,0,0,0
,35.0828689,-85.055673,North Access Rd,,Lake Resort Drive,7/10/2018 17:00,2018-07-10,17,1531256400,,,,Property Damage,"Sideswipe, Same Direction",No,No,No,No,40,2,No,No,Shoulder and Lap Belt Used,37341,Shoulder and Lap Belt Used,37405,No,No,Daylight,Clear,854,43,3,0,0,4,1531252800,0.51,4.65,311,4,0,95.34,9.74,0.44,90.04,69.74,6.925,,partly-cloudy-day,partly cloudy,0,1,0,0,0,0
,35.082828,-85.055867,9432 Bradmore Ln,,Bradmore Ln,2/19/2019 19:00,2019-02-19,19,1550620800,,,,Property Damage Under,Angle,Yes,No,No,No,15,2,No,No,Unknown,Unknown,,37363,,,Daylight,Clear,854,43,3,0,0,4,1550617200,0.99,6.04,19,0,0.076,31.63,6.21,1,36.56,36.3,2.941,rain,rain,light rain,1,0,0,0,0,1
,35.046362,-85.270708,Citico Ave,,N Hawthorne St,4/20/2018 22:00,2018-04-20,22,1524276000,,,,Property Damage,"Sideswipe, Same Direction",Yes,No,No,No,30,2,No,No,Shoulder and Lap Belt Used,37404,Shoulder and Lap Belt Used,37406,No,No,Dark - Lighted,Clear,195,20,19,0,7,26,1524272400,0.36,0.53,25,0,0,57.69,1.6,0.15,57.69,31.02,2.616,,partly-cloudy-night,partly cloudy,0,1,0,0,0,0
,35.046014,-85.271473,Walker Ave,,N Hickory,8/1/2018 0:00,2018-08-01,0,1533096000,,,,Property Damage Under,Unknown,Yes,No,No,No,15,2,No,No,,37411,Unknown,Unknown,,,Unknown,Clear,195,20,19,0,7,26,1533092400,0.92,2.77,156,0,0.024,71.83,8.1,1,70.74,68.26,3.039,rain,rain,light rain,1,0,0,0,0,1
,35.043299,-85.272745,553 N Hawthorne St,,Cleveland Ave,10/7/2018 1:00,2018-10-07,1,1538888400,,,,Property Damage,Unknown,Yes,No,No,No,25,2,No,No,Unknown,Unknown,,38344,,,Daylight,Clear,195,20,19,0,7,26,1538884800,0.86,1.79,345,0,0,74.37,4.17,0,73.28,68.99,2.766,,clear-night,clear,0,0,0,0,1,0
,35.048274,-85.271307,900 N Hickory St,,Milne St,12/1/2018 1:00,2018-12-01,1,1543644000,,,,Property Damage,Unknown,Yes,No,No,No,35,2,No,No,Shoulder and Lap Belt Used,37406,Unknown,Unknown,No,No,Dark - Unknown Lighting,Rain,195,20,19,0,7,26,1543640400,0.97,2.8,117,0,0.002,56.21,6.03,0.78,56.21,55.38,0.459,rain,fog,foggy,0,0,1,0,0,0
,35.048632,-85.271106,2285 Wilcox Blvd,,Dodson Ave,12/3/2018 20:00,2018-12-03,20,1543885200,,,,Property Damage,Rear to Side,Yes,No,No,No,,2,No,No,Unknown,Unknown,,,,,Dark - Lighted,Clear,195,20,19,0,7,26,1543881600,0.59,9.42,345,0,0,40.15,15.47,0.69,45.07,31.71,2.665,,partly-cloudy-night,mostly cloudy,0,1,0,0,0,0
,35.04319,-85.269652,1716 Wilcox blvd,,Orchard Knob,1/18/2019 1:00,2019-01-18,1,1547791200,,,,Possible Injury,Angle,No,No,No,No,35,2,No,No,Shoulder and Lap Belt Used,30741,Shoulder and Lap Belt Used,37404,No,No,Dark - Lighted,Rain,195,20,19,0,7,26,1547787600,0.96,2.03,204,0,0,43.84,6.16,1,43.84,42.89,0.837,,fog,foggy,0,0,1,0,0,0
,35.042881,-85.270546,1904 Cleveland Ave,,N Orchard Knob,2/9/2019 20:00,2019-02-09,20,1549760400,,,,Property Damage,Unknown,Yes,No,No,No,30,2,No,No,,37411,Unknown,Unknown,,,Dark - Not Lighted,Clear,195,20,19,0,7,26,1549756800,0.48,4.03,36,0,0,38.86,8.54,0,41.36,22.97,5.934,,clear-night,clear,0,0,0,0,1,0
,35.019403,-85.240418,Brainerd Rd,,Manor Rd,4/21/2018 20:00,2018-04-21,20,1524355200,,,,Property Damage,Head On,No,No,No,No,35,2,No,No,Shoulder and Lap Belt Used,37404,Shoulder and Lap Belt Used,37421,No,No,Dark - Lighted,Clear,136,25,21,0,7,21,1524351600,0.34,1.37,159,0,0,69.03,3.33,0,69.03,39.67,6.222,,clear-day,clear,0,0,0,0,1,0
,35.021048,-85.239809,Hemphill Ave,,Talley Rd,5/28/2018 15:00,2018-05-28,15,1527534000,,,,Property Damage,Angle,No,No,No,No,30,2,No,No,Shoulder and Lap Belt Used,37411,Unknown,37416,No,No,Daylight,Rain,136,25,21,0,7,21,1527530400,0.92,6.78,39,5,0.088,74.03,13.2,1,72.73,70.27,2.183,rain,rain,light rain,1,0,0,0,0,1
,35.020922,-85.240402,3907 Brainerd Rd,,Blevior Ave.,5/29/2018 23:00,2018-05-29,23,1527649200,,,,Possible Injury,Angle,No,No,No,No,30,2,No,No,Unknown,37410,Shoulder and Lap Belt Used,37343,No,No,Dark - Lighted,Rain,136,25,21,0,7,21,1527645600,0.91,6.17,151,0,0.013,75.67,14.11,0.75,74.28,71.38,3.401,rain,rain,drizzle,1,0,0,0,0,1
,35.0232803,-85.244011,Market St,,4th st,8/22/2018 6:00,2018-08-22,6,1534932000,,,,Property Damage Under,Front to Rear,No,No,No,No,35,2,No,No,Shoulder and Lap Belt Used,37377,Shoulder and Lap Belt Used,37419,No,No,Dawn,Clear,136,25,21,0,7,21,1534928400,0.93,1.24,235,0,0,70.38,3.78,1,69.39,67.15,3.405,,cloudy,overcast,0,1,0,0,0,0
,35.020025,-85.243323,3803 Monte Vista Dr,,Hilltop Dr,9/5/2018 0:00,2018-09-05,0,1536120000,,,,Property Damage,Unknown,Yes,No,No,No,15,3,No,No,,37411,Unknown,Unknown,,,Unknown,Clear,136,25,21,0,7,21,1536116400,0.85,1.48,39,0,0,77.51,5.61,0,76.2,71.37,6.193,,clear-night,clear,0,0,0,0,1,0
,35.020339,-85.240448,3950  Brainerd Rd,,Belviour Ave,9/8/2018 19:00,2018-09-08,19,1536447600,,,,Property Damage Under,Head On,Yes,No,No,No,40,2,No,No,Unknown,30720,Unknown,37411,No,No,Daylight,Clear,136,25,21,0,7,21,1536444000,0.6,4.06,141,0,0,90.65,8.8,0,85.85,70.13,6.269,,clear-day,clear,0,0,0,0,1,0
,35.023027,-85.245708,3675 Chateau Ln,SR-3675,S. Germantown Road,9/23/2018 0:00,2018-09-23,0,1537675200,,,,Property Damage,Unknown,Yes,No,No,No,15,2,No,No,,37411,Unknown,Unknown,,,Unknown,Clear,136,25,21,0,7,21,1537671600,0.75,2.78,167,0,0,76.73,6.25,0.75,75.91,67.45,3.307,,partly-cloudy-night,mostly cloudy,0,1,0,0,0,0
,35.0187044,-85.239784,1800 Greenwood Rd,,Road,11/24/2018 6:00,2018-11-24,6,1543057200,,,,Property Damage,Not Collision with Motor Vehicle in Transport,Yes,No,No,No,35,1,No,No,,37404,,,,,Dawn,Cloudy,136,25,21,0,7,21,1543053600,0.92,3.95,185,0,0,37.22,6.48,1,39.88,37.63,6.073,,cloudy,overcast,0,1,0,0,0,0
,35.018723,-85.239729,3999 Brainerd Rd,,Belvoir Ave,12/7/2018 19:00,2018-12-07,19,1544227200,,,,Property Damage,Angle,Yes,No,No,No,35,2,No,No,,37363,Shoulder and Lap Belt Used,37415,No,No,Dark - Lighted,Clear,136,25,21,0,7,21,1544223600,0.61,2.04,25,0,0,45.76,5.56,1,45.76,33.11,7.336,,cloudy,overcast,0,1,0,0,0,0
,35.0225351,-85.243507,1000 E 3rd St,,Central Ave,5/20/2019 12:00,2019-05-20,12,1558368000,,,,Property Damage,Front to Rear,No,No,No,No,35,2,No,No,Shoulder and Lap Belt Used,37379,Shoulder and Lap Belt Used,37363,,,Daylight,Clear,136,25,21,0,7,21,1558364400,0.56,3.52,271,6,0,82.29,9.4,0.75,80.8,63.7,7.617,,partly-cloudy-day,mostly cloudy,0,1,0,0,0,0
,35.021191,-85.261372,18240 Interstate 24 Wb St,,Westside Dt,4/22/2018 10:00,2018-04-22,10,1524405600,,,,Property Damage,Not Collision with Motor Vehicle in Transport,No,No,No,No,55,1,No,No,Shoulder and Lap Belt Used,30143,,,No,No,Daylight,Rain,106,23,22,1,7,27,1524402000,0.81,1.81,154,2,0.004,58.83,4.18,1,58.83,52.93,4.597,rain,cloudy,overcast,0,1,0,0,0,0
,35.0194976,-85.263199,725 Glenwood Dr,,Doddson Ave,6/12/2018 0:00,2018-06-12,0,1528776000,,,,Property Damage,Unknown,Yes,No,No,No,15,2,No,No,Unknown,Unknown,,37415,,,Unknown,Clear,106,23,22,1,7,27,1528772400,0.91,1.89,231,0,0,69.69,4.77,0.19,68.82,66.15,2.397,,partly-cloudy-night,partly cloudy,0,1,0,0,0,0
,35.022756,-85.258592,400-417 S Seminole Dr,,Idlewild Dr,11/24/2018 1:00,2018-11-24,1,1543039200,,,,Property Damage,Front to Rear,Yes,No,No,No,40,2,No,No,Unknown,Unknown,Unknown,37406,,,Dark - Unknown Lighting,Rain,106,23,22,1,7,27,1543035600,0.91,6.77,186,0,0.107,36.65,19.12,1,41.15,38.82,3.328,rain,rain,rain,1,0,0,0,0,1
,35.021032,-85.261306,,I-24,Germantown Road,12/14/2018 20:00,2018-12-14,20,1544835600,,,,Property Damage,Front to Rear,No,No,No,No,55,3,No,No,,37406,Shoulder and Lap Belt Used,37421,No,No,Dark - Not Lighted,Rain,106,23,22,1,7,27,1544832000,0.97,3.88,32,0,0.006,51,3.88,1,51,50.11,1.919,rain,rain,possible drizzle,1,0,0,0,0,1
,35.02124,-85.263061,18200 Interstate 24 Wb St,I-18200,18100 Interstate 24 Wb,3/20/2019 23:00,2019-03-20,23,1553137200,,,,Property Damage,Not Collision with Motor Vehicle in Transport,No,No,No,No,55,1,No,No,Shoulder and Lap Belt Used,37407,,,No,No,Dark - Lighted,Clear,106,23,22,1,7,27,1553133600,0.45,3.49,230,0,0,51.33,7.09,0.1,51.33,30.85,5.666,,clear-night,clear,0,0,0,0,1,0
,35.019698,-85.257669,3206 - 3228 Navajo Dr,,S Germantown Rd,3/25/2019 22:00,2019-03-25,22,1553565600,,,,Property Damage,Other,Yes,No,No,No,35,2,No,No,Unknown,Unknown,Shoulder and Lap Belt Used,37404,No,No,Dark - Lighted,Clear,106,23,22,1,7,27,1553562000,0.9,3.9,312,0,0,54.88,7.12,0.75,54.88,51.93,6.51,,partly-cloudy-night,mostly cloudy,0,1,0,0,0,0
,35.021032,-85.261306,24 INTERSTATE,I-24,183 24 EB,5/7/2019 0:00,2019-05-07,0,1557201600,,,,Possible Injury,Not Collision with Motor Vehicle in Transport,No,No,No,No,55,1,No,No,Unknown,37405,,,No,No,Dusk,Clear,106,23,22,1,7,27,1557198000,0.81,1.19,315,0,0,60.19,3.28,0,60.19,54.33,5.462,,clear-night,clear,0,0,0,0,1,0
,35.102643,-85.27575,Hixson Pike,,Black Oak Cir,4/22/2018 12:00,2018-04-22,12,1524412800,,,,Property Damage Under,Front to Rear,No,No,No,No,40,2,No,No,Shoulder and Lap Belt Used,37343,Shoulder and Lap Belt Used,38049,No,No,Daylight,Rain,535,16,11,0,7,9,1524409200,0.89,1.42,113,4,0.135,57.58,3.03,1,57.58,54.32,1.717,rain,rain,rain,1,0,0,0,0,1
,35.1046362,-85.273258,Snow St,,Peak St.,7/29/2018 2:00,2018-07-29,2,1532844000,,,,Property Damage,Unknown,Yes,No,No,No,25,2,No,No,,37405,Unknown,Unknown,,,Dark - Lighted,Clear,535,16,11,0,7,9,1532840400,0.7,2.71,346,0,0,71.88,10,0,71.71,61.51,8.105,,clear-night,clear,0,0,0,0,1,0
,35.1045633,-85.272995,951 Lawson St,,Oak Knoll Dr,10/14/2018 12:00,2018-10-14,12,1539532800,,,,Property Damage,"Sideswipe, Same Direction",No,No,No,No,,2,No,No,,37076,Shoulder and Lap Belt Used,37127,,,Daylight,Cloudy,535,16,11,0,7,9,1539529200,0.7,1.81,143,4,0,64.18,7.65,0.75,64.18,54.29,5.957,,partly-cloudy-day,mostly cloudy,0,1,0,0,0,0
,35.007596,-85.126297,8610 George Town Trace Ln,,Foxhall Ln,4/24/2018 0:00,2018-04-24,0,1524542400,,,,Property Damage,Unknown,Yes,No,No,No,30,2,No,No,,37421,Unknown,Unknown,,,Unknown,Unknown,288,39,17,0,7,8,1524538800,0.96,0.43,304,0,0.099,57.27,1.61,1,57.27,56.06,3.4,rain,rain,rain,1,0,0,0,0,1