Accident,Latitude,Longitude,Street,AltStreet,Intersection,DateTime,Date,Hour,Unix,WeekDay,WeekEnd,DayFrame,AccidentType,CollisionType,HaR,FatalInjury,MedicalTransport,InvolvedPlacardedTruck,PostedSpeed,TotalVehiclesInvolved,PedestrianInvolved,BicycleInvolved,DriverOneSafetyEquipment,DriverOneZip,DriverTwoSafetyEquipment,DriverTwoZip,Drug,Alcohol,LightCondition,Weather,Grid_Block,Grid_Col,Grid_Row,Highway,Land_Use_Mode,Road_Count,HourBefore,humidity,windSpeed,windBearing,uvIndex,precipIntensity,apparentTemperature,windGust,cloudCover,temperature,dewPoint,visibility,precipType,Event,Conditions,Rain,Cloudy,Foggy,Snow,Clear,RainBefore
,35.0182,-85.195224,6415 E Brainerd Rd,,Walker St,4/24/2018 15:00,2018-04-24,15,1524596400,,,,Possible Injury,Front to Rear,No,No,No,No,35,2,No,No,Shoulder and Lap Belt Used,37363,Shoulder and Lap Belt Used,37363,No,No,Daylight,Clear,206,31,19,1,7,4,1524592800,0.64,2.55,311,5,0,67.77,7.55,0.89,67.77,55.11,6.109,,cloudy,overcast,0,1,0,0,0,0
,35.018053,-85.193528,E Brainerd Rd,,Vance dr,9/20/2018 17:00,2018-09-20,17,1537477200,,,,Property Damage,Front to Rear,No,No,No,No,40,3,No,No,Unknown,37421,Unknown,37421,No,No,Daylight,Clear,206,31,19,1,7,4,1537473600,0.38,4.94,111,3,0,95.46,7.88,0.19,93.55,64.14,4.259,,partly-cloudy-day,partly cloudy,0,1,0,0,0,0
,35.017988,-85.194545,6477 E Brainerd Rd,,Walker St,10/26/2018 8:00,2018-10-26,8,1540555200,,,,Property Damage,Front to Rear,No,No,No,No,35,3,No,No,Shoulder and Lap Belt Used,37421,Shoulder and Lap Belt Used,37421,No,No,Daylight,Rain,206,31,19,1,7,4,1540551600,0.99,0.37,310,0,0.026,48.94,2.39,1,48.94,48.54,2.129,rain,rain,light rain,1,0,0,0,0,1
,35.017897,-85.196174,E Brainerd Rd,,Walker St,12/15/2018 23:00,2018-12-15,23,1544932800,,,,Property Damage,Not Collision with Motor Vehicle in Transport,No,No,No,No,35,1,No,No,Shoulder and Lap Belt Used,30721,,,No,No,Dark - Lighted,Clear,206,31,19,1,7,4,1544929200,0.93,3.4,235,0,0,42.51,5.96,0.4,44.03,42.27,2.795,,partly-cloudy-night,partly cloudy,0,1,0,0,0,0
,35.018882,-85.188877,6500 E Brainerd Rd,,Premier Dr,1/18/2019 9:00,2019-01-18,9,1547820000,,,,Property Damage,Angle,No,No,No,No,45,2,No,No,Shoulder and Lap Belt Used,37421,Shoulder and Lap Belt Used,37415,No,No,Daylight,Clear,206,31,19,1,7,4,1547816400,0.97,1.24,161,0,0,45.9,5.59,1,45.9,44.98,1.413,,fog,foggy,0,0,1,0,0,0
,35.017332,-85.196219,6400 E Brainerd Rd,,Benham Dr,4/26/2019 14:00,2019-04-26,14,1556301600,,,,Property Damage,Front to Rear,No,No,No,No,40,2,No,No,Shoulder and Lap Belt Used,30741,Shoulder and Lap Belt Used,37421,No,No,Daylight,Clear,206,31,19,1,7,4,1556298000,0.34,12.21,338,6,0,70.25,24.3,0.3,70.25,40.68,8.004,,partly-cloudy-day,partly cloudy,0,1,0,0,0,0
,35.017502,-85.193831,6488 E Brainerd Rd,,Benham Dr,6/14/2019 8:00,2019-06-14,8,1560513600,,,,Property Damage,Front to Rear,No,No,No,No,40,2,No,No,Shoulder and Lap Belt Used,37311,Shoulder and Lap Belt Used,37421,No,No,Daylight,Clear,206,31,19,1,7,4,1560510000,0.81,1.73,308,1,0,55.92,4.2,0,55.92,50.09,3.663,,clear-day,clear,0,0,0,0,1,0
,35.015738,-85.241398,Belvoir Ave,,Sunbeam Ave,4/25/2018 8:00,2018-04-25,8,1524657600,,,,Property Damage,Not Collision with Motor Vehicle in Transport,No,No,No,No,25,1,No,No,Shoulder and Lap Belt Used,37412,,,No,No,Daylight,Clear,108,25,22,1,7,22,1524654000,0.85,1.79,338,0,0,56.46,2.85,0.92,56.46,51.98,5.778,,cloudy,overcast,0,1,0,0,0,0
,35.011198,-85.245472,3901 S Terrace,,Belvoir Ave,6/1/2018 13:00,2018-06-01,13,1527872400,,,,Property Damage,"Sideswipe, Same Direction",No,No,No,No,45,2,No,No,Shoulder and Lap Belt Used,30741,Shoulder and Lap Belt Used,30722,No,No,Daylight,Clear,108,25,22,1,7,22,1527868800,0.63,5.11,268,8,0,86.42,10.37,0.44,82.89,69.01,6.215,,partly-cloudy-day,partly cloudy,0,1,0,0,0,0
,35.01068,-85.244059,4000 S Terrace,,Belvoir Ave,6/13/2018 12:00,2018-06-13,12,1528905600,,,,Suspected Minor Injury,Front to Rear,No,No,Yes,No,40,3,No,No,None Used MV Occupant,37412,Shoulder and Lap Belt Used,37415,No,No,Daylight,Rain,108,25,22,1,7,22,1528902000,0.81,5.2,169,6,0.011,78.67,10.44,0.75,77.42,71.15,3.39,rain,rain,drizzle,1,0,0,0,0,1
,35.012464,-85.24758,Interstate 24 West,I-24,S Moore Rd,7/6/2018 11:00,2018-07-06,11,1530889200,,,,Property Damage,Front to Rear,No,No,No,No,55,2,No,No,Shoulder and Lap Belt Used,37387,Shoulder and Lap Belt Used,33825,No,No,Daylight,Clear,108,25,22,1,7,22,1530885600,0.67,2.72,7,6,0,91.85,9.15,0,85.19,72.81,7.411,,clear-day,humid,0,0,0,0,1,0
,35.011387,-85.243683,Belvoir Ave,,S Terrace,7/17/2018 15:00,2018-07-17,15,1531854000,,,,Property Damage,"Sideswipe, Same Direction",No,No,No,No,40,2,No,No,Shoulder and Lap Belt Used,30741,Shoulder and Lap Belt Used,30114,No,No,Daylight,Rain,108,25,22,1,7,22,1531850400,0.66,4.78,105,6,0.045,90.88,11.24,0.75,84.84,72.17,4.334,rain,partly-cloudy-day,humid and mostly cloudy,0,1,0,0,0,0
,35.013752,-85.250694,18320 Interstate 24 West Rd,,Moore Rd,8/1/2018 16:00,2018-08-01,16,1533153600,,,,Property Damage,Front to Rear,No,No,No,No,55,2,No,No,Shoulder and Lap Belt Used,30034,Shoulder and Lap Belt Used,53221,No,No,Daylight,Rain,108,25,22,1,7,22,1533150000,0.91,3.26,110,4,0.024,72.77,5.8,1,71.65,68.75,4.704,rain,rain,light rain,1,0,0,0,0,1
,35.0113004,-85.244821,N Terrace,SR-4000,Belvoir,8/23/2018 8:00,2018-08-23,8,1535025600,,,,Property Damage Under,Not Collision with Motor Vehicle in Transport,No,No,No,No,35,1,No,No,Shoulder and Lap Belt Used,77070,,,,No,Daylight,Clear,108,25,22,1,7,22,1535022000,0.84,4.98,11,0,0,64.67,8.82,0,64.58,59.56,7.041,,clear-day,clear,0,0,0,0,1,0
,35.01101,-85.244051,,I-24,,9/6/2018 18:00,2018-09-06,18,1536271200,,,,Property Damage,"Sideswipe, Same Direction",No,No,No,No,55,2,No,No,Shoulder and Lap Belt Used,37412,Shoulder and Lap Belt Used,62611,No,No,Daylight,Clear,108,25,22,1,7,22,1536267600,0.76,3.34,336,1,0,79.42,8.74,0.19,78.33,70.06,6.012,,partly-cloudy-day,partly cloudy,0,1,0,0,0,0
,35.01068,-85.244059,Belvoir Ave,,S Terrace,9/10/2018 12:00,2018-09-10,12,1536595200,,,,Property Damage,Front to Rear,No,No,No,No,25,2,No,No,Shoulder and Lap Belt Used,37421,Shoulder and Lap Belt Used,30739,No,No,Daylight,Rain,108,25,22,1,7,22,1536591600,0.89,5.28,195,5,0.033,76.04,9.65,0.75,74.7,71.13,2.992,rain,rain,possible light rain,1,0,0,0,0,1
,35.012107,-85.247911,S. Germantown Rd,,South Terrance,12/14/2018 17:00,2018-12-14,17,1544824800,,,,Property Damage,Angle,Yes,No,No,No,30,2,No,No,Shoulder and Lap Belt Used,37311,Unknown,Unknown,No,No,Dark - Lighted,Rain,108,25,22,1,7,22,1544821200,0.95,3.98,21,0,0.074,51.15,7.18,1,51.15,49.67,2.099,rain,rain,light rain,1,0,0,0,0,1
,35.011316,-85.24446,18360 Interstate 24 westbound,,Moore Road,12/18/2018 9:00,2018-12-18,9,1545141600,,,,Property Damage,Front to Rear,No,No,No,No,55,2,No,No,Shoulder and Lap Belt Used,37312,Shoulder and Lap Belt Used,37421,No,No,Daylight,Clear,108,25,22,1,7,22,1545138000,0.9,1.61,310,0,0,35.38,4.56,0,35.38,32.66,5.365,,clear-day,clear,0,0,0,0,1,0
,35.01309,-85.249221,18330 Interstate 24 Westbound,I-24,Germantown Rd,2/28/2019 14:00,2019-02-28,14,1551380400,,,,Property Damage,Front to Rear,No,No,No,No,55,3,No,No,Shoulder and Lap Belt Used,30741,Shoulder and Lap Belt Used,78155,No,No,Daylight,Rain,108,25,22,1,7,22,1551376800,0.9,3.82,205,4,0.002,57.93,8.61,1,57.93,55.07,4.022,rain,cloudy,overcast,0,1,0,0,0,0
,35.01309,-85.249221,18350 Interstate 24 Westbound,I-24,Germantown Rd,3/8/2019 10:00,2019-03-08,10,1552057200,,,,Property Damage,Not Collision with Motor Vehicle in Transport,No,No,No,No,55,1,No,No,Shoulder and Lap Belt Used,37407,,,No,No,Daylight,Rain,108,25,22,1,7,22,1552053600,0.82,3.8,185,2,0.015,44.91,8.79,1,46.43,41.17,1.473,rain,rain,possible drizzle,1,0,0,0,0,1
,35.01068,-85.244059,S Terrace,,Belvoir Ave,4/20/2019 17:00,2019-04-20,17,1555794000,,,,Suspected Serious Injury,Angle,No,No,Yes,No,35,2,No,No,,37412,None Used MV Occupant,37421,No,No,Daylight,Rain,108,25,22,1,7,22,1555790400,0.81,7.57,275,2,0.002,44.19,15.29,1,47.73,42.05,3.64,rain,rain,possible drizzle,1,0,0,0,0,1
,35.111096,-85.13988,5715 Highway 58,,Ferdinand Piech,4/26/2018 14:00,2018-04-26,14,1524765600,,,,Property Damage,Angle,No,No,No,No,45,2,No,No,Shoulder and Lap Belt Used,37341,Shoulder and Lap Belt Used,37341,No,No,Daylight,Rain,842,31,3,0,7,9,1524762000,0.92,0.91,71,5,0.023,55.2,3.66,0.9,55.2,52.91,6.078,rain,rain,light rain,1,0,0,0,0,1
,35.10953,-85.13925,5716 Highway 58,,5700 Hwy 58,11/27/2018 0:00,2018-11-27,0,1543294800,,,,Property Damage,Front to Rear,No,No,No,No,15,2,No,No,Shoulder and Lap Belt Used,30741,Shoulder and Lap Belt Used,37416,No,No,Unknown,Clear,842,31,3,0,7,9,1543291200,0.62,5.65,302,0,0,30.75,11.41,1,35.57,23.73,6.205,,cloudy,overcast,0,1,0,0,0,0
,35.0185423,-85.161846,Hamilton Place Blvd,,Gunbarrel Rd,4/28/2018 15:00,2018-04-28,15,1524942000,,,,Property Damage,Unknown,Yes,No,No,No,15,2,No,No,Unknown,Unknown,,37801,,,Daylight,Unknown,284,35,17,0,7,7,1524938400,0.27,4.01,266,9,0,77.76,11.46,0,77.76,41.18,6.048,,clear-day,clear,0,0,0,0,1,0
,35.016592,-85.162406,1400 Gunbarrel Rd,,East Brainerd Rd,11/26/2018 0:00,2018-11-26,0,1543208400,,,,Property Damage,Front to Rear,No,No,No,No,35,2,No,No,Shoulder and Lap Belt Used,37412,Shoulder and Lap Belt Used,37415,No,No,Unknown,Unknown,284,35,17,0,7,7,1543204800,0.9,9.78,178,0,0.006,44.93,21.81,1,49.04,46.34,5.492,rain,cloudy,overcast,0,1,0,0,0,0
,35.01824,-85.159517,1614 Gunbarrel Rd,,Crane Rd,11/28/2018 17:00,2018-11-28,17,1543442400,,,,Property Damage,Other,No,No,No,No,40,2,No,No,Shoulder and Lap Belt Used,37406,Shoulder and Lap Belt Used,36693,No,No,Daylight,Clear,284,35,17,0,7,7,1543438800,0.38,1.03,70,0,0,40.88,7.29,0,40.88,16.97,5.771,,clear-day,clear,0,0,0,0,1,0
,35.018397,-85.161942,Gunbarrel Rd,,Applegate Ln,12/11/2018 16:00,2018-12-11,16,1544562000,,,,Property Damage,Angle,No,No,No,No,30,2,No,No,Shoulder and Lap Belt Used,37363,Shoulder and Lap Belt Used,37421,No,No,Daylight,Clear,284,35,17,0,7,7,1544558400,0.33,3.44,240,0,0,49.17,7.8,0,49.89,22.12,3.745,,clear-day,clear,0,0,0,0,1,0
,35.020983,-85.159914,1710 Gunbarrel Rd,,Gunbarrel Rd,5/23/2019 14:00,2019-05-23,14,1558634400,,,,Property Damage,Not Collision with Motor Vehicle in Transport,No,No,No,No,15,1,No,No,Shoulder and Lap Belt Used,37412,,,No,No,Daylight,Clear,284,35,17,0,7,7,1558630800,0.5,4.12,191,10,0,91.8,9.54,0.19,88.42,67.48,7.738,,partly-cloudy-day,partly cloudy,0,1,0,0,0,0
,35.018652,-85.161144,1606 Gunbarrel Rd,,Gunbarrel Rd,6/24/2019 17:00,2019-06-24,17,1561410000,,,,Property Damage,Angle,No,No,No,No,15,2,No,No,Shoulder and Lap Belt Used,30710,Shoulder and Lap Belt Used,37397,No,No,Daylight,Clear,284,35,17,0,7,7,1561406400,0.65,9.59,218,4,0.391,88.83,21.16,0.75,83.89,71.04,0.685,rain,rain,rain,1,0,0,0,0,1
,35.051905,-85.257882,1417 Wheeler Ave,,Wilcox Blvd,4/29/2018 13:00,2018-04-29,13,1525021200,,,,Property Damage,Angle,No,No,No,No,25,2,No,No,Shoulder and Lap Belt Used,37410,,37402,No,No,Daylight,Clear,270,21,17,0,7,14,1525017600,0.33,4,34,10,0,60.91,10.78,0,60.91,31.71,6.213,,clear-day,clear,0,0,0,0,1,0
,35.051718,-85.25651,2300 Wilcox Blvd,,N Chamberlain Ave,5/2/2018 13:00,2018-05-02,13,1525280400,,,,Property Damage Under,Front to Rear,No,No,No,No,45,2,No,No,Shoulder and Lap Belt Used,37406,Shoulder and Lap Belt Used,37055,No,No,Daylight,Clear,270,21,17,0,7,14,1525276800,0.47,2.61,198,10,0,80.05,7.98,0,80.05,58.1,6.213,,clear-day,clear,0,0,0,0,1,0
,35.052637,-85.260808,Wilcox Blvd,US-2301,Wheeler Ave,5/8/2018 17:00,2018-05-08,17,1525813200,,,,Property Damage,Angle,No,No,No,No,35,2,No,No,Shoulder and Lap Belt Used,37407,None Used MV Occupant,37406,No,No,Daylight,Clear,270,21,17,0,7,14,1525809600,0.38,1.71,215,4,0,80.47,4.49,0.44,80.47,52.59,6.213,,partly-cloudy-day,partly cloudy,0,1,0,0,0,0
,35.051718,-85.25651,2500 Wilcox Blvd,,North Chamberlain Ave,5/15/2018 17:00,2018-05-15,17,1526418000,,,,Property Damage Under,"Sideswipe, Same Direction",Yes,No,No,No,35,2,No,No,Shoulder and Lap Belt Used,37406,Unknown,Unknown,No,No,Daylight,Rain,270,21,17,0,7,14,1526414400,0.62,2.37,212,3,0,79.63,5.07,0.75,79.09,65.16,5.273,,partly-cloudy-day,mostly cloudy,0,1,0,0,0,0
,35.0529767,-85.261998,2400 McCallie Ave,,106 Glenwood Dr,1/18/2019 14:00,2019-01-18,14,1547838000,,,,Property Damage Under,"Sideswipe, Same Direction",No,No,No,No,30,2,No,No,Shoulder and Lap Belt Used,37343,Shoulder and Lap Belt Used,37416,No,No,Daylight,Clear,270,21,17,0,7,14,1547834400,0.86,1.89,87,2,0,51.11,5.65,1,51.11,46.95,6.232,,cloudy,overcast,0,1,0,0,0,0
,35.051718,-85.25651,Wilcox Blvd,SR-0,N Chamberlain Ave,1/20/2019 0:00,2019-01-20,0,1547960400,,,,Possible Injury,Unknown,No,No,Yes,No,35,1,No,No,Unknown,37406,,,No,No,Unknown,Clear,270,21,17,0,7,14,1547956800,0.79,12.17,275,0,0,36.58,23.68,0.78,43.01,37.09,8.008,,partly-cloudy-night,mostly cloudy,0,1,0,0,0,0
,35.053263,-85.260921,2285 Wilcox Blvd,SR-2200,Dodson Ave.,2/5/2019 15:00,2019-02-05,15,1549396800,,,,Property Damage,Rear to Side,No,No,No,No,,2,No,No,Shoulder and Lap Belt Used,37421,Shoulder and Lap Belt Used,37406,No,No,Daylight,Cloudy,270,21,17,0,7,14,1549393200,0.63,2.18,195,3,0,70.73,8.78,0.44,70.73,57.51,5.734,,partly-cloudy-day,partly cloudy,0,1,0,0,0,0
,35.055576,-85.259868,2178 Ocoee St,,Dodson Ave,4/10/2019 6:00,2019-04-10,6,1554890400,,,,Property Damage,Head On,Yes,No,No,No,25,2,No,No,,,Unknown,Unknown,,,Dawn,Clear,270,21,17,0,7,14,1554886800,0.76,2.46,14,0,0,56.51,6.18,0.16,56.51,49.14,3.517,,partly-cloudy-night,partly cloudy,0,1,0,0,0,0
,35.05528,-85.262879,2000 Camden St,,Roanoke Ave,6/3/2019 0:00,2019-06-03,0,1559534400,,,,Property Damage,Not Collision with Motor Vehicle in Transport,Yes,No,No,No,30,1,No,No,Unknown,Unknown,,,,,Unknown,Clear,270,21,17,0,7,14,1559530800,0.77,1.41,341,0,0,72.44,3.26,0.44,71.92,64.4,6.399,,partly-cloudy-night,partly cloudy,0,1,0,0,0,0
,35.011628,-85.129017,1727 Morris Hill Rd,,Igou Gap Rd,4/30/2018 12:00,2018-04-30,12,1525104000,,,,Possible Injury,Not Collision with Motor Vehicle in Transport,No,No,No,No,40,1,No,No,,37421,Shoulder and Lap Belt Used,37421,No,No,Daylight,Clear,333,39,16,0,7,7,1525100400,0.39,2.43,162,9,0,65.73,6.55,0,65.73,40.21,5.602,,clear-day,clear,0,0,0,0,1,0
,35.015687,-85.125627,8700 Igou Gap Rd,,Morris Hill Rd,4/20/2019 17:00,2019-04-20,17,1555794000,,,,Property Damage,Other,No,No,No,No,30,2,No,No,Shoulder and Lap Belt Used,37421,Shoulder and Lap Belt Used,37421,No,No,Daylight,Clear,333,39,16,0,7,7,1555790400,0.85,6.69,269,2,0.004,43.43,14.1,1,46.75,42.53,3.61,rain,rain,possible drizzle,1,0,0,0,0,1
,35.042164,-85.220198,4110 Shallowford Rd,,4110 Shallowford Rd,5/1/2018 15:00,2018-05-01,15,1525201200,,,,Property Damage,Head On,No,No,No,No,15,2,No,No,Shoulder and Lap Belt Used,37411,Shoulder and Lap Belt Used,37404,No,No,Daylight,Clear,275,26,17,0,7,8,1525197600,0.34,3.3,196,9,0,81.79,9.47,0,81.79,50.45,6.05,,clear-day,clear,0,0,0,0,1,0
,35.042164,-85.220198,4110 Shallowford Rd,,N Moore Rd,7/2/2018 8:00,2018-07-02,8,1530532800,,,,Property Damage Under,Unknown,Yes,No,No,No,,2,No,No,,37416,Unknown,Unknown,,,Daylight,Cloudy,275,26,17,0,7,8,1530529200,0.89,1.13,196,0,0,76.45,5.24,0.75,75.05,71.69,8.352,,partly-cloudy-day,mostly cloudy,0,1,0,0,0,0
,35.042164,-85.220198,4110 Shallowford Rd,,N MOORE RD,7/9/2018 17:00,2018-07-09,17,1531170000,,,,Property Damage Under,Angle,Yes,No,No,No,15,2,No,No,Unknown,37419,Unknown,Unknown,,,Unknown,Unknown,275,26,17,0,7,8,1531166400,0.43,1.72,355,5,0,91.21,9.95,0,89.71,64.12,7.748,,clear-day,clear,0,0,0,0,1,0
,35.040959,-85.221504,1300 Shallowford Rd,,Wilcox Blvd,8/3/2018 17:00,2018-08-03,17,1533330000,,,,Property Damage Under,Front to Rear,No,No,No,No,35,2,No,No,Unknown,37406,Unknown,37421,No,No,Daylight,Clear,275,26,17,0,7,8,1533326400,0.55,1.52,104,4,0,88.92,7.22,0.44,85.8,67.53,5.869,,partly-cloudy-day,partly cloudy,0,1,0,0,0,0
,35.043089,-85.219116,4026 Shallowford Rd,,N More Rd.,8/6/2018 20:00,2018-08-06,20,1533600000,,,,Property Damage,Front to Rear,Yes,No,No,No,35,2,No,No,Unknown,Unknown,Shoulder and Lap Belt Used,37407,No,No,Daylight,Clear,275,26,17,0,7,8,1533596400,0.6,3.48,285,0,0,91.07,8.69,0.44,85.93,70.57,5.713,,partly-cloudy-day,partly cloudy,0,1,0,0,0,0
,35.042164,-85.220198,4110 Shallowford Rd,,Shallowford Rd.,8/10/2018 20:00,2018-08-10,20,1533945600,,,,Property Damage,Angle,No,No,No,No,15,2,No,No,Shoulder and Lap Belt Used,37411,Shoulder and Lap Belt Used,37411,No,No,Dusk,Clear,275,26,17,0,7,8,1533942000,0.76,2.69,252,0,0,83.59,6.93,0.75,79.95,71.64,10,,partly-cloudy-day,mostly cloudy,0,1,0,0,0,0
,35.042901,-85.222382,4100 Shallowford Rd,,3300 Wilcox Blvd,9/25/2018 0:00,2018-09-25,0,1537848000,,,,Property Damage,Front to Rear,No,No,No,No,30,2,No,No,Shoulder and Lap Belt Used,37416,Shoulder and Lap Belt Used,37406,No,No,Unknown,Rain,275,26,17,0,7,8,1537844400,0.95,3.04,171,0,0.208,70.68,9.85,1,69.54,68.18,1.249,rain,rain,rain,1,0,0,0,0,1
,35.042901,-85.222382,Wilcox Blvd,,Shallowford Rd,10/6/2018 18:00,2018-10-06,18,1538863200,,,,Property Damage,Angle,Yes,No,No,No,35,2,No,No,Unknown,Unknown,Shoulder and Lap Belt Used,33572,No,No,Daylight,Clear,275,26,17,0,7,8,1538859600,0.51,2.08,159,1,0,91.51,6.26,0,88.13,67.55,8.208,,clear-day,clear,0,0,0,0,1,0
,35.043284,-85.219735,Shallowford Rd,,N Moore Rd,11/6/2018 13:00,2018-11-06,13,1541527200,,,,Possible Injury,Angle,Yes,No,No,No,40,2,No,No,,37411,Shoulder and Lap Belt Used,37404,No,No,Daylight,Clear,275,26,17,0,7,8,1541523600,0.54,4.8,281,4,0,68.18,9.78,0.44,68.18,50.74,8.197,,partly-cloudy-day,partly cloudy,0,1,0,0,0,0
,35.042901,-85.222382,Shallowford Rd,,Wilcox Blvd,12/18/2018 9:00,2018-12-18,9,1545141600,,,,Possible Injury,Angle,No,No,Yes,No,45,2,No,No,,37411,Shoulder and Lap Belt Used,37403,No,No,Daylight,Clear,275,26,17,0,7,8,1545138000,0.88,1.77,322,0,0,35.89,5.16,0,35.89,32.75,5.845,,clear-day,clear,0,0,0,0,1,0
,35.043089,-85.219116,Shallowford Rd,,N Moore Rd,12/24/2018 12:00,2018-12-24,12,1545670800,,,,Possible Injury,Angle,No,No,No,No,,2,No,No,Shoulder and Lap Belt Used,37411,Shoulder and Lap Belt Used,37410,No,No,Daylight,Clear,275,26,17,0,7,8,1545667200,0.51,8.6,47,3,0,37.84,14.2,0,42.9,26.23,3.66,,clear-day,clear,0,0,0,0,1,0
,35.043153,-85.220157,4100 Shallowford Rd,,N moore rd,2/6/2019 17:00,2019-02-06,17,1549490400,,,,Property Damage,Unknown,Yes,No,No,No,35,2,No,No,Unknown,Unknown,Unknown,37363,No,No,Daylight,Rain,275,26,17,0,7,8,1549486800,0.8,6.92,193,0,0,70.31,14.61,1,69.85,63.49,3.495,,cloudy,overcast,0,1,0,0,0,0
,35.043089,-85.219116,4026 Shallowford Rd,,N Moore Rd,6/1/2019 16:00,2019-06-01,16,1559419200,,,,Property Damage,Angle,Yes,No,No,No,,2,No,No,Unknown,Unknown,,37421,,,Daylight,Clear,275,26,17,0,7,8,1559415600,0.39,4.9,291,5,0,86.07,9.84,0.44,86.07,58,2.64,,partly-cloudy-day,partly cloudy,0,1,0,0,0,0
,35.077085,-85.30749,Wert St,,Hamilton Ave,5/4/2018 5:00,2018-05-04,5,1525424400,,,,Property Damage,"Sideswipe, Opposite Direction",No,No,No,No,25,2,No,No,Shoulder and Lap Belt Used,37343,Shoulder and Lap Belt Used,37411,No,No,Dark - Lighted,Clear,308,14,16,0,7,20,1525420800,0.73,0.44,251,0,0,65.35,1.71,0,65.35,56.54,6.7,,clear-night,clear,0,0,0,0,1,0
,35.058049,-85.244027,3009 Dee Dr,,Dee Dr,5/5/2018 0:00,2018-05-05,0,1525492800,,,,Possible Injury,Front to Rear,No,No,Yes,No,20,2,No,No,No Helmet,37406,None Used MV Occupant,37406,No,No,Daylight,Clear,317,23,16,0,7,9,1525489200,0.73,0.23,264,0,0,70.18,1.06,0.44,70.06,60.83,6.164,,partly-cloudy-night,partly cloudy,0,1,0,0,0,0
,35.054666,-85.240454,1676 Greenwood Rd,,Geneal Ln,5/27/2018 0:00,2018-05-27,0,1527393600,,,,Property Damage,Not Collision with Motor Vehicle in Transport,Yes,No,No,No,30,1,No,No,Unknown,Unknown,,,,,Unknown,Clear,317,23,16,0,7,9,1527390000,0.86,2.21,210,0,0.032,72.66,5.81,0.75,71.75,67.32,3.666,rain,rain,possible light rain,1,0,0,0,0,1
,35.054735,-85.241854,3118 Dee Dr,,Greenwood Rd,6/1/2018 14:00,2018-06-01,14,1527876000,,,,Property Damage,Rear to Side,Yes,No,No,No,25,2,No,No,,37406,Unknown,Unknown,,,Daylight,Cloudy,317,23,16,0,7,9,1527872400,0.66,5.15,288,8,0,85.34,10.06,0.44,81.88,69.3,5.246,,partly-cloudy-day,partly cloudy,0,1,0,0,0,0
,35.052299,-85.240155,3418 - 3499 Plumwood Rd,,Greenwood,6/4/2018 19:00,2018-06-04,19,1528153200,,,,Possible Injury,Head On,No,No,Yes,No,25,2,No,No,Shoulder and Lap Belt Used,37411,Shoulder and Lap Belt Used,37406,No,No,Dawn,Clear,317,23,16,0,7,9,1528149600,0.36,6.02,337,1,0,82.19,11.2,0,82.19,52.4,5.867,,clear-day,clear,0,0,0,0,1,0
,35.057347,-85.244196,3017 Dee Dr,,Judy Ann Dr,9/6/2018 0:00,2018-09-06,0,1536206400,,,,Property Damage,Angle,Yes,No,No,No,15,2,No,No,,37406,Unknown,Unknown,,,Unknown,Unknown,317,23,16,0,7,9,1536202800,0.89,2.5,47,0,0,78.16,6.77,0,76.62,73.14,3.188,,clear-night,humid,0,0,0,0,1,0
,35.035524,-85.161923,Hamilton Place Blvd,,2100 Hamilton Place Blvd,5/9/2018 17:00,2018-05-09,17,1525899600,,,,Property Damage Under,Not Collision with Motor Vehicle in Transport,No,No,No,No,35,2,No,No,Shoulder and Lap Belt Used,30725,Shoulder and Lap Belt Used,37421,No,No,Daylight,Clear,372,33,15,0,7,3,1525896000,0.41,1.28,206,4,0,83.93,6.33,0.3,83.93,57.86,6.113,,partly-cloudy-day,partly cloudy,0,1,0,0,0,0
,35.033426,-85.16582,,I-75,Hamilton Place Blvd,5/12/2018 12:00,2018-05-12,12,1526140800,,,,Property Damage,"Sideswipe, Same Direction",No,No,No,No,55,2,No,No,Shoulder and Lap Belt Used,37411,Shoulder and Lap Belt Used,37397,No,No,Daylight,Clear,372,33,15,0,7,3,1526137200,0.46,0.81,234,9,0,84.67,3.68,0,84.22,61.49,6.113,,clear-day,clear,0,0,0,0,1,0
,35.032181,-85.165342,2000 Hamilton Place Blvd,,Franks road,6/19/2018 0:00,2018-06-19,0,1529380800,,,,Property Damage Under,Unknown,Yes,No,No,No,15,2,No,No,Unknown,Unknown,None Used MV Occupant,31503,No,No,Dark - Lighted,Clear,372,33,15,0,7,3,1529377200,0.78,2.09,279,0,0,79.03,4.16,0.75,77.88,70.41,6.005,,partly-cloudy-night,mostly cloudy,0,1,0,0,0,0
,35.0324229,-85.16363,1808 Gunbarrel Rd,SR-1808,Igou Gap Rd,6/22/2018 14:00,2018-06-22,14,1529690400,,,,Property Damage,Front to Rear,No,No,No,No,40,2,No,No,Shoulder and Lap Belt Used,37363,Shoulder and Lap Belt Used,37377,No,No,Daylight,Clear,372,33,15,0,7,3,1529686800,0.58,6.19,194,8,0,88.23,12.14,0.44,84.82,68.23,6.11,,partly-cloudy-day,partly cloudy,0,1,0,0,0,0