Accident,Latitude,Longitude,Street,AltStreet,Intersection,DateTime,Date,Hour,Unix,WeekDay,WeekEnd,DayFrame,AccidentType,CollisionType,HaR,FatalInjury,MedicalTransport,InvolvedPlacardedTruck,PostedSpeed,TotalVehiclesInvolved,PedestrianInvolved,BicycleInvolved,DriverOneSafetyEquipment,DriverOneZip,DriverTwoSafetyEquipment,DriverTwoZip,Drug,Alcohol,LightCondition,Weather,Grid_Block,Grid_Col,Grid_Row,Highway,Land_Use_Mode,Road_Count,HourBefore,humidity,windSpeed,windBearing,uvIndex,precipIntensity,apparentTemperature,windGust,cloudCover,temperature,dewPoint,visibility,precipType,Event,Conditions,Rain,Cloudy,Foggy,Snow,Clear,RainBefore
,35.0324229,-85.16363,1808 Gunbarrel Rd,SR-1808,Igou Gap Rd,6/22/2018 14:00,2018-06-22,14,1529690400,,,,Property Damage,Front to Rear,No,No,No,No,40,2,No,No,Shoulder and Lap Belt Used,37363,Shoulder and Lap Belt Used,37377,No,No,Daylight,Clear,372,33,15,0,7,3,1529686800,0.58,6.19,194,8,0,88.23,12.14,0.44,84.82,68.23,6.11,,partly-cloudy-day,partly cloudy,0,1,0,0,0,0
,35.0324229,-85.16363,1808 Gunbarrel Rd,SR-1808,Igou Gap Rd,6/22/2018 14:00,2018-06-22,14,1529690400,,,,Property Damage,Front to Rear,No,No,No,No,40,2,No,No,Shoulder and Lap Belt Used,37363,Shoulder and Lap Belt Used,37377,No,No,Daylight,Clear,372,33,15,0,7,3,1529686800,0.54,6.29,192,8,0,88.64,12.57,0.44,85.71,67.21,8.082,,partly-cloudy-day,partly cloudy,0,1,0,0,0,0
,35.0324229,-85.16363,1808 Gunbarrel Rd,SR-1808,Igou Gap Rd,6/22/2018 14:00,2018-06-22,14,1529690400,,,,Property Damage,Front to Rear,No,No,No,No,40,2,No,No,Shoulder and Lap Belt Used,37363,Shoulder and Lap Belt Used,37377,No,No,Daylight,Clear,372,33,15,0,7,3,1529686800,0.54,6.29,192,8,0,88.64,12.57,0.44,85.71,67.21,8.082,,partly-cloudy-day,partly cloudy,0,1,0,0,0,0
,35.033405,-85.164312,Hamilton Place Blvd,US-2006,Franks St.,7/3/2018 14:00,2018-07-03,14,1530640800,,,,Property Damage,Angle,No,No,No,Yes,25,2,No,No,Shoulder and Lap Belt Used,37421,Shoulder and Lap Belt Used,37379,No,No,Daylight,Clear,372,33,15,0,7,3,1530637200,0.58,4.37,154,8,0,97.34,10.37,0.44,89.35,72.86,6.005,,partly-cloudy-day,humid and partly cloudy,0,1,0,0,0,0
,35.033625,-85.162701,2020 Hamilton Place Blvd,,Franks,7/20/2018 0:00,2018-07-20,0,1532059200,,,,Property Damage,Unknown,Yes,No,No,No,15,2,No,No,Unknown,Unknown,,37302,,,Unknown,Clear,372,33,15,0,7,3,1532055600,0.82,3.4,176,0,0,76.98,7.61,0.67,75.83,70.09,3.035,,partly-cloudy-night,mostly cloudy,0,1,0,0,0,0
,35.033625,-85.162701,2020 Hamilton Place Blvd,,Franks,7/20/2018 0:00,2018-07-20,0,1532059200,,,,Property Damage,Unknown,Yes,No,No,No,15,2,No,No,Unknown,Unknown,,37302,,,Unknown,Clear,372,33,15,0,7,3,1532055600,0.82,3.4,176,0,0,76.98,7.61,0.67,75.83,70.09,3.035,,partly-cloudy-night,mostly cloudy,0,1,0,0,0,0
,35.033625,-85.162701,2020 Hamilton Place Blvd,,Franks,7/20/2018 0:00,2018-07-20,0,1532059200,,,,Property Damage,Unknown,Yes,No,No,No,15,2,No,No,Unknown,Unknown,,37302,,,Unknown,Clear,372,33,15,0,7,3,1532055600,0.85,2.73,211,0,0,76.88,3.71,0.67,75.62,70.85,5.887,,partly-cloudy-night,mostly cloudy,0,1,0,0,0,0
,35.033625,-85.162701,2020 Hamilton Place Blvd,,Franks,7/20/2018 0:00,2018-07-20,0,1532059200,,,,Property Damage,Unknown,Yes,No,No,No,15,2,No,No,Unknown,Unknown,,37302,,,Unknown,Clear,372,33,15,0,7,3,1532055600,0.85,2.73,211,0,0,76.88,3.71,0.67,75.62,70.85,5.887,,partly-cloudy-night,mostly cloudy,0,1,0,0,0,0
,35.033625,-85.162701,2020 Hamilton Place Blvd,,Exit 4 I-75 Nb,8/17/2018 16:00,2018-08-17,16,1534536000,,,,Possible Injury,Angle,No,No,Yes,No,15,2,No,No,Shoulder and Lap Belt Used,37343,None Used MV Occupant,37404,No,No,Daylight,Clear,372,33,15,0,7,3,1534532400,0.6,6.28,181,6,0,93.85,12.66,0.44,87.32,71.89,5.846,,partly-cloudy-day,partly cloudy,0,1,0,0,0,0
,35.035572,-85.163223,500 Interstate 75 North Rd,,Shallowford Rd.,10/8/2018 11:00,2018-10-08,11,1539010800,,,,Property Damage,Not Collision with Motor Vehicle in Transport,No,No,No,No,55,1,No,No,Unknown,37311,,,No,No,Daylight,Clear,372,33,15,0,7,3,1539007200,0.7,5.89,123,3,0,82.21,13.81,0.75,79.55,68.79,5.472,,partly-cloudy-day,mostly cloudy,0,1,0,0,0,0
,35.035572,-85.163223,1100 Hwy 75,I-75,Shallowford rd,10/10/2018 12:00,2018-10-10,12,1539187200,,,,Property Damage Under,Not Collision with Motor Vehicle in Transport,No,No,No,No,50,1,No,No,Shoulder and Lap Belt Used,37321,,,No,No,Daylight,Clear,372,33,15,0,7,3,1539183600,0.77,4.84,138,,,79.47,,,78.34,70.35,,rain,clear-night,clear,0,0,0,0,1,0
,35.034758,-85.1624,2040 Hamilton Place Blvd,,Gunbarrel Road,10/17/2018 20:00,2018-10-17,20,1539820800,,,,Property Damage,Unknown,Yes,No,No,No,,2,No,No,,37412,Unknown,Unknown,,,Dark - Lighted,Clear,372,33,15,0,7,3,1539817200,0.65,3.4,337,0,0,60.22,10.02,0,60.22,48.42,4.403,,clear-night,clear,0,0,0,0,1,0
,35.032543,-85.165319,Shallowford Rd,SR-7003,Lee Hwy,10/20/2018 0:00,2018-10-20,0,1540008000,,,,Property Damage,Angle,No,No,No,No,,2,No,No,Shoulder and Lap Belt Used,37421,,37343,No,No,Unknown,Clear,372,33,15,0,7,3,1540004400,0.85,4.46,189,0,0,62.88,8.43,0.44,62.88,58.27,9.997,,partly-cloudy-night,partly cloudy,0,1,0,0,0,0
,35.035266,-85.163861,500 I-75 Hwy,,Hwy 153,11/12/2018 20:00,2018-11-12,20,1542070800,,,,Property Damage Under,Front to Rear,No,No,No,No,55,2,No,No,Unknown,70591,Unknown,30741,No,No,Dark - Not Lighted,Rain,372,33,15,0,7,3,1542067200,0.93,3.9,14,0,0,43.89,7.65,1,45.61,43.77,2.931,,cloudy,overcast,0,1,0,0,0,0
,35.035266,-85.163861,500 I-75 Hwy,,Hwy 153,11/12/2018 20:00,2018-11-12,20,1542070800,,,,Property Damage Under,Front to Rear,No,No,No,No,55,2,No,No,Unknown,70591,Unknown,30741,No,No,Dark - Not Lighted,Rain,372,33,15,0,7,3,1542067200,0.93,3.9,14,0,0,43.89,7.65,1,45.61,43.77,2.931,,cloudy,overcast,0,1,0,0,0,0
,35.035266,-85.163861,500 I-75 Hwy,,Hwy 153,11/12/2018 20:00,2018-11-12,20,1542070800,,,,Property Damage Under,Front to Rear,No,No,No,No,55,2,No,No,Unknown,70591,Unknown,30741,No,No,Dark - Not Lighted,Rain,372,33,15,0,7,3,1542067200,0.96,4.06,359,0,0,42.27,9.09,1,44.33,43.13,4.83,,cloudy,overcast,0,1,0,0,0,0
,35.035266,-85.163861,500 I-75 Hwy,,Hwy 153,11/12/2018 20:00,2018-11-12,20,1542070800,,,,Property Damage Under,Front to Rear,No,No,No,No,55,2,No,No,Unknown,70591,Unknown,30741,No,No,Dark - Not Lighted,Rain,372,33,15,0,7,3,1542067200,0.96,4.06,359,0,0,42.27,9.09,1,44.33,43.13,4.83,,cloudy,overcast,0,1,0,0,0,0
,35.035572,-85.163223,75 Interstate,,Bonny Oaks Dr,11/17/2018 12:00,2018-11-17,12,1542474000,,,,Property Damage,Front to Rear,No,No,No,No,55,2,No,No,Shoulder and Lap Belt Used,37362,Shoulder and Lap Belt Used,37343,No,No,Daylight,Clear,372,33,15,0,7,3,1542470400,0.63,1.78,345,3,0,52.25,6.72,0,52.25,39.96,5.846,,clear-day,clear,0,0,0,0,1,0
,35.03333,-85.16516,Interstate 75 north bound road,I-75,I-75 N,11/20/2018 17:00,2018-11-20,17,1542751200,,,,Property Damage Under,"Sideswipe, Same Direction",No,No,No,No,45,2,No,No,Shoulder and Lap Belt Used,37363,Shoulder and Lap Belt Used,37309,No,No,Dusk,Clear,372,33,15,0,7,3,1542747600,0.61,7.86,343,0,0,42.99,13.05,1,46.85,33.94,6.106,,cloudy,overcast,0,1,0,0,0,0
,35.03528,-85.162518,,US-153,Lee Hwy,11/23/2018 21:00,2018-11-23,21,1543024800,,,,Possible Injury,"Sideswipe, Same Direction",Yes,No,Yes,No,55,2,No,No,Shoulder and Lap Belt Used,37412,Unknown,Unknown,No,No,Dark - Lighted,Clear,372,33,15,0,7,3,1543021200,0.75,10.28,181,0,0,40.05,21.48,1,45.25,37.75,6.106,,cloudy,overcast,0,1,0,0,0,0
,35.032181,-85.165342,2000 Hamilton Place Blvd,,Igou Gap Rd,11/25/2018 0:00,2018-11-25,0,1543122000,,,,Property Damage,Unknown,Yes,No,No,No,,2,No,No,,37421,Unknown,Unknown,,,Daylight,Clear,372,33,15,0,7,3,1543118400,0.99,1.12,4,0,0,39.79,4.78,1,39.79,39.57,0.485,,fog,foggy,0,0,1,0,0,0
,35.035572,-85.163223,450 Interstate 75 North Bound,I-75,Hamilton Place Blvd,11/28/2018 6:00,2018-11-28,6,1543402800,,,,Possible Injury,Not Collision with Motor Vehicle in Transport,No,No,No,No,55,1,No,No,,37402,Shoulder and Lap Belt Used,37405,No,No,Dark - Not Lighted,Clear,372,33,15,0,7,3,1543399200,0.7,3.7,332,0,0,19.55,8.12,0,24.28,15.97,6,,clear-night,clear,0,0,0,0,1,0
,35.032181,-85.165342,2000 Hamilton Place Blvd,,Hamilton place Blvd,12/14/2018 18:00,2018-12-14,18,1544828400,,,,Property Damage,Other,No,No,No,No,15,2,No,No,Shoulder and Lap Belt Used,37421,Shoulder and Lap Belt Used,37421,No,No,Dark - Lighted,Rain,372,33,15,0,7,3,1544824800,0.92,3.85,49,0,0.018,52.93,8.73,1,52.93,50.72,5.63,rain,rain,light rain,1,0,0,0,0,1
,35.035671,-85.163473,75 HWY 1-9 Exit 4a On Ramp Sb,I-75,Hamilton Place Blvd,12/31/2018 0:00,2018-12-31,0,1546232400,,,,Property Damage,Unknown,Yes,No,No,No,70,2,No,No,Unknown,Unknown,Shoulder and Lap Belt Used,37363,No,No,Unknown,Unknown,372,33,15,0,7,3,1546228800,0.94,0.93,112,0,0,53.06,5.11,1,53.06,51.37,1.944,,fog,foggy,0,0,1,0,0,0
,35.035524,-85.161923,2100 Hamilton Place Blvd,,Gunbarel Rd,2/14/2019 17:00,2019-02-14,17,1550181600,,,,Property Damage,Angle,Yes,No,No,No,15,2,No,No,Unknown,Unknown,,30736,,,Dawn,Clear,372,33,15,0,7,3,1550178000,0.27,6.76,185,0,0,60.45,14.1,0,60.45,26.13,8.508,,clear-day,clear,0,0,0,0,1,0
,35.035524,-85.161923,Hamilton Place Blvd,,Gunbarrel RD,3/28/2019 22:00,2019-03-28,22,1553824800,,,,Property Damage,Not Collision with Motor Vehicle in Transport,No,No,No,No,,1,No,No,,37421,Shoulder and Lap Belt Used,30736,No,No,Dark - Lighted,Clear,372,33,15,0,7,3,1553821200,0.41,2.44,203,0,0,57.86,7.01,0.19,57.86,34.54,5.083,,partly-cloudy-night,partly cloudy,0,1,0,0,0,0
,35.035524,-85.161923,2100 Hamilton Place Blvd,,Gunbarrell Rd,4/7/2019 0:00,2019-04-07,0,1554609600,,,,Property Damage,Unknown,Yes,No,No,No,,2,No,No,Unknown,Unknown,,37363,,,Unknown,Unknown,372,33,15,0,7,3,1554606000,0.76,4.01,165,0,0,65.67,9.34,0.44,65.67,58.07,6.268,,partly-cloudy-night,partly cloudy,0,1,0,0,0,0
,35.03206,-85.166265,Hamilton Place Blvd,,Franks Rd,5/2/2019 6:00,2019-05-02,6,1556791200,,,,Property Damage,Not Collision with Motor Vehicle in Transport,No,No,No,No,35,1,No,No,Shoulder and Lap Belt Used,37341,,,No,No,Dawn,Clear,372,33,15,0,7,3,1556787600,0.92,1.81,178,0,0,67.04,6.05,0.69,66.38,63.97,3.648,,partly-cloudy-night,mostly cloudy,0,1,0,0,0,0
,35.0324,-85.16517,2000 Hamilton Place Blvd,,Franks Rd.,5/6/2019 0:00,2019-05-06,0,1557115200,,,,Property Damage Under,Angle,Yes,No,No,No,,2,No,No,,37421,Unknown,Unknown,,,Daylight,Clear,372,33,15,0,7,3,1557111600,0.89,3.57,338,0,0,60.49,6.95,0.11,60.49,57.11,4.147,,clear-night,clear,0,0,0,0,1,0
,35.035524,-85.161923,Hamilton Place Blvd,,Hamilton Place Blvd,5/7/2019 21:00,2019-05-07,21,1557277200,,,,Property Damage,Angle,No,No,No,No,25,2,No,No,Shoulder and Lap Belt Used,37404,Shoulder and Lap Belt Used,37421,No,No,Dark - Not Lighted,Clear,372,33,15,0,7,3,1557273600,0.56,1.15,251,0,0,73.68,5.68,0,73.68,57.1,6.203,,clear-night,clear,0,0,0,0,1,0
,35.035266,-85.163861,500 Hwy 75 Sb,,Hwy 153 NB,5/21/2019 17:00,2019-05-21,17,1558472400,,,,Property Damage,Front to Rear,No,No,No,No,55,2,No,No,Shoulder and Lap Belt Used,37919,Shoulder and Lap Belt Used,37323,No,No,Daylight,Clear,372,33,15,0,7,3,1558468800,0.4,4.83,156,4,0,88.14,10.98,0.3,88.14,60.57,6.145,,partly-cloudy-day,partly cloudy,0,1,0,0,0,0
,35.035572,-85.163223,500 Interstate Hwy 75 Nb,,Shallowford Rd.,5/21/2019 18:00,2019-05-21,18,1558476000,,,,Property Damage Under,Angle,No,No,No,No,65,2,No,No,Shoulder and Lap Belt Used,30741,Shoulder and Lap Belt Used,37421,No,No,Daylight,Clear,372,33,15,0,7,3,1558472400,0.4,4.45,187,2,0,88.56,9.86,0.44,88.51,61.07,6.142,,partly-cloudy-day,partly cloudy,0,1,0,0,0,0
,35.00156,-85.290979,3700 Clio Ave,SR-3700,E 37th St,5/10/2018 7:00,2018-05-10,7,1525950000,,,,Property Damage,Angle,No,No,No,No,40,2,No,No,Shoulder and Lap Belt Used,37411,Shoulder and Lap Belt Used,30728,No,No,Daylight,Clear,14,21,26,0,7,20,1525946400,0.72,0.34,204,0,0,65.77,1.38,0.44,65.77,56.53,5.875,,partly-cloudy-day,partly cloudy,0,1,0,0,0,0
,35.002181,-85.286847,5th Ave,,E 35th St,6/22/2018 0:00,2018-06-22,0,1529640000,,,,Property Damage,"Sideswipe, Opposite Direction",Yes,No,No,No,35,2,No,No,Unknown,Unknown,,37407,,,Unknown,Clear,14,21,26,0,7,20,1529636400,0.86,3.28,218,0,0,75.6,7.04,0.75,74.4,70,2.626,,partly-cloudy-night,mostly cloudy,0,1,0,0,0,0
,35.002181,-85.286847,5th Ave,,E 35th St,6/22/2018 0:00,2018-06-22,0,1529640000,,,,Property Damage,"Sideswipe, Opposite Direction",Yes,No,No,No,35,2,No,No,Unknown,Unknown,,37407,,,Unknown,Clear,14,21,26,0,7,20,1529636400,0.86,3.28,218,0,0,75.6,7.04,0.75,74.4,70,2.626,,partly-cloudy-night,mostly cloudy,0,1,0,0,0,0
,35.002181,-85.286847,5th Ave,,E 35th St,6/22/2018 0:00,2018-06-22,0,1529640000,,,,Property Damage,"Sideswipe, Opposite Direction",Yes,No,No,No,35,2,No,No,Unknown,Unknown,,37407,,,Unknown,Clear,14,21,26,0,7,20,1529636400,0.87,3.23,211,0,0,75.89,6.26,0.75,74.63,70.53,2.936,,partly-cloudy-night,mostly cloudy,0,1,0,0,0,0
,35.002181,-85.286847,5th Ave,,E 35th St,6/22/2018 0:00,2018-06-22,0,1529640000,,,,Property Damage,"Sideswipe, Opposite Direction",Yes,No,No,No,35,2,No,No,Unknown,Unknown,,37407,,,Unknown,Clear,14,21,26,0,7,20,1529636400,0.87,3.23,211,0,0,75.89,6.26,0.75,74.63,70.53,2.936,,partly-cloudy-night,mostly cloudy,0,1,0,0,0,0
,35.000005,-85.291416,3800 Rossville Blvd,,38th Street,8/24/2018 12:00,2018-08-24,12,1535126400,,,,Property Damage Under,Unknown,Yes,No,No,No,45,2,No,No,Unknown,37405,Unknown,Unknown,No,No,Daylight,Unknown,14,21,26,0,7,20,1535122800,0.51,7.51,135,8,0,76.44,15.88,0,76.44,56.77,6.282,,clear-day,clear,0,0,0,0,1,0
,34.998495,-85.288287,3900 5th Ave,,5th Ave,11/23/2018 13:00,2018-11-23,13,1542996000,,,,Property Damage,Unknown,Yes,No,No,No,25,2,No,No,Unknown,Unknown,,29841,,,Daylight,Unknown,14,21,26,0,7,20,1542992400,0.58,8.78,151,3,0,45.91,19.12,0.44,49.55,35.19,5.706,,partly-cloudy-day,partly cloudy,0,1,0,0,0,0
,35.001159,-85.291679,3700 Rossville Blvd,,E 37th St,12/10/2018 17:00,2018-12-10,17,1544479200,,,,Property Damage,Angle,No,No,No,No,40,2,No,No,Unknown,30725,Shoulder and Lap Belt Used,30252,Yes,Yes,Dusk,Rain,14,21,26,0,7,20,1544475600,0.92,3.88,344,0,0.029,38.12,8.62,0.94,40.6,38.44,5.17,rain,rain,light rain,1,0,0,0,0,1
,35.004589,-85.286936,4th Ave,SR-3403,E 34th St,12/17/2018 7:00,2018-12-17,7,1545048000,,,,Property Damage,Unknown,Yes,No,No,No,,2,No,No,,30725,Unknown,Unknown,,,Dawn,Fog,14,21,26,0,7,20,1545044400,0.93,2.48,318,0,0,38.72,7.33,1,38.72,36.81,0.549,,fog,foggy,0,0,1,0,0,0
,35.001159,-85.291679,3700 Rossville Blvd,,E 37th Street,1/1/2019 0:00,2019-01-01,0,1546318800,,,,Property Damage,Unknown,Yes,No,No,No,40,2,No,No,Unknown,Unknown,Shoulder and Lap Belt Used,37415,No,No,Dark - Lighted,Rain,14,21,26,0,7,20,1546315200,0.93,2.58,215,0,0.009,60.24,4.36,1,60.16,58.12,2.866,rain,rain,drizzle,1,0,0,0,0,1
,35.001159,-85.291679,3700 Rossville Blvd,,E 37th Street,1/1/2019 0:00,2019-01-01,0,1546318800,,,,Property Damage,Unknown,Yes,No,No,No,40,2,No,No,Unknown,Unknown,Shoulder and Lap Belt Used,37415,No,No,Dark - Lighted,Rain,14,21,26,0,7,20,1546315200,0.93,2.58,215,0,0.009,60.24,4.36,1,60.16,58.12,2.866,rain,rain,drizzle,1,0,0,0,0,1
,35.001159,-85.291679,3700 Rossville Blvd,,E 37th Street,1/1/2019 0:00,2019-01-01,0,1546318800,,,,Property Damage,Unknown,Yes,No,No,No,40,2,No,No,Unknown,Unknown,Shoulder and Lap Belt Used,37415,No,No,Dark - Lighted,Rain,14,21,26,0,7,20,1546315200,0.93,2.58,215,0,0.009,60.24,4.36,1,60.16,58.12,2.866,rain,rain,drizzle,1,0,0,0,0,1
,35.001159,-85.291679,3700 Rossville Blvd,,E 37th Street,1/1/2019 0:00,2019-01-01,0,1546318800,,,,Property Damage,Unknown,Yes,No,No,No,40,2,No,No,Unknown,Unknown,Shoulder and Lap Belt Used,37415,No,No,Dark - Lighted,Rain,14,21,26,0,7,20,1546315200,0.93,2.65,221,0,0.003,59.18,5.02,1,59.18,57.14,4.352,rain,rain,drizzle,1,0,0,0,0,1
,35.001159,-85.291679,3700 Rossville Blvd,,E 37th Street,1/1/2019 0:00,2019-01-01,0,1546318800,,,,Property Damage,Unknown,Yes,No,No,No,40,2,No,No,Unknown,Unknown,Shoulder and Lap Belt Used,37415,No,No,Dark - Lighted,Rain,14,21,26,0,7,20,1546315200,0.93,2.65,221,0,0.003,59.18,5.02,1,59.18,57.14,4.352,rain,rain,drizzle,1,0,0,0,0,1
,35.001159,-85.291679,3700 Rossville Blvd,,E 37th Street,1/1/2019 0:00,2019-01-01,0,1546318800,,,,Property Damage,Unknown,Yes,No,No,No,40,2,No,No,Unknown,Unknown,Shoulder and Lap Belt Used,37415,No,No,Dark - Lighted,Rain,14,21,26,0,7,20,1546315200,0.93,2.65,221,0,0.003,59.18,5.02,1,59.18,57.14,4.352,rain,rain,drizzle,1,0,0,0,0,1
,35.001159,-85.291679,3700 Rossville Blvd,,E 37th Street,1/1/2019 0:00,2019-01-01,0,1546318800,,,,Property Damage,Unknown,Yes,No,No,No,40,2,No,No,Unknown,Unknown,Shoulder and Lap Belt Used,37415,No,No,Dark - Lighted,Rain,14,21,26,0,7,20,1546315200,0.93,2.65,221,0,0.003,59.18,5.02,1,59.18,57.14,4.352,rain,rain,drizzle,1,0,0,0,0,1
,35.001159,-85.291679,3700 Rossville Blvd,,E 37th Street,1/1/2019 0:00,2019-01-01,0,1546318800,,,,Property Damage,Unknown,Yes,No,No,No,40,2,No,No,Unknown,Unknown,Shoulder and Lap Belt Used,37415,No,No,Dark - Lighted,Rain,14,21,26,0,7,20,1546315200,0.93,2.65,221,0,0.003,59.18,5.02,1,59.18,57.14,4.352,rain,rain,drizzle,1,0,0,0,0,1
,35.001159,-85.291679,3700 Rossville Blvd,,E 37th Street,1/1/2019 0:00,2019-01-01,0,1546318800,,,,Property Damage,Unknown,Yes,No,No,No,40,2,No,No,Unknown,Unknown,Shoulder and Lap Belt Used,37415,No,No,Dark - Lighted,Rain,14,21,26,0,7,20,1546315200,0.93,2.65,221,0,0.003,59.18,5.02,1,59.18,57.14,4.352,rain,rain,drizzle,1,0,0,0,0,1
,35.001741,-85.283661,7th Ave,,E 37th St,1/3/2019 0:00,2019-01-03,0,1546491600,,,,Property Damage,Not Collision with Motor Vehicle in Transport,Yes,No,No,No,30,1,No,No,,37402,Unknown,Unknown,,,Dark - Lighted,Rain,14,21,26,0,7,20,1546488000,0.99,1,331,0,0.068,47.93,6.09,1,47.93,47.7,2.995,rain,rain,light rain,1,0,0,0,0,1
,35.001741,-85.283661,7th Ave,,E 37th St,1/3/2019 0:00,2019-01-03,0,1546491600,,,,Property Damage,Not Collision with Motor Vehicle in Transport,Yes,No,No,No,30,1,No,No,,37402,Unknown,Unknown,,,Dark - Lighted,Rain,14,21,26,0,7,20,1546488000,0.99,1,331,0,0.068,47.93,6.09,1,47.93,47.7,2.995,rain,rain,light rain,1,0,0,0,0,1
,35.001741,-85.283661,7th Ave,,E 37th St,1/3/2019 0:00,2019-01-03,0,1546491600,,,,Property Damage,Not Collision with Motor Vehicle in Transport,Yes,No,No,No,30,1,No,No,,37402,Unknown,Unknown,,,Dark - Lighted,Rain,14,21,26,0,7,20,1546488000,0.99,1,331,0,0.068,47.93,6.09,1,47.93,47.7,2.995,rain,rain,light rain,1,0,0,0,0,1
,35.001741,-85.283661,7th Ave,,E 37th St,1/3/2019 0:00,2019-01-03,0,1546491600,,,,Property Damage,Not Collision with Motor Vehicle in Transport,Yes,No,No,No,30,1,No,No,,37402,Unknown,Unknown,,,Dark - Lighted,Rain,14,21,26,0,7,20,1546488000,0.99,1,331,0,0.068,47.93,6.09,1,47.93,47.7,2.995,rain,rain,light rain,1,0,0,0,0,1
,34.997925,-85.286594,2400 E 39th St,,7th Ave,3/18/2019 16:00,2019-03-18,16,1552939200,,,,Property Damage,"Sideswipe, Same Direction",No,No,No,No,15,2,No,No,Shoulder and Lap Belt Used,37407,Shoulder and Lap Belt Used,30707,No,No,Daylight,Clear,14,21,26,0,7,20,1552935600,0.17,7.37,352,4,0,55.48,18.03,0,55.48,11.64,3.179,,clear-day,clear,0,0,0,0,1,0
,34.997925,-85.286594,2400 E 39th St,,7th Ave,3/18/2019 16:00,2019-03-18,16,1552939200,,,,Property Damage,"Sideswipe, Same Direction",No,No,No,No,15,2,No,No,Shoulder and Lap Belt Used,37407,Shoulder and Lap Belt Used,30707,No,No,Daylight,Clear,14,21,26,0,7,20,1552935600,0.17,7.37,352,4,0,55.48,18.03,0,55.48,11.64,3.179,,clear-day,clear,0,0,0,0,1,0
,34.997925,-85.286594,2400 E 39th St,,7th Ave,3/18/2019 16:00,2019-03-18,16,1552939200,,,,Property Damage,"Sideswipe, Same Direction",No,No,No,No,15,2,No,No,Shoulder and Lap Belt Used,37407,Shoulder and Lap Belt Used,30707,No,No,Daylight,Clear,14,21,26,0,7,20,1552935600,0.17,7.37,352,4,0,55.48,18.03,0,55.48,11.64,3.179,,clear-day,clear,0,0,0,0,1,0
,34.997925,-85.286594,2400 E 39th St,,7th Ave,3/18/2019 16:00,2019-03-18,16,1552939200,,,,Property Damage,"Sideswipe, Same Direction",No,No,No,No,15,2,No,No,Shoulder and Lap Belt Used,37407,Shoulder and Lap Belt Used,30707,No,No,Daylight,Clear,14,21,26,0,7,20,1552935600,0.17,7.37,352,4,0,55.48,18.03,0,55.48,11.64,3.179,,clear-day,clear,0,0,0,0,1,0
,34.99938,-85.284801,7th Ave,,E 37th St,3/29/2019 17:00,2019-03-29,17,1553893200,,,,Property Damage,Angle,No,No,No,No,25,2,No,No,Shoulder and Lap Belt Used,30738,Shoulder and Lap Belt Used,37411,No,No,Daylight,Clear,14,21,26,0,7,20,1553889600,0.32,6.45,191,3,0,72.03,12.04,0,72.03,40.16,5.424,,clear-day,clear,0,0,0,0,1,0
,34.99938,-85.284801,7th Ave,,E 37th St,3/29/2019 17:00,2019-03-29,17,1553893200,,,,Property Damage,Angle,No,No,No,No,25,2,No,No,Shoulder and Lap Belt Used,30738,Shoulder and Lap Belt Used,37411,No,No,Daylight,Clear,14,21,26,0,7,20,1553889600,0.32,6.45,191,3,0,72.03,12.04,0,72.03,40.16,5.424,,clear-day,clear,0,0,0,0,1,0
,34.99938,-85.284801,7th Ave,,E 37th St,3/29/2019 17:00,2019-03-29,17,1553893200,,,,Property Damage,Angle,No,No,No,No,25,2,No,No,Shoulder and Lap Belt Used,30738,Shoulder and Lap Belt Used,37411,No,No,Daylight,Clear,14,21,26,0,7,20,1553889600,0.32,6.45,191,3,0,72.03,12.04,0,72.03,40.16,5.424,,clear-day,clear,0,0,0,0,1,0
,34.99938,-85.284801,7th Ave,,E 37th St,3/29/2019 17:00,2019-03-29,17,1553893200,,,,Property Damage,Angle,No,No,No,No,25,2,No,No,Shoulder and Lap Belt Used,30738,Shoulder and Lap Belt Used,37411,No,No,Daylight,Clear,14,21,26,0,7,20,1553889600,0.32,6.45,191,3,0,72.03,12.04,0,72.03,40.16,5.424,,clear-day,clear,0,0,0,0,1,0
,35.00165,-85.290546,3618 2nd Ave,,Clio Ave,5/5/2019 0:00,2019-05-05,0,1557028800,,,,Property Damage,Not Collision with Motor Vehicle in Transport,Yes,No,No,No,25,1,No,No,,37407,Unknown,Unknown,,,Daylight,Clear,14,21,26,0,7,20,1557025200,1,2.53,336,0,0.006,65.14,4.87,0.94,64.31,64.31,3.449,rain,rain,drizzle,1,0,0,0,0,1
,35.00165,-85.290546,3618 2nd Ave,,Clio Ave,5/5/2019 0:00,2019-05-05,0,1557028800,,,,Property Damage,Not Collision with Motor Vehicle in Transport,Yes,No,No,No,25,1,No,No,,37407,Unknown,Unknown,,,Daylight,Clear,14,21,26,0,7,20,1557025200,1,2.53,336,0,0.006,65.14,4.87,0.94,64.31,64.31,3.449,rain,rain,drizzle,1,0,0,0,0,1
,35.00165,-85.290546,3618 2nd Ave,,Clio Ave,5/5/2019 0:00,2019-05-05,0,1557028800,,,,Property Damage,Not Collision with Motor Vehicle in Transport,Yes,No,No,No,25,1,No,No,,37407,Unknown,Unknown,,,Daylight,Clear,14,21,26,0,7,20,1557025200,1,2.53,336,0,0.006,65.14,4.87,0.94,64.31,64.31,3.449,rain,rain,drizzle,1,0,0,0,0,1