Accident,Latitude,Longitude,Street,AltStreet,Intersection,DateTime,Date,Hour,Unix,WeekDay,WeekEnd,DayFrame,AccidentType,CollisionType,HaR,FatalInjury,MedicalTransport,InvolvedPlacardedTruck,PostedSpeed,TotalVehiclesInvolved,PedestrianInvolved,BicycleInvolved,DriverOneSafetyEquipment,DriverOneZip,DriverTwoSafetyEquipment,DriverTwoZip,Drug,Alcohol,LightCondition,Weather,Grid_Block,Grid_Col,Grid_Row,Highway,Land_Use_Mode,Road_Count,HourBefore,humidity,windSpeed,windBearing,uvIndex,precipIntensity,apparentTemperature,windGust,cloudCover,temperature,dewPoint,visibility,precipType,Event,Conditions,Rain,Cloudy,Foggy,Snow,Clear,RainBefore
,35.00165,-85.290546,3618 2nd Ave,,Clio Ave,5/5/2019 0:00,2019-05-05,0,1557028800,,,,Property Damage,Not Collision with Motor Vehicle in Transport,Yes,No,No,No,25,1,No,No,,37407,Unknown,Unknown,,,Daylight,Clear,14,21,26,0,7,20,1557025200,1,2.53,336,0,0.006,65.14,4.87,0.94,64.31,64.31,3.449,rain,rain,drizzle,1,0,0,0,0,1
,35.080791,-85.328663,Pineville Rd,,Pineville Rd,5/11/2018 3:00,2018-05-11,3,1526022000,,,,Property Damage,Angle,Yes,No,No,No,15,3,No,No,,37405,Unknown,Unknown,,,Dark - Lighted,Clear,260,11,17,1,2,10,1526018400,0.9,0.24,241,0,0,62.95,0.32,0,62.74,59.8,5.481,,clear-night,clear,0,0,0,0,1,0
,35.094011,-85.253029,Dupont Pkwy Southbound,,Amnicola Hwy Westbound,5/13/2018 15:00,2018-05-13,15,1526238000,,,,Property Damage,Not Collision with Motor Vehicle in Transport,No,No,No,No,50,1,No,No,Shoulder and Lap Belt Used,37406,,,No,No,Daylight,Clear,538,19,11,0,5,3,1526234400,0.41,0.64,280,8,0,89.9,3.79,0.19,89.19,62.58,7.645,,partly-cloudy-day,partly cloudy,0,1,0,0,0,0
,35.097725,-85.251357,1800 Dupont Pkwy,,N Access Rd,7/7/2018 22:00,2018-07-07,22,1531015200,,,,Property Damage,Not Collision with Motor Vehicle in Transport,No,No,No,No,55,1,No,No,Shoulder and Lap Belt Used,37343,,,No,No,Dark - Not Lighted,Clear,538,19,11,0,5,3,1531011600,0.84,1.47,84,0,0,77.47,4,0.64,76.2,71,6.238,,partly-cloudy-night,mostly cloudy,0,1,0,0,0,0
,35.094405,-85.251402,4100 S Creek Rd,,Amnicola Hwy,8/14/2018 13:00,2018-08-14,13,1534266000,,,,Property Damage,Not Collision with Motor Vehicle in Transport,No,No,No,No,15,3,No,No,,37402,,37347,No,No,Daylight,Clear,538,19,11,0,5,3,1534262400,0.44,3.39,14,8,0,87.79,6.64,0.27,87.2,62.36,6.015,,partly-cloudy-day,partly cloudy,0,1,0,0,0,0
,35.093292,-85.253499,4000 Amnicola Hwy,,Private Property,2/21/2019 14:00,2019-02-21,14,1550775600,,,,Property Damage,Angle,No,No,No,No,,3,No,No,,30126,Shoulder and Lap Belt Used,37820,No,No,Daylight,Rain,538,19,11,0,5,3,1550772000,0.87,3.64,59,4,0,53.88,6.92,1,53.88,50.22,3.483,,cloudy,overcast,0,1,0,0,0,0
,35.093292,-85.253499,Amnicola Hwy,SR-4000,Dupont Parkway,4/1/2019 14:00,2019-04-01,14,1554141600,,,,Property Damage,Angle,No,No,No,No,50,2,No,No,Shoulder and Lap Belt Used,37379,Shoulder and Lap Belt Used,32404,No,No,Daylight,Clear,538,19,11,0,5,3,1554138000,0.29,5.45,44,5,0,51.25,12.46,0.64,51.25,19.66,7.74,,partly-cloudy-day,mostly cloudy,0,1,0,0,0,0
,35.097725,-85.251357,1800 Dupont Parkway Northbound,,Amnicola Highway,4/19/2019 12:00,2019-04-19,12,1555689600,,,,Possible Injury,Not Collision with Motor Vehicle in Transport,No,No,No,No,55,1,No,No,Shoulder and Lap Belt Used,37343,,,No,No,Daylight,Cloudy,538,19,11,0,5,3,1555686000,0.86,5.4,219,4,0.028,66.04,8.45,1,65.7,61.54,1.983,rain,rain,light rain,1,0,0,0,0,1
,35.072921,-85.163312,6502 Bonny Oaks Dr,,Bonnyshire Dr,5/15/2018 16:00,2018-05-15,16,1526414400,,,,Property Damage,"Sideswipe, Opposite Direction",No,No,No,No,40,2,No,No,Shoulder and Lap Belt Used,37416,Shoulder and Lap Belt Used,37406,No,No,Daylight,Cloudy,595,31,10,0,7,4,1526410800,0.55,2.38,163,7,0,87.43,6.54,0.19,84.69,67,6.228,,partly-cloudy-day,partly cloudy,0,1,0,0,0,0
,35.072921,-85.163312,6502 Bonny Oaks Dr,SR-6500,Bonnyshire Drive,8/27/2018 8:00,2018-08-27,8,1535371200,,,,Suspected Minor Injury,Front to Rear,No,No,Yes,No,45,2,No,No,Shoulder and Lap Belt Used,37421,Shoulder and Lap Belt Used,37406,No,No,Daylight,Clear,595,31,10,0,7,4,1535367600,0.86,0.97,308,0,0,71.19,4.53,0.19,70.41,66,4.022,,partly-cloudy-day,partly cloudy,0,1,0,0,0,0
,35.0730924,-85.162844,6700 Shallowford Road,,Hickory Valley Road,8/31/2018 0:00,2018-08-31,0,1535688000,,,,Property Damage,Angle,Yes,No,No,No,40,2,No,No,Shoulder and Lap Belt Used,37406,Unknown,Unknown,No,No,Unknown,Unknown,595,31,10,0,7,4,1535684400,0.89,3.12,40,0,0.048,73.1,9.05,0.75,72.01,68.59,4.24,rain,rain,light rain,1,0,0,0,0,1
,35.07075,-85.164237,7463 Bonnyshire Dr,US-7463,Bonnyshire Drive,5/2/2019 0:00,2019-05-02,0,1556769600,,,,Property Damage,Unknown,Yes,No,No,No,,2,No,No,Unknown,Unknown,,37415,,,Unknown,Unknown,595,31,10,0,7,4,1556766000,0.9,4.58,172,0,0.004,69.29,13.36,0.84,68.53,65.34,3.184,rain,rain,possible drizzle,1,0,0,0,0,1
,35.053818,-85.334465,455 Moccasin Bend Rd,,Moccasin Bend Rd.,5/16/2018 13:00,2018-05-16,13,1526490000,,,,Property Damage,Other,No,No,No,No,,2,No,No,Shoulder and Lap Belt Used,37312,,37405,No,No,Daylight,Clear,123,12,21,0,7,4,1526486400,0.68,0.64,122,6,0,83.19,3.52,0.75,80.33,68.72,3.14,,partly-cloudy-day,mostly cloudy,0,1,0,0,0,0
,35.053818,-85.334465,455 Moccasin Bend Rd,,Hamm Rd,1/16/2019 15:00,2019-01-16,15,1547668800,,,,Property Damage,Not Collision with Motor Vehicle in Transport,No,No,No,No,45,1,No,No,Shoulder and Lap Belt Used,28906,,,No,No,Daylight,Clear,123,12,21,0,7,4,1547665200,0.59,3.56,93,2,0,44.81,7.76,0.44,46.17,32.46,2.689,,partly-cloudy-day,partly cloudy,0,1,0,0,0,0
,35.088552,-85.330663,405 Signal Mountain Rd,,Signal Mountain Rd,5/16/2018 14:00,2018-05-16,14,1526493600,,,,Property Damage Under,Unknown,Yes,No,No,No,,2,No,No,Unknown,Unknown,,37408,,,Daylight,Clear,305,11,16,1,7,13,1526490000,0.65,0.83,153,6,0,83.66,3.23,0.75,80.89,68.05,7.421,,partly-cloudy-day,mostly cloudy,0,1,0,0,0,0
,35.086946,-85.327325,Hixson Pike,SR-3901,Hixson Pike,7/24/2018 0:00,2018-07-24,0,1532404800,,,,Property Damage,Angle,Yes,No,No,No,15,2,No,No,,37312,Unknown,Unknown,,,Unknown,Clear,305,11,16,1,7,13,1532401200,0.8,2.89,350,0,0,75.51,6.88,0.44,74.58,68.09,7.872,,partly-cloudy-night,partly cloudy,0,1,0,0,0,0
,35.088858,-85.33077,114 Raider Ln,,Signal Mountain Rd.,8/12/2018 0:00,2018-08-12,0,1534046400,,,,Possible Injury,Not Collision with Motor Vehicle in Transport,No,No,Yes,No,,1,Yes,No,Unknown,37415,Shoulder and Lap Belt Used,37379,No,No,Unknown,Clear,305,11,16,1,7,13,1534042800,0.79,1.8,282,0,0,77.26,4.09,0,76.21,69.35,10,,clear-night,clear,0,0,0,0,1,0
,35.089716,-85.330353,400 Signal Mountain Rd,,Raider Ln,9/10/2018 12:00,2018-09-10,12,1536595200,,,,Possible Injury,Front to Rear,No,No,No,No,40,2,No,No,Shoulder and Lap Belt Used,37377,Shoulder and Lap Belt Used,37377,No,No,Daylight,Rain,305,11,16,1,7,13,1536591600,0.89,5.23,267,4,0.081,74.39,10.73,0.98,73.19,69.78,2.181,rain,rain,possible light rain,1,0,0,0,0,1
,35.088261,-85.329558,401 Signal Mountain Rd,,Runyan Dr,11/1/2018 8:00,2018-11-01,8,1541073600,,,,Property Damage,Angle,No,No,No,No,45,2,No,No,Shoulder and Lap Belt Used,37406,Shoulder and Lap Belt Used,37377,No,No,Daylight,Clear,305,11,16,1,7,13,1541070000,0.8,7.64,163,0,0,63.57,17.41,0.77,63.57,57.17,3.864,,partly-cloudy-night,mostly cloudy,0,1,0,0,0,0
,35.089393,-85.330591,408 Signal Mountain Rd,,Raider Ln,6/11/2019 12:00,2019-06-11,12,1560268800,,,,Property Damage,"Sideswipe, Same Direction",No,No,No,No,45,2,No,No,Shoulder and Lap Belt Used,37397,Shoulder and Lap Belt Used,37377,No,No,Daylight,Clear,305,11,16,1,7,13,1560265200,0.51,9.97,35,9,0,71.79,16.2,0,71.79,52.84,7.176,,clear-day,clear,0,0,0,0,1,0
,35.034526,-85.334404,Moccasin Bend Rd,,Hamm Rd,5/17/2018 0:00,2018-05-17,0,1526529600,,,,Property Damage,Not Collision with Motor Vehicle in Transport,Yes,No,No,No,40,1,No,No,Unknown,37415,,,,,Unknown,Unknown,46,13,24,0,2,1,1526526000,0.88,0.17,90,0,0,70.12,0.73,0.8,69.35,65.61,1.856,,fog,foggy,0,0,1,0,0,0
,35.02924,-85.170472,440 Interstate 75 Nb rd,,Highway 153 SB,5/17/2018 0:00,2018-05-17,0,1526529600,,,,Property Damage,Front to Rear,No,No,No,No,55,2,No,No,Shoulder and Lap Belt Used,37363,Shoulder and Lap Belt Used,37412,,,Unknown,Rain,327,33,16,0,7,12,1526526000,0.89,0.26,109,0,0,70.16,0.57,0.69,69.36,65.86,5.552,,partly-cloudy-night,mostly cloudy,0,1,0,0,0,0
,35.029612,-85.166615,Igou Gap Rd,,Croy Ln,7/10/2018 13:00,2018-07-10,13,1531242000,,,,Property Damage,Not Collision with Motor Vehicle in Transport,No,No,No,No,30,1,No,No,Shoulder and Lap Belt Used,30752,,,No,No,Daylight,Clear,327,33,16,0,7,12,1531238400,0.53,3.57,358,6,0,94.97,7.82,0.75,89.53,70.03,7.998,,partly-cloudy-day,mostly cloudy,0,1,0,0,0,0
,35.028004,-85.16936,N Concord Rd,,Genoa Dr,7/31/2018 14:00,2018-07-31,14,1533060000,,,,Property Damage,Not Collision with Motor Vehicle in Transport,No,No,No,No,25,1,No,No,,37363,Shoulder and Lap Belt Used,37421,No,No,Daylight,Rain,327,33,16,0,7,12,1533056400,0.74,7.18,190,6,0.032,86.82,10.18,0.75,81.77,72.59,4.233,rain,partly-cloudy-day,humid and mostly cloudy,0,1,0,0,0,0
,35.028004,-85.16936,1800 N Concord Rd,,East Brainerd Road,8/19/2018 13:00,2018-08-19,13,1534698000,,,,Property Damage,Front to Rear,No,No,No,No,35,2,No,No,Shoulder and Lap Belt Used,37421,Shoulder and Lap Belt Used,37411,No,No,Daylight,Rain,327,33,16,0,7,12,1534694400,0.66,4.3,210,6,0,89.32,9.9,0.75,84.12,71.32,7.855,,partly-cloudy-day,mostly cloudy,0,1,0,0,0,0
,35.028327,-85.171662,430 Interstate 75 Sb RD,I-75,E Brainerd Rd,9/9/2018 15:00,2018-09-09,15,1536519600,,,,Property Damage,Not Collision with Motor Vehicle in Transport,No,No,No,No,55,1,No,No,Shoulder and Lap Belt Used,30728,,,No,No,Daylight,Rain,327,33,16,0,7,12,1536516000,0.62,9.25,201,6,0.003,88.34,17.13,0.44,84.1,69.83,4.242,rain,partly-cloudy-day,partly cloudy,0,1,0,0,0,0
,34.9866964,-85.24982,1906 Windy Oaks Ln,,1907 Windy Oaks Lane,5/17/2018 7:00,2018-05-17,7,1526554800,,,,Property Damage,Other,No,No,No,No,15,2,No,No,Unknown,37343,,30337,No,No,Dusk,Clear,19,7,25,0,-1,-1,1526551200,0.96,0.07,180,0,0,66.76,0.29,0.8,65.95,64.76,1.991,,fog,foggy,0,0,1,0,0,0
,34.9866916,-85.249968,5764 Highway 153,,Highway 153,8/12/2018 16:00,2018-08-12,16,1534104000,,,,Property Damage Under,Other,No,No,No,No,15,2,No,No,Shoulder and Lap Belt Used,42718,Shoulder and Lap Belt Used,37379,No,No,Daylight,Clear,19,7,25,0,-1,-1,1534100400,0.51,4.34,325,6,0,88.93,10.01,0.44,86.54,66.13,9.997,,partly-cloudy-day,partly cloudy,0,1,0,0,0,0
,35.032341,-85.227364,4319 Howell Rd,,Woodmore Ln,5/19/2018 0:00,2018-05-19,0,1526702400,,,,Property Damage,Not Collision with Motor Vehicle in Transport,No,No,No,No,30,1,No,No,Unknown,30741,,,,,Unknown,Clear,201,26,19,0,7,14,1526698800,0.91,0.11,167,0,0.012,69.48,0.79,1,68.64,65.85,1.858,rain,fog,foggy,0,0,1,0,0,0
,35.028554,-85.227293,4500 Midland Pike,,East Henderson Rd,8/23/2018 13:00,2018-08-23,13,1535043600,,,,Possible Injury,Angle,No,No,Yes,No,35,2,No,No,Shoulder and Lap Belt Used,37411,Shoulder and Lap Belt Used,37421,No,No,Daylight,Clear,201,26,19,0,7,14,1535040000,0.47,6.5,37,9,0,77.23,13.43,0,77.23,55.46,7.375,,clear-day,clear,0,0,0,0,1,0
,35.0311235,-85.227131,900 Eastgate Loop,,5600 Brainerd Rd,5/20/2019 18:00,2019-05-20,18,1558389600,,,,Property Damage,Not Collision with Motor Vehicle in Transport,No,No,No,No,15,1,No,No,Shoulder and Lap Belt Used,37411,,,No,No,Daylight,Clear,201,26,19,0,7,14,1558386000,0.32,4.98,295,2,0,87.24,11.15,0.19,87.24,53.61,7.547,,partly-cloudy-day,partly cloudy,0,1,0,0,0,0
,35.106992,-85.332447,25 Link Rd,,Glendale Dr,5/20/2018 0:00,2018-05-20,0,1526788800,,,,Property Damage,"Sideswipe, Same Direction",Yes,No,No,No,25,2,No,No,Unknown,Unknown,,37405,,,Unknown,Clear,438,9,13,0,7,5,1526785200,0.81,1.05,241,0,0,73.98,4.58,0.39,73.15,67.01,6.579,,partly-cloudy-night,partly cloudy,0,1,0,0,0,0
,35.106992,-85.332447,25 Link Rd,,Glendale Dr,5/20/2018 0:00,2018-05-20,0,1526788800,,,,Property Damage,"Sideswipe, Same Direction",Yes,No,No,No,25,2,No,No,Unknown,Unknown,,37405,,,Unknown,Clear,438,9,13,0,7,5,1526785200,0.81,1.05,241,0,0,73.98,4.58,0.39,73.15,67.01,6.579,,partly-cloudy-night,partly cloudy,0,1,0,0,0,0
,35.106992,-85.332447,25 Link Rd,,Glendale Dr,5/20/2018 0:00,2018-05-20,0,1526788800,,,,Property Damage,"Sideswipe, Same Direction",Yes,No,No,No,25,2,No,No,Unknown,Unknown,,37405,,,Unknown,Clear,438,9,13,0,7,5,1526785200,0.81,1.05,241,0,0,73.98,4.58,0.39,73.15,67.01,6.579,,partly-cloudy-night,partly cloudy,0,1,0,0,0,0
,35.106992,-85.332447,25 Link Rd,,Glendale Dr,5/20/2018 0:00,2018-05-20,0,1526788800,,,,Property Damage,"Sideswipe, Same Direction",Yes,No,No,No,25,2,No,No,Unknown,Unknown,,37405,,,Unknown,Clear,438,9,13,0,7,5,1526785200,0.81,1.05,241,0,0,73.98,4.58,0.39,73.15,67.01,6.579,,partly-cloudy-night,partly cloudy,0,1,0,0,0,0
,35.1067028,-85.271704,Highway 153,SR-153,Gadd Road,5/21/2018 13:00,2018-05-21,13,1526922000,,,,Property Damage,Angle,No,No,No,No,45,2,No,No,,37406,Shoulder and Lap Belt Used,37341,No,No,Daylight,Clear,580,16,10,0,7,16,1526918400,0.55,6.51,163,7,0,81.62,11.27,0.67,80.35,62.55,6.708,,partly-cloudy-day,mostly cloudy,0,1,0,0,0,0
,35.107439,-85.272335,Hixson Pike,,Manchester Dr,11/16/2018 16:00,2018-11-16,16,1542402000,,,,Property Damage,Angle,Yes,No,No,No,25,2,No,No,Unknown,Unknown,Shoulder and Lap Belt Used,37412,No,No,Daylight,Clear,580,16,10,0,7,16,1542398400,0.46,3.59,221,1,0,54.61,5.87,0.37,54.61,34.38,8.108,,partly-cloudy-day,partly cloudy,0,1,0,0,0,0
,35.106069,-85.271275,3600 Hixson Pike,,Intermont St,12/17/2018 13:00,2018-12-17,13,1545069600,,,,Property Damage,Angle,No,No,No,No,20,2,No,No,Shoulder and Lap Belt Used,37351,Shoulder and Lap Belt Used,37405,No,No,Daylight,Clear,580,16,10,0,7,16,1545066000,0.48,2.01,324,3,0,56.03,9.62,0,56.03,36.44,6.758,,clear-day,clear,0,0,0,0,1,0
,35.107799,-85.272507,Hixson Pike,,Manchester Dr,5/2/2019 14:00,2019-05-02,14,1556820000,,,,Property Damage,Rear to Rear,Yes,No,No,No,45,2,No,No,Unknown,Unknown,,37415,,,Daylight,Clear,580,16,10,0,7,16,1556816400,0.57,8.55,169,6,0,84.17,12.4,0.75,82.27,65.31,7.422,,partly-cloudy-day,mostly cloudy,0,1,0,0,0,0
,35.049231,-85.181583,Shepherd Rd,SR-2100,W Shepherd Rd,5/22/2018 17:00,2018-05-22,17,1527022800,,,,Property Damage,Front to Rear,No,No,No,No,40,2,No,No,Shoulder and Lap Belt Used,37404,Shoulder and Lap Belt Used,37347,No,No,Daylight,Clear,414,30,14,0,7,10,1527019200,0.65,3.94,195,4,0,84.98,8.75,0.44,81.71,68.94,4.309,,partly-cloudy-day,partly cloudy,0,1,0,0,0,0
,35.050762,-85.180284,Shallowford Rd,,Shepherd Rd,1/18/2019 0:00,2019-01-18,0,1547787600,,,,Property Damage,Unknown,Yes,No,No,No,15,2,No,No,Unknown,Unknown,,37421,,,Unknown,Unknown,414,30,14,0,7,10,1547784000,0.98,3.64,193,0,0.004,41.63,8.88,1,43.45,43.03,1.324,rain,rain,possible drizzle,1,0,0,0,0,1
,35.003766,-85.170615,7600 Davidson Dr,,Gunbarrel Rd,5/22/2018 18:00,2018-05-22,18,1527026400,,,,Possible Injury,Not Collision with Motor Vehicle in Transport,No,No,No,No,30,1,No,No,Shoulder and Lap Belt Used,37415,,,No,Yes,Daylight,Rain,176,34,20,0,7,1,1527022800,0.64,2.16,223,2,0,82.75,6.11,0.75,80.39,67,4.348,,partly-cloudy-day,mostly cloudy,0,1,0,0,0,0
,35.07826,-85.09625,Hamilton Place Blvd,,Hamilton Place Blvd,5/23/2018 16:00,2018-05-23,16,1527105600,,,,Property Damage Under,Angle,Yes,No,No,No,15,2,No,No,,37363,Unknown,Unknown,,,Daylight,Clear,790,38,5,1,7,10,1527102000,0.53,5.97,17,7,0,88.32,11.21,0.19,85.63,66.78,6.782,,partly-cloudy-day,partly cloudy,0,1,0,0,0,0
,35.078288,-85.095544,1000 Interstate,I-75,Lee Hwy,8/19/2018 20:00,2018-08-19,20,1534723200,,,,Possible Injury,Not Collision with Motor Vehicle in Transport,No,No,No,No,65,1,No,No,Shoulder and Lap Belt Used,37315,,,No,No,Dusk,Rain,790,38,5,1,7,10,1534719600,0.78,1.73,204,0,0,83.82,6.99,0.75,79.93,72.45,6.652,,partly-cloudy-day,humid and mostly cloudy,0,1,0,0,0,0
,35.078288,-85.095544,1000 Interstate 75 North Bound,I-75,Old Lee Hwy,6/16/2019 7:00,2019-06-16,7,1560682800,,,,Property Damage,Angle,Yes,No,No,No,55,2,No,No,,37243,Shoulder and Lap Belt Used,37406,No,No,Daylight,Clear,790,38,5,1,7,10,1560679200,0.88,2.58,203,0,0,67.94,6.28,0.75,67.35,63.78,6.061,,partly-cloudy-day,mostly cloudy,0,1,0,0,0,0
,35.119393,-85.314641,1200 Mountain Creek Rd,,Valley Bridge Rd,5/23/2018 16:00,2018-05-23,16,1527105600,,,,Property Damage Under,Front to Rear,No,No,No,No,45,2,No,No,Shoulder and Lap Belt Used,37343,Shoulder and Lap Belt Used,37405,No,No,Daylight,Clear,530,11,11,1,7,9,1527102000,0.49,5.52,26,5,0,88.31,8.71,0.68,86.41,65.19,3.809,,partly-cloudy-day,mostly cloudy,0,1,0,0,0,0
,35.086383,-85.336105,171 Baylor School Rd,,Signal Mountain Rd,5/25/2018 13:00,2018-05-25,13,1527267600,,,,Property Damage,Angle,No,No,No,No,15,2,No,No,Shoulder and Lap Belt Used,37350,Shoulder and Lap Belt Used,37421,No,No,Daylight,Clear,259,10,17,0,7,3,1527264000,0.64,3.51,134,6,0,83.89,9.77,0.75,81.16,67.82,3.093,,partly-cloudy-day,mostly cloudy,0,1,0,0,0,0
,35.086383,-85.336105,171 Baylor School Rd,,Signal Mountain Rd.,6/28/2018 0:00,2018-06-28,0,1530158400,,,,Property Damage,Angle,Yes,No,No,No,,2,No,No,Unknown,Unknown,,37412,,,Unknown,Clear,259,10,17,0,7,3,1530154800,0.92,3.88,219,0,0.008,71.51,11.12,0.75,70.44,67.96,2.645,rain,partly-cloudy-night,mostly cloudy,0,1,0,0,0,0
,35.086383,-85.336105,171 Baylor School Rd,,Signal Mountain Road,3/11/2019 0:00,2019-03-11,0,1552276800,,,,Property Damage,Unknown,Yes,No,No,No,,2,No,No,,37405,Unknown,Unknown,,,Unknown,Clear,259,10,17,0,7,3,1552273200,0.53,5.8,356,0,0,58.25,10.15,0.7,58.25,41.39,8.323,,partly-cloudy-night,mostly cloudy,0,1,0,0,0,0
,34.9932975,-85.147308,828 Graysville Rd,,Iris Rd,5/25/2018 18:00,2018-05-25,18,1527285600,,,,Property Damage,Other,No,No,No,No,35,2,No,No,Shoulder and Lap Belt Used,37421,Shoulder and Lap Belt Used,30741,No,No,Daylight,Clear,180,38,20,0,7,14,1527282000,0.52,3.05,172,2,0,87.77,8.05,0.19,85.45,66.1,5.963,,partly-cloudy-day,partly cloudy,0,1,0,0,0,0
,34.993747,-85.141292,8345 Lady Slipper Rd,,Flowerdale Dr,10/26/2018 11:00,2018-10-26,11,1540566000,,,,Property Damage Under,Rear to Side,No,No,No,No,15,2,No,No,,37922,Shoulder and Lap Belt Used,37363,No,No,Daylight,Rain,180,38,20,0,7,14,1540562400,0.97,2.51,221,2,0.004,50.92,7.56,1,50.92,50.06,0.72,rain,rain,possible drizzle,1,0,0,0,0,1
,34.9867765,-85.172276,300 Council Fire Drive,,Stones River Road,5/27/2018 8:00,2018-05-27,8,1527422400,,,,Possible Injury,Not Collision with Motor Vehicle in Transport,No,No,No,No,15,1,No,No,DOT Compliant Motorcycle Helmet,30736,,,No,No,Daylight,Clear,118,7,21,0,7,1,1527418800,1,0.88,88,1,0,69.02,4.07,0.75,67.85,67.77,2.628,,partly-cloudy-day,mostly cloudy,0,1,0,0,0,0
,35.010996,-85.146619,1600 Jenkins Rd,,Hitchcock,5/28/2018 10:00,2018-05-28,10,1527516000,,,,Property Damage,"Sideswipe, Opposite Direction",No,No,No,No,35,2,No,No,Shoulder and Lap Belt Used,37363,Shoulder and Lap Belt Used,37421,No,No,Daylight,Rain,286,37,17,0,7,13,1527512400,0.93,1.05,18,3,0.016,71.65,2.92,0.87,70.54,68.34,2.761,rain,rain,light rain,1,0,0,0,0,1
,35.069132,-85.319755,Cherokee Blvd,,Manufacturers Rd,5/28/2018 15:00,2018-05-28,15,1527534000,,,,Property Damage,Not Collision with Motor Vehicle in Transport,No,No,No,No,55,1,No,No,Shoulder and Lap Belt Used,37411,,,No,No,Daylight,Rain,223,13,18,0,7,30,1527530400,0.93,6.17,45,5,0.096,73.78,13.47,0.98,72.48,70.21,1.656,rain,rain,light rain,1,0,0,0,0,1
,35.070785,-85.315884,895 Cherokee Blvd,,W Bell Ave,6/4/2018 22:00,2018-06-04,22,1528164000,,,,Property Damage,Not Collision with Motor Vehicle in Transport,Yes,No,No,No,40,1,No,No,,37402,Unknown,Unknown,,,Dark - Lighted,Clear,223,13,18,0,7,30,1528160400,0.55,1.6,340,0,0,71.3,6.53,0.68,71.3,54.43,6.7,,partly-cloudy-night,mostly cloudy,0,1,0,0,0,0
,35.069831,-85.319034,710 Cherokee Blvd,,Bell Ave,6/21/2018 0:00,2018-06-21,0,1529553600,,,,Property Damage,Unknown,Yes,No,No,No,15,2,No,No,Unknown,Unknown,,37405,,,Unknown,Unknown,223,13,18,0,7,30,1529550000,0.7,2.3,259,0,0,79.48,4.46,0.95,78.65,67.87,3.792,,cloudy,overcast,0,1,0,0,0,0
,35.072787,-85.318667,Cherokee Blvd,,West Bell Ave,8/31/2018 0:00,2018-08-31,0,1535688000,,,,Property Damage,Unknown,Yes,No,No,No,35,2,No,No,Unknown,Unknown,,37405,,,Daylight,Clear,223,13,18,0,7,30,1535684400,0.87,3.89,51,0,0.072,73.9,9.99,0.98,72.85,68.61,5.162,rain,rain,light rain,1,0,0,0,0,1
,35.072687,-85.321525,240 - 309 Highway 27 Sb,,Manufacturers Rd,9/18/2018 0:00,2018-09-18,0,1537243200,,,,Property Damage,Front to Rear,No,No,No,No,45,2,No,No,Shoulder and Lap Belt Used,37327,Shoulder and Lap Belt Used,37415,No,No,Daylight,Clear,223,13,18,0,7,30,1537239600,0.86,2.22,332,0,0,74.46,3.69,0.4,73.36,69.03,3.478,,partly-cloudy-night,partly cloudy,0,1,0,0,0,0
,35.068889,-85.316832,500 Gurley St,,West Bell Ave,12/7/2018 0:00,2018-12-07,0,1544158800,,,,Property Damage,Not Collision with Motor Vehicle in Transport,Yes,No,No,No,25,1,No,No,Unknown,Unknown,,,,,Unknown,Clear,223,13,18,0,7,30,1544155200,0.62,0.86,359,0,0,40.18,3.1,1,40.18,28.32,3.983,,cloudy,overcast,0,1,0,0,0,0
,35.07178,-85.321168,300 Highway 27 Sb,,E Elmwood Dr,2/22/2019 8:00,2019-02-22,8,1550840400,,,,Property Damage,Front to Rear,No,No,No,No,55,2,No,No,Shoulder and Lap Belt Used,37377,Shoulder and Lap Belt Used,42001,No,No,Daylight,Rain,223,13,18,0,7,30,1550836800,0.94,7.16,38,0,0.06,44.26,14.46,1,47.64,45.89,1.134,rain,rain,light rain,1,0,0,0,0,1
,35.072432,-85.318689,899 Cherokee Blvd,,W Bell Ave,3/9/2019 10:00,2019-03-09,10,1552143600,,,,Property Damage,Not Collision with Motor Vehicle in Transport,No,No,No,No,40,1,No,No,None Used MV Occupant,30040,,,No,No,Daylight,Rain,223,13,18,0,7,30,1552140000,0.95,1.21,132,2,0.007,48.23,11.4,1,48.23,46.95,5.48,rain,cloudy,overcast,0,1,0,0,0,0
,35.033583,-85.238924,605 Shannon Ave,,Gillespie Rd,5/29/2018 0:00,2018-05-29,0,1527566400,,,,Property Damage,Not Collision with Motor Vehicle in Transport,Yes,No,No,No,35,1,No,No,,37411,Unknown,37411,,,Unknown,Clear,200,25,19,0,7,17,1527562800,0.92,4.4,99,0,0.002,74.12,10.47,0.75,72.83,70.27,6.241,rain,partly-cloudy-night,mostly cloudy,0,1,0,0,0,0
,35.034886,-85.233946,804 East Ave,SR-804,Sylvan Ave,9/4/2018 0:00,2018-09-04,0,1536033600,,,,Property Damage,Unknown,Yes,No,No,No,15,2,No,No,,37411,Unknown,Unknown,,,Unknown,Unknown,200,25,19,0,7,17,1536030000,0.78,1.6,57,0,0,78.63,3.23,0.19,77.51,70.12,6.001,,partly-cloudy-night,partly cloudy,0,1,0,0,0,0