Accident,Latitude,Longitude,Street,AltStreet,Intersection,DateTime,Date,Hour,Unix,WeekDay,WeekEnd,DayFrame,AccidentType,CollisionType,HaR,FatalInjury,MedicalTransport,InvolvedPlacardedTruck,PostedSpeed,TotalVehiclesInvolved,PedestrianInvolved,BicycleInvolved,DriverOneSafetyEquipment,DriverOneZip,DriverTwoSafetyEquipment,DriverTwoZip,Drug,Alcohol,LightCondition,Weather,Grid_Block,Grid_Col,Grid_Row,Highway,Land_Use_Mode,Road_Count,HourBefore,humidity,windSpeed,windBearing,uvIndex,precipIntensity,apparentTemperature,windGust,cloudCover,temperature,dewPoint,visibility,precipType,Event,Conditions,Rain,Cloudy,Foggy,Snow,Clear,RainBefore
,35.030617,-85.239766,4600 Amnicola Hwy,,Greekside Rd,10/17/2018 14:00,2018-10-17,14,1539799200,,,,Property Damage Under,Front to Rear,No,No,No,No,40,2,No,No,Shoulder and Lap Belt Used,37411,Shoulder and Lap Belt Used,37412,No,No,Daylight,Clear,200,25,19,0,7,17,1539795600,0.37,7.75,31,6,0,66.04,12.98,0,66.04,38.7,6.878,,clear-day,clear,0,0,0,0,1,0
,35.030654,-85.240309,3626 Ridgeside Rd,,N Germantown,11/21/2018 0:00,2018-11-21,0,1542776400,,,,Property Damage,Other,Yes,No,No,No,25,2,No,No,,37406,Unknown,Unknown,,,Unknown,Clear,200,25,19,0,7,17,1542772800,0.77,3.34,320,0,0,35.63,6.39,0.19,37.94,31.46,3.736,,partly-cloudy-night,partly cloudy,0,1,0,0,0,0
,35.033996,-85.237148,623 Belle Vista Ave,,Phoenix Ave,5/31/2019 0:00,2019-05-31,0,1559275200,,,,Property Damage,Angle,Yes,No,No,No,25,2,No,No,,37411,Unknown,Unknown,,,Daylight,Clear,200,25,19,0,7,17,1559271600,0.77,1.91,202,0,0,75.77,5.67,0.75,74.94,67.39,3.504,,partly-cloudy-night,mostly cloudy,0,1,0,0,0,0
,35.069278,-85.157528,2934 Hickory Valley Rd,,Bonny Oaks Dr,5/29/2018 17:00,2018-05-29,17,1527627600,,,,Property Damage,Front to Rear,No,No,No,No,35,2,No,No,Shoulder and Lap Belt Used,37341,Shoulder and Lap Belt Used,37421,No,No,Daylight,Rain,596,32,10,0,7,11,1527624000,0.77,8.11,141,4,0.004,84.17,16.9,0.75,80.2,72.17,5.772,rain,partly-cloudy-day,humid and mostly cloudy,0,1,0,0,0,0
,35.066509,-85.155875,2900 Hickory Valley Rd,,Ocoee St,6/14/2018 16:00,2018-06-14,16,1529006400,,,,Property Damage,Other,No,No,No,No,35,2,No,No,,37363,Shoulder and Lap Belt Used,37416,No,No,Daylight,Clear,596,32,10,0,7,11,1529002800,0.56,4.22,334,6,0,92.76,9.07,0.44,87.77,69.9,4.489,,partly-cloudy-day,partly cloudy,0,1,0,0,0,0
,35.069278,-85.157528,Hickory Valley Rd,,Hickory Valley Rd,10/7/2018 0:00,2018-10-07,0,1538884800,,,,Property Damage,Front to Rear,No,No,No,No,35,2,No,No,Shoulder and Lap Belt Used,37341,Shoulder and Lap Belt Used,37341,Yes,No,Unknown,Clear,596,32,10,0,7,11,1538881200,0.89,1.48,282,0,0,74.12,3.26,0,72.96,69.38,6.575,,clear-night,clear,0,0,0,0,1,0
,35.070025,-85.156715,2900 Hickory Valley Rd,,Bonny Oaks Dr,11/24/2018 10:00,2018-11-24,10,1543071600,,,,Property Damage,Front to Rear,Yes,No,No,No,45,2,No,No,Shoulder and Lap Belt Used,37416,Unknown,Unknown,No,No,Daylight,Clear,596,32,10,0,7,11,1543068000,0.91,4.84,213,1,0,38.72,11.12,1,41.81,39.47,2.652,,cloudy,overcast,0,1,0,0,0,0
,35.068006,-85.15719,2900 Hickory Valley Rd,,Bonny Oaks Dr,12/27/2018 15:00,2018-12-27,15,1545940800,,,,Possible Injury,Angle,No,No,Yes,No,45,2,No,No,,37421,Shoulder and Lap Belt Used,37341,No,No,Daylight,Rain,596,32,10,0,7,11,1545937200,0.68,11.96,165,1,0,57.6,24.58,1,57.6,47.12,8.984,,cloudy,overcast,0,1,0,0,0,0
,35.0487007,-85.267636,Hwy 58,US-58,Murray Hills Dr.,6/5/2018 7:00,2018-06-05,7,1528196400,,,,Property Damage,Front to Rear,Yes,No,No,No,45,2,No,No,Unknown,37416,Shoulder and Lap Belt Used,37341,No,No,Daylight,Clear,230,20,18,0,7,23,1528192800,0.74,1.2,343,0,0,63.98,6.24,0.66,63.98,55.35,5.637,,partly-cloudy-day,mostly cloudy,0,1,0,0,0,0
,35.052267,-85.270528,Bailey Ave,,Central Ave,10/26/2018 17:00,2018-10-26,17,1540587600,,,,Property Damage,Front to Rear,No,No,No,No,25,2,No,No,Shoulder and Lap Belt Used,37421,Shoulder and Lap Belt Used,37415,No,No,Daylight,Cloudy,230,20,18,0,7,23,1540584000,0.9,5.72,191,1,0,53.09,11.81,1,53.09,50.13,4.403,,cloudy,overcast,0,1,0,0,0,0
,35.052476,-85.265747,Wilson St/N. Orchard Knob Ave,,N Orchard Knob Ave,10/29/2018 18:00,2018-10-29,18,1540850400,,,,Property Damage,Angle,No,No,No,No,30,2,No,No,Shoulder and Lap Belt Used,37404,Shoulder and Lap Belt Used,37404,No,No,Daylight,Clear,230,20,18,0,7,23,1540846800,0.35,3.28,338,0,0,65.82,6.36,0,65.82,37.44,10,,clear-day,clear,0,0,0,0,1,0
,35.054661,-85.269927,1302 N Holtzclaw Ave,,Wilcox Blvd,12/28/2018 11:00,2018-12-28,11,1546012800,,,,Property Damage Under,Angle,Yes,No,No,No,15,2,No,No,Unknown,Unknown,Shoulder and Lap Belt Used,37406,No,No,Daylight,Rain,230,20,18,0,7,23,1546009200,0.94,3.88,103,2,0,54.66,11.47,0.97,54.66,52.99,4.498,,cloudy,overcast,0,1,0,0,0,0
,35.054424,-85.269977,1302 N Holtzclaw Ave,,Wilson St,1/1/2019 18:00,2019-01-01,18,1546383600,,,,Property Damage,"Sideswipe, Same Direction",No,No,No,No,15,2,No,No,Shoulder and Lap Belt Used,37404,Shoulder and Lap Belt Used,37406,No,No,Dark - Lighted,Cloudy,230,20,18,0,7,23,1546380000,0.82,2.86,343,0,0,56.47,7.04,0.66,56.47,51.01,3.565,,partly-cloudy-night,mostly cloudy,0,1,0,0,0,0
,35.054198,-85.270355,Wilson St,,Sholar Ave,3/29/2019 9:00,2019-03-29,9,1553864400,,,,Property Damage Under,Angle,No,No,No,No,35,2,No,No,Shoulder and Lap Belt Used,37404,Shoulder and Lap Belt Used,37406,No,No,Daylight,Clear,230,20,18,0,7,23,1553860800,0.64,1.24,216,1,0,48.3,7.78,0.66,48.3,36.62,6.8,,partly-cloudy-day,mostly cloudy,0,1,0,0,0,0
,35.053722,-85.26697,Rubio St,,N Orchard Knob,4/23/2019 16:00,2019-04-23,16,1556049600,,,,Property Damage,Unknown,Yes,No,No,No,15,2,No,No,Unknown,Unknown,Shoulder and Lap Belt Used,37410,No,No,Daylight,Unknown,230,20,18,0,7,23,1556046000,0.28,6.31,265,6,0,83.18,13.06,0,83.18,46.41,7.372,,clear-day,clear,0,0,0,0,1,0
,35.049611,-85.267971,1818 Portland St,,N. Hawthorne Street,5/3/2019 8:00,2019-05-03,8,1556884800,,,,Property Damage,"Sideswipe, Same Direction",Yes,No,No,No,15,2,No,No,Shoulder and Lap Belt Used,37406,,37404,,,Daylight,Clear,230,20,18,0,7,23,1556881200,0.88,3.22,208,0,0.02,65.24,8.74,0.75,64.93,61.17,1.914,rain,rain,possible light rain,1,0,0,0,0,1
,35.055029,-85.326116,180 Hamm Rd,,Manufacturers Rd,6/8/2018 15:00,2018-06-08,15,1528484400,,,,Property Damage,Angle,No,No,No,No,30,2,No,No,Shoulder and Lap Belt Used,37403,Shoulder and Lap Belt Used,37312,No,No,Daylight,Clear,155,13,20,1,2,5,1528480800,0.44,3.37,133,6,0,90.75,7.73,0.75,89.13,64.43,3.077,,partly-cloudy-day,mostly cloudy,0,1,0,0,0,0
,35.096435,-85.206827,Kings Rd,,Queens Road,6/10/2018 0:00,2018-06-10,0,1528603200,,,,Property Damage,Not Collision with Motor Vehicle in Transport,Yes,No,No,No,25,1,No,No,Unknown,Unknown,,,,,Unknown,Clear,670,24,8,0,7,4,1528599600,0.75,2.42,164,0,0,77.91,4.25,0.39,76.98,68.46,6.109,,partly-cloudy-night,partly cloudy,0,1,0,0,0,0
,35.096435,-85.206827,Kings Rd,,Queens Road,6/10/2018 0:00,2018-06-10,0,1528603200,,,,Property Damage,Not Collision with Motor Vehicle in Transport,Yes,No,No,No,25,1,No,No,Unknown,Unknown,,,,,Unknown,Clear,670,24,8,0,7,4,1528599600,0.75,2.42,164,0,0,77.91,4.25,0.39,76.98,68.46,6.109,,partly-cloudy-night,partly cloudy,0,1,0,0,0,0
,35.096435,-85.206827,Kings Rd,,Queens Road,6/10/2018 0:00,2018-06-10,0,1528603200,,,,Property Damage,Not Collision with Motor Vehicle in Transport,Yes,No,No,No,25,1,No,No,Unknown,Unknown,,,,,Unknown,Clear,670,24,8,0,7,4,1528599600,0.75,2.42,164,0,0,77.91,4.25,0.39,76.98,68.46,6.109,,partly-cloudy-night,partly cloudy,0,1,0,0,0,0
,35.096435,-85.206827,Kings Rd,,Queens Road,6/10/2018 0:00,2018-06-10,0,1528603200,,,,Property Damage,Not Collision with Motor Vehicle in Transport,Yes,No,No,No,25,1,No,No,Unknown,Unknown,,,,,Unknown,Clear,670,24,8,0,7,4,1528599600,0.75,2.42,164,0,0,77.91,4.25,0.39,76.98,68.46,6.109,,partly-cloudy-night,partly cloudy,0,1,0,0,0,0
,35.118672,-85.317239,1185 Mountain Creek Rd,,Mountain Creek Rd,6/13/2018 0:00,2018-06-13,0,1528862400,,,,Property Damage,Unknown,Yes,No,No,No,,2,No,No,,70426,Unknown,Unknown,,,Unknown,Unknown,529,10,11,0,7,12,1528858800,0.78,4.32,176,0,0,76.22,10.03,0.71,75.32,68.01,3.79,,partly-cloudy-night,mostly cloudy,0,1,0,0,0,0
,35.118672,-85.317239,1185 Mountain Creek Rd,,Mountain Creek Rd,1/9/2019 17:00,2019-01-09,17,1547071200,,,,Property Damage,Rear to Rear,No,No,No,No,15,2,No,No,Unknown,37343,,37405,No,No,Daylight,Clear,529,10,11,0,7,12,1547067600,0.28,8.9,310,0,0,43.33,16.15,0,47.49,15.56,6.222,,clear-day,clear,0,0,0,0,1,0
,35.118672,-85.317239,1185 Mountain Creek Rd,,Private Drive,1/23/2019 15:00,2019-01-23,15,1548273600,,,,Property Damage,Front to Rear,No,No,No,No,40,2,No,No,Shoulder and Lap Belt Used,37377,Shoulder and Lap Belt Used,37069,No,No,Daylight,Rain,529,10,11,0,7,12,1548270000,0.89,8.2,157,2,0.026,51.83,19.45,1,51.83,48.64,2.662,rain,rain,possible light rain,1,0,0,0,0,1
,35.118672,-85.317239,1185 Mountain Creek Rd,,Valley Bridge Dr,1/24/2019 0:00,2019-01-24,0,1548306000,,,,Property Damage,Unknown,Yes,No,No,No,,2,No,No,,37405,Unknown,Unknown,,,Unknown,Unknown,529,10,11,0,7,12,1548302400,0.93,2.71,21,0,0.017,50.51,5.78,1,50.51,48.43,1.548,rain,rain,light rain,1,0,0,0,0,1
,35.14383,-85.2276,5400 Old Hixson Pike,,Longview Drive,6/13/2018 13:00,2018-06-13,13,1528909200,,,,Property Damage,Not Collision with Motor Vehicle in Transport,No,No,No,No,30,1,No,No,,37343,Shoulder and Lap Belt Used,37343,No,No,Daylight,Rain,830,19,3,0,7,1,1528905600,0.83,6.88,217,6,0.012,76.48,8.98,0.75,75.36,69.72,7.01,rain,rain,possible drizzle,1,0,0,0,0,1
,35.144809,-85.224226,5500 Hixson Pike,,Old Hixson Pike,11/2/2018 23:00,2018-11-02,23,1541214000,,,,Property Damage,Not Collision with Motor Vehicle in Transport,No,No,No,No,45,1,No,No,Shoulder and Lap Belt Used,37343,,,No,No,Dark - Lighted,Clear,830,19,3,0,7,1,1541210400,0.84,0.67,310,0,0,44.62,6.35,0.75,44.62,39.99,7.991,,partly-cloudy-night,mostly cloudy,0,1,0,0,0,0
,35.145769,-85.226558,5500 Longview Dr,,Hixson Pk,4/11/2019 21:00,2019-04-11,21,1555030800,,,,Possible Injury,Front to Rear,No,No,No,No,35,2,No,No,Shoulder and Lap Belt Used,37343,Shoulder and Lap Belt Used,37343,No,No,Dark - Lighted,Clear,830,19,3,0,7,1,1555027200,0.33,10.68,148,0,0,78.97,21.25,0.6,78.97,47.13,6.059,,partly-cloudy-night,mostly cloudy,0,1,0,0,0,0
,35.054655,-85.18953,5999 Shallowford Rd,,Chapman Rd,6/14/2018 13:00,2018-06-14,13,1528995600,,,,Possible Injury,Angle,No,No,Yes,No,45,2,No,No,,37421,Shoulder and Lap Belt Used,37411,No,No,Daylight,Clear,458,29,13,0,7,8,1528992000,0.66,3.13,314,8,0,87.83,5.79,0.44,83.28,70.69,4.005,,partly-cloudy-day,partly cloudy,0,1,0,0,0,0
,35.058937,-85.188822,6061 International Dr,,Chapman Rd,6/18/2018 0:00,2018-06-18,0,1529294400,,,,Property Damage Under,Not Collision with Motor Vehicle in Transport,No,No,No,No,35,1,No,No,Shoulder and Lap Belt Used,37380,,,No,No,Unknown,Clear,458,29,13,0,7,8,1529290800,0.86,1.44,237,0,0,72.73,4.81,0.44,71.79,67.46,5.82,,partly-cloudy-night,partly cloudy,0,1,0,0,0,0
,35.054107,-85.186624,5902 Shallowford Rd,US-41,Jersey Pike,7/11/2018 22:00,2018-07-11,22,1531360800,,,,Property Damage,Not Collision with Motor Vehicle in Transport,No,No,No,No,55,1,No,No,Shoulder and Lap Belt Used,37404,,,No,No,Dark - Lighted,Clear,458,29,13,0,7,8,1531357200,0.7,3.05,3,0,0,87.78,6.78,0,82.71,71.87,4.011,,clear-night,clear,0,0,0,0,1,0
,35.054234,-85.186558,6013 Shallowford Rd,,Stein Dr,8/2/2018 9:00,2018-08-02,9,1533214800,,,,Property Damage,Front to Rear,No,No,No,No,40,2,No,No,Shoulder and Lap Belt Used,37411,Shoulder and Lap Belt Used,37341,No,No,Daylight,Rain,458,29,13,0,7,8,1533211200,0.94,4.19,50,1,0.009,71.21,8.64,1,70.09,68.28,2.014,rain,rain,drizzle,1,0,0,0,0,1
,35.054827,-85.185631,Stein Dr,SR-2000,Shallowford road,9/20/2018 12:00,2018-09-20,12,1537459200,,,,Property Damage,Unknown,Yes,No,No,No,15,2,No,No,Unknown,Unknown,,37412,,,Daylight,Unknown,458,29,13,0,7,8,1537455600,0.57,2.06,169,7,0,88.45,6.7,0,85.15,67.96,3.243,,clear-day,clear,0,0,0,0,1,0
,35.054234,-85.186558,Shallowford Rd,SR-6013,Shallowford Rd,1/31/2019 13:00,2019-01-31,13,1548957600,,,,Property Damage,Angle,No,No,No,No,40,2,No,No,Shoulder and Lap Belt Used,37407,Shoulder and Lap Belt Used,37397,No,No,Daylight,Clear,458,29,13,0,7,8,1548954000,0.31,2.63,134,4,0,38.82,7.45,0,38.82,10.84,7.819,,clear-day,clear,0,0,0,0,1,0
,35.056483,-85.185111,2118 Stein Dr,,Chapman Road,4/15/2019 14:00,2019-04-15,14,1555351200,,,,Property Damage,Unknown,Yes,No,No,No,15,2,No,No,Unknown,Unknown,Shoulder and Lap Belt Used,37421,,,Daylight,Clear,458,29,13,0,7,8,1555347600,0.37,7.14,347,8,0,59.74,15.41,0,59.74,33.71,5.943,,clear-day,clear,0,0,0,0,1,0
,35.055847,-85.204491,4800 Shallowford Rd,,Cromwell Rd,6/15/2018 14:00,2018-06-15,14,1529085600,,,,Property Damage,Front to Rear,No,No,No,No,45,2,No,No,Shoulder and Lap Belt Used,37404,Shoulder and Lap Belt Used,37416,No,No,Daylight,Clear,411,27,14,0,2,4,1529082000,0.48,5.11,34,10,0,91.92,11.83,0.19,89.08,66.54,5.956,,partly-cloudy-day,partly cloudy,0,1,0,0,0,0
,35.056066,-85.207342,4700 - 4899 Shallowford Rd,,Cromwell Rd,5/3/2019 17:00,2019-05-03,17,1556917200,,,,Property Damage,Rear to Rear,No,No,No,No,35,3,No,No,Shoulder and Lap Belt Used,37341,Shoulder and Lap Belt Used,30707,No,No,Daylight,Clear,411,27,14,0,2,4,1556913600,0.44,7.97,243,4,0,83.9,14.75,0.44,83.9,59.8,7.43,,partly-cloudy-day,partly cloudy,0,1,0,0,0,0
,35.055692,-85.208788,3900 Cromwell Rd,,Shallowford Rd,5/4/2019 22:00,2019-05-04,22,1557021600,,,,Property Damage,Not Collision with Motor Vehicle in Transport,No,No,No,No,30,1,No,No,Shoulder and Lap Belt Used,37421,,,No,No,Dark - Lighted,Rain,411,27,14,0,2,4,1557018000,0.95,3.92,54,0,0.268,66.39,5.31,1,65.68,64.1,4.866,rain,rain,rain,1,0,0,0,0,1
,35.04056,-85.357647,Elder Mountain Rd,,Browns Ferry Rd,6/16/2018 22:00,2018-06-16,22,1529200800,,,,Property Damage,Angle,No,No,No,No,35,2,No,No,Shoulder and Lap Belt Used,37419,Shoulder and Lap Belt Used,37419,No,No,Dark - Lighted,Clear,43,10,24,0,7,4,1529197200,0.58,3.77,223,0,0,83.2,6.98,0.44,81.39,64.98,3.547,,partly-cloudy-night,partly cloudy,0,1,0,0,0,0
,35.04056,-85.357647,Browns Ferry Rd,,Elder Mountain Rd,8/20/2018 0:00,2018-08-20,0,1534737600,,,,Property Damage Under,Not Collision with Motor Vehicle in Transport,No,No,No,No,35,1,No,No,Shoulder and Lap Belt Used,37381,,,,,Unknown,Clear,43,10,24,0,7,4,1534734000,0.87,1.66,229,0,0,77.72,3.2,0.44,76.31,72.1,4.094,,partly-cloudy-night,humid and partly cloudy,0,1,0,0,0,0
,35.041614,-85.359655,3321 Elder Mountain Rd,,Browns Ferry Rd,12/20/2018 18:00,2018-12-20,18,1545346800,,,,Property Damage,Angle,No,No,No,No,35,2,No,No,Shoulder and Lap Belt Used,30752,Shoulder and Lap Belt Used,30741,No,No,Dark - Not Lighted,Rain,43,10,24,0,7,4,1545343200,0.94,2.57,334,0,0.04,46.61,4.92,1,46.61,44.83,0.589,rain,rain,light rain,1,0,0,0,0,1
,35.074678,-85.320634,900 Whitehall Rd,,Stringers Ridge Rd.,6/20/2018 0:00,2018-06-20,0,1529467200,,,,Property Damage Under,Unknown,Yes,No,No,No,,2,No,No,,37405,Unknown,Unknown,,,Unknown,Clear,262,13,17,0,7,24,1529463600,0.73,1.72,284,0,0,78.38,4.69,0,77.49,68.22,6.814,,clear-night,clear,0,0,0,0,1,0
,35.128226,-85.307986,4040 Mountain Creek Rd,US-4040,Morrison Springs Road,6/20/2018 11:00,2018-06-20,11,1529506800,,,,Suspected Minor Injury,Angle,No,No,Yes,No,40,2,No,No,Shoulder and Lap Belt Used,37411,Shoulder and Lap Belt Used,37415,No,No,Daylight,Clear,617,11,9,1,7,10,1529503200,0.59,2.72,288,5,0,86.5,6.38,0.65,83.55,67.63,6.501,,partly-cloudy-day,mostly cloudy,0,1,0,0,0,0
,35.128226,-85.307986,4040 Mountain Creek Rd,US-4040,Morrison Springs Road,6/20/2018 11:00,2018-06-20,11,1529506800,,,,Suspected Minor Injury,Angle,No,No,Yes,No,40,2,No,No,Shoulder and Lap Belt Used,37411,Shoulder and Lap Belt Used,37415,No,No,Daylight,Clear,617,11,9,1,7,10,1529503200,0.59,2.72,288,5,0,86.5,6.38,0.65,83.55,67.63,6.501,,partly-cloudy-day,mostly cloudy,0,1,0,0,0,0
,35.128226,-85.307986,4040 Mountain Creek Rd,US-4040,Morrison Springs Road,6/20/2018 11:00,2018-06-20,11,1529506800,,,,Suspected Minor Injury,Angle,No,No,Yes,No,40,2,No,No,Shoulder and Lap Belt Used,37411,Shoulder and Lap Belt Used,37415,No,No,Daylight,Clear,617,11,9,1,7,10,1529503200,0.58,2.72,288,5,0,86.85,6.38,0.65,83.86,67.63,6.501,,partly-cloudy-day,mostly cloudy,0,1,0,0,0,0
,35.128226,-85.307986,4040 Mountain Creek Rd,US-4040,Morrison Springs Road,6/20/2018 11:00,2018-06-20,11,1529506800,,,,Suspected Minor Injury,Angle,No,No,Yes,No,40,2,No,No,Shoulder and Lap Belt Used,37411,Shoulder and Lap Belt Used,37415,No,No,Daylight,Clear,617,11,9,1,7,10,1529503200,0.58,2.72,288,5,0,86.85,6.38,0.65,83.86,67.63,6.501,,partly-cloudy-day,mostly cloudy,0,1,0,0,0,0
,35.105775,-85.333495,1100 Signal Mountain Blvd,,Glandale Dr,6/22/2018 11:00,2018-06-22,11,1529679600,,,,Property Damage,Not Collision with Motor Vehicle in Transport,No,No,No,No,35,1,No,No,Shoulder and Lap Belt Used,37347,,,No,No,Daylight,Clear,393,9,14,0,7,12,1529676000,0.67,5.94,224,5,0,78.6,11.26,0.44,77.94,66.24,7.69,,partly-cloudy-day,partly cloudy,0,1,0,0,0,0
,35.105084,-85.338759,1200 Signal Mountain Blvd,,Palisades Rd,2/15/2019 10:00,2019-02-15,10,1550242800,,,,Possible Injury,Angle,No,No,Yes,No,30,2,No,No,,37377,Shoulder and Lap Belt Used,37377,Yes,No,Daylight,Cloudy,393,9,14,0,7,12,1550239200,0.79,4.92,197,2,0,56.58,11.26,1,56.58,50.12,8.198,,cloudy,overcast,0,1,0,0,0,0
,35.105775,-85.333495,Signal Mountain Blvd,US-127,Sunset Dr,5/4/2019 0:00,2019-05-04,0,1556942400,,,,Suspected Minor Injury,Head On,No,No,Yes,No,35,2,No,No,Shoulder and Lap Belt Used,37312,Shoulder and Lap Belt Used,29621,No,No,Dark - Not Lighted,Clear,393,9,14,0,7,12,1556938800,0.76,0.89,302,0,0,70.41,5.73,0.44,70.13,62.2,7.053,,partly-cloudy-night,partly cloudy,0,1,0,0,0,0
,35.034503,-85.132998,Jenkins Rd,SR-2300,Shallowford Rd,6/25/2018 0:00,2018-06-25,0,1529899200,,,,Property Damage,Not Collision with Motor Vehicle in Transport,No,No,No,No,35,1,No,No,Shoulder and Lap Belt Used,37343,,,,,Daylight,Unknown,466,37,13,0,7,14,1529895600,0.87,1.25,234,0,0,71.57,3.05,0.68,70.7,66.73,7.574,,partly-cloudy-night,mostly cloudy,0,1,0,0,0,0
,35.034255,-85.133464,Shallowford Rd,,Jenkins Rd,7/6/2018 22:00,2018-07-06,22,1530928800,,,,Property Damage,Angle,No,No,No,No,35,2,No,No,Unknown,37421,Unknown,37421,No,No,Dark - Lighted,Rain,466,37,13,0,7,14,1530925200,0.94,4.46,38,0,0.012,73.17,8.81,0.75,71.88,70.01,5.895,rain,rain,drizzle,1,0,0,0,0,1
,35.034255,-85.133464,Jenkins Rd,,Shallowford Rd,11/12/2018 18:00,2018-11-12,18,1542063600,,,,Property Damage,"Sideswipe, Same Direction",No,No,No,No,40,2,No,No,Shoulder and Lap Belt Used,37421,Shoulder and Lap Belt Used,30736,No,No,Dark - Lighted,Rain,466,37,13,0,7,14,1542060000,0.99,3.77,6,0,0,41.94,6.88,1,43.83,43.59,4.244,,cloudy,overcast,0,1,0,0,0,0
,35.033096,-85.130142,4310 6th Ave,,E 43rd St,1/11/2019 18:00,2019-01-11,18,1547247600,,,,Property Damage Under,Angle,Yes,No,No,No,25,2,No,No,,37415,Unknown,Unknown,,,Dark - Not Lighted,Clear,466,37,13,0,7,14,1547244000,0.43,4.35,15,0,0,42.81,7.4,0.75,45,23.63,4.159,,partly-cloudy-night,mostly cloudy,0,1,0,0,0,0
,35.034255,-85.133464,7900 Shallowford Rd,,Jenkins Rd,4/8/2019 19:00,2019-04-08,19,1554764400,,,,Possible Injury,Not Collision with Motor Vehicle in Transport,No,No,Yes,No,35,1,No,No,Shoulder and Lap Belt Used,37421,,,No,No,Daylight,Rain,466,37,13,0,7,14,1554760800,0.94,3.85,105,0,0.02,67.63,9.86,1,66.81,65.13,5.529,rain,rain,possible light rain,1,0,0,0,0,1
,34.9974723,-85.155086,8030 Davidson Rd,,Julian Rd,6/26/2018 12:00,2018-06-26,12,1530028800,,,,Property Damage,"Sideswipe, Opposite Direction",No,No,No,No,25,2,No,No,Shoulder and Lap Belt Used,30736,Shoulder and Lap Belt Used,30750,No,No,Daylight,Clear,179,37,20,0,7,16,1530025200,0.74,2.59,202,8,0,86.03,9.46,0.19,81.38,72.23,6.011,,partly-cloudy-day,humid and partly cloudy,0,1,0,0,0,0
,34.997803,-85.155442,8000 Davidson Rd,,JULIAN ROAD,10/27/2018 22:00,2018-10-27,22,1540692000,,,,Property Damage,Angle,No,No,No,No,30,2,No,No,Shoulder and Lap Belt Used,37421,Shoulder and Lap Belt Used,30739,No,No,Dark - Not Lighted,Clear,179,37,20,0,7,16,1540688400,0.86,2.3,302,0,0,51.02,2.62,1,51.02,46.84,5.368,,cloudy,overcast,0,1,0,0,0,0
,34.9938083,-85.155948,Plaxco Dr,,Plaxco Dr,1/9/2019 17:00,2019-01-09,17,1547071200,,,,Property Damage,Other,No,No,No,No,30,2,No,No,Shoulder and Lap Belt Used,30741,Shoulder and Lap Belt Used,37421,No,No,Daylight,Clear,179,37,20,0,7,16,1547067600,0.28,8.86,321,0,0,44.22,17.2,0,48.19,16.97,5.87,,clear-day,clear,0,0,0,0,1,0
,35.046995,-85.275996,707 N Highland Park Ave,SR-707,Citico Avenue,6/27/2018 0:00,2018-06-27,0,1530072000,,,,Property Damage,Unknown,Yes,No,No,No,25,2,No,No,,37404,Unknown,Unknown,,,Unknown,Unknown,194,19,19,0,7,28,1530068400,0.94,2.94,198,0,0.019,71.44,5.27,0.91,70.3,68.48,7.426,rain,cloudy,overcast,0,1,0,0,0,0
,35.046354,-85.278034,600 N Holtzclaw Ave,,Cleveland Ave,8/14/2018 12:00,2018-08-14,12,1534262400,,,,Property Damage,Angle,Yes,No,No,No,40,2,No,No,Unknown,Unknown,,37416,,No,Daylight,Clear,194,19,19,0,7,28,1534258800,0.55,1.06,128,7,0,87.41,5.94,0.41,84.69,66.98,5.968,,partly-cloudy-day,partly cloudy,0,1,0,0,0,0
,35.045737,-85.280466,Cumberland St,,Cumberland St,6/3/2019 0:00,2019-06-03,0,1559534400,,,,Property Damage,Unknown,Yes,No,No,No,15,2,No,No,,37323,Unknown,Unknown,,,Unknown,Clear,194,19,19,0,7,28,1559530800,0.75,1.49,339,0,0,73.4,3.36,0.44,72.9,64.34,6.471,,partly-cloudy-night,partly cloudy,0,1,0,0,0,0
,35.087286,-85.299598,1769 White Oak Rd,SR-1,Pine Breeze,6/29/2018 12:00,2018-06-29,12,1530288000,,,,Property Damage Under,Front to Rear,No,No,No,No,35,2,No,No,Shoulder and Lap Belt Used,37405,Shoulder and Lap Belt Used,37415,No,No,Daylight,Cloudy,353,14,15,0,7,16,1530284400,0.81,3.8,39,4,0,77.37,7.62,1,76.23,70.08,3.359,,cloudy,overcast,0,1,0,0,0,0
,35.083636,-85.300853,1717 White Oak Rd,,Oxford Rd,8/27/2018 0:00,2018-08-27,0,1535342400,,,,Property Damage Under,Angle,Yes,No,No,No,30,2,No,No,,28806,Unknown,Unknown,,,Unknown,Unknown,353,14,15,0,7,16,1535338800,0.81,0.97,90,0,0,75.2,4.27,0.39,74.25,68.21,3.948,,partly-cloudy-night,partly cloudy,0,1,0,0,0,0
,35.083276,-85.300916,5959 Shallowford Rd,,Polymer Dr,4/23/2019 12:00,2019-04-23,12,1556035200,,,,Property Damage,Unknown,Yes,No,No,No,,2,No,No,Unknown,Unknown,,38506,,,Daylight,Cloudy,353,14,15,0,7,16,1556031600,0.4,6.12,242,8,0,77.1,12.55,0,77.1,50.66,6.79,,clear-day,clear,0,0,0,0,1,0