Accident,Latitude,Longitude,Street,AltStreet,Intersection,DateTime,Date,Hour,Unix,WeekDay,WeekEnd,DayFrame,AccidentType,CollisionType,HaR,FatalInjury,MedicalTransport,InvolvedPlacardedTruck,PostedSpeed,TotalVehiclesInvolved,PedestrianInvolved,BicycleInvolved,DriverOneSafetyEquipment,DriverOneZip,DriverTwoSafetyEquipment,DriverTwoZip,Drug,Alcohol,LightCondition,Weather,Grid_Block,Grid_Col,Grid_Row,Highway,Land_Use_Mode,Road_Count,HourBefore,humidity,windSpeed,windBearing,uvIndex,precipIntensity,apparentTemperature,windGust,cloudCover,temperature,dewPoint,visibility,precipType,Event,Conditions,Rain,Cloudy,Foggy,Snow,Clear,RainBefore
,35.046905,-85.226339,3858 Conahaney Trl,,Ganasita,7/1/2018 22:00,2018-07-01,22,1530496800,,,,Suspected Minor Injury,Not Collision with Motor Vehicle in Transport,No,No,Yes,No,15,1,No,No,Unknown,37406,,37403,No,No,Dark - Not Lighted,Clear,319,25,16,0,2,1,1530493200,0.82,2.51,133,0,0,79.37,5.74,0,78.02,72.05,6.586,,clear-night,humid,0,0,0,0,1,0
,35.119034,-85.280773,507 Ashland Ter,US-507,Ely Road,7/3/2018 12:00,2018-07-03,12,1530633600,,,,Property Damage,Not Collision with Motor Vehicle in Transport,No,No,No,No,40,1,No,No,,37343,Shoulder and Lap Belt Used,37415,No,No,Daylight,Clear,620,14,9,0,7,17,1530630000,0.62,5.64,122,7,0,93.44,11.7,0.38,86.82,72.16,7.794,,partly-cloudy-day,humid and partly cloudy,0,1,0,0,0,0
,35.119034,-85.280773,507 Ashland Ter,US-507,Ely Road,7/3/2018 12:00,2018-07-03,12,1530633600,,,,Property Damage,Not Collision with Motor Vehicle in Transport,No,No,No,No,40,1,No,No,,37343,Shoulder and Lap Belt Used,37415,No,No,Daylight,Clear,620,14,9,0,7,17,1530630000,0.62,5.64,122,7,0,93.44,11.7,0.38,86.82,72.16,7.794,,partly-cloudy-day,humid and partly cloudy,0,1,0,0,0,0
,35.119034,-85.280773,507 Ashland Ter,US-507,Ely Road,7/3/2018 12:00,2018-07-03,12,1530633600,,,,Property Damage,Not Collision with Motor Vehicle in Transport,No,No,No,No,40,1,No,No,,37343,Shoulder and Lap Belt Used,37415,No,No,Daylight,Clear,620,14,9,0,7,17,1530630000,0.62,5.64,122,7,0,93.58,11.7,0.38,86.93,72.16,7.794,,partly-cloudy-day,humid and partly cloudy,0,1,0,0,0,0
,35.119034,-85.280773,507 Ashland Ter,US-507,Ely Road,7/3/2018 12:00,2018-07-03,12,1530633600,,,,Property Damage,Not Collision with Motor Vehicle in Transport,No,No,No,No,40,1,No,No,,37343,Shoulder and Lap Belt Used,37415,No,No,Daylight,Clear,620,14,9,0,7,17,1530630000,0.62,5.64,122,7,0,93.58,11.7,0.38,86.93,72.16,7.794,,partly-cloudy-day,humid and partly cloudy,0,1,0,0,0,0
,35.014358,-85.199244,300 Bass Rd,SR-300,Anderson Drive,7/4/2018 0:00,2018-07-04,0,1530676800,,,,Property Damage,Unknown,Yes,No,No,No,35,2,No,No,,37404,Unknown,Unknown,,,Unknown,Unknown,172,30,20,1,7,8,1530673200,0.85,0.21,309,0,0,84.41,2.84,0,79.77,74.99,5.751,,clear-night,humid,0,0,0,0,1,0
,35.015735,-85.202212,6100 E Brainerd Rd,,Melrose Dr,11/1/2018 13:00,2018-11-01,13,1541091600,,,,Property Damage,Front to Rear,No,No,No,No,45,2,No,No,Shoulder and Lap Belt Used,37363,Shoulder and Lap Belt Used,37363,No,No,Daylight,Rain,172,30,20,1,7,8,1541088000,0.91,8.42,146,3,0.019,64.7,15.49,1,64.28,61.73,2.487,rain,rain,light rain,1,0,0,0,0,1
,35.017265,-85.204715,6025 E Brainerd Rd,,Lee Hwy,12/26/2018 17:00,2018-12-26,17,1545861600,,,,Property Damage,Front to Rear,No,No,No,No,35,2,No,No,Shoulder and Lap Belt Used,37411,Shoulder and Lap Belt Used,37353,No,No,Dusk,Clear,172,30,20,1,7,8,1545858000,0.59,2.69,338,0,0,54.38,6.59,0.44,54.38,40.18,7.594,,partly-cloudy-day,partly cloudy,0,1,0,0,0,0
,35.010559,-85.2044,480 Greenway View Dr,,Marlin rd,1/4/2019 17:00,2019-01-04,17,1546639200,,,,Property Damage,Head On,Yes,No,No,No,25,2,No,No,Unknown,Unknown,Unknown,37411,No,No,Daylight,Cloudy,172,30,20,1,7,8,1546635600,0.69,11.78,240,0,0.007,51.16,27.54,0.75,51.16,41.53,5.821,rain,partly-cloudy-day,mostly cloudy,0,1,0,0,0,0
,35.015735,-85.202212,E Brainerd Rd,,Chickamauga Rd,3/19/2019 16:00,2019-03-19,16,1553025600,,,,Property Damage,"Sideswipe, Same Direction",No,No,No,No,35,2,No,No,Shoulder and Lap Belt Used,37416,Shoulder and Lap Belt Used,37421,No,No,Daylight,Clear,172,30,20,1,7,8,1553022000,0.2,5.12,43,4,0,57.15,11.02,0,57.15,16.49,3.879,,clear-day,clear,0,0,0,0,1,0
,35.017265,-85.204715,6025 E Brainerd Rd,,Lee Hwy,6/14/2019 8:00,2019-06-14,8,1560513600,,,,Property Damage Under,Front to Rear,No,No,No,No,45,2,No,No,Shoulder and Lap Belt Used,30720,Shoulder and Lap Belt Used,37363,No,No,Daylight,Clear,172,30,20,1,7,8,1560510000,0.81,1.71,304,1,0,55.94,4.11,0,55.94,50.06,3.662,,clear-day,clear,0,0,0,0,1,0
,35.140536,-85.199824,6390 Fairview Rd,SR-6390,Ridgepoint Drive,7/4/2018 6:00,2018-07-04,6,1530698400,,,,Property Damage,Not Collision with Motor Vehicle in Transport,No,No,No,No,45,1,No,No,Shoulder and Lap Belt Used,37343,,,No,No,Dawn,Clear,859,22,2,0,7,8,1530694800,0.85,2.11,261,0,0,75.72,2.83,0.62,74.57,69.78,6.717,,partly-cloudy-night,mostly cloudy,0,1,0,0,0,0
,35.137142,-85.294542,804 Highway 27 Nb,US-27,Mountain Creek Rd. exit,7/7/2018 0:00,2018-07-07,0,1530936000,,,,Property Damage,Not Collision with Motor Vehicle in Transport,No,No,No,No,65,1,No,No,Shoulder and Lap Belt Used,37379,,,No,No,Dark - Not Lighted,Clear,696,12,7,0,7,12,1530932400,0.92,4.92,9,0,0.002,73.19,9.01,0.79,71.96,69.55,5.021,rain,partly-cloudy-night,mostly cloudy,0,1,0,0,0,0
,35.137142,-85.294542,804 Highway 27 Nb,SR-27,Mtn. Creek Rd. exit,7/7/2018 0:00,2018-07-07,0,1530936000,,,,Property Damage Under,Not Collision with Motor Vehicle in Transport,No,No,No,No,65,1,No,No,Shoulder and Lap Belt Used,37408,,,No,No,Dark - Not Lighted,Clear,696,12,7,0,7,12,1530932400,0.92,4.92,9,0,0.002,73.19,9.01,0.79,71.96,69.55,5.021,rain,partly-cloudy-night,mostly cloudy,0,1,0,0,0,0
,35.074921,-85.321459,320 Highway 27 Nb,US-27,Dayton Blvd.,7/8/2018 0:00,2018-07-08,0,1531022400,,,,Property Damage,Not Collision with Motor Vehicle in Transport,No,No,No,No,55,1,No,No,Shoulder and Lap Belt Used,37415,,,No,No,Unknown,Unknown,261,12,17,1,7,9,1531018800,0.85,4.39,112,0,0,75.5,5.18,0.75,74.34,69.71,7.288,,partly-cloudy-night,mostly cloudy,0,1,0,0,0,0
,35.079336,-85.322081,350 Highway 27 South Bound,,Signal mountain rd,7/21/2018 18:00,2018-07-21,18,1532210400,,,,Possible Injury,Other,No,No,No,No,55,3,No,No,Shoulder and Lap Belt Used,37415,Shoulder and Lap Belt Used,30741,No,No,Daylight,Rain,261,12,17,1,7,9,1532206800,0.62,4.14,269,2,0.01,92,9.51,0.27,86.02,71.65,7.62,rain,partly-cloudy-day,partly cloudy,0,1,0,0,0,0
,35.079951,-85.32236,320 Highway 27 SB,,Manufactures Rd,8/21/2018 0:00,2018-08-21,0,1534824000,,,,Property Damage,Front to Rear,No,No,No,No,55,2,No,No,Shoulder and Lap Belt Used,37377,Shoulder and Lap Belt Used,37343,No,No,Unknown,Rain,261,12,17,1,7,9,1534820400,0.88,5.58,193,0,0,77.28,11.81,0.72,75.87,71.94,3.103,,partly-cloudy-night,mostly cloudy,0,1,0,0,0,0
,35.078165,-85.320698,300 Highway 27 NB,,Dayton Blvd Exit,1/13/2019 8:00,2019-01-13,8,1547384400,,,,Possible Injury,Not Collision with Motor Vehicle in Transport,No,No,No,No,55,1,No,No,Shoulder and Lap Belt Used,37411,,,No,No,Daylight,Rain,261,12,17,1,7,9,1547380800,0.95,5.41,200,0,0.006,35.25,8.39,1,39.22,37.93,1.485,rain,rain,possible drizzle,1,0,0,0,0,1
,35.07549,-85.321467,Highway 27 NB,,Dayton Blvd,3/25/2019 22:00,2019-03-25,22,1553565600,,,,Property Damage,Not Collision with Motor Vehicle in Transport,No,No,No,No,55,1,No,No,Shoulder and Lap Belt Used,37415,,,No,No,Dark - Lighted,Clear,261,12,17,1,7,9,1553562000,0.88,4.67,322,0,0,55.1,9.85,0.77,55.1,51.56,7.99,,partly-cloudy-night,mostly cloudy,0,1,0,0,0,0
,35.074921,-85.321459,320 Highway 27 Nb,,Hwy 153,5/24/2019 15:00,2019-05-24,15,1558724400,,,,Suspected Minor Injury,Front to Rear,No,No,No,No,65,2,No,No,Shoulder and Lap Belt Used,37343,Shoulder and Lap Belt Used,37343,No,No,Daylight,Clear,261,12,17,1,7,9,1558720800,0.45,3.63,299,6,0,92.31,9.42,0.75,89.84,65.81,3.341,,partly-cloudy-day,mostly cloudy,0,1,0,0,0,0
,35.03626,-85.138989,7700 Shallowford Rd,,Baskette Way,7/9/2018 17:00,2018-07-09,17,1531170000,,,,Property Damage,Unknown,Yes,No,No,No,40,2,No,No,Shoulder and Lap Belt Used,37421,Unknown,Unknown,No,No,Daylight,Clear,465,36,13,0,7,8,1531166400,0.45,1.99,0,5,0,90.97,10.06,0,88.99,65.1,7.969,,clear-day,clear,0,0,0,0,1,0
,35.037107,-85.141161,7600 Shallowford Rd,,Ashford Dr,9/6/2018 14:00,2018-09-06,14,1536256800,,,,Possible Injury,Not Collision with Motor Vehicle in Transport,No,No,Yes,No,40,1,No,No,DOT Compliant Motorcycle Helmet,37421,,,No,No,Daylight,Clear,465,36,13,0,7,8,1536253200,0.59,3.76,130,6,0,93.34,8.66,0.75,87.37,71.22,8.279,,partly-cloudy-day,mostly cloudy,0,1,0,0,0,0
,35.080497,-85.086957,1050 Interstate 75 Nb ST,,Lee Hwy,7/9/2018 18:00,2018-07-09,18,1531173600,,,,Property Damage,"Sideswipe, Same Direction",No,No,No,No,65,2,No,No,Unknown,92116,Unknown,37302,No,No,Daylight,Clear,791,39,5,0,7,17,1531170000,0.46,4.07,324,3,0,90.22,8.7,0.19,88.34,65,6.778,,partly-cloudy-day,partly cloudy,0,1,0,0,0,0
,35.005553,-85.122432,9105 E Brainerd Rd,,Branks Rd,7/12/2018 17:00,2018-07-12,17,1531429200,,,,Suspected Serious Injury,Head On,No,No,Yes,No,45,2,No,No,Shoulder and Lap Belt Used,37421,Shoulder and Lap Belt Used,37421,No,No,Daylight,Clear,289,40,17,0,7,9,1531425600,0.58,3.63,267,5,0,96.43,8.32,0,88.96,72.44,4.574,,clear-day,humid,0,0,0,0,1,0
,35.029407,-85.198695,120 Cedar Ln,,Watts Ave,7/13/2018 0:00,2018-07-13,0,1531454400,,,,Property Damage,Unknown,No,No,No,No,25,2,No,No,Shoulder and Lap Belt Used,53105,,37421,,,Daylight,Rain,240,30,18,0,7,12,1531450800,0.82,2.49,6,0,0,84.04,5.68,0.44,79.79,73.81,6.985,,partly-cloudy-night,humid and partly cloudy,0,1,0,0,0,0
,35.025244,-85.196477,520 Airport Rd,,Lee Hwy,8/7/2018 18:00,2018-08-07,18,1533679200,,,,Property Damage,Front to Rear,Yes,No,No,No,30,2,No,No,Unknown,Unknown,Shoulder and Lap Belt Used,37406,No,No,Daylight,Clear,240,30,18,0,7,12,1533675600,0.46,2.31,215,2,0,97.81,7.22,0.44,92.66,68.96,6.168,,partly-cloudy-day,partly cloudy,0,1,0,0,0,0
,35.023681,-85.198507,Airport Rd,,Provence St,10/2/2018 14:00,2018-10-02,14,1538503200,,,,Property Damage,"Sideswipe, Opposite Direction",No,No,No,No,30,2,No,No,,37341,Shoulder and Lap Belt Used,37415,No,No,Daylight,Clear,240,30,18,0,7,12,1538499600,0.56,4.19,181,5,0,84.17,7.89,0.75,82.28,65.26,3.499,,partly-cloudy-day,mostly cloudy,0,1,0,0,0,0
,35.02447,-85.193704,6000 Lee Hwy,,Van Ness Rd,6/5/2019 12:00,2019-06-05,12,1559750400,,,,Property Damage,Front to Rear,No,No,No,No,45,2,No,No,Shoulder and Lap Belt Used,37321,Shoulder and Lap Belt Used,37318,No,No,Daylight,Clear,240,30,18,0,7,12,1559746800,0.65,5.05,189,5,0,79.83,10.77,0.75,79.15,66.47,5.42,,partly-cloudy-day,mostly cloudy,0,1,0,0,0,0
,35.022566,-85.160474,1755 Gunbarrel Rd,,Gunbarrel Road,7/18/2018 0:00,2018-07-18,0,1531886400,,,,Property Damage,Unknown,Yes,No,No,No,,2,No,No,,,,37343,,,Unknown,Clear,283,34,17,0,7,8,1531882800,0.93,1.76,277,0,0.006,75.36,3.59,0.34,73.91,71.7,10,rain,partly-cloudy-night,partly cloudy,0,1,0,0,0,0
,35.022048,-85.16413,1710 Clayton Dr,,Gunbarrel Rd,8/7/2018 17:00,2018-08-07,17,1533675600,,,,Property Damage,Rear to Side,No,No,No,No,,2,No,No,Shoulder and Lap Belt Used,37312,Shoulder and Lap Belt Used,37412,No,No,Daylight,Clear,283,34,17,0,7,8,1533672000,0.48,3,260,4,0,97.77,8.32,0.44,92.01,69.82,6.343,,partly-cloudy-day,partly cloudy,0,1,0,0,0,0
,35.022566,-85.160474,1755 Gunbarrel Rd,,Igou Gap,8/17/2018 0:00,2018-08-17,0,1534478400,,,,Property Damage Under,Angle,Yes,No,No,No,15,2,No,No,,37341,Unknown,Unknown,,,Unknown,Clear,283,34,17,0,7,8,1534474800,0.76,3.1,190,0,0,82.9,6.96,0,79.57,71.32,4.808,,clear-night,clear,0,0,0,0,1,0
,35.019774,-85.161753,1615 Gunbarrel Rd,,Crane Rd,10/12/2018 16:00,2018-10-12,16,1539374400,,,,Property Damage,Front to Rear,No,No,No,No,45,2,No,No,Shoulder and Lap Belt Used,30736,Shoulder and Lap Belt Used,37411,No,No,Daylight,Clear,283,34,17,0,7,8,1539370800,0.35,5.37,356,4,0,68.91,8.72,0,68.91,40.33,7.925,,clear-day,clear,0,0,0,0,1,0
,35.022566,-85.160474,Gunbarrel Rd,,Crane Rd,12/4/2018 9:00,2018-12-04,9,1543932000,,,,Property Damage,"Sideswipe, Same Direction",Yes,No,No,No,35,2,No,No,Unknown,Unknown,Shoulder and Lap Belt Used,37421,No,No,Daylight,Cloudy,283,34,17,0,7,8,1543928400,0.65,7.84,343,0,0,33.63,13,1,39.14,28.29,5.995,,cloudy,overcast,0,1,0,0,0,0
,35.022566,-85.160474,1755 Gunbarrel Rd,,Crane Rd,3/4/2019 0:00,2019-03-04,0,1551675600,,,,Property Damage,Unknown,Yes,No,No,No,,2,No,No,,37323,Unknown,Unknown,,,Unknown,Clear,283,34,17,0,7,8,1551672000,0.8,10.11,336,0,0,30.07,17.98,1,37.16,31.61,7.994,,cloudy,overcast,0,1,0,0,0,0
,35.022566,-85.160474,1755 Gunbarrel Rd,,Crane Rd,4/5/2019 0:00,2019-04-05,0,1554436800,,,,Property Damage,Angle,Yes,No,No,No,35,2,No,No,None Used MV Occupant,37421,,37402,No,No,Unknown,Clear,283,34,17,0,7,8,1554433200,0.79,4.62,189,0,0.014,57.12,13.47,1,57.12,50.64,5.407,rain,rain,possible drizzle,1,0,0,0,0,1
,35.020896,-85.161536,1635 Gunbarrel Rd,,Zigler Rd,6/13/2019 10:00,2019-06-13,10,1560434400,,,,Property Damage,Not Collision with Motor Vehicle in Transport,No,No,No,No,15,1,No,No,,37421,Shoulder and Lap Belt Used,37379,No,No,Daylight,Clear,283,34,17,0,7,8,1560430800,0.66,7.38,302,3,0,67.92,13.98,0.19,67.92,56.26,6.208,,partly-cloudy-day,partly cloudy,0,1,0,0,0,0
,35.142857,-85.207256,6059 Windham Ln,,Cassandra Smith Rd,7/19/2018 10:00,2018-07-19,10,1532008800,,,,Property Damage,Front to Rear,No,No,No,No,25,2,No,No,Shoulder and Lap Belt Used,37421,Shoulder and Lap Belt Used,37343,No,No,Daylight,Clear,858,21,2,0,7,2,1532005200,0.65,4.33,43,3,0,76.65,8.46,0.75,76.25,63.82,2.952,,partly-cloudy-day,mostly cloudy,0,1,0,0,0,0
,35.029523,-85.163236,8001 Volkswagon Drive,,Bonny Oaks Drive,7/20/2018 0:00,2018-07-20,0,1532059200,,,,Property Damage,Unknown,Yes,No,No,No,15,2,No,No,Unknown,Unknown,,,,,Unknown,Unknown,328,34,16,0,7,13,1532055600,0.86,2.67,212,0,0,76.78,3.69,0.67,75.5,70.88,5.804,,partly-cloudy-night,mostly cloudy,0,1,0,0,0,0
,35.027283,-85.157555,Gunbarrel Rd,US-1905,Igou Gap Rd,9/22/2018 14:00,2018-09-22,14,1537639200,,,,Property Damage,Rear to Rear,No,No,No,No,15,2,No,No,Shoulder and Lap Belt Used,28216,Shoulder and Lap Belt Used,37363,No,No,Daylight,Clear,328,34,16,0,7,13,1537635600,0.47,4.96,151,7,0,91.78,10.08,0.44,89.03,66.39,6.199,,partly-cloudy-day,partly cloudy,0,1,0,0,0,0
,35.029472,-85.164521,7100 Igou Gap Rd,,Verona Drive,10/26/2018 8:00,2018-10-26,8,1540555200,,,,Property Damage,Not Collision with Motor Vehicle in Transport,No,No,No,No,30,1,No,No,Shoulder and Lap Belt Used,7206,,,No,No,Daylight,Rain,328,34,16,0,7,13,1540551600,0.98,0.34,311,0,0.024,49,2.11,1,49,48.56,1.831,rain,rain,light rain,1,0,0,0,0,1
,35.027556,-85.164814,7104 Genoa Dr,,N. Concord Rd,12/8/2018 20:00,2018-12-08,20,1544317200,,,,Property Damage,Angle,Yes,No,No,No,25,2,No,No,Unknown,Unknown,Shoulder and Lap Belt Used,37421,No,No,Dark - Not Lighted,Rain,328,34,16,0,7,13,1544313600,0.99,4.55,15,0,0.113,36.01,7.14,1,39.3,39.01,2.876,rain,rain,rain,1,0,0,0,0,1
,35.108153,-85.317953,Runyan Dr,SR-1020,Signal Mountain Rd,7/24/2018 0:00,2018-07-24,0,1532404800,,,,Property Damage,Unknown,Yes,No,No,No,,2,No,No,,37415,Unknown,Unknown,,,Unknown,Unknown,440,11,13,1,7,11,1532401200,0.81,2.98,350,0,0,75.28,7.35,0.44,74.36,67.99,7.979,,partly-cloudy-night,partly cloudy,0,1,0,0,0,0
,35.108153,-85.317953,Runyan Dr,SR-1020,Signal Mountain Rd,7/24/2018 0:00,2018-07-24,0,1532404800,,,,Property Damage,Unknown,Yes,No,No,No,,2,No,No,,37415,Unknown,Unknown,,,Unknown,Unknown,440,11,13,1,7,11,1532401200,0.81,2.98,350,0,0,75.28,7.35,0.44,74.36,67.99,7.979,,partly-cloudy-night,partly cloudy,0,1,0,0,0,0
,35.108153,-85.317953,Runyan Dr,SR-1020,Signal Mountain Rd,7/24/2018 0:00,2018-07-24,0,1532404800,,,,Property Damage,Unknown,Yes,No,No,No,,2,No,No,,37415,Unknown,Unknown,,,Unknown,Unknown,440,11,13,1,7,11,1532401200,0.8,2.98,350,0,0,75.46,7.35,0.44,74.54,67.99,7.979,,partly-cloudy-night,partly cloudy,0,1,0,0,0,0
,35.108153,-85.317953,Runyan Dr,SR-1020,Signal Mountain Rd,7/24/2018 0:00,2018-07-24,0,1532404800,,,,Property Damage,Unknown,Yes,No,No,No,,2,No,No,,37415,Unknown,Unknown,,,Unknown,Unknown,440,11,13,1,7,11,1532401200,0.8,2.98,350,0,0,75.46,7.35,0.44,74.54,67.99,7.979,,partly-cloudy-night,partly cloudy,0,1,0,0,0,0
,35.043763,-85.322155,1201 Riverfront Pkwy,,Grove St,7/29/2018 6:00,2018-07-29,6,1532858400,,,,Possible Injury,Not Collision with Motor Vehicle in Transport,No,No,Yes,No,35,1,No,No,,37402,Unknown,37380,No,No,Dawn,Clear,97,14,22,1,7,20,1532854800,0.75,3.5,357,0,0,68.66,7.06,0.75,68.57,60.43,4.47,,partly-cloudy-night,mostly cloudy,0,1,0,0,0,0
,35.043763,-85.322155,Riverfront Pkwy,US-1200,Grove St,4/30/2019 18:00,2019-04-30,18,1556661600,,,,Property Damage,Angle,Yes,No,No,No,35,2,No,No,Unknown,Unknown,Shoulder and Lap Belt Used,37363,No,No,Daylight,Clear,97,14,22,1,7,20,1556658000,0.41,6.51,207,2,0,84.35,13.96,0.6,84.35,57.93,6.581,,partly-cloudy-day,mostly cloudy,0,1,0,0,0,0
,35.133413,-85.255501,4537 Norcross Rd,,Vanessa Dr,7/29/2018 23:00,2018-07-29,23,1532919600,,,,Fatal,Not Collision with Motor Vehicle in Transport,Yes,Yes,No,No,40,1,Yes,No,Unknown,37343,Unknown,37343,No,No,Dark - Not Lighted,Clear,735,16,6,0,7,12,1532916000,0.69,2.63,58,0,0,78.06,4.91,0.53,77.37,66.5,7.645,,partly-cloudy-night,mostly cloudy,0,1,0,0,0,0
,35.130923,-85.308998,4117 Mountain Creek Rd,,Reads Lake Rd,8/1/2018 0:00,2018-08-01,0,1533096000,,,,Suspected Minor Injury,Not Collision with Motor Vehicle in Transport,No,No,No,No,45,1,No,No,,37402,Shoulder and Lap Belt Used,37415,No,No,Unknown,Rain,616,10,9,0,7,10,1533092400,0.9,3.19,175,0,0.028,72.12,8.12,1,71.1,67.86,3.015,rain,rain,light rain,1,0,0,0,0,1
,35.130923,-85.308998,4117 Mountain Creek Rd,,Reads Lake Rd,8/1/2018 0:00,2018-08-01,0,1533096000,,,,Suspected Minor Injury,Not Collision with Motor Vehicle in Transport,No,No,No,No,45,1,No,No,,37402,Shoulder and Lap Belt Used,37415,No,No,Unknown,Rain,616,10,9,0,7,10,1533092400,0.9,3.19,175,0,0.028,72.12,8.12,1,71.1,67.86,3.015,rain,rain,light rain,1,0,0,0,0,1
,35.130923,-85.308998,4117 Mountain Creek Rd,,Reads Lake Rd,8/1/2018 0:00,2018-08-01,0,1533096000,,,,Suspected Minor Injury,Not Collision with Motor Vehicle in Transport,No,No,No,No,45,1,No,No,,37402,Shoulder and Lap Belt Used,37415,No,No,Unknown,Rain,616,10,9,0,7,10,1533092400,0.89,3.19,175,0,0.028,72.14,8.12,1,71.12,67.86,3.015,rain,rain,light rain,1,0,0,0,0,1
,35.130923,-85.308998,4117 Mountain Creek Rd,,Reads Lake Rd,8/1/2018 0:00,2018-08-01,0,1533096000,,,,Suspected Minor Injury,Not Collision with Motor Vehicle in Transport,No,No,No,No,45,1,No,No,,37402,Shoulder and Lap Belt Used,37415,No,No,Unknown,Rain,616,10,9,0,7,10,1533092400,0.89,3.19,175,0,0.028,72.14,8.12,1,71.12,67.86,3.015,rain,rain,light rain,1,0,0,0,0,1
,35.060068,-85.181396,220 Greenway View Dr,,Brainerd Rd,8/1/2018 14:00,2018-08-01,14,1533146400,,,,Property Damage Under,Front to Rear,No,No,No,No,35,2,No,No,,79703,Shoulder and Lap Belt Used,37421,No,No,Daylight,Clear,504,30,12,0,7,4,1533142800,0.91,2.8,122,6,0.023,72.48,7.75,0.75,71.35,68.7,4.782,rain,rain,light rain,1,0,0,0,0,1
,35.1233641,-85.312214,344 Highway 27 SB,,Highway 27 SB,8/1/2018 21:00,2018-08-01,21,1533171600,,,,Possible Injury,Front to Rear,No,No,Yes,No,45,2,No,No,Shoulder and Lap Belt Used,37405,Shoulder and Lap Belt Used,37379,No,Yes,Daylight,Rain,575,11,10,1,7,6,1533168000,0.9,2.07,116,0,0.005,71.91,4.63,0.97,70.9,67.74,8.328,rain,rain,possible drizzle,1,0,0,0,0,1
,35.125482,-85.310964,3635 Mountain Creek Rd,,1404 August Dr,12/14/2018 0:00,2018-12-14,0,1544763600,,,,Property Damage,Not Collision with Motor Vehicle in Transport,Yes,No,No,No,35,1,No,No,,37402,Unknown,37311,,,Unknown,Rain,575,11,10,1,7,6,1544760000,0.67,2.84,131,0,0,48.34,7.39,1,48.34,37.75,7.584,,cloudy,overcast,0,1,0,0,0,0
,35.126789,-85.310449,Mountain Creek Rd,,Morrison Springs Rd,6/6/2019 17:00,2019-06-06,17,1559854800,,,,Property Damage Under,Front to Rear,Yes,No,No,No,35,2,No,No,Shoulder and Lap Belt Used,37341,Unknown,Unknown,No,No,Daylight,Rain,575,11,10,1,7,6,1559851200,0.87,2.66,186,3,0.015,73.94,7.3,0.97,72.87,68.75,4.678,rain,rain,drizzle,1,0,0,0,0,1
,35.109506,-85.283671,Thrushwood Dr,,Lupton Dr,8/7/2018 16:00,2018-08-07,16,1533672000,,,,Property Damage Under,Angle,No,No,No,No,30,2,No,No,Shoulder and Lap Belt Used,37415,Shoulder and Lap Belt Used,37343,No,No,Daylight,Clear,534,15,11,0,7,13,1533668400,0.48,3.74,312,5,0.002,94.85,9.86,0.75,90.67,68.19,6.595,rain,partly-cloudy-day,mostly cloudy,0,1,0,0,0,0
,35.121287,-85.260998,1326 Ely Rd,,Norcross Rd,8/9/2018 16:00,2018-08-09,16,1533844800,,,,Property Damage,Front to Rear,No,No,No,No,35,2,No,No,Shoulder and Lap Belt Used,37343,Shoulder and Lap Belt Used,37343,No,No,Daylight,Rain,663,17,8,0,7,9,1533841200,0.81,5.49,290,4,0.098,76.97,16.37,0.96,75.9,69.48,2.411,rain,rain,light rain,1,0,0,0,0,1
,35.121529,-85.258504,Norcross Rd,,Ely Rd,1/7/2019 18:00,2019-01-07,18,1546902000,,,,Property Damage Under,"Sideswipe, Same Direction",No,No,No,No,30,2,No,No,Shoulder and Lap Belt Used,37343,Shoulder and Lap Belt Used,37405,No,No,Dark - Lighted,Clear,663,17,8,0,7,9,1546898400,0.43,5.58,209,0,0,63.56,15.66,0.63,63.56,40.5,8.664,,partly-cloudy-night,mostly cloudy,0,1,0,0,0,0
,35.120482,-85.256936,1406 Ely Rd,,Norcross Rd,3/8/2019 19:00,2019-03-08,19,1552089600,,,,Property Damage,Not Collision with Motor Vehicle in Transport,Yes,No,No,No,35,1,No,No,Unknown,Unknown,,,,,Dark - Not Lighted,Rain,663,17,8,0,7,9,1552086000,0.95,5.09,96,0,0.08,45.25,8.98,1,47.52,46.16,0,rain,rain,light rain,1,0,0,0,0,1
,35.0673693,-85.2918,1312 Dugdale St,,Overman St,8/10/2018 13:00,2018-08-10,13,1533920400,,,,Property Damage,"Sideswipe, Same Direction",No,No,No,No,25,2,No,No,Shoulder and Lap Belt Used,37405,Shoulder and Lap Belt Used,37405,No,No,Daylight,Clear,265,16,17,0,7,20,1533916800,0.69,2.61,216,6,0,85.02,6.72,0.78,81.32,70.21,6.092,,partly-cloudy-day,mostly cloudy,0,1,0,0,0,0
,35.066197,-85.2937,1225 Mississippi Ave,,Barton Ave,9/20/2018 0:00,2018-09-20,0,1537416000,,,,Property Damage,Angle,Yes,No,No,No,25,2,No,No,Unknown,Unknown,,37405,,,Unknown,Unknown,265,16,17,0,7,20,1537412400,0.81,2.31,19,0,0,76.05,6.99,0,75.06,68.7,6.841,,clear-night,clear,0,0,0,0,1,0
,35.066671,-85.295693,602 Orr St,,Normal Ave,12/6/2018 0:00,2018-12-06,0,1544072400,,,,Property Damage,Unknown,Yes,No,No,No,25,2,No,No,Unknown,Unknown,,37405,,,Unknown,Clear,265,16,17,0,7,20,1544068800,0.74,0.91,354,0,0,27.14,2.35,0.02,27.14,20.11,4.072,,clear-night,clear,0,0,0,0,1,0