Accident,Latitude,Longitude,Street,AltStreet,Intersection,DateTime,Date,Hour,Unix,WeekDay,WeekEnd,DayFrame,AccidentType,CollisionType,HaR,FatalInjury,MedicalTransport,InvolvedPlacardedTruck,PostedSpeed,TotalVehiclesInvolved,PedestrianInvolved,BicycleInvolved,DriverOneSafetyEquipment,DriverOneZip,DriverTwoSafetyEquipment,DriverTwoZip,Drug,Alcohol,LightCondition,Weather,Grid_Block,Grid_Col,Grid_Row,Highway,Land_Use_Mode,Road_Count,HourBefore,humidity,windSpeed,windBearing,uvIndex,precipIntensity,apparentTemperature,windGust,cloudCover,temperature,dewPoint,visibility,precipType,Event,Conditions,Rain,Cloudy,Foggy,Snow,Clear,RainBefore
,35.068133,-85.294426,902 Garnett Ave,,Dugdale St,12/19/2018 8:00,2018-12-19,8,1545224400,,,,Property Damage,Unknown,Yes,No,No,No,30,2,No,No,Unknown,Unknown,None Used MV Occupant,37405,No,No,Daylight,Clear,265,16,17,0,7,20,1545220800,0.84,2.47,107,0,0,35.38,5.84,0.67,35.38,30.92,6.327,,partly-cloudy-day,mostly cloudy,0,1,0,0,0,0
,35.0652,-85.293697,620 Barton Ave,,Batron Ave,6/24/2019 0:00,2019-06-24,0,1561348800,,,,Property Damage,Angle,Yes,No,No,No,30,2,No,No,Unknown,Unknown,,38119,,,Unknown,Unknown,265,16,17,0,7,20,1561345200,0.83,2.72,193,0,0,78.28,4.33,0.41,76.97,71.53,5.906,,partly-cloudy-night,partly cloudy,0,1,0,0,0,0
,35.042998,-85.193373,5789 Bunch St,,Dixson St,8/12/2018 7:00,2018-08-12,7,1534071600,,,,Property Damage Under,Rear to Side,No,No,No,No,25,2,No,No,Shoulder and Lap Belt Used,37421,,37421,No,No,Daylight,Clear,368,29,15,1,7,14,1534068000,0.89,0.15,0,0,0,72.6,4,0,71.58,68.05,4.877,,clear-night,clear,0,0,0,0,1,0
,35.12941,-85.255865,Cloverdale Dr,,Norcross Rd,8/14/2018 8:00,2018-08-14,8,1534248000,,,,Property Damage,Front to Rear,Yes,No,No,No,30,2,No,No,Unknown,37343,Shoulder and Lap Belt Used,37343,No,No,Daylight,Clear,736,17,6,1,2,11,1534244400,0.88,1.74,310,0,0,69.89,3.97,0.44,69.13,65.51,4.577,,partly-cloudy-day,partly cloudy,0,1,0,0,0,0
,35.132166,-85.25589,Norcross Rd,,Terry,10/16/2018 11:00,2018-10-16,11,1539702000,,,,Property Damage,Not Collision with Motor Vehicle in Transport,Yes,No,No,No,40,1,No,No,Shoulder and Lap Belt Used,37421,,,No,No,Daylight,Clear,736,17,6,1,2,11,1539698400,0.86,4.81,41,3,0,60.83,7.7,0.79,60.83,56.66,3.881,,partly-cloudy-day,mostly cloudy,0,1,0,0,0,0
,35.130791,-85.250913,1404 August Dr,,Cloverdale,11/17/2018 0:00,2018-11-17,0,1542430800,,,,Property Damage Under,Head On,No,No,No,No,15,2,No,No,,37411,Shoulder and Lap Belt Used,37343,,No,Unknown,Clear,736,17,6,1,2,11,1542427200,0.8,1.66,295,0,0,39.52,5.76,0.36,39.52,34,2.759,,partly-cloudy-night,partly cloudy,0,1,0,0,0,0
,35.134271,-85.254691,Norcross Rd,,Vanessa dr,11/17/2018 9:00,2018-11-17,9,1542463200,,,,Property Damage,Angle,No,No,No,No,40,2,No,No,Shoulder and Lap Belt Used,37403,Shoulder and Lap Belt Used,37343,No,No,Daylight,Clear,736,17,6,1,2,11,1542459600,0.96,0.95,97,1,0,35.58,4.44,0.96,35.58,34.65,0.41,,fog,foggy,0,0,1,0,0,0
,35.128815,-85.256351,4439 Norcross Rd,,Cloverdale Dr,12/20/2018 10:00,2018-12-20,10,1545318000,,,,Property Damage,Front to Rear,No,No,No,No,40,2,No,No,Shoulder and Lap Belt Used,37373,Shoulder and Lap Belt Used,37343,No,No,Daylight,Rain,736,17,6,1,2,11,1545314400,0.92,4.52,25,1,0.002,44.39,5.82,0.9,46.46,44.18,4.27,rain,rain,possible drizzle,1,0,0,0,0,1
,35.063354,-85.321749,220 Compress St,,Compress St,8/15/2018 0:00,2018-08-15,0,1534305600,,,,Property Damage,Unknown,Yes,No,No,No,,2,No,No,Unknown,Unknown,,37379,,,Unknown,Unknown,188,13,19,1,2,5,1534302000,0.78,1.54,331,0,0,74.01,3.69,0,73.32,66,7.209,,clear-night,clear,0,0,0,0,1,0
,35.073941,-85.252684,1914 Wilder St,,Scholar Ave,8/23/2018 23:00,2018-08-23,23,1535079600,,,,Property Damage,Unknown,Yes,No,No,No,,2,No,No,,37412,Unknown,Unknown,,,Dark - Unknown Lighting,Clear,405,21,14,0,7,14,1535076000,0.77,1.28,21,0,0,66.53,1.71,0.37,66.53,58.93,4.046,,partly-cloudy-night,partly cloudy,0,1,0,0,0,0
,35.073941,-85.252684,Sholar Ave,,Wilder St,8/27/2018 1:00,2018-08-27,1,1535346000,,,,Property Damage,Other,Yes,No,No,No,25,2,No,No,,37406,,37421,,,Dark - Lighted,Clear,405,21,14,0,7,14,1535342400,0.86,1.85,126,0,0,73.83,4.68,0,72.81,68.38,3.118,,clear-night,clear,0,0,0,0,1,0
,35.074128,-85.249119,2199 Elmendorf St,,Dodson Ave,1/9/2019 9:00,2019-01-09,9,1547042400,,,,Property Damage,Front to Rear,No,No,No,No,25,2,No,No,,30157,Shoulder and Lap Belt Used,37406,No,No,Daylight,Clear,405,21,14,0,7,14,1547038800,0.42,8.93,323,0,0,35.45,18.16,0,41.08,19.44,6.422,,clear-day,clear,0,0,0,0,1,0
,35.072987,-85.24973,3000 Dodson Ave,SR-1,Wilder St,3/13/2019 8:00,2019-03-13,8,1552478400,,,,Property Damage,Angle,No,No,No,No,30,2,No,No,Shoulder and Lap Belt Used,37406,Shoulder and Lap Belt Used,37406,No,No,Daylight,Clear,405,21,14,0,7,14,1552474800,0.71,3.36,108,0,0,46.58,6.78,0,47.56,38.74,7.523,,clear-day,clear,0,0,0,0,1,0
,35.072966,-85.250241,Wilder St,SR-2116,Dodson Ave,5/6/2019 12:00,2019-05-06,12,1557158400,,,,Property Damage,Front to Rear,No,No,No,No,30,2,No,No,Shoulder and Lap Belt Used,37415,Shoulder and Lap Belt Used,37363,No,No,Daylight,Clear,405,21,14,0,7,14,1557154800,0.54,6.32,37,7,0,71.72,11.89,0.19,71.72,54.38,2.539,,partly-cloudy-day,partly cloudy,0,1,0,0,0,0
,35.063902,-85.126934,,I-75,Apison Pike,8/25/2018 22:00,2018-08-25,22,1535248800,,,,Property Damage,Unknown,Yes,No,No,No,65,2,No,No,Unknown,Unknown,Shoulder and Lap Belt Used,37307,No,No,Dark - Lighted,Clear,642,36,9,0,7,11,1535245200,0.86,1.54,131,0,0,75.22,5.16,0,74.08,69.49,6.198,,clear-night,clear,0,0,0,0,1,0
,35.066184,-85.125102,,I-75,800 75 SB,3/26/2019 16:00,2019-03-26,16,1553630400,,,,Property Damage Under,"Sideswipe, Same Direction",No,No,No,No,55,2,No,No,Shoulder and Lap Belt Used,36064,Shoulder and Lap Belt Used,37407,No,No,Daylight,Clear,642,36,9,0,7,11,1553626800,0.58,9.99,42,4,0,56.31,16.57,0.75,56.31,41.77,6.261,,partly-cloudy-day,mostly cloudy,0,1,0,0,0,0
,35.08651,-85.265537,Judd Rd,,Amnicola Hwy,8/28/2018 0:00,2018-08-28,0,1535428800,,,,Property Damage,Rear to Side,Yes,No,No,No,25,2,No,No,,37343,Unknown,Unknown,,,Unknown,Clear,447,18,13,0,5,4,1535425200,0.77,1.36,130,0,0,78.59,2.48,0,77.53,69.72,6.789,,clear-night,clear,0,0,0,0,1,0
,34.996839,-85.13735,Restoration Dr,,Morris Ln,8/29/2018 7:00,2018-08-29,7,1535540400,,,,Property Damage,Not Collision with Motor Vehicle in Transport,Yes,No,No,No,25,1,No,No,,37421,Unknown,Unknown,,,Dawn,Clear,214,39,19,0,7,8,1535536800,0.92,1.62,200,0,0,73.56,5.24,0.44,72.29,69.97,3.293,,partly-cloudy-night,partly cloudy,0,1,0,0,0,0
,35.08889,-85.230096,2756 Forest Rd,,Forest Acres Ln,8/30/2018 6:00,2018-08-30,6,1535623200,,,,Property Damage,Not Collision with Motor Vehicle in Transport,No,No,No,No,25,1,No,No,Shoulder and Lap Belt Used,37406,,,No,No,Dawn,Clear,541,22,11,0,7,4,1535619600,0.92,2.24,256,0,0,72.87,5.4,0.44,71.67,69.24,2.736,,partly-cloudy-night,partly cloudy,0,1,0,0,0,0
,35.074263,-85.169145,7655 Austin Dr,,Bonny Oaks Dr,9/3/2018 0:00,2018-09-03,0,1535947200,,,,Property Damage,Angle,No,No,No,No,15,2,No,No,,37415,Shoulder and Lap Belt Used,37416,No,No,Dark - Not Lighted,Clear,594,30,10,0,7,5,1535943600,0.84,1.1,19,0,0,76.02,2.88,0.44,74.87,69.8,6.016,,partly-cloudy-night,partly cloudy,0,1,0,0,0,0
,35.0730604,-85.172794,1360 North Concord Road,,East Brainerd Road,9/15/2018 0:00,2018-09-15,0,1536984000,,,,Property Damage,Unknown,Yes,No,No,No,15,2,No,No,Unknown,Unknown,,37343,,,Unknown,Unknown,594,30,10,0,7,5,1536980400,0.73,5.86,11,0,0,82.13,11.58,0,79.31,69.83,6.559,,clear-night,clear,0,0,0,0,1,0
,35.074103,-85.16856,Bonnie Dr,,Austin Dr,1/10/2019 23:00,2019-01-10,23,1547179200,,,,Property Damage,Not Collision with Motor Vehicle in Transport,No,No,No,No,25,1,No,No,Shoulder and Lap Belt Used,37415,,,Yes,,Dark - Lighted,Clear,594,30,10,0,7,5,1547175600,0.58,7.28,12,0,0,24.78,13.6,0,31.56,18.54,4.036,,clear-night,clear,0,0,0,0,1,0
,35.074505,-85.170789,6900 Bonny Oaks Dr,SR-69,Noah Reid Rd,5/14/2019 0:00,2019-05-14,0,1557806400,,,,Property Damage,Front to Rear,No,No,No,No,35,2,No,No,Shoulder and Lap Belt Used,37406,Shoulder and Lap Belt Used,37363,No,No,Unknown,Unknown,594,30,10,0,7,5,1557802800,0.8,2.73,337,0,0,53.99,3.9,0,53.99,47.92,6.499,,clear-night,clear,0,0,0,0,1,0
,35.074644,-85.168004,7700 Basswood Dr,,Bonny Oaks Dr,6/22/2019 0:00,2019-06-22,0,1561176000,,,,Property Damage,Not Collision with Motor Vehicle in Transport,Yes,No,No,No,20,1,No,No,,37402,Unknown,37406,,,Unknown,Clear,594,30,10,0,7,5,1561172400,0.8,7.74,335,0,0.035,75.66,13.65,0.75,74.75,68.04,2.501,rain,rain,possible light rain,1,0,0,0,0,1
,35.02944,-85.238713,600 Moore Mont Terrace,SR-600,Biltmore Drive,9/3/2018 0:00,2018-09-03,0,1535947200,,,,Property Damage,Unknown,Yes,No,No,No,15,2,No,No,,37411,Unknown,Unknown,,,Unknown,Unknown,167,25,20,0,7,29,1535943600,0.85,0.83,1,0,0,76.25,3.18,0.44,75.07,70.12,5.614,,partly-cloudy-night,partly cloudy,0,1,0,0,0,0
,35.026034,-85.241098,3814 Montview Dr,,300 Sunnyside Dr,9/7/2018 3:00,2018-09-07,3,1536303600,,,,Property Damage,Front to Rear,Yes,No,No,No,15,2,No,No,,37411,Unknown,Unknown,,,Dark - Not Lighted,Clear,167,25,20,0,7,29,1536300000,0.93,1.15,15,0,0,72.84,5.9,0.19,71.62,69.39,2.727,,partly-cloudy-night,partly cloudy,0,1,0,0,0,0
,35.027913,-85.241032,408 Gillespie Rd,SR-1,Rogers Rd.,4/8/2019 15:00,2019-04-08,15,1554750000,,,,Property Damage,Angle,No,No,No,No,40,2,No,No,Shoulder and Lap Belt Used,37411,Shoulder and Lap Belt Used,37840,No,No,Daylight,Clear,167,25,20,0,7,29,1554746400,0.78,3.75,308,5,0.006,70.59,8.53,0.75,70.2,63.11,4.954,rain,rain,possible drizzle,1,0,0,0,0,1
,35.039354,-85.227839,1028 Talley Rd,,Shallowford Rd,9/6/2018 15:00,2018-09-06,15,1536260400,,,,Property Damage,Front to Rear,No,No,No,No,30,2,No,No,None Used MV Occupant,37407,Unknown,37411,No,No,Daylight,Clear,236,26,18,0,7,7,1536256800,0.55,5.65,170,5,0,93.81,13.04,0.75,88.45,70.19,7.833,,partly-cloudy-day,mostly cloudy,0,1,0,0,0,0
,35.039173,-85.227875,1026 Talley Rd,,Shallowford Rd,4/11/2019 19:00,2019-04-11,19,1555023600,,,,Property Damage,Rear to Rear,No,No,No,No,35,2,No,No,Shoulder and Lap Belt Used,37411,Shoulder and Lap Belt Used,37411,No,No,Daylight,Clear,236,26,18,0,7,7,1555020000,0.25,10.82,163,0,0,82.98,22.1,0,82.98,43.76,8.222,,clear-day,clear,0,0,0,0,1,0
,35.028387,-85.350032,17600 24 Eb interstate,I-24,I-24 Exit 175,9/12/2018 11:00,2018-09-12,11,1536764400,,,,Possible Injury,Not Collision with Motor Vehicle in Transport,No,No,Yes,No,65,1,No,No,,37211,Shoulder and Lap Belt Used,37341,No,No,Daylight,Clear,24,12,25,1,0,1,1536760800,0.74,2.51,58,4,0,79.01,5.7,0.75,78.01,69.21,6.708,,partly-cloudy-day,mostly cloudy,0,1,0,0,0,0
,35.029082,-85.353479,17580 I-24 Eb Rd,I-24,Browns Ferry Rd,11/2/2018 16:00,2018-11-02,16,1541188800,,,,Property Damage,Front to Rear,No,No,No,No,65,2,No,No,,7114,,74134,No,No,Daylight,Clear,24,12,25,1,0,1,1541185200,0.66,8.23,302,2,0,45.67,14.83,0.75,49.18,38.22,2.784,,partly-cloudy-day,mostly cloudy,0,1,0,0,0,0
,35.003167,-85.136583,921 E. 3rd st,,Hampton st,9/14/2018 0:00,2018-09-14,0,1536897600,,,,Property Damage,Unknown,Yes,No,No,No,15,2,No,No,Unknown,Unknown,,37421,,,Unknown,Clear,248,38,18,0,4,6,1536894000,0.87,1,329,0,0,77.09,5.57,0.44,75.75,71.45,6.432,,partly-cloudy-night,partly cloudy,0,1,0,0,0,0
,35.002825,-85.141303,8400 E Brainerd Rd,,Greens Rd,10/8/2018 6:00,2018-10-08,6,1538992800,,,,Property Damage,Not Collision with Motor Vehicle in Transport,No,No,No,No,40,1,No,No,Shoulder and Lap Belt Used,37421,,,No,No,Dawn,Clear,248,38,18,0,4,6,1538989200,0.92,0.97,328,0,0,70.4,1.69,0,69.43,67.05,3.861,,clear-night,clear,0,0,0,0,1,0
,35.013514,-85.29482,2821 Rossville Blvd,,Rossville Blvd,9/14/2018 13:00,2018-09-14,13,1536944400,,,,Property Damage Under,Rear to Side,No,No,No,No,,2,No,No,Shoulder and Lap Belt Used,37405,Shoulder and Lap Belt Used,37410,,,Daylight,Clear,31,19,25,0,7,18,1536940800,0.54,7.08,33,8,0,93.27,13.91,0.19,88.43,69.54,2.737,,partly-cloudy-day,partly cloudy,0,1,0,0,0,0
,35.009568,-85.299657,E 30th St,,Clifton Terrace,10/2/2018 0:00,2018-10-02,0,1538452800,,,,Property Damage,Not Collision with Motor Vehicle in Transport,No,No,No,No,15,1,No,No,,37409,Shoulder and Lap Belt Used,37406,No,No,Unknown,Clear,31,19,25,0,7,18,1538449200,0.82,1.72,152,0,0,72.88,3.94,0.44,72.14,66.17,2.234,,partly-cloudy-night,partly cloudy,0,1,0,0,0,0
,35.013676,-85.293852,Rossville Blvd,,Rossville Blvd,12/18/2018 16:00,2018-12-18,16,1545166800,,,,Property Damage,"Sideswipe, Same Direction",No,No,No,No,30,2,No,No,Shoulder and Lap Belt Used,30736,Shoulder and Lap Belt Used,37402,No,No,Daylight,Clear,31,19,25,0,7,18,1545163200,0.33,2.8,302,0,0,56.18,8.79,0.19,56.18,27.11,2.989,,partly-cloudy-day,partly cloudy,0,1,0,0,0,0
,35.013676,-85.293852,Rossville Blvd,SR-3700,E 38th St,4/18/2019 18:00,2019-04-18,18,1555624800,,,,Property Damage,Angle,Yes,No,No,No,40,2,No,No,Unknown,Unknown,Unknown,37402,No,No,Dawn,Clear,31,19,25,0,7,18,1555621200,0.39,9.39,175,2,0,79.04,20.75,0.68,79.04,52,2.668,,partly-cloudy-day,mostly cloudy,0,1,0,0,0,0
,35.013676,-85.293852,Rossville Blvd,SR-3700,E 38th St,4/18/2019 18:00,2019-04-18,18,1555624800,,,,Property Damage,Angle,Yes,No,No,No,40,2,No,No,Unknown,Unknown,Unknown,37402,No,No,Dawn,Clear,31,19,25,0,7,18,1555621200,0.39,9.39,175,2,0,79.04,20.75,0.68,79.04,52,2.668,,partly-cloudy-day,mostly cloudy,0,1,0,0,0,0
,35.013676,-85.293852,Rossville Blvd,SR-3700,E 38th St,4/18/2019 18:00,2019-04-18,18,1555624800,,,,Property Damage,Angle,Yes,No,No,No,40,2,No,No,Unknown,Unknown,Unknown,37402,No,No,Dawn,Clear,31,19,25,0,7,18,1555621200,0.39,9.39,175,2,0,79.04,20.75,0.68,79.04,52,2.668,,partly-cloudy-day,mostly cloudy,0,1,0,0,0,0
,35.013676,-85.293852,Rossville Blvd,SR-3700,E 38th St,4/18/2019 18:00,2019-04-18,18,1555624800,,,,Property Damage,Angle,Yes,No,No,No,40,2,No,No,Unknown,Unknown,Unknown,37402,No,No,Dawn,Clear,31,19,25,0,7,18,1555621200,0.39,9.39,175,2,0,79.04,20.75,0.68,79.04,52,2.668,,partly-cloudy-day,mostly cloudy,0,1,0,0,0,0
,35.074148,-85.103428,Summit Spring Way,,Apison Pike,9/19/2018 0:00,2018-09-19,0,1537329600,,,,Property Damage Under,Front to Rear,No,No,No,No,25,2,No,No,Shoulder and Lap Belt Used,37421,Shoulder and Lap Belt Used,37421,No,No,Unknown,Clear,757,38,6,0,7,6,1537326000,0.91,1.55,342,0,0,73.58,6.39,0,72.38,69.51,3.617,,clear-night,clear,0,0,0,0,1,0
,35.076056,-85.104161,950 Interstate 75 Northbound,,I-75,5/6/2019 5:00,2019-05-06,5,1557133200,,,,Property Damage,Not Collision with Motor Vehicle in Transport,No,No,No,No,65,1,No,No,Shoulder and Lap Belt Used,37774,,,No,No,Dark - Unknown Lighting,Clear,757,38,6,0,7,6,1557129600,0.98,2.35,352,0,0,55.65,7.34,0,55.65,55.22,6.138,,clear-night,clear,0,0,0,0,1,0
,35.039499,-85.285149,1100 Mccallie Ave,,National Ave,9/22/2018 0:00,2018-09-22,0,1537588800,,,,Property Damage,Rear to Side,Yes,No,No,No,,2,No,No,,30735,Unknown,37416,,,Dark - Lighted,Clear,130,19,21,0,7,19,1537585200,0.66,2.96,182,0,0,79.15,3.08,0.72,78.48,66.36,3.539,,partly-cloudy-night,mostly cloudy,0,1,0,0,0,0
,35.03531,-85.283464,607 S Greenwood Ave,,Union Ave,10/26/2018 21:00,2018-10-26,21,1540602000,,,,Property Damage,Angle,Yes,No,No,No,25,2,No,No,Unknown,Unknown,,37404,,,Dark - Lighted,Cloudy,130,19,21,0,7,19,1540598400,0.9,4.87,216,0,0.003,54.44,10.11,1,54.44,51.56,2.595,rain,cloudy,overcast,0,1,0,0,0,0
,35.037384,-85.283735,500 S Holtzclaw Ave,,Bailey Ave,12/7/2018 18:00,2018-12-07,18,1544223600,,,,Property Damage Under,Front to Rear,No,No,No,No,35,2,No,No,Shoulder and Lap Belt Used,37398,Shoulder and Lap Belt Used,37343,No,No,Daylight,Clear,130,19,21,0,7,19,1544220000,0.59,3,20,0,0,44.96,5.62,1,45.84,32.39,7.789,,cloudy,overcast,0,1,0,0,0,0
,35.039499,-85.285149,Duncan Ave,,National Ave,1/27/2019 0:00,2019-01-27,0,1548565200,,,,Property Damage,Unknown,Yes,No,No,No,,2,No,No,None Used MV Occupant,30721,Unknown,Unknown,No,No,Dark - Lighted,Clear,130,19,21,0,7,19,1548561600,0.75,2.65,193,0,0,34.21,3.91,0.1,34.21,27.06,6.447,,clear-night,clear,0,0,0,0,1,0
,35.038583,-85.284632,Duncan Ave,US-1200,Spruce St.,1/28/2019 8:00,2019-01-28,8,1548680400,,,,Property Damage,Front to Rear,No,No,No,No,30,2,No,No,Shoulder and Lap Belt Used,37404,,37064,No,No,Daylight,Clear,130,19,21,0,7,19,1548676800,0.97,1.33,184,0,0,30.09,5.46,0.39,30.09,29.25,4.693,,partly-cloudy-day,partly cloudy,0,1,0,0,0,0
,35.068314,-85.235509,2826 New Jersey Ave,,New York Ave,9/25/2018 13:00,2018-09-25,13,1537894800,,,,Property Damage,"Sideswipe, Same Direction",Yes,No,No,No,25,2,No,No,,37406,Unknown,Unknown,,,Daylight,Rain,407,23,14,0,7,8,1537891200,0.86,6.31,164,5,0.011,77.54,13.68,0.96,76.19,71.61,5.645,rain,rain,possible drizzle,1,0,0,0,0,1
,35.0687829,-85.233266,3185 New York Ave,SR-1,LIGHTFOOT MILL ROAD,12/12/2018 0:00,2018-12-12,0,1544590800,,,,Property Damage,Not Collision with Motor Vehicle in Transport,No,No,No,No,30,1,No,No,Shoulder and Lap Belt Used,37406,,,No,No,Unknown,Clear,407,23,14,0,7,8,1544587200,0.74,0.89,245,0,0,31.82,3.98,0,31.82,24.57,7.391,,clear-night,clear,0,0,0,0,1,0
,35.101423,-85.17112,3900 Webb Rd,US-3900,3945 rosalind,10/3/2018 21:00,2018-10-03,21,1538614800,,,,Property Damage Under,"Sideswipe, Opposite Direction",Yes,No,No,No,30,2,No,No,Shoulder and Lap Belt Used,37416,Unknown,Unknown,No,No,Dark - Lighted,Clear,747,28,6,0,4,2,1538611200,0.75,1.02,324,0,0,76.78,5.55,0.33,75.96,67.44,6.912,,partly-cloudy-night,partly cloudy,0,1,0,0,0,0
,35.098991,-85.173187,5113 58 Hwy,SR-51,Champion Rd,5/13/2019 0:00,2019-05-13,0,1557720000,,,,Property Damage,"Sideswipe, Same Direction",No,No,No,No,55,2,No,No,Shoulder and Lap Belt Used,37341,Shoulder and Lap Belt Used,37416,No,No,Unknown,Unknown,747,28,6,0,4,2,1557716400,0.81,3.68,321,0,0,63.33,6.76,0.68,63.33,57.41,6.556,,partly-cloudy-night,mostly cloudy,0,1,0,0,0,0
,35.100053,-85.169877,5400 Hwy 58,SR-54,Champion Rd,6/17/2019 12:00,2019-06-17,12,1560787200,,,,Property Damage,"Sideswipe, Opposite Direction",Yes,No,No,No,35,2,No,No,Unknown,Unknown,Unknown,33065,,,Daylight,Clear,747,28,6,0,4,2,1560783600,0.57,5.1,216,6,0,91,8.98,0.57,86.5,69.54,6.161,,partly-cloudy-day,mostly cloudy,0,1,0,0,0,0
,35.0933531,-85.057442,Hwy 58,US-58,Hickory Valley Rd,10/8/2018 14:00,2018-10-08,14,1539021600,,,,Property Damage,Front to Rear,No,No,No,No,40,3,No,No,Shoulder and Lap Belt Used,37363,Shoulder and Lap Belt Used,37416,No,No,Daylight,Clear,902,42,1,0,-1,-1,1539018000,0.61,5.97,135,4,0,86.13,12.25,1,83.03,68.06,8.472,,cloudy,overcast,0,1,0,0,0,0
,35.053302,-85.214849,3934 Caine Ln,SR-1,Shallowford Rd,10/8/2018 22:00,2018-10-08,22,1539050400,,,,Property Damage Under,Unknown,Yes,No,No,No,,2,No,No,Unknown,Unknown,,37411,,,Dark - Lighted,Clear,365,26,15,0,2,3,1539046800,0.72,4.91,107,0,0,78.24,12.1,0.75,77.42,67.69,6.268,,partly-cloudy-night,mostly cloudy,0,1,0,0,0,0
,35.0845,-85.194871,4542 58 Hwy,,5100 58 Hwy,10/9/2018 0:00,2018-10-09,0,1539057600,,,,Property Damage Under,Front to Rear,Yes,No,No,No,,2,No,No,Unknown,37341,Shoulder and Lap Belt Used,37406,No,No,Unknown,Cloudy,591,27,10,0,7,18,1539054000,0.76,2.31,101,0,0.001,75.61,6,0.93,74.87,66.63,6.209,rain,cloudy,overcast,0,1,0,0,0,0
,35.079095,-85.189963,Lockington Ln,,Bellbrook Dr,12/18/2018 0:00,2018-12-18,0,1545109200,,,,Property Damage Under,Unknown,Yes,No,No,No,25,2,No,No,Unknown,Unknown,,37416,,,Dark - Not Lighted,Clear,591,27,10,0,7,18,1545105600,0.8,1.97,359,0,0,39.06,6.76,0,39.06,33.42,6.811,,clear-night,clear,0,0,0,0,1,0
,35.0845,-85.194871,4542 Highway 58,SR-4500,Rocky River Road,3/15/2019 12:00,2019-03-15,12,1552665600,,,,Property Damage,Unknown,Yes,No,No,No,,2,No,No,,37416,,37406,,,Daylight,Clear,591,27,10,0,7,18,1552662000,0.46,7.41,267,4,0,59.15,12.32,0.75,59.15,38.3,8.249,,partly-cloudy-day,mostly cloudy,0,1,0,0,0,0
,35.018791,-85.205028,5700 Lee Hwy,,East Brainerd Rd,10/11/2018 13:00,2018-10-11,13,1539277200,,,,Property Damage,Front to Rear,No,No,No,No,45,2,No,No,Shoulder and Lap Belt Used,37336,Shoulder and Lap Belt Used,37341,No,No,Daylight,Clear,204,29,19,0,7,14,1539273600,0.59,9.99,323,6,0,71.88,20.2,0.45,71.88,56.9,10,,partly-cloudy-day,partly cloudy,0,1,0,0,0,0
,35.085366,-85.321943,300 Highway 27 NB,,Signal Mountain Rd.,10/16/2018 10:00,2018-10-16,10,1539698400,,,,Property Damage,Not Collision with Motor Vehicle in Transport,No,No,No,No,55,1,No,No,,37243,Shoulder and Lap Belt Used,37419,No,No,Daylight,Rain,306,12,16,0,2,2,1539694800,0.86,4.02,39,1,0,59.81,5.98,1,59.81,55.68,3.819,,cloudy,overcast,0,1,0,0,0,0
,35.082647,-85.241663,3808 Grace Ave,,Dodson Avenue,10/21/2018 16:00,2018-10-21,16,1540152000,,,,Property Damage,Rear to Side,No,No,No,No,30,2,No,No,Shoulder and Lap Belt Used,37404,,37402,No,No,Daylight,Clear,495,21,12,0,7,7,1540148400,0.33,6.2,30,3,0,56.64,10.6,0,56.64,27.97,7.528,,clear-day,clear,0,0,0,0,1,0
,35.0006478,-85.163488,7700 Davidson Rd,,Dodie Dr,10/21/2018 17:00,2018-10-21,17,1540155600,,,,Possible Injury,Not Collision with Motor Vehicle in Transport,No,No,No,No,30,1,No,No,Shoulder and Lap Belt Used,30752,,,No,No,Daylight,Clear,177,35,20,0,7,6,1540152000,0.35,7.17,18,1,0,56.61,11.73,0,56.61,28.96,7.765,,clear-day,clear,0,0,0,0,1,0
,35.0006478,-85.163488,7700 Davidson Rd,US-7700,Gunbarrel Rd,11/15/2018 8:00,2018-11-15,8,1542286800,,,,Property Damage,Front to Rear,No,No,No,No,30,3,No,No,Shoulder and Lap Belt Used,37421,Shoulder and Lap Belt Used,30736,No,No,Daylight,Rain,177,35,20,0,7,6,1542283200,0.95,4.88,189,0,0.003,38.02,10.49,1,41.24,39.89,2.004,rain,cloudy,overcast,0,1,0,0,0,0
,35.0990591,-85.279259,Mississippi Ave,SR-900,Mississippi Ave,10/23/2018 0:00,2018-10-23,0,1540267200,,,,Property Damage Under,Angle,Yes,No,No,No,30,2,No,No,Shoulder and Lap Belt Used,37405,Unknown,Unknown,No,No,Unknown,Clear,490,16,12,0,7,6,1540263600,0.74,2.41,256,0,0,48.3,5.76,0.38,48.3,40.41,8.738,,partly-cloudy-night,partly cloudy,0,1,0,0,0,0
,35.14414,-85.26972,400-414 Gadd Rd,,Gadd Rd,10/26/2018 8:00,2018-10-26,8,1540555200,,,,Property Damage,Rear to Side,Yes,No,No,No,35,2,No,No,Unknown,Unknown,Shoulder and Lap Belt Used,37379,No,No,Daylight,Rain,766,14,5,0,7,21,1540551600,0.95,1.19,119,0,0.021,48.72,2.75,1,48.72,47.41,0.969,rain,rain,light rain,1,0,0,0,0,1