Accident,Latitude,Longitude,Street,AltStreet,Intersection,DateTime,Date,Hour,Unix,WeekDay,WeekEnd,DayFrame,AccidentType,CollisionType,HaR,FatalInjury,MedicalTransport,InvolvedPlacardedTruck,PostedSpeed,TotalVehiclesInvolved,PedestrianInvolved,BicycleInvolved,DriverOneSafetyEquipment,DriverOneZip,DriverTwoSafetyEquipment,DriverTwoZip,Drug,Alcohol,LightCondition,Weather,Grid_Block,Grid_Col,Grid_Row,Highway,Land_Use_Mode,Road_Count,HourBefore,humidity,windSpeed,windBearing,uvIndex,precipIntensity,apparentTemperature,windGust,cloudCover,temperature,dewPoint,visibility,precipType,Event,Conditions,Rain,Cloudy,Foggy,Snow,Clear,RainBefore
,35.147014,-85.273289,5308 Dayton Blvd,SR-5308,Gadd Road,11/4/2018 2:00,2018-11-04,2,1541314800,,,,Property Damage,Angle,No,No,No,No,40,2,No,No,Shoulder and Lap Belt Used,37415,Shoulder and Lap Belt Used,37379,No,No,Dark - Lighted,Clear,766,14,5,0,7,21,1541311200,0.84,1.51,96,0,0,43.59,2.65,0,43.59,39.18,7.194,,clear-night,clear,0,0,0,0,1,0
,35.127353,-85.226624,2500 Hamill Rd,,Adams Rd,10/26/2018 13:00,2018-10-26,13,1540573200,,,,Property Damage Under,Not Collision with Motor Vehicle in Transport,Yes,No,No,No,35,2,No,No,Shoulder and Lap Belt Used,37343,,37343,No,No,Daylight,Rain,772,20,5,0,7,3,1540569600,0.93,6.33,204,3,0.015,52.09,17.5,1,52.09,50.06,6.532,rain,rain,possible drizzle,1,0,0,0,0,1
,35.127562,-85.226451,2506 Hamill Rd,,Hwy 153,4/8/2019 14:00,2019-04-08,14,1554746400,,,,Property Damage,Not Collision with Motor Vehicle in Transport,No,No,No,No,35,1,No,No,Shoulder and Lap Belt Used,37404,,,No,No,Daylight,Clear,772,20,5,0,7,3,1554742800,0.79,4.76,237,4,0.016,71.19,15.04,1,70.7,63.92,8.733,rain,rain,possible light rain,1,0,0,0,0,1
,35.096016,-85.271764,3075 Reflecting Dr,,Enclave Bay,10/30/2018 0:00,2018-10-30,0,1540872000,,,,Property Damage,Unknown,Yes,No,No,No,,2,No,No,Unknown,Unknown,,37415,,,Daylight,Clear,491,17,12,0,-1,-1,1540868400,0.76,1.37,324,0,0,47.98,3.3,0,47.98,40.77,8.261,,clear-night,clear,0,0,0,0,1,0
,35.0741,-85.2743,2200 Bams Dr,,Hamilton Place Blvd,11/4/2018 16:00,2018-11-04,16,1541365200,,,,Property Damage,Unknown,Yes,No,No,No,25,2,No,No,Unknown,37331,,37421,,,Daylight,Clear,357,18,15,0,7,17,1541361600,0.46,8.83,147,1,0,63.43,19.54,0.66,63.43,42.27,7.823,,partly-cloudy-day,mostly cloudy,0,1,0,0,0,0
,35.067943,-85.264623,Crutchfield St,SR-1398,Riverside Dr,11/6/2018 10:00,2018-11-06,10,1541516400,,,,Property Damage,Angle,No,No,No,No,25,2,No,No,,37343,Shoulder and Lap Belt Used,37421,No,No,Daylight,Cloudy,359,20,15,0,7,31,1541512800,0.87,3.39,256,2,0.001,61.27,5.98,0.75,61.27,57.38,6.482,rain,partly-cloudy-day,mostly cloudy,0,1,0,0,0,0
,35.135584,-85.210521,Stage Run,,Cassandra Smith Rd,11/8/2018 17:00,2018-11-08,17,1541714400,,,,Property Damage Under,Front to Rear,Yes,No,No,No,35,2,No,No,Unknown,Unknown,Shoulder and Lap Belt Used,37379,No,No,Daylight,Rain,833,22,3,0,7,5,1541710800,0.91,4.07,29,0,0.011,51.24,9.35,1,51.24,48.56,3.12,rain,rain,possible drizzle,1,0,0,0,0,1
,35.132883,-85.205228,6260-6299 Fairview Rd,,Hamill rd,12/26/2018 18:00,2018-12-26,18,1545865200,,,,Property Damage Under,"Sideswipe, Same Direction",Yes,No,No,No,40,2,No,No,Shoulder and Lap Belt Used,37343,Unknown,Unknown,No,No,Unknown,Clear,833,22,3,0,7,5,1545861600,0.7,0.47,217,0,0,48.36,1.58,0.58,48.36,38.92,5.506,,partly-cloudy-night,mostly cloudy,0,1,0,0,0,0
,35.135584,-85.210521,Stage Run,,Cassandra Smith Rd,1/19/2019 16:00,2019-01-19,16,1547931600,,,,Property Damage Under,Front to Rear,No,No,No,No,30,2,No,No,Shoulder and Lap Belt Used,37343,Shoulder and Lap Belt Used,30736,No,No,Daylight,Rain,833,22,3,0,7,5,1547928000,0.93,8.49,185,1,0.257,58.06,18.69,1,58.06,55.94,0.908,rain,rain,rain,1,0,0,0,0,1
,35.117938,-85.279544,Ely Rd,,Ashland Ter,11/12/2018 9:00,2018-11-12,9,1542031200,,,,Property Damage Under,Front to Rear,No,No,No,No,30,2,No,No,Shoulder and Lap Belt Used,37343,Shoulder and Lap Belt Used,37415,No,No,Daylight,Rain,621,15,9,0,7,14,1542027600,0.95,4.2,42,1,0.108,39.39,6.17,1,41.95,40.63,1.481,rain,rain,rain,1,0,0,0,0,1
,35.117938,-85.279544,Ely Rd,,Ashland Ter,11/12/2018 9:00,2018-11-12,9,1542031200,,,,Property Damage Under,Front to Rear,No,No,No,No,30,2,No,No,Shoulder and Lap Belt Used,37343,Shoulder and Lap Belt Used,37415,No,No,Daylight,Rain,621,15,9,0,7,14,1542027600,0.95,4.2,42,1,0.108,39.39,6.17,1,41.95,40.63,1.481,rain,rain,rain,1,0,0,0,0,1
,35.117938,-85.279544,Ely Rd,,Ashland Ter,11/12/2018 9:00,2018-11-12,9,1542031200,,,,Property Damage Under,Front to Rear,No,No,No,No,30,2,No,No,Shoulder and Lap Belt Used,37343,Shoulder and Lap Belt Used,37415,No,No,Daylight,Rain,621,15,9,0,7,14,1542027600,0.95,4.2,42,1,0.108,39.56,6.17,1,42.09,40.63,1.481,rain,rain,rain,1,0,0,0,0,1
,35.117938,-85.279544,Ely Rd,,Ashland Ter,11/12/2018 9:00,2018-11-12,9,1542031200,,,,Property Damage Under,Front to Rear,No,No,No,No,30,2,No,No,Shoulder and Lap Belt Used,37343,Shoulder and Lap Belt Used,37415,No,No,Daylight,Rain,621,15,9,0,7,14,1542027600,0.95,4.2,42,1,0.108,39.56,6.17,1,42.09,40.63,1.481,rain,rain,rain,1,0,0,0,0,1
,35.117669,-85.278323,600 Ashland Ter,,Ely Road,12/11/2018 8:00,2018-12-11,8,1544533200,,,,Property Damage,Front to Rear,No,No,No,No,40,2,No,No,Shoulder and Lap Belt Used,37415,Shoulder and Lap Belt Used,30132,No,No,Daylight,Clear,621,15,9,0,7,14,1544529600,0.8,1.01,303,0,0,27.78,5.78,0.75,27.78,22.52,5.966,,partly-cloudy-day,mostly cloudy,0,1,0,0,0,0
,35.117669,-85.278323,600 Ashland Ter,,Ely Road,12/11/2018 8:00,2018-12-11,8,1544533200,,,,Property Damage,Front to Rear,No,No,No,No,40,2,No,No,Shoulder and Lap Belt Used,37415,Shoulder and Lap Belt Used,30132,No,No,Daylight,Clear,621,15,9,0,7,14,1544529600,0.8,1.01,303,0,0,27.78,5.78,0.75,27.78,22.52,5.966,,partly-cloudy-day,mostly cloudy,0,1,0,0,0,0
,35.117669,-85.278323,600 Ashland Ter,,Ely Road,12/11/2018 8:00,2018-12-11,8,1544533200,,,,Property Damage,Front to Rear,No,No,No,No,40,2,No,No,Shoulder and Lap Belt Used,37415,Shoulder and Lap Belt Used,30132,No,No,Daylight,Clear,621,15,9,0,7,14,1544529600,0.8,1.01,303,0,0,27.75,5.78,0.75,27.75,22.52,5.966,,partly-cloudy-day,mostly cloudy,0,1,0,0,0,0
,35.117669,-85.278323,600 Ashland Ter,,Ely Road,12/11/2018 8:00,2018-12-11,8,1544533200,,,,Property Damage,Front to Rear,No,No,No,No,40,2,No,No,Shoulder and Lap Belt Used,37415,Shoulder and Lap Belt Used,30132,No,No,Daylight,Clear,621,15,9,0,7,14,1544529600,0.8,1.01,303,0,0,27.75,5.78,0.75,27.75,22.52,5.966,,partly-cloudy-day,mostly cloudy,0,1,0,0,0,0
,35.118674,-85.280225,513 Ashland Ter,,Ely Road,12/11/2018 9:00,2018-12-11,9,1544536800,,,,Property Damage,Angle,No,No,No,No,40,2,No,No,Shoulder and Lap Belt Used,37415,Shoulder and Lap Belt Used,37412,No,No,Daylight,Clear,621,15,9,0,7,14,1544533200,0.89,0.83,300,0,0,29.09,4.36,0.22,29.09,26.16,4.759,,partly-cloudy-day,partly cloudy,0,1,0,0,0,0
,35.118674,-85.280225,513 Ashland Ter,,Ely Road,12/11/2018 9:00,2018-12-11,9,1544536800,,,,Property Damage,Angle,No,No,No,No,40,2,No,No,Shoulder and Lap Belt Used,37415,Shoulder and Lap Belt Used,37412,No,No,Daylight,Clear,621,15,9,0,7,14,1544533200,0.89,0.83,300,0,0,29.09,4.36,0.22,29.09,26.16,4.759,,partly-cloudy-day,partly cloudy,0,1,0,0,0,0
,35.118674,-85.280225,513 Ashland Ter,,Ely Road,12/11/2018 9:00,2018-12-11,9,1544536800,,,,Property Damage,Angle,No,No,No,No,40,2,No,No,Shoulder and Lap Belt Used,37415,Shoulder and Lap Belt Used,37412,No,No,Daylight,Clear,621,15,9,0,7,14,1544533200,0.88,0.83,300,0,0,29.15,4.36,0.22,29.15,26.16,4.759,,partly-cloudy-day,partly cloudy,0,1,0,0,0,0
,35.118674,-85.280225,513 Ashland Ter,,Ely Road,12/11/2018 9:00,2018-12-11,9,1544536800,,,,Property Damage,Angle,No,No,No,No,40,2,No,No,Shoulder and Lap Belt Used,37415,Shoulder and Lap Belt Used,37412,No,No,Daylight,Clear,621,15,9,0,7,14,1544533200,0.88,0.83,300,0,0,29.15,4.36,0.22,29.15,26.16,4.759,,partly-cloudy-day,partly cloudy,0,1,0,0,0,0
,35.116052,-85.275186,Ashland Ter,SR-742,Hixson Pike,1/19/2019 0:00,2019-01-19,0,1547874000,,,,Property Damage,Unknown,Yes,No,No,No,,2,No,No,,37343,Unknown,Unknown,,,Unknown,Clear,621,15,9,0,7,14,1547870400,0.93,1.93,113,0,0,47.13,4.23,0.92,47.13,45.18,0,,fog,foggy,0,0,1,0,0,0
,35.11718,-85.279285,Ashland Ter,,Thrushwood Dr,6/11/2019 17:00,2019-06-11,17,1560286800,,,,Possible Injury,Angle,No,No,No,No,40,2,No,No,Shoulder and Lap Belt Used,37373,Shoulder and Lap Belt Used,37415,No,No,Daylight,Clear,621,15,9,0,7,14,1560283200,0.35,8.28,45,5,0,79.03,15.77,0,79.03,49.22,5.485,,clear-day,clear,0,0,0,0,1,0
,35.022305,-85.298081,,I-24,Market St,11/13/2018 16:00,2018-11-13,16,1542142800,,,,Property Damage,Angle,Yes,No,No,No,55,2,No,No,None Used MV Occupant,30728,Unknown,Unknown,No,No,Daylight,Clear,51,18,24,1,2,17,1542139200,0.82,8.59,343,1,0,39.95,14.3,1,44.62,39.32,7.203,,cloudy,overcast,0,1,0,0,0,0
,35.02305,-85.30051,2-8 Exit 180a Off Ramp East bound,I-24,Rossville Blvd,3/22/2019 17:00,2019-03-22,17,1553288400,,,,Property Damage,Front to Rear,No,No,No,No,50,2,No,No,Unknown,37415,Unknown,46113,No,No,Daylight,Clear,51,18,24,1,2,17,1553284800,0.22,9.42,299,3,0,66.22,20.55,0,66.22,26.59,4.98,,clear-day,clear,0,0,0,0,1,0
,35.02305,-85.30051,2-8 Exit 180a Off Ramp East bound,I-24,Rossville Blvd,3/22/2019 17:00,2019-03-22,17,1553288400,,,,Property Damage,Front to Rear,No,No,No,No,50,2,No,No,Unknown,37415,Unknown,46113,No,No,Daylight,Clear,51,18,24,1,2,17,1553284800,0.22,9.42,299,3,0,66.22,20.55,0,66.22,26.59,4.98,,clear-day,clear,0,0,0,0,1,0
,35.02305,-85.30051,2-8 Exit 180a Off Ramp East bound,I-24,Rossville Blvd,3/22/2019 17:00,2019-03-22,17,1553288400,,,,Property Damage,Front to Rear,No,No,No,No,50,2,No,No,Unknown,37415,Unknown,46113,No,No,Daylight,Clear,51,18,24,1,2,17,1553284800,0.22,9.42,299,3,0,66.22,20.55,0,66.22,26.59,4.98,,clear-day,clear,0,0,0,0,1,0
,35.02305,-85.30051,2-8 Exit 180a Off Ramp East bound,I-24,Rossville Blvd,3/22/2019 17:00,2019-03-22,17,1553288400,,,,Property Damage,Front to Rear,No,No,No,No,50,2,No,No,Unknown,37415,Unknown,46113,No,No,Daylight,Clear,51,18,24,1,2,17,1553284800,0.22,9.42,299,3,0,66.22,20.55,0,66.22,26.59,4.98,,clear-day,clear,0,0,0,0,1,0
,35.007195,-85.160029,Reserve Way,,Meadow Stream Loop,11/14/2018 0:00,2018-11-14,0,1542171600,,,,Property Damage,Angle,Yes,No,No,No,15,2,No,No,Unknown,Unknown,,37406,,,Unknown,Clear,210,35,19,0,7,6,1542168000,0.83,8.52,22,0,0,35.28,16.63,1,40.78,35.96,5.979,,cloudy,overcast,0,1,0,0,0,0
,35.007527,-85.159886,Reserve Way,,Meadow Stream Loop,11/17/2018 0:00,2018-11-17,0,1542430800,,,,Property Damage,Unknown,Yes,No,No,No,,2,No,No,,37421,Unknown,Unknown,,,Unknown,Clear,210,35,19,0,7,6,1542427200,0.91,0.46,175,0,0,36.68,1.91,0,36.68,34.29,2.082,,clear-night,clear,0,0,0,0,1,0
,35.142056,-85.292912,Highway 27 NB,US-750,Mountain Creek Road,11/15/2018 22:00,2018-11-15,22,1542337200,,,,Property Damage,Not Collision with Motor Vehicle in Transport,No,No,No,No,65,1,No,No,Shoulder and Lap Belt Used,30281,,,No,No,Dark - Not Lighted,Clear,731,12,6,0,7,10,1542333600,0.76,5.51,295,0,0,27.31,11.54,1,32.58,25.85,6.066,,cloudy,overcast,0,1,0,0,0,0
,35.027332,-85.34683,17620 24 EB Rd,,Browns Ferry Rd,11/16/2018 15:00,2018-11-16,15,1542398400,,,,Property Damage,Front to Rear,No,No,No,No,65,4,No,No,Shoulder and Lap Belt Used,70435,Shoulder and Lap Belt Used,37355,No,No,Daylight,Clear,25,13,25,0,2,1,1542394800,0.47,4.06,224,2,0,53.84,7.87,0.75,53.84,34.19,4.914,,partly-cloudy-day,mostly cloudy,0,1,0,0,0,0
,35.057286,-85.231537,2300 Green Forest Dr,,Tunel Blvd,11/18/2018 15:00,2018-11-18,15,1542571200,,,,Property Damage,Not Collision with Motor Vehicle in Transport,No,No,No,No,25,1,No,No,Unknown,37406,,,No,No,Daylight,Clear,363,24,15,0,7,5,1542567600,0.52,1.63,166,2,0,60.99,6.14,0,60.99,43.05,3.743,,clear-day,clear,0,0,0,0,1,0
,35.057884,-85.233069,2312 Green Forest Dr,,Tunnel Blvd,3/12/2019 9:00,2019-03-12,9,1552395600,,,,Property Damage,Rear to Side,No,No,No,No,20,2,No,No,Shoulder and Lap Belt Used,37406,,37405,No,No,Daylight,Clear,363,24,15,0,7,5,1552392000,0.72,2.49,25,0,0,43.52,6.23,0,43.52,34.98,6.896,,clear-day,clear,0,0,0,0,1,0
,35.0134664,-85.329408,4802 Jeffery Lane,,E 49th St,11/19/2018 4:00,2018-11-19,4,1542618000,,,,Property Damage Under,"Sideswipe, Opposite Direction",No,No,No,No,25,2,No,No,None Used MV Occupant,37406,,,,No,Dark - Lighted,Clear,8,15,26,0,2,13,1542614400,0.9,1.41,194,0,0,43.22,2.64,0.75,43.22,40.49,3.674,,partly-cloudy-night,mostly cloudy,0,1,0,0,0,0
,35.013733,-85.328307,1900 - 2099 Cummings Hwy,,Broad St,1/25/2019 20:00,2019-01-25,20,1548464400,,,,Property Damage,Not Collision with Motor Vehicle in Transport,No,No,No,No,45,1,No,No,Shoulder and Lap Belt Used,30707,,,No,No,Dark - Lighted,Other,8,15,26,0,2,13,1548460800,0.41,3,281,0,0,31.43,6.1,0.19,33.87,12.5,6.004,,partly-cloudy-night,partly cloudy,0,1,0,0,0,0
,35.013733,-85.328307,1900 - 2099 Cummings Hwy,,Broad St,1/25/2019 20:00,2019-01-25,20,1548464400,,,,Property Damage,Not Collision with Motor Vehicle in Transport,No,No,No,No,45,1,No,No,Shoulder and Lap Belt Used,30707,,,No,No,Dark - Lighted,Other,8,15,26,0,2,13,1548460800,0.41,3,281,0,0,31.43,6.1,0.19,33.87,12.5,6.004,,partly-cloudy-night,partly cloudy,0,1,0,0,0,0
,35.013733,-85.328307,1900 - 2099 Cummings Hwy,,Broad St,1/25/2019 20:00,2019-01-25,20,1548464400,,,,Property Damage,Not Collision with Motor Vehicle in Transport,No,No,No,No,45,1,No,No,Shoulder and Lap Belt Used,30707,,,No,No,Dark - Lighted,Other,8,15,26,0,2,13,1548460800,0.41,3,281,0,0,31.43,6.1,0.19,33.87,12.5,6.004,,partly-cloudy-night,partly cloudy,0,1,0,0,0,0
,35.013733,-85.328307,1900 - 2099 Cummings Hwy,,Broad St,1/25/2019 20:00,2019-01-25,20,1548464400,,,,Property Damage,Not Collision with Motor Vehicle in Transport,No,No,No,No,45,1,No,No,Shoulder and Lap Belt Used,30707,,,No,No,Dark - Lighted,Other,8,15,26,0,2,13,1548460800,0.41,3,281,0,0,31.43,6.1,0.19,33.87,12.5,6.004,,partly-cloudy-night,partly cloudy,0,1,0,0,0,0
,35.013733,-85.328307,2200 Scenic Hwy,,Cummings Hwy,4/22/2019 19:00,2019-04-22,19,1555974000,,,,Property Damage,Not Collision with Motor Vehicle in Transport,No,No,No,No,35,1,No,No,Shoulder and Lap Belt Used,37415,,,No,No,Daylight,Clear,8,15,26,0,2,13,1555970400,0.23,3.71,192,0,0,81.75,7.98,0,81.75,40.08,5.929,,clear-day,clear,0,0,0,0,1,0
,35.013733,-85.328307,2200 Scenic Hwy,,Cummings Hwy,4/22/2019 19:00,2019-04-22,19,1555974000,,,,Property Damage,Not Collision with Motor Vehicle in Transport,No,No,No,No,35,1,No,No,Shoulder and Lap Belt Used,37415,,,No,No,Daylight,Clear,8,15,26,0,2,13,1555970400,0.23,3.71,192,0,0,81.75,7.98,0,81.75,40.08,5.929,,clear-day,clear,0,0,0,0,1,0
,35.013733,-85.328307,2200 Scenic Hwy,,Cummings Hwy,4/22/2019 19:00,2019-04-22,19,1555974000,,,,Property Damage,Not Collision with Motor Vehicle in Transport,No,No,No,No,35,1,No,No,Shoulder and Lap Belt Used,37415,,,No,No,Daylight,Clear,8,15,26,0,2,13,1555970400,0.23,3.71,192,0,0,81.75,7.98,0,81.75,40.08,5.929,,clear-day,clear,0,0,0,0,1,0
,35.013733,-85.328307,2200 Scenic Hwy,,Cummings Hwy,4/22/2019 19:00,2019-04-22,19,1555974000,,,,Property Damage,Not Collision with Motor Vehicle in Transport,No,No,No,No,35,1,No,No,Shoulder and Lap Belt Used,37415,,,No,No,Daylight,Clear,8,15,26,0,2,13,1555970400,0.23,3.71,192,0,0,81.75,7.98,0,81.75,40.08,5.929,,clear-day,clear,0,0,0,0,1,0
,35.10591,-85.34673,1426 Signal Mountain Blvd,SR-1426,Signal Mtn. Rd,11/24/2018 3:00,2018-11-24,3,1543046400,,,,Property Damage,Not Collision with Motor Vehicle in Transport,No,No,No,No,40,1,No,No,Shoulder and Lap Belt Used,37379,,,No,No,Dark - Not Lighted,Rain,392,8,14,0,7,5,1543042800,0.92,4.87,186,0,0.009,36.75,8,1,40.14,37.87,6.127,rain,rain,drizzle,1,0,0,0,0,1
,35.067936,-85.21201,3500 Lightfoot Mill Rd,,Youngstown Rd,11/26/2018 2:00,2018-11-26,2,1543215600,,,,Property Damage,Not Collision with Motor Vehicle in Transport,No,No,No,No,35,1,No,No,Shoulder and Lap Belt Used,37411,,,No,No,Dark - Lighted,Rain,455,26,13,0,2,1,1543212000,0.92,8.05,198,0,0.01,46.64,17.14,1,49.91,47.82,3.465,rain,rain,possible drizzle,1,0,0,0,0,1
,35.067926,-85.212263,3790 Lightfoot Mill Rd,,Youngstown Rd,3/5/2019 7:00,2019-03-05,7,1551787200,,,,Possible Injury,Angle,No,No,No,No,40,2,No,No,Shoulder and Lap Belt Used,37416,Shoulder and Lap Belt Used,37406,No,No,Dawn,Sleet/Hail,455,26,13,0,2,1,1551783600,0.57,5.82,337,0,0,15.82,11.03,0.68,23.12,10.08,6.736,,partly-cloudy-night,mostly cloudy,0,1,0,0,0,0
,35.053071,-85.162316,2454 Hickory Valley Rd,,Hickory creek,11/30/2018 17:00,2018-11-30,17,1543615200,,,,Property Damage,Front to Rear,No,No,No,No,40,2,No,No,Shoulder and Lap Belt Used,37341,Shoulder and Lap Belt Used,37421,No,No,Dusk,Rain,506,32,12,0,7,13,1543611600,0.93,1.72,227,0,0.028,59.91,9.48,1,59.84,57.89,1.753,rain,rain,light rain,1,0,0,0,0,1
,35.063051,-85.157171,Hickory Valley Rd,SR-2800,Hickory Valley Rd,12/3/2018 0:00,2018-12-03,0,1543813200,,,,Property Damage Under,Front to Rear,No,No,No,No,25,2,No,No,Shoulder and Lap Belt Used,37421,Shoulder and Lap Belt Used,37416,No,No,Unknown,Clear,551,32,11,0,7,13,1543809600,0.46,3.46,239,0,0,55.55,9.61,0,55.55,35.24,6.184,,clear-night,clear,0,0,0,0,1,0
,35.06195,-85.163284,6735 Standifer Gap Rd,,Hickory Valley Rd,2/13/2019 0:00,2019-02-13,0,1550034000,,,,Property Damage Under,Not Collision with Motor Vehicle in Transport,No,No,No,No,25,1,No,No,None Used MV Occupant,37403,,,No,No,Dark - Not Lighted,Clear,551,32,11,0,7,13,1550030400,0.6,3.51,304,0,0,40.22,12.5,0,42.11,29.24,6.258,,clear-night,clear,0,0,0,0,1,0
,35.063862,-85.157165,2811 Hickory Valley Rd,,Eblen,6/17/2019 17:00,2019-06-17,17,1560805200,,,,Property Damage Under,Front to Rear,No,No,No,No,40,2,No,No,Shoulder and Lap Belt Used,37416,Shoulder and Lap Belt Used,37341,No,No,Daylight,Rain,551,32,11,0,7,13,1560801600,0.61,5.93,212,4,0.023,87.68,11.79,0.44,83.89,69.13,3.899,rain,rain,possible light rain,1,0,0,0,0,1
,35.045333,-85.216424,4120 Shallowford Rd,,N Moore Rd,12/9/2018 0:00,2018-12-09,0,1544331600,,,,Property Damage,Not Collision with Motor Vehicle in Transport,No,No,No,No,45,1,No,No,Shoulder and Lap Belt Used,37406,,,No,No,Dark - Lighted,Rain,321,27,16,0,0,1,1544328000,0.97,5.03,19,0,0.21,35.65,5.03,1,39.32,38.46,2.587,rain,rain,rain,1,0,0,0,0,1
,35.048861,-85.178994,6220 Shallowford Rd,,Shallowford Rd,12/9/2018 0:00,2018-12-09,0,1544331600,,,,Property Damage,Unknown,Yes,No,No,No,15,2,No,No,Unknown,Unknown,,37421,,,Unknown,Unknown,415,31,14,0,7,13,1544328000,0.98,4.79,8,0,0.215,35.8,4.79,1,39.28,38.7,2.567,rain,rain,rain,1,0,0,0,0,1
,35.033638,-85.300162,E Main St,SR-601,Jefferson St,12/9/2018 3:00,2018-12-09,3,1544342400,,,,Property Damage,Not Collision with Motor Vehicle in Transport,Yes,No,No,No,30,1,No,No,Shoulder and Lap Belt Used,37311,,,No,Yes,Dark - Lighted,Rain,101,18,22,0,7,16,1544338800,0.96,8.97,66,0,0.053,33.65,22.21,1,39.63,38.49,5.73,rain,rain,light rain,1,0,0,0,0,1
,35.0327077,-85.295874,975 E 3rd St,,3rd Street,5/29/2019 14:00,2019-05-29,14,1559152800,,,,Property Damage,Rear to Side,No,No,No,No,,2,No,No,Shoulder and Lap Belt Used,37309,Shoulder and Lap Belt Used,37421,No,No,Daylight,Clear,101,18,22,0,7,16,1559149200,0.34,8.48,250,8,0,90.77,16.53,0.4,90.77,58.21,6.46,,partly-cloudy-day,partly cloudy,0,1,0,0,0,0
,35.129203,-85.212619,3070 - 3099 Hamill Rd,SR-1,Cassandra Smith,12/9/2018 13:00,2018-12-09,13,1544378400,,,,Property Damage,Angle,No,No,No,No,35,2,No,No,Shoulder and Lap Belt Used,37343,Shoulder and Lap Belt Used,37379,No,No,Daylight,Rain,805,22,4,0,7,9,1544374800,0.96,6.04,21,2,0,35.1,12.42,0.95,39.47,38.3,1.986,,fog,foggy,0,0,1,0,0,0
,35.128721,-85.212704,3100 Hamill Rd,,Fairview Road,1/22/2019 20:00,2019-01-22,20,1548205200,,,,Property Damage,Not Collision with Motor Vehicle in Transport,No,No,No,No,30,1,No,No,Shoulder and Lap Belt Used,37343,,,No,No,Dark - Not Lighted,Clear,805,22,4,0,7,9,1548201600,0.43,7.82,167,0,0,38.22,13.93,1,42.91,21.98,7.756,,cloudy,overcast,0,1,0,0,0,0
,35.117285,-85.209914,4700 Gann Store Rd,,Lake resort,12/10/2018 7:00,2018-12-10,7,1544443200,,,,Property Damage,Front to Rear,No,No,No,No,25,2,No,No,Shoulder and Lap Belt Used,37343,Shoulder and Lap Belt Used,37343,No,No,Dawn,Rain,742,23,6,0,7,1,1544439600,0.88,5.31,28,0,0.001,33.13,12.93,1,37.36,34.21,3.513,rain,cloudy,overcast,0,1,0,0,0,0
,35.072989,-85.124366,8300 Volkswagen Dr,I-75,I 75,12/11/2018 6:00,2018-12-11,6,1544526000,,,,Property Damage,Not Collision with Motor Vehicle in Transport,No,No,No,No,55,1,No,No,Unknown,30741,,,No,No,Dark - Not Lighted,Other,681,35,8,1,0,6,1544522400,0.95,1.82,354,0,0,27.24,4.1,0,27.24,25.95,5.372,,clear-night,clear,0,0,0,0,1,0
,35.072989,-85.124366,8300 Volkswagen Dr,I-75,I 75,12/11/2018 6:00,2018-12-11,6,1544526000,,,,Property Damage,Not Collision with Motor Vehicle in Transport,No,No,No,No,55,1,No,No,Unknown,30741,,,No,No,Dark - Not Lighted,Other,681,35,8,1,0,6,1544522400,0.95,1.82,354,0,0,27.24,4.1,0,27.24,25.95,5.372,,clear-night,clear,0,0,0,0,1,0
,35.072989,-85.124366,8300 Volkswagen Dr,I-75,I 75,12/11/2018 6:00,2018-12-11,6,1544526000,,,,Property Damage,Not Collision with Motor Vehicle in Transport,No,No,No,No,55,1,No,No,Unknown,30741,,,No,No,Dark - Not Lighted,Other,681,35,8,1,0,6,1544522400,0.95,1.82,354,0,0,27.25,4.1,0,27.25,25.95,5.372,,clear-night,clear,0,0,0,0,1,0
,35.072989,-85.124366,8300 Volkswagen Dr,I-75,I 75,12/11/2018 6:00,2018-12-11,6,1544526000,,,,Property Damage,Not Collision with Motor Vehicle in Transport,No,No,No,No,55,1,No,No,Unknown,30741,,,No,No,Dark - Not Lighted,Other,681,35,8,1,0,6,1544522400,0.95,1.82,354,0,0,27.25,4.1,0,27.25,25.95,5.372,,clear-night,clear,0,0,0,0,1,0
,35.022853,-85.146543,7700 Igou Gap Rd,,Gray Rd,12/11/2018 12:00,2018-12-11,12,1544547600,,,,Property Damage,Angle,No,No,No,No,30,2,No,No,Shoulder and Lap Belt Used,37353,Shoulder and Lap Belt Used,37363,No,No,Daylight,Clear,330,36,16,0,7,7,1544544000,0.55,2.07,228,3,0,40.88,6.25,0,40.88,25.87,3.432,,clear-day,clear,0,0,0,0,1,0
,35.0669,-85.2759,Dodds Ave,,E Main St,12/14/2018 17:00,2018-12-14,17,1544824800,,,,Property Damage,Angle,Yes,No,No,No,35,2,No,No,Shoulder and Lap Belt Used,30741,Unknown,Unknown,No,No,Daylight,Rain,312,18,16,0,7,5,1544821200,0.92,4.75,39,0,0.077,51.54,7.77,1,51.54,49.27,1.347,rain,rain,light rain,1,0,0,0,0,1
,35.0669,-85.2759,5665 Brainerd Rd,,5600 Brainerd Rd,12/19/2018 16:00,2018-12-19,16,1545253200,,,,Property Damage,Angle,No,No,No,No,35,2,No,No,Shoulder and Lap Belt Used,37421,Shoulder and Lap Belt Used,30541,No,No,Daylight,Clear,312,18,16,0,7,5,1545249600,0.55,4.48,134,0,0,55.07,11.38,0.88,55.07,38.96,6.13,,cloudy,overcast,0,1,0,0,0,0