Accident,Latitude,Longitude,Street,AltStreet,Intersection,DateTime,Date,Hour,Unix,WeekDay,WeekEnd,DayFrame,AccidentType,CollisionType,HaR,FatalInjury,MedicalTransport,InvolvedPlacardedTruck,PostedSpeed,TotalVehiclesInvolved,PedestrianInvolved,BicycleInvolved,DriverOneSafetyEquipment,DriverOneZip,DriverTwoSafetyEquipment,DriverTwoZip,Drug,Alcohol,LightCondition,Weather,Grid_Block,Grid_Col,Grid_Row,Highway,Land_Use_Mode,Road_Count,HourBefore,humidity,windSpeed,windBearing,uvIndex,precipIntensity,apparentTemperature,windGust,cloudCover,temperature,dewPoint,visibility,precipType,Event,Conditions,Rain,Cloudy,Foggy,Snow,Clear,RainBefore
,35.1229025,-85.209922,Fairview Rd,,Shore View Ln,12/14/2018 18:00,2018-12-14,18,1544828400,,,,Property Damage,Angle,No,No,No,No,35,2,No,No,,37343,Shoulder and Lap Belt Used,37421,No,No,Dark - Not Lighted,Rain,774,22,5,0,7,11,1544824800,0.91,4.81,34,0,0.019,51.99,7.02,0.95,51.99,49.41,2.551,rain,rain,light rain,1,0,0,0,0,1
,35.068196,-85.219658,3440 Lightfoot Mill Rd,,Tunnel Blvd,12/14/2018 22:00,2018-12-14,22,1544842800,,,,Property Damage,Not Collision with Motor Vehicle in Transport,No,No,No,No,40,1,No,No,Shoulder and Lap Belt Used,37373,,,No,No,Dark - Lighted,Rain,454,25,13,0,7,2,1544839200,0.96,5.13,300,0,0.006,52.3,8.59,1,52.3,51.28,1.604,rain,rain,possible drizzle,1,0,0,0,0,1
,35.068037,-85.214986,3800 Lightfoot Mill Rd,,Sherwood Lane,1/22/2019 8:00,2019-01-22,8,1548162000,,,,Property Damage,Not Collision with Motor Vehicle in Transport,No,No,No,No,35,1,No,No,Shoulder and Lap Belt Used,37411,,,No,No,Daylight,Clear,454,25,13,0,7,2,1548158400,0.56,0.97,229,0,0,25.09,4.53,0,25.09,11.66,6.166,,clear-day,clear,0,0,0,0,1,0
,35.038739,-85.369657,444 Isbill Rd,,Pioneer Dr,12/15/2018 0:00,2018-12-15,0,1544850000,,,,Property Damage Under,Angle,No,No,No,No,35,2,No,No,Shoulder and Lap Belt Used,37419,Shoulder and Lap Belt Used,35989,No,No,Daylight,Clear,21,9,25,0,7,11,1544846400,0.9,3.66,147,0,0,53.29,8.64,1,53.29,50.46,1.24,,fog,foggy,0,0,1,0,0,0
,35.025536,-85.221369,N Moore Rd,,N Moore Ln,12/15/2018 19:00,2018-12-15,19,1544918400,,,,Possible Injury,Not Collision with Motor Vehicle in Transport,Yes,No,No,No,35,1,No,No,,37402,Shoulder and Lap Belt Used,37411,,No,Dark - Lighted,Rain,202,27,19,0,7,2,1544914800,0.87,1.08,224,0,0,48.71,2.04,1,48.71,45.06,6.243,,cloudy,overcast,0,1,0,0,0,0
,35.0283688,-85.219792,5600 Brainerd Rd,,Eastgate Loop,1/29/2019 12:00,2019-01-29,12,1548781200,,,,Possible Injury,Angle,No,No,No,No,35,4,No,No,Shoulder and Lap Belt Used,37363,Shoulder and Lap Belt Used,37411,No,No,Daylight,Clear,202,27,19,0,7,2,1548777600,0.57,8.2,332,2,0,21.84,17.06,0.75,29.64,16.12,8.943,,partly-cloudy-day,mostly cloudy,0,1,0,0,0,0
,35.073264,-85.094264,8300 Old Lee Hwy,,Apison Pike,12/20/2018 17:00,2018-12-20,17,1545343200,,,,Property Damage Under,Not Collision with Motor Vehicle in Transport,No,No,No,No,40,1,No,No,Shoulder and Lap Belt Used,37363,,,No,No,Dark - Not Lighted,Rain,758,39,6,0,7,5,1545339600,0.98,2.44,34,0,0.067,45.84,5.24,1,45.84,45.21,2.307,rain,rain,light rain,1,0,0,0,0,1
,35.051564,-85.255304,2500-2599 Wilcox Blvd,,Hiwasee St,12/29/2018 15:00,2018-12-29,15,1546113600,,,,Possible Injury,Angle,No,No,No,No,35,2,No,No,,48309,Shoulder and Lap Belt Used,37421,No,No,Daylight,Clear,271,22,17,0,7,14,1546110000,0.62,2.65,57,2,0,52.43,6.58,0.65,52.43,39.68,6.188,,partly-cloudy-day,mostly cloudy,0,1,0,0,0,0
,35.051577,-85.253371,2600 Wilcox Blvd,,None,4/1/2019 17:00,2019-04-01,17,1554152400,,,,Property Damage Under,"Sideswipe, Opposite Direction",Yes,No,No,No,35,2,No,No,Shoulder and Lap Belt Used,37406,Unknown,Unknown,No,No,Daylight,Clear,271,22,17,0,7,14,1554148800,0.27,3.04,7,2,0,56.68,8.89,0.65,56.68,22.86,7.12,,partly-cloudy-day,mostly cloudy,0,1,0,0,0,0
,35.051577,-85.253371,2600 Wilcox Blvd,,N. Chamberlain Ave.,5/2/2019 14:00,2019-05-02,14,1556820000,,,,Property Damage Under,"Sideswipe, Opposite Direction",Yes,No,No,No,35,2,No,No,Unknown,Unknown,Shoulder and Lap Belt Used,37406,No,No,Daylight,Clear,271,22,17,0,7,14,1556816400,0.57,8.39,170,6,0,83.3,12.48,0.75,81.49,64.97,5.397,,partly-cloudy-day,mostly cloudy,0,1,0,0,0,0
,35.049451,-85.249613,2900 Wilcox Blvd,,Richard Ave,6/6/2019 17:00,2019-06-06,17,1559854800,,,,Property Damage,Front to Rear,No,No,No,No,35,2,No,No,Shoulder and Lap Belt Used,37343,Shoulder and Lap Belt Used,37405,No,No,Daylight,Rain,271,22,17,0,7,14,1559851200,0.9,2.53,192,3,0.012,73.37,6.96,0.97,72.21,69.18,4.26,rain,rain,drizzle,1,0,0,0,0,1
,35.111421,-85.217008,5750 Lake Resort Dr,,5750 Lake Resort Dr,12/30/2018 8:00,2018-12-30,8,1546174800,,,,Property Damage,Unknown,Yes,No,No,No,15,2,No,No,Unknown,Unknown,None Used MV Occupant,37415,No,No,Daylight,Clear,706,22,7,0,7,3,1546171200,0.84,2.19,10,0,0,46.02,4.85,1,46.02,41.59,4.135,,cloudy,overcast,0,1,0,0,0,0
,35.111421,-85.217008,5750 Lake Resort Dr,,Lake Resort Ter,3/3/2019 0:00,2019-03-03,0,1551589200,,,,Property Damage,Unknown,Yes,No,No,No,,2,No,No,,37821,Unknown,Unknown,,,Unknown,Unknown,706,22,7,0,7,3,1551585600,0.79,4.21,17,0,0,44.28,6.46,0.88,46.16,39.93,10,,cloudy,overcast,0,1,0,0,0,0
,35.062746,-85.131532,7725 Lee Hwy,,Lee hwy,1/7/2019 0:00,2019-01-07,0,1546837200,,,,Property Damage,Front to Rear,Yes,No,No,No,40,2,No,No,Unknown,Unknown,,37421,,,Unknown,Clear,641,35,9,1,0,8,1546833600,0.9,1.13,164,0,0,42.76,2.17,0,42.76,40.04,5.95,,clear-night,clear,0,0,0,0,1,0
,35.067548,-85.176229,6300 Enterprise Park Dr,,6300 Enterprise Park Dr,1/9/2019 0:00,2019-01-09,0,1547010000,,,,Property Damage Under,Unknown,Yes,No,No,No,15,2,No,No,,37343,Unknown,Unknown,,,Unknown,Clear,549,30,11,0,7,2,1547006400,0.45,11.3,328,0,0,45.07,21.01,0,49.55,29.01,5.72,,clear-night,clear,0,0,0,0,1,0
,35.097218,-85.181299,Webb Rd,,Zephyr Ln,1/9/2019 4:00,2019-01-09,4,1547024400,,,,Property Damage,Not Collision with Motor Vehicle in Transport,No,No,No,No,30,1,No,No,,37416,,,,,Dark - Lighted,Clear,711,27,7,0,7,8,1547020800,0.5,4.06,327,0,0,39.78,11.97,0,42.17,25.08,6.756,,clear-night,clear,0,0,0,0,1,0
,35.010217,-85.13931,8205 Carriage Xing,,Ashley Mill Dr,1/14/2019 0:00,2019-01-14,0,1547442000,,,,Property Damage,Unknown,Yes,No,No,No,,2,No,No,Unknown,Unknown,,37421,,,Unknown,Clear,287,38,17,0,7,9,1547438400,0.87,3.35,313,0,0,40.94,7.75,1,42.6,38.89,7.68,,cloudy,overcast,0,1,0,0,0,0
,35.027012,-85.140672,Peterson Dr,,Peterson Dr,1/27/2019 12:00,2019-01-27,12,1548608400,,,,Property Damage,Not Collision with Motor Vehicle in Transport,No,No,No,No,25,1,No,No,Shoulder and Lap Belt Used,37421,,,No,No,Daylight,Clear,375,36,15,0,7,6,1548604800,0.61,2.7,250,3,0,46.41,7.42,0,46.41,33.81,7.925,,clear-day,clear,0,0,0,0,1,0
,35.069942,-85.289263,Dartmouth St,,Hixson Pike,1/28/2019 20:00,2019-01-28,20,1548723600,,,,Property Damage,Unknown,Yes,No,No,No,30,2,No,No,,37409,Unknown,Unknown,,,Dark - Unknown Lighting,Unknown,311,17,16,0,-1,-1,1548720000,0.45,5.26,210,0,0,53.94,11.2,1,53.94,33.08,7.323,,cloudy,overcast,0,1,0,0,0,0
,35.081647,-85.113354,400 S moore rd,,S terrace,1/30/2019 15:00,2019-01-30,15,1548878400,,,,Possible Injury,Angle,No,No,Yes,No,35,2,No,No,Unknown,37412,Unknown,37411,No,No,Daylight,Clear,755,36,6,1,0,1,1548874800,0.4,8.03,290,2,0,28.42,14.02,0.44,34.95,12.77,8.029,,partly-cloudy-day,partly cloudy,0,1,0,0,0,0
,34.9917979,-85.131267,Hurricane Creek Rd,SR-1100,Windy Ln,2/6/2019 0:00,2019-02-06,0,1549429200,,,,Property Damage,Front to Rear,No,No,No,No,25,2,No,No,Shoulder and Lap Belt Used,37421,Shoulder and Lap Belt Used,37421,No,No,Unknown,Unknown,215,40,19,0,7,10,1549425600,0.8,3.82,169,0,0,61.35,7.07,0.59,61.35,55.29,10,,partly-cloudy-night,mostly cloudy,0,1,0,0,0,0
,35.123159,-85.202882,Preswood Dr,SR-1910,Grayshore Ln,2/12/2019 0:00,2019-02-12,0,1549947600,,,,Property Damage,Angle,Yes,No,No,No,15,2,No,No,Unknown,Unknown,,37421,,,Daylight,Rain,775,23,5,0,7,5,1549944000,0.96,1.23,144,0,0.013,49.09,6.09,1,49.09,48.11,1.076,rain,rain,drizzle,1,0,0,0,0,1
,35.0537129,-85.17683,Shallowford Rd,,Noah Reid Rd,2/14/2019 17:00,2019-02-14,17,1550181600,,,,Possible Injury,Angle,No,No,Yes,No,45,2,No,No,Shoulder and Lap Belt Used,37379,Shoulder and Lap Belt Used,37412,No,No,Daylight,Clear,460,31,13,0,7,13,1550178000,0.27,6.74,185,0,0,60.55,14.14,0,60.55,26.19,8.375,,clear-day,clear,0,0,0,0,1,0
,35.05564,-85.175171,2355 Gale Ln,,Shallowford Rd,3/2/2019 10:00,2019-03-02,10,1551538800,,,,Property Damage Under,Rear to Side,No,No,No,No,25,2,No,No,Shoulder and Lap Belt Used,37419,,37343,No,No,Daylight,Clear,460,31,13,0,7,13,1551535200,0.79,5.44,19,2,0,42.87,7.71,0.74,45.7,39.49,10,,partly-cloudy-day,mostly cloudy,0,1,0,0,0,0
,35.030627,-85.252155,3301 Pinewood Ave,,Tunnel Blvd,2/15/2019 11:00,2019-02-15,11,1550246400,,,,Property Damage,Head On,Yes,No,No,No,35,2,No,No,Shoulder and Lap Belt Used,30721,Unknown,Unknown,No,No,Daylight,Clear,165,23,20,0,7,16,1550242800,0.77,6.75,211,3,0,58.4,11.31,1,58.4,51.31,8.137,,cloudy,overcast,0,1,0,0,0,0
,35.081497,-85.289209,Hixson Pike,,Minnekahda Pl,2/21/2019 8:00,2019-02-21,8,1550754000,,,,Property Damage,Angle,No,No,No,No,35,2,No,No,Shoulder and Lap Belt Used,37405,Shoulder and Lap Belt Used,37343,No,No,Daylight,Cloudy,355,16,15,0,7,4,1550750400,0.94,2.41,353,0,0,48.81,5.43,1,48.81,47.27,2.5,,cloudy,overcast,0,1,0,0,0,0
,35.076751,-85.288376,Shady Cir,SR-1500,Hixson Pk,3/1/2019 0:00,2019-03-01,0,1551416400,,,,Property Damage,Not Collision with Motor Vehicle in Transport,Yes,No,No,No,25,1,No,No,,37410,,,,,Dark - Lighted,Clear,355,16,15,0,7,4,1551412800,0.95,1,336,0,0,56.39,7.11,1,56.39,54.93,6.331,,cloudy,overcast,0,1,0,0,0,0
,35.114794,-85.127557,5942 Hwy 58,,Hwy 58,3/3/2019 0:00,2019-03-03,0,1551589200,,,,Property Damage,Unknown,Yes,No,No,No,,2,No,No,Unknown,Unknown,,37341,,,Unknown,Unknown,869,32,2,0,7,7,1551585600,0.8,4.99,10,0,0,42.8,7.26,0.92,45.38,39.49,10,,cloudy,overcast,0,1,0,0,0,0
,35.11456,-85.12824,5934 Highway 58,,Deerwood Dr,4/28/2019 18:00,2019-04-28,18,1556488800,,,,Property Damage Under,Rear to Rear,Yes,No,No,No,15,2,No,No,Shoulder and Lap Belt Used,30741,Unknown,Unknown,No,No,Daylight,Clear,869,32,2,0,7,7,1556485200,0.31,5.76,312,2,0,81.22,10.33,0.44,81.22,48.02,8.192,,partly-cloudy-day,partly cloudy,0,1,0,0,0,0
,35.101868,-85.085732,E Brainerd Rd,,Jenkins Rd,3/7/2019 16:00,2019-03-07,16,1551992400,,,,Property Damage Under,Front to Rear,No,No,No,No,40,2,No,No,Shoulder and Lap Belt Used,37363,Shoulder and Lap Belt Used,30736,No,No,Daylight,Clear,875,38,2,0,0,5,1551988800,0.2,1.58,239,2,0,52.12,7.25,1,52.12,12.19,6.661,,cloudy,overcast,0,1,0,0,0,0
,35.101868,-85.085732,Lee Hwy,,Ooltewah Georgetown Rd,3/27/2019 22:00,2019-03-27,22,1553738400,,,,Suspected Minor Injury,Angle,No,No,Yes,No,40,2,No,No,Shoulder and Lap Belt Used,37312,Shoulder and Lap Belt Used,37311,No,No,Dark - Lighted,Clear,875,38,2,0,0,5,1553734800,0.47,4.23,167,0,0,54.92,7.6,0,54.92,35.03,6.727,,clear-night,clear,0,0,0,0,1,0
,35.005297,-85.149263,8101 E Brainerd Rd,,Graysville Rd,3/9/2019 17:00,2019-03-09,17,1552168800,,,,Property Damage,Front to Rear,No,No,No,No,45,2,No,No,Shoulder and Lap Belt Used,37421,Shoulder and Lap Belt Used,37421,No,No,Daylight,Rain,247,37,18,0,7,7,1552165200,0.84,11.75,154,1,0.007,61.44,29.07,0.95,61.44,56.71,10,rain,cloudy,overcast,0,1,0,0,0,0
,35.014331,-85.130247,Petty Rd,,Morris Hill Rd,3/16/2019 0:00,2019-03-16,0,1552708800,,,,Property Damage,Not Collision with Motor Vehicle in Transport,Yes,No,No,No,50,1,No,No,Unknown,Unknown,,,,,Unknown,Clear,332,38,16,0,7,9,1552705200,0.57,9.31,347,0,0,41.16,17.09,0.44,45.85,31.53,4.217,,partly-cloudy-night,partly cloudy,0,1,0,0,0,0
,35.036256,-85.143126,Pembrook Ln,,Shallowford Rd,3/17/2019 0:00,2019-03-17,0,1552795200,,,,Property Damage,Angle,Yes,No,No,No,15,2,No,No,Unknown,Unknown,,37303,,,Unknown,Clear,420,36,14,0,7,5,1552791600,0.42,3.54,342,0,0,42.35,7.3,0,44.01,22.39,5.481,,clear-night,clear,0,0,0,0,1,0
,35.032847,-85.143534,7477 Commons Blvd,,Gunbarrel Rd,4/17/2019 18:00,2019-04-17,18,1555538400,,,,Property Damage Under,Angle,Yes,No,No,No,15,2,No,No,Unknown,Unknown,,37421,,,Unknown,Clear,420,36,14,0,7,5,1555534800,0.3,8.08,193,2,0,79.67,15.4,0.42,79.67,45.23,8.961,,partly-cloudy-day,partly cloudy,0,1,0,0,0,0
,35.13882,-85.20975,5400 Cassandra Smith Rd,,Coach Dr,3/26/2019 16:00,2019-03-26,16,1553630400,,,,Suspected Minor Injury,Angle,No,No,No,No,40,2,No,No,Shoulder and Lap Belt Used,37343,Shoulder and Lap Belt Used,37343,No,No,Daylight,Clear,832,21,3,0,7,7,1553626800,0.5,9.03,38,4,0,59.92,14.01,0.56,59.92,41.14,6.937,,partly-cloudy-day,mostly cloudy,0,1,0,0,0,0
,35.021141,-85.123746,2130 Colonial Parkway Dr,,Morris Hill Rd,3/30/2019 14:00,2019-03-30,14,1553968800,,,,Property Damage,Other,Yes,No,No,No,20,2,No,No,Shoulder and Lap Belt Used,20166,Unknown,Unknown,No,No,Daylight,Clear,378,39,15,0,7,7,1553965200,0.44,11.56,200,6,0,71.96,21.08,0.44,71.96,49.04,4.568,,partly-cloudy-day,partly cloudy,0,1,0,0,0,0
,35.0850579,-85.252704,6238 Bonny Oaks Dr,,Heritage Park Dr,4/7/2019 0:00,2019-04-07,0,1554609600,,,,Property Damage,Unknown,Yes,No,No,No,,2,No,No,Unknown,Unknown,,37416,,,Unknown,Clear,494,20,12,0,7,2,1554606000,0.74,4.55,156,0,0,66.06,8.77,0.48,66.06,57.53,6.824,,partly-cloudy-night,partly cloudy,0,1,0,0,0,0
,35.046494,-85.359231,726 O Grady Dr,,Angela lane,4/11/2019 0:00,2019-04-11,0,1554955200,,,,Property Damage,Not Collision with Motor Vehicle in Transport,Yes,No,No,No,30,1,No,No,Unknown,37405,,,Yes,No,Dark - Lighted,Clear,67,10,23,0,7,4,1554951600,0.61,2.1,152,0,0,60.83,4.02,0.19,60.83,47.15,5.087,,partly-cloudy-night,partly cloudy,0,1,0,0,0,0
,35.046494,-85.359231,726 O Grady Dr,,Angela lane,4/11/2019 0:00,2019-04-11,0,1554955200,,,,Property Damage,Not Collision with Motor Vehicle in Transport,Yes,No,No,No,30,1,No,No,Unknown,37405,,,Yes,No,Dark - Lighted,Clear,67,10,23,0,7,4,1554951600,0.61,2.1,152,0,0,60.83,4.02,0.19,60.83,47.15,5.087,,partly-cloudy-night,partly cloudy,0,1,0,0,0,0
,35.046494,-85.359231,726 O Grady Dr,,Angela lane,4/11/2019 0:00,2019-04-11,0,1554955200,,,,Property Damage,Not Collision with Motor Vehicle in Transport,Yes,No,No,No,30,1,No,No,Unknown,37405,,,Yes,No,Dark - Lighted,Clear,67,10,23,0,7,4,1554951600,0.61,2.1,152,0,0,60.83,4.02,0.19,60.83,47.15,5.087,,partly-cloudy-night,partly cloudy,0,1,0,0,0,0
,35.046494,-85.359231,726 O Grady Dr,,Angela lane,4/11/2019 0:00,2019-04-11,0,1554955200,,,,Property Damage,Not Collision with Motor Vehicle in Transport,Yes,No,No,No,30,1,No,No,Unknown,37405,,,Yes,No,Dark - Lighted,Clear,67,10,23,0,7,4,1554951600,0.61,2.1,152,0,0,60.83,4.02,0.19,60.83,47.15,5.087,,partly-cloudy-night,partly cloudy,0,1,0,0,0,0
,35.100298,-85.159294,8395 Hickory Valley Rd,,Highway 58,4/14/2019 10:00,2019-04-14,10,1555250400,,,,Property Damage,Not Collision with Motor Vehicle in Transport,No,No,No,No,45,1,No,No,Shoulder and Lap Belt Used,37363,,,No,No,Daylight,Rain,749,30,6,0,-1,-1,1555246800,0.89,9.83,172,2,0.176,69.01,17.54,0.75,68.29,64.97,6.472,rain,rain,rain,1,0,0,0,0,1
,35.053765,-85.263863,Wilcox Blvd,,Roanoke Ave,4/24/2019 10:00,2019-04-24,10,1556114400,,,,Property Damage Under,Front to Rear,No,No,No,No,30,2,No,No,Shoulder and Lap Belt Used,37410,Shoulder and Lap Belt Used,37412,No,No,Daylight,Clear,269,20,17,0,7,22,1556110800,0.61,1.94,142,3,0,68.48,5.38,0,68.48,54.33,3.458,,clear-day,clear,0,0,0,0,1,0
,35.009338,-85.166877,1300 Gunbarrel Rd,SR-1300,E Brainerd Rd,4/24/2019 14:00,2019-04-24,14,1556128800,,,,Possible Injury,Not Collision with Motor Vehicle in Transport,No,No,Yes,No,35,1,No,Yes,None Used MV Occupant,37421,Shoulder and Lap Belt Used,37421,No,No,Daylight,Clear,209,34,19,0,0,3,1556125200,0.34,5.16,247,9,0,80.7,11.54,0,80.7,49.65,7.963,,clear-day,clear,0,0,0,0,1,0
,35.108836,-85.363253,Suck Creek Rd,SR-1500,Signal Mountain Rd,4/25/2019 23:00,2019-04-25,23,1556247600,,,,Property Damage,Not Collision with Motor Vehicle in Transport,No,No,No,No,45,1,No,No,,37402,Shoulder and Lap Belt Used,37415,No,No,Dark - Lighted,Clear,345,6,15,0,0,2,1556244000,0.81,5.34,194,0,0.004,62.82,9.66,1,62.82,56.99,4.012,rain,cloudy,overcast,0,1,0,0,0,0
,35.137202,-85.235745,5208 Hixson Pike,,Northpoint Blvd,4/28/2019 0:00,2019-04-28,0,1556424000,,,,Property Damage,Angle,Yes,No,No,No,,2,No,No,,37701,Unknown,Unknown,,,Daylight,Cloudy,802,19,4,0,7,1,1556420400,0.37,5.43,210,0,0,68.72,15.02,0.75,68.72,41.64,9.598,,partly-cloudy-night,mostly cloudy,0,1,0,0,0,0
,35.12433,-85.313771,3535 Mountain Creek Rd,,Valley Trail,4/28/2019 0:00,2019-04-28,0,1556424000,,,,Property Damage Under,Unknown,Yes,No,No,No,45,2,No,No,Shoulder and Lap Belt Used,37415,Unknown,Unknown,No,No,Unknown,Unknown,574,10,10,0,7,8,1556420400,0.37,5.49,211,0,0,68.64,15.84,0.75,68.64,41.28,9.653,,partly-cloudy-night,mostly cloudy,0,1,0,0,0,0
,35.086094,-85.171829,Renezet Dr,,Winniespan Rd,5/1/2019 16:00,2019-05-01,16,1556740800,,,,Property Damage,Not Collision with Motor Vehicle in Transport,No,No,No,No,45,1,No,No,,37416,Shoulder and Lap Belt Used,37412,No,No,Daylight,Clear,675,29,8,0,7,6,1556737200,0.39,9.35,207,5,0,85.56,16.27,0.71,85.56,57.75,6.883,,partly-cloudy-day,mostly cloudy,0,1,0,0,0,0
,35.072666,-85.213912,4300 Tee Pee Dr,SR-4300,Peach Street,5/2/2019 8:00,2019-05-02,8,1556798400,,,,Property Damage,Angle,No,No,No,No,25,2,No,No,Shoulder and Lap Belt Used,37406,Shoulder and Lap Belt Used,37406,No,No,Daylight,Clear,499,25,12,0,7,8,1556794800,0.9,0.72,117,0,0,67.49,4.45,0.75,66.87,63.88,2.843,,partly-cloudy-day,mostly cloudy,0,1,0,0,0,0
,35.067417,-85.271815,2100-2199 Amnicola Hwy,,Wilcox Blvd,5/2/2019 9:00,2019-05-02,9,1556802000,,,,Property Damage Under,"Sideswipe, Same Direction",Yes,No,No,No,35,2,No,No,Unknown,Unknown,Shoulder and Lap Belt Used,37411,No,No,Daylight,Clear,313,19,16,0,7,8,1556798400,0.89,3.91,156,2,0,69.57,9.4,0.19,68.8,65.49,2.576,,partly-cloudy-day,partly cloudy,0,1,0,0,0,0
,35.124358,-85.232804,2206 Hamill Rd,,Crescent Club Dr,5/4/2019 14:00,2019-05-04,14,1556992800,,,,Property Damage,Head On,No,No,No,No,35,2,No,No,,37408,Shoulder and Lap Belt Used,37343,No,No,Daylight,Clear,739,20,6,0,7,3,1556989200,0.86,3.69,150,6,0.063,70.23,6.38,0.75,69.54,65.15,8.637,rain,rain,light rain,1,0,0,0,0,1
,35.035853,-85.175622,6708 Heritage Business Ct,SR-6708,Heritage Business Ct,5/9/2019 9:00,2019-05-09,9,1557406800,,,,Property Damage,Not Collision with Motor Vehicle in Transport,No,No,No,No,,1,No,No,Shoulder and Lap Belt Used,37343,,,No,No,Daylight,Cloudy,371,32,15,1,7,10,1557403200,0.77,6.02,190,2,0,71.43,16.85,0.65,71.01,63.38,5.965,,partly-cloudy-day,mostly cloudy,0,1,0,0,0,0
,35.112797,-85.229719,710 Highway 153 Nb,,Hwy 153,5/9/2019 18:00,2019-05-09,18,1557439200,,,,Property Damage,Front to Rear,No,No,No,No,50,2,No,No,Shoulder and Lap Belt Used,30165,Shoulder and Lap Belt Used,30741,No,No,Daylight,Cloudy,705,21,7,0,2,3,1557435600,0.94,4.52,196,2,0.08,68.56,4.52,0.75,67.67,65.95,9.836,rain,rain,light rain,1,0,0,0,0,1
,35.050225,-85.21672,4600 Shallowford Rd,SR-4600,Airport Rd,5/12/2019 13:00,2019-05-12,13,1557680400,,,,Property Damage Under,Front to Rear,No,No,No,No,40,2,No,No,Shoulder and Lap Belt Used,37406,Shoulder and Lap Belt Used,37416,No,No,Daylight,Clear,320,26,16,0,7,3,1557676800,0.72,6.79,208,5,0,73.89,11.8,0.91,73.45,63.94,8.372,,cloudy,overcast,0,1,0,0,0,0
,35.023567,-85.325054,17780 Interstate 24 Eb Rd,I-24,Hwy 27,5/17/2019 16:00,2019-05-17,16,1558123200,,,,Property Damage,Angle,No,No,No,No,55,2,No,No,Shoulder and Lap Belt Used,19085,,37379,No,No,Daylight,Clear,27,15,25,0,4,9,1558119600,0.4,5.74,292,5,0,87.67,11.94,0.75,87.67,60.39,6.985,,partly-cloudy-day,mostly cloudy,0,1,0,0,0,0
,35.023567,-85.325054,17780 Interstate 24 Eb Rd,I-24,Hwy 27,5/17/2019 16:00,2019-05-17,16,1558123200,,,,Property Damage,Angle,No,No,No,No,55,2,No,No,Shoulder and Lap Belt Used,19085,,37379,No,No,Daylight,Clear,27,15,25,0,4,9,1558119600,0.4,5.74,292,5,0,87.67,11.94,0.75,87.67,60.39,6.985,,partly-cloudy-day,mostly cloudy,0,1,0,0,0,0
,35.023567,-85.325054,17780 Interstate 24 Eb Rd,I-24,Hwy 27,5/17/2019 16:00,2019-05-17,16,1558123200,,,,Property Damage,Angle,No,No,No,No,55,2,No,No,Shoulder and Lap Belt Used,19085,,37379,No,No,Daylight,Clear,27,15,25,0,4,9,1558119600,0.4,5.74,292,5,0,87.67,11.94,0.75,87.67,60.39,6.985,,partly-cloudy-day,mostly cloudy,0,1,0,0,0,0
,35.023567,-85.325054,17780 Interstate 24 Eb Rd,I-24,Hwy 27,5/17/2019 16:00,2019-05-17,16,1558123200,,,,Property Damage,Angle,No,No,No,No,55,2,No,No,Shoulder and Lap Belt Used,19085,,37379,No,No,Daylight,Clear,27,15,25,0,4,9,1558119600,0.4,5.74,292,5,0,87.67,11.94,0.75,87.67,60.39,6.985,,partly-cloudy-day,mostly cloudy,0,1,0,0,0,0
,35.076425,-85.127346,8005 Volkswagen Dr,,Parking Lot,5/23/2019 0:00,2019-05-23,0,1558584000,,,,Property Damage,Angle,Yes,No,No,No,15,2,No,No,,37412,Unknown,Unknown,,,Unknown,Clear,719,35,7,1,0,2,1558580400,0.7,3.53,174,0,0,74.4,5.67,0,74.02,63.47,10,,clear-night,clear,0,0,0,0,1,0
,35.058469,-85.352978,1325 Pine Burr Ln,,Oak Burr Dr,5/27/2019 0:00,2019-05-27,0,1558929600,,,,Possible Injury,Not Collision with Motor Vehicle in Transport,Yes,No,Yes,No,,1,No,No,,37419,Shoulder and Lap Belt Used,30757,No,No,Unknown,Clear,121,10,21,0,7,3,1558926000,0.64,0.92,292,0,0,77.31,3.81,0.44,76.93,63.65,4.176,,partly-cloudy-night,partly cloudy,0,1,0,0,0,0
,35.105245,-85.176338,4700 Webb Rd,,Champion Road,6/8/2019 0:00,2019-06-08,0,1559966400,,,,Property Damage,Not Collision with Motor Vehicle in Transport,Yes,No,No,No,30,1,No,No,Unknown,,,,,,Unknown,Rain,746,27,6,0,0,4,1559962800,0.88,1.8,138,0,0,72.16,6.05,0.75,71.19,67.57,3.765,,partly-cloudy-night,mostly cloudy,0,1,0,0,0,0
,35.080134,-85.249834,3500 N Hawthorne St,,3500 N Hawthorne St.,6/25/2019 0:00,2019-06-25,0,1561435200,,,,Property Damage,Rear to Side,Yes,No,No,Yes,15,2,No,No,,37404,Unknown,Unknown,,,Dark - Unknown Lighting,Cloudy,449,20,13,0,7,8,1561431600,0.84,1.05,316,0,0,74.75,3.93,0,73.71,68.7,2.897,,clear-night,clear,0,0,0,0,1,0
,35.109344,-85.262674,1244 W Fairfax Dr,,Laird Ln,6/25/2019 0:00,2019-06-25,0,1561435200,,,,Property Damage,Unknown,Yes,No,No,No,25,2,No,No,,37343,Unknown,Unknown,,,Unknown,Unknown,581,17,10,0,0,5,1561431600,0.82,1.11,316,0,0,75.21,3.88,0,74.25,68.26,3.24,,clear-night,clear,0,0,0,0,1,0